day,run_name,seed,epoch,worker_id,is_malicious,is_flagged,is_accepted,validation_acc,detector_score,projection_1,projection_2,update_mean,update_std,update_rms,config_hash
2,day2_n8_topk_seed44,44,1,0,False,False,True,0.1082,0.0,82.73319,143.90878,0.00035133204073645175,0.09204939007759094,0.09205006808042526,7e267c0bf303542b
2,day2_n8_topk_seed44,44,1,1,False,False,True,0.0964,0.0,68.3123,-82.00381,-0.00039489773917011917,0.0826147049665451,0.08261564373970032,7e267c0bf303542b
2,day2_n8_topk_seed44,44,1,2,False,False,True,0.1202,0.0,-551.8804,1.9785619,0.0012132455594837666,0.1270086020231247,0.1270143985748291,7e267c0bf303542b
2,day2_n8_topk_seed44,44,1,3,False,False,True,0.118,0.0,49.674644,302.51086,-0.000211748483707197,0.09483594447374344,0.09483617544174194,7e267c0bf303542b
2,day2_n8_topk_seed44,44,1,4,False,False,True,0.1288,0.0,54.111668,-95.256874,-0.00017271339311264455,0.0879511833190918,0.08795134723186493,7e267c0bf303542b
2,day2_n8_topk_seed44,44,1,5,False,False,True,0.1172,0.0,139.22977,115.28622,0.0011310710106045008,0.09291716665029526,0.09292404353618622,7e267c0bf303542b
2,day2_n8_topk_seed44,44,1,6,False,False,True,0.1008,0.0,73.353516,-135.33527,0.0002199193404521793,0.08992867916822433,0.08992893993854523,7e267c0bf303542b
2,day2_n8_topk_seed44,44,1,7,False,False,True,0.116,0.0,84.467445,-251.08849,0.0007793587283231318,0.09608187526464462,0.09608502686023712,7e267c0bf303542b
2,day2_n8_topk_seed44,44,2,0,False,False,True,0.116,0.0,16.322338,-1.9577265,-0.0003098140878137201,0.0159480981528759,0.015951108187437057,7e267c0bf303542b
2,day2_n8_topk_seed44,44,2,1,False,False,True,0.1034,0.0,-96.41395,12.258063,-0.00034646998392418027,0.0232658963650465,0.023268474265933037,7e267c0bf303542b
2,day2_n8_topk_seed44,44,2,2,False,False,True,0.1084,0.0,4.407424,-6.437038,-9.262814273824915e-05,0.01175264734774828,0.011753012426197529,7e267c0bf303542b
2,day2_n8_topk_seed44,44,2,3,False,False,True,0.099,0.0,28.27464,82.93853,-0.00012171112757641822,0.020229170098900795,0.020229533314704895,7e267c0bf303542b
2,day2_n8_topk_seed44,44,2,4,False,False,True,0.1014,0.0,12.520104,-23.181025,-0.0003120225155726075,0.011831631883978844,0.011835744604468346,7e267c0bf303542b
2,day2_n8_topk_seed44,44,2,5,False,False,True,0.1014,0.0,10.304098,-22.360023,-0.0002913728530984372,0.012925604358315468,0.012928887270390987,7e267c0bf303542b
2,day2_n8_topk_seed44,44,2,6,False,False,True,0.1,0.0,6.9553256,-13.600233,-0.00022529548732563853,0.013633757829666138,0.013635619543492794,7e267c0bf303542b
2,day2_n8_topk_seed44,44,2,7,False,False,True,0.1212,0.0,17.630009,-27.660822,-0.0002575106918811798,0.014409174211323261,0.014411473646759987,7e267c0bf303542b
2,day2_n8_topk_seed44,44,3,0,False,False,True,0.1002,0.0,-18.37576,-13.717269,-3.4179483918705955e-05,0.0060393065214157104,0.0060394033789634705,7e267c0bf303542b
2,day2_n8_topk_seed44,44,3,1,False,False,True,0.1018,0.0,156.69759,1.9915707,-0.00018832794739864767,0.036820441484451294,0.036820922046899796,7e267c0bf303542b
2,day2_n8_topk_seed44,44,3,2,False,False,True,0.1392,0.0,-19.70873,-11.719805,-7.324901525862515e-05,0.007002430036664009,0.007002812810242176,7e267c0bf303542b
2,day2_n8_topk_seed44,44,3,3,False,False,True,0.1204,0.0,-19.60819,-2.2592542,-4.3924777855863795e-05,0.008524086326360703,0.008524199016392231,7e267c0bf303542b
2,day2_n8_topk_seed44,44,3,4,False,False,True,0.0988,0.0,-24.653656,-24.085619,-8.71807787916623e-05,0.008577768690884113,0.008578211069107056,7e267c0bf303542b
2,day2_n8_topk_seed44,44,3,5,False,False,True,0.0956,0.0,-25.257969,-1.8137288,-2.2294070731732063e-05,0.011238038539886475,0.011238060891628265,7e267c0bf303542b
2,day2_n8_topk_seed44,44,3,6,False,False,True,0.1112,0.0,-21.170002,-5.6332965,7.112108141882345e-05,0.010599780827760696,0.010600019246339798,7e267c0bf303542b
2,day2_n8_topk_seed44,44,3,7,False,False,True,0.1046,0.0,-27.92403,57.237095,-8.384848479181528e-05,0.013866974040865898,0.013867228291928768,7e267c0bf303542b
2,day2_n8_topk_seed44,44,4,0,False,False,True,0.1276,0.0,-1.065578,-1.3139211,-4.116618583793752e-05,0.0021623652428388596,0.002162757096812129,7e267c0bf303542b
2,day2_n8_topk_seed44,44,4,1,False,False,True,0.1266,0.0,-7.697557,15.306597,-3.742204717127606e-05,0.004183922428637743,0.0041840896010398865,7e267c0bf303542b
2,day2_n8_topk_seed44,44,4,2,False,False,True,0.1246,0.0,21.301128,3.0663607,-7.381900650216267e-05,0.005019100848585367,0.005019643809646368,7e267c0bf303542b
2,day2_n8_topk_seed44,44,4,3,False,False,True,0.1358,0.0,-0.71938723,-0.77772707,-5.7675380958244205e-05,0.0024882322177290916,0.0024889009073376656,7e267c0bf303542b
2,day2_n8_topk_seed44,44,4,4,False,False,True,0.1316,0.0,-1.8966545,-3.3558135,-4.550199082586914e-05,0.003228777553886175,0.003229097928851843,7e267c0bf303542b
2,day2_n8_topk_seed44,44,4,5,False,False,True,0.115,0.0,-3.5562146,-3.8558671,-3.0189832614269108e-05,0.0022675355430692434,0.0022677367087453604,7e267c0bf303542b
2,day2_n8_topk_seed44,44,4,6,False,False,True,0.106,0.0,-3.4790678,-7.238812,-2.3888142095529474e-05,0.003065206343308091,0.0030652994755655527,7e267c0bf303542b
2,day2_n8_topk_seed44,44,4,7,False,False,True,0.1496,0.0,-2.8867893,-1.8309108,-3.4584089007694274e-05,0.003161671105772257,0.003161860164254904,7e267c0bf303542b
2,day2_n8_topk_seed44,44,5,0,False,False,True,0.1314,0.0,0.6159086,-3.8388548,-3.8343659980455413e-05,0.0023223028983920813,0.0023226195480674505,7e267c0bf303542b
2,day2_n8_topk_seed44,44,5,1,False,False,True,0.155,0.0,2.1105816,-3.6388576,-2.9427596018649638e-05,0.0019323781598359346,0.0019326022593304515,7e267c0bf303542b
2,day2_n8_topk_seed44,44,5,2,False,False,True,0.1594,0.0,13.062586,14.925511,-5.895192953175865e-05,0.004649101756513119,0.004649476148188114,7e267c0bf303542b
2,day2_n8_topk_seed44,44,5,3,False,False,True,0.114,0.0,7.5483375,-5.4352803,-3.629532875493169e-05,0.002974456874653697,0.002974678296595812,7e267c0bf303542b
2,day2_n8_topk_seed44,44,5,4,False,False,True,0.1532,0.0,1.808165,-3.8246999,-3.051816383958794e-05,0.0019585955888032913,0.001958833308890462,7e267c0bf303542b
2,day2_n8_topk_seed44,44,5,5,False,False,True,0.1092,0.0,-6.0723233,3.519469,-2.7669766495819204e-05,0.0035945114213973284,0.003594617825001478,7e267c0bf303542b
2,day2_n8_topk_seed44,44,5,6,False,False,True,0.073,0.0,-21.506002,4.655737,1.5459304449905176e-06,0.0055929627269506454,0.0055929627269506454,7e267c0bf303542b
2,day2_n8_topk_seed44,44,5,7,False,False,True,0.1354,0.0,2.432837,-6.363173,-4.454306326806545e-05,0.002440148498862982,0.002440555253997445,7e267c0bf303542b
2,day2_n8_topk_seed44,44,6,0,False,False,True,0.144,0.0,0.9170519,-1.168835,-1.2847677680838387e-05,0.0027719091158360243,0.002771938918158412,7e267c0bf303542b
2,day2_n8_topk_seed44,44,6,1,False,False,True,0.1374,0.0,4.0666866,0.18907519,-1.660594170971308e-05,0.001854164875112474,0.0018542392645031214,7e267c0bf303542b
2,day2_n8_topk_seed44,44,6,2,False,False,True,0.1242,0.0,3.8315315,1.1050107,-3.279771044617519e-05,0.0018117385916411877,0.0018120355671271682,7e267c0bf303542b
2,day2_n8_topk_seed44,44,6,3,False,False,True,0.161,0.0,-0.011337347,8.1931305,-3.4901102480944246e-05,0.0031378604471683502,0.003138054395094514,7e267c0bf303542b
2,day2_n8_topk_seed44,44,6,4,False,False,True,0.1806,0.0,1.7630916,0.38462058,-1.93814339581877e-05,0.0014671017415821552,0.001467229682020843,7e267c0bf303542b
2,day2_n8_topk_seed44,44,6,5,False,False,True,0.098,0.0,20.45149,-1.1854223,-3.0912255169823766e-05,0.005278876982629299,0.005278967320919037,7e267c0bf303542b
2,day2_n8_topk_seed44,44,6,6,False,False,True,0.1534,0.0,-18.871765,10.644488,-3.530512913130224e-05,0.00536707416176796,0.005367190111428499,7e267c0bf303542b
2,day2_n8_topk_seed44,44,6,7,False,False,True,0.1768,0.0,-12.14667,-18.161999,3.82466140536053e-07,0.005110087338835001,0.005110086873173714,7e267c0bf303542b
2,day2_n8_topk_seed44,44,7,0,False,False,True,0.1814,0.0,0.9392735,-0.5119883,-1.8753748008748516e-05,0.0019048813264817,0.0019049737602472305,7e267c0bf303542b
2,day2_n8_topk_seed44,44,7,1,False,False,True,0.1566,0.0,14.212988,3.7479987,-3.0038936529308558e-05,0.0034606961999088526,0.003460826352238655,7e267c0bf303542b
2,day2_n8_topk_seed44,44,7,2,False,False,True,0.195,0.0,-8.078032,1.4687548,-2.1179965187911876e-05,0.0024743785616010427,0.002474469132721424,7e267c0bf303542b
2,day2_n8_topk_seed44,44,7,3,False,False,True,0.2036,0.0,-0.9912744,-2.2660491,-1.9718250769074075e-05,0.0019137017661705613,0.0019138032803311944,7e267c0bf303542b
2,day2_n8_topk_seed44,44,7,4,False,False,True,0.1746,0.0,-4.6135817,3.5309474,-2.0642777599277906e-05,0.0023226712364703417,0.0023227629717439413,7e267c0bf303542b
2,day2_n8_topk_seed44,44,7,5,False,False,True,0.1818,0.0,-1.1287507,0.36448538,-2.0944527932442725e-05,0.001575145754031837,0.001575284986756742,7e267c0bf303542b
2,day2_n8_topk_seed44,44,7,6,False,False,True,0.1764,0.0,2.4452953,-8.433155,-3.902395837940276e-05,0.0025133721064776182,0.002513675019145012,7e267c0bf303542b
2,day2_n8_topk_seed44,44,7,7,False,False,True,0.2064,0.0,-2.7859569,2.0989964,-1.7775228116079234e-05,0.0017834240570664406,0.001783512532711029,7e267c0bf303542b
2,day2_n8_topk_seed44,44,8,0,False,False,True,0.1776,0.0,1.4447999,-3.5615091,-1.7602305888431147e-05,0.00153412576764822,0.001534226699732244,7e267c0bf303542b
2,day2_n8_topk_seed44,44,8,1,False,False,True,0.223,0.0,1.5611087,1.4086998,-2.1007615941925906e-05,0.0014173714444041252,0.001417526975274086,7e267c0bf303542b
2,day2_n8_topk_seed44,44,8,2,False,False,True,0.2062,0.0,1.4304484,0.18527894,-2.3303829948417842e-05,0.0014069480821490288,0.0014071410987526178,7e267c0bf303542b
2,day2_n8_topk_seed44,44,8,3,False,False,True,0.2122,0.0,0.968094,-0.056177795,-2.208434852946084e-05,0.00139668770134449,0.0013968622079119086,7e267c0bf303542b
2,day2_n8_topk_seed44,44,8,4,False,False,True,0.215,0.0,1.5770345,0.44949228,-2.284565198351629e-05,0.0013987070415169,0.0013988936552777886,7e267c0bf303542b
2,day2_n8_topk_seed44,44,8,5,False,False,True,0.197,0.0,-8.587967,-0.007072672,-2.5576413463568315e-05,0.0023222314193844795,0.0023223725147545338,7e267c0bf303542b
2,day2_n8_topk_seed44,44,8,6,False,False,True,0.2104,0.0,1.7399374,1.1622225,-1.7182457668241113e-05,0.00144000886939466,0.0014401114312931895,7e267c0bf303542b
2,day2_n8_topk_seed44,44,8,7,False,False,True,0.2144,0.0,-0.13341323,0.4190797,-2.2177857317728922e-05,0.0014480020618066192,0.0014481719117611647,7e267c0bf303542b
2,day2_n8_topk_seed44,44,9,0,False,False,True,0.1826,0.0,4.5285535,-3.800622,-2.4245511667686515e-05,0.001750935218296945,0.0017511030891910195,7e267c0bf303542b
2,day2_n8_topk_seed44,44,9,1,False,False,True,0.2384,0.0,0.17015712,0.6274987,-1.7468515579821542e-05,0.0013435115106403828,0.0013436252484098077,7e267c0bf303542b
2,day2_n8_topk_seed44,44,9,2,False,False,True,0.2338,0.0,0.114253625,0.6668669,-2.2185182388057e-05,0.0013290377100929618,0.0013292229268699884,7e267c0bf303542b
2,day2_n8_topk_seed44,44,9,3,False,False,True,0.227,0.0,1.2266852,1.9821142,-2.3710195819148794e-05,0.0014410052681341767,0.0014412003802135587,7e267c0bf303542b
2,day2_n8_topk_seed44,44,9,4,False,False,True,0.2472,0.0,0.49871054,1.1070905,-2.3729386157356203e-05,0.0013821739703416824,0.0013823776971548796,7e267c0bf303542b
2,day2_n8_topk_seed44,44,9,5,False,False,True,0.1948,0.0,-7.605129,-1.763407,-1.4627845303039066e-05,0.0021437923423945904,0.002143842400982976,7e267c0bf303542b
2,day2_n8_topk_seed44,44,9,6,False,False,True,0.2266,0.0,0.5205908,0.42692155,-1.9599063307396136e-05,0.0013542498927563429,0.001354391686618328,7e267c0bf303542b
2,day2_n8_topk_seed44,44,9,7,False,False,True,0.229,0.0,0.5462026,0.75359607,-2.163122917409055e-05,0.0013602559920400381,0.0013604279374703765,7e267c0bf303542b
2,day2_n8_topk_seed44,44,10,0,False,False,True,0.2412,0.0,2.3997002,-2.1243637,-1.668708137003705e-05,0.0014156998367980123,0.0014157980913296342,7e267c0bf303542b
2,day2_n8_topk_seed44,44,10,1,False,False,True,0.2486,0.0,0.066575,0.38266164,-2.2100648493506014e-05,0.0013045963132753968,0.0013047833926975727,7e267c0bf303542b
2,day2_n8_topk_seed44,44,10,2,False,False,True,0.247,0.0,0.46285602,0.7297632,-1.898319533211179e-05,0.00130995933432132,0.0013100968208163977,7e267c0bf303542b
2,day2_n8_topk_seed44,44,10,3,False,False,True,0.2444,0.0,-0.20737772,0.5730229,-2.277118619531393e-05,0.0012870135251432657,0.0012872150400653481,7e267c0bf303542b
2,day2_n8_topk_seed44,44,10,4,False,False,True,0.2422,0.0,-0.5470259,1.3016726,-1.858603718574159e-05,0.0013498382177203894,0.0013499661581590772,7e267c0bf303542b
2,day2_n8_topk_seed44,44,10,5,False,False,True,0.263,0.0,0.3133324,0.2771502,-2.078541729133576e-05,0.0012874656822532415,0.0012876334367319942,7e267c0bf303542b
2,day2_n8_topk_seed44,44,10,6,False,False,True,0.226,0.0,-3.2874372,-1.5635227,-1.511067330284277e-05,0.001463521970435977,0.001463599968701601,7e267c0bf303542b
2,day2_n8_topk_seed44,44,10,7,False,False,True,0.2584,0.0,0.79937917,0.42363167,-1.4061469300941098e-05,0.0013422409538179636,0.0013423147611320019,7e267c0bf303542b
2,day2_n8_topk_seed44,44,11,0,False,False,True,0.269,0.0,-0.8093497,-0.41641396,-1.9293998775538057e-05,0.0012921529123559594,0.0012922970345243812,7e267c0bf303542b
2,day2_n8_topk_seed44,44,11,1,False,False,True,0.2726,0.0,0.031238344,-0.9252091,-2.1135823772056028e-05,0.0013075527967885137,0.0013077235780656338,7e267c0bf303542b
2,day2_n8_topk_seed44,44,11,2,False,False,True,0.2614,0.0,0.38520354,3.1028588,-1.9329994756844826e-05,0.001419478328898549,0.0014196098782122135,7e267c0bf303542b
2,day2_n8_topk_seed44,44,11,3,False,False,True,0.2456,0.0,0.39092588,0.44889003,-1.9321898435009643e-05,0.0013431977713480592,0.0013433367712423205,7e267c0bf303542b
2,day2_n8_topk_seed44,44,11,4,False,False,True,0.2702,0.0,-1.6709942,0.17379262,-2.4991464670165442e-05,0.0013198942178860307,0.001320130773819983,7e267c0bf303542b
2,day2_n8_topk_seed44,44,11,5,False,False,True,0.2926,0.0,-2.4972126,-1.0608982,-1.939205867529381e-05,0.001336050103418529,0.001336190733127296,7e267c0bf303542b
2,day2_n8_topk_seed44,44,11,6,False,False,True,0.2424,0.0,4.617397,-0.9140673,-1.957203494384885e-05,0.0016561074880883098,0.001656223088502884,7e267c0bf303542b
2,day2_n8_topk_seed44,44,11,7,False,False,True,0.2782,0.0,-0.44722083,-0.40895292,-1.9675508156069554e-05,0.0012947121867910028,0.0012948615476489067,7e267c0bf303542b
2,day2_n8_topk_seed44,44,12,0,False,False,True,0.282,0.0,0.28589565,-2.5685918,-2.5341376385767944e-05,0.0013498839689418674,0.0013501219218596816,7e267c0bf303542b
2,day2_n8_topk_seed44,44,12,1,False,False,True,0.263,0.0,0.35456362,1.0899352,-1.9396771676838398e-05,0.0012950171949341893,0.0012951623648405075,7e267c0bf303542b
2,day2_n8_topk_seed44,44,12,2,False,False,True,0.2974,0.0,-2.8296695,0.02257341,-2.793656494759489e-05,0.0013388360384851694,0.0013391276588663459,7e267c0bf303542b
2,day2_n8_topk_seed44,44,12,3,False,False,True,0.2744,0.0,-0.28979436,0.18600626,-2.0312561900937e-05,0.0012731474125757813,0.0012733094627037644,7e267c0bf303542b
2,day2_n8_topk_seed44,44,12,4,False,False,True,0.2936,0.0,0.27339464,0.9326839,-1.7001628293655813e-05,0.0012888137716799974,0.0012889258796349168,7e267c0bf303542b
2,day2_n8_topk_seed44,44,12,5,False,False,True,0.3114,0.0,0.5085043,-0.9236167,-2.162845339626074e-05,0.0013048957334831357,0.0013050750130787492,7e267c0bf303542b
2,day2_n8_topk_seed44,44,12,6,False,False,True,0.2938,0.0,-0.1571457,0.82424474,-1.862520548456814e-05,0.0012753106420859694,0.0012754467315971851,7e267c0bf303542b
2,day2_n8_topk_seed44,44,12,7,False,False,True,0.3046,0.0,1.854252,0.43676618,-1.7748281607055105e-05,0.0013341860612854362,0.0013343041064217687,7e267c0bf303542b
2,day2_n8_topk_seed44,44,13,0,False,False,True,0.3152,0.0,1.0132675,-0.9209729,-1.4004105651110876e-05,0.0012724415864795446,0.001272518653422594,7e267c0bf303542b
2,day2_n8_topk_seed44,44,13,1,False,False,True,0.3252,0.0,0.27161586,0.23708592,-1.997185063373763e-05,0.0012628543190658092,0.0012630122946575284,7e267c0bf303542b
2,day2_n8_topk_seed44,44,13,2,False,False,True,0.2994,0.0,-0.17755383,0.27719507,-2.1431580535136163e-05,0.0012723407708108425,0.001272521330974996,7e267c0bf303542b
2,day2_n8_topk_seed44,44,13,3,False,False,True,0.3044,0.0,0.5295397,-1.7678225,-1.641635572013911e-05,0.0012683053500950336,0.0012684115208685398,7e267c0bf303542b
2,day2_n8_topk_seed44,44,13,4,False,False,True,0.3002,0.0,0.93127024,1.4633231,-1.6412735931226052e-05,0.0012898871209472418,0.0012899915454909205,7e267c0bf303542b
2,day2_n8_topk_seed44,44,13,5,False,False,True,0.3172,0.0,0.44058236,-0.56983817,-1.900972711155191e-05,0.0012561981566250324,0.0012563419295474887,7e267c0bf303542b
2,day2_n8_topk_seed44,44,13,6,False,False,True,0.2994,0.0,-3.4066064,-0.061175913,-1.8828284737537615e-05,0.0013726858887821436,0.0013728151097893715,7e267c0bf303542b
2,day2_n8_topk_seed44,44,13,7,False,False,True,0.3006,0.0,0.3978928,1.3422062,-1.6240348486462608e-05,0.0012899305438622832,0.0012900326400995255,7e267c0bf303542b
2,day2_n8_topk_seed44,44,14,0,False,False,True,0.3192,0.0,0.9636611,1.2375966,-1.9627164874691516e-05,0.001270738081075251,0.0012708896538242698,7e267c0bf303542b
2,day2_n8_topk_seed44,44,14,1,False,False,True,0.326,0.0,0.6961831,-0.29534414,-2.1528550860239193e-05,0.0012569075915962458,0.0012570919934660196,7e267c0bf303542b
2,day2_n8_topk_seed44,44,14,2,False,False,True,0.3108,0.0,0.69977915,-0.1761245,-2.469053833920043e-05,0.0012427638284862041,0.0012430091155692935,7e267c0bf303542b
2,day2_n8_topk_seed44,44,14,3,False,False,True,0.3284,0.0,-0.7475604,-0.8036261,-2.0858273273915984e-05,0.0012642876245081425,0.0012644595699384809,7e267c0bf303542b
2,day2_n8_topk_seed44,44,14,4,False,False,True,0.3256,0.0,0.55497235,-0.17254908,-2.1600477339234203e-05,0.0012552961707115173,0.0012554818531498313,7e267c0bf303542b
2,day2_n8_topk_seed44,44,14,5,False,False,True,0.3202,0.0,1.1793001,0.39190626,-1.5915122276055627e-05,0.0012457207776606083,0.0012458224082365632,7e267c0bf303542b
2,day2_n8_topk_seed44,44,14,6,False,False,True,0.3198,0.0,-1.0694995,-1.8594766,-2.0633851818274707e-05,0.0012775749200955033,0.0012777415104210377,7e267c0bf303542b
2,day2_n8_topk_seed44,44,14,7,False,False,True,0.3042,0.0,-2.276832,1.6776135,-1.743814027577173e-05,0.001294642803259194,0.0012947602663189173,7e267c0bf303542b
2,day2_n8_topk_seed44,44,15,0,False,False,True,0.2794,0.0,-0.017236128,2.4998422,-2.019433304667473e-05,0.0012537334114313126,0.0012538960436359048,7e267c0bf303542b
2,day2_n8_topk_seed44,44,15,1,False,False,True,0.34,0.0,-0.76148564,-0.07094158,-1.637816421862226e-05,0.0012372644850984216,0.0012373728677630424,7e267c0bf303542b
2,day2_n8_topk_seed44,44,15,2,False,False,True,0.3396,0.0,-0.29102823,-0.02457381,-2.0155875972704962e-05,0.0012197045143693686,0.001219871104694903,7e267c0bf303542b
2,day2_n8_topk_seed44,44,15,3,False,False,True,0.3486,0.0,0.2208183,-0.32024518,-1.8584640201879665e-05,0.0012342839036136866,0.0012344238348305225,7e267c0bf303542b
2,day2_n8_topk_seed44,44,15,4,False,False,True,0.3298,0.0,-1.0774889,-1.2504989,-1.9607456124504097e-05,0.0012541991891339421,0.0012543525081127882,7e267c0bf303542b
2,day2_n8_topk_seed44,44,15,5,False,False,True,0.3234,0.0,-0.36101437,0.19455871,-2.2240423277253285e-05,0.0012293520849198103,0.0012295532505959272,7e267c0bf303542b
2,day2_n8_topk_seed44,44,15,6,False,False,True,0.3428,0.0,2.677833,-0.5299198,-1.9085764506598935e-05,0.001275417278520763,0.0012755601201206446,7e267c0bf303542b
2,day2_n8_topk_seed44,44,15,7,False,False,True,0.3142,0.0,-0.3904032,-0.4982217,-1.7380374629283324e-05,0.001245258841663599,0.0012453801464289427,7e267c0bf303542b
2,day2_n8_topk_seed44,44,16,0,False,False,True,0.3274,0.0,-0.7535065,-1.2564222,-1.9877630620612763e-05,0.0012158231111243367,0.0012159855104982853,7e267c0bf303542b
2,day2_n8_topk_seed44,44,16,1,False,False,True,0.3346,0.0,0.36970863,-0.7971031,-1.814529787225183e-05,0.0012199709890410304,0.0012201059143990278,7e267c0bf303542b
2,day2_n8_topk_seed44,44,16,2,False,False,True,0.3664,0.0,-1.0862572,0.025502441,-1.9815643099718727e-05,0.0012116219149902463,0.0012117839651182294,7e267c0bf303542b
2,day2_n8_topk_seed44,44,16,3,False,False,True,0.3458,0.0,0.58384323,-0.43301788,-2.0059431335539557e-05,0.001215687021613121,0.001215852564200759,7e267c0bf303542b
2,day2_n8_topk_seed44,44,16,4,False,False,True,0.3362,0.0,-0.86230814,-0.10729834,-1.8905180695583113e-05,0.0012188857654109597,0.001219032215885818,7e267c0bf303542b
2,day2_n8_topk_seed44,44,16,5,False,False,True,0.311,0.0,-0.20527914,0.07597755,-2.0091722035431303e-05,0.0012057579588145018,0.001205925364047289,7e267c0bf303542b
2,day2_n8_topk_seed44,44,16,6,False,False,True,0.3236,0.0,-0.32658452,2.3521447,-1.8496006305213086e-05,0.0012238224735483527,0.0012239622883498669,7e267c0bf303542b
2,day2_n8_topk_seed44,44,16,7,False,False,True,0.3338,0.0,2.2803836,0.14021283,-1.801594771677628e-05,0.0012408351758494973,0.001240965910255909,7e267c0bf303542b
2,day2_n8_topk_seed44,44,17,0,False,False,True,0.3406,0.0,0.8199561,-0.17597876,-1.603036253072787e-05,0.0011984939919784665,0.0011986012104898691,7e267c0bf303542b
2,day2_n8_topk_seed44,44,17,1,False,False,True,0.3254,0.0,1.6353467,1.1476719,-1.4517334420816042e-05,0.0012155752629041672,0.0012156619923189282,7e267c0bf303542b
2,day2_n8_topk_seed44,44,17,2,False,False,True,0.3634,0.0,0.3591393,-0.16393387,-1.863121724454686e-05,0.00119895045645535,0.0011990952771157026,7e267c0bf303542b
2,day2_n8_topk_seed44,44,17,3,False,False,True,0.3534,0.0,-1.3936372,-0.77718496,-1.7210375517606735e-05,0.0012015515239909291,0.0012016748078167439,7e267c0bf303542b
2,day2_n8_topk_seed44,44,17,4,False,False,True,0.3572,0.0,-1.4995528,1.9845146,-1.976809471671004e-05,0.0012121973559260368,0.0012123585911467671,7e267c0bf303542b
2,day2_n8_topk_seed44,44,17,5,False,False,True,0.3424,0.0,-0.22868237,-0.067935936,-1.917265763040632e-05,0.0011903743725270033,0.0011905287392437458,7e267c0bf303542b
2,day2_n8_topk_seed44,44,17,6,False,False,True,0.3534,0.0,-0.4269728,-1.4065728,-2.0451281670830213e-05,0.0011974774533882737,0.0011976520763710141,7e267c0bf303542b
2,day2_n8_topk_seed44,44,17,7,False,False,True,0.3506,0.0,0.734402,-0.5405818,-2.032325937761925e-05,0.0012081776512786746,0.0012083485489711165,7e267c0bf303542b
2,day2_n8_topk_seed44,44,18,0,False,False,True,0.3444,0.0,0.71005434,0.43898904,-1.696223444014322e-05,0.0011911654146388173,0.0011912861373275518,7e267c0bf303542b
2,day2_n8_topk_seed44,44,18,1,False,False,True,0.3538,0.0,-0.73712033,1.1911925,-1.799467281671241e-05,0.0011931430781260133,0.0011932788183912635,7e267c0bf303542b
2,day2_n8_topk_seed44,44,18,2,False,False,True,0.3588,0.0,1.5155977,-2.0450776,-1.7411985027138144e-05,0.0012113319244235754,0.0012114569544792175,7e267c0bf303542b
2,day2_n8_topk_seed44,44,18,3,False,False,True,0.3504,0.0,-1.1285857,-0.36002892,-1.666446951276157e-05,0.0011918337550014257,0.0011919501703232527,7e267c0bf303542b
2,day2_n8_topk_seed44,44,18,4,False,False,True,0.3748,0.0,1.1937944,0.5079111,-1.5897849152679555e-05,0.0011989271733909845,0.001199032529257238,7e267c0bf303542b
2,day2_n8_topk_seed44,44,18,5,False,False,True,0.362,0.0,-1.8785932,-1.0864428,-1.5780209650984034e-05,0.0011997359106317163,0.001199839636683464,7e267c0bf303542b
2,day2_n8_topk_seed44,44,18,6,False,False,True,0.3548,0.0,0.7615178,1.0042022,-1.7355278032482602e-05,0.001185778877697885,0.0011859057703986764,7e267c0bf303542b
2,day2_n8_topk_seed44,44,18,7,False,False,True,0.3766,0.0,-0.43666297,0.34925422,-1.6898015019251034e-05,0.001180898048914969,0.0011810188880190253,7e267c0bf303542b
2,day2_n8_topk_seed44,44,19,0,False,False,True,0.3804,0.0,-0.17453332,0.117955364,-1.4888699297443964e-05,0.001163949491456151,0.0011640447191894054,7e267c0bf303542b
2,day2_n8_topk_seed44,44,19,1,False,False,True,0.36,0.0,0.041815776,0.77035874,-1.5996049114619382e-05,0.001176720717921853,0.0011768294498324394,7e267c0bf303542b
2,day2_n8_topk_seed44,44,19,2,False,False,True,0.3818,0.0,-2.4357173,-0.92861545,-1.3888606190448627e-05,0.0011882606195285916,0.001188341761007905,7e267c0bf303542b
2,day2_n8_topk_seed44,44,19,3,False,False,True,0.387,0.0,1.322619,-1.8971393,-1.8639890186022967e-05,0.0011776196770370007,0.0011777670588344336,7e267c0bf303542b
2,day2_n8_topk_seed44,44,19,4,False,False,True,0.357,0.0,-0.25949678,0.8532851,-1.733668068482075e-05,0.0011668236693367362,0.0011669525410979986,7e267c0bf303542b
2,day2_n8_topk_seed44,44,19,5,False,False,True,0.3886,0.0,0.58703583,-0.7900647,-1.901579526020214e-05,0.0011680786265060306,0.0011682334588840604,7e267c0bf303542b
2,day2_n8_topk_seed44,44,19,6,False,False,True,0.3688,0.0,0.21603847,0.8128511,-1.6900667105801404e-05,0.0011655512498691678,0.0011656738352030516,7e267c0bf303542b
2,day2_n8_topk_seed44,44,19,7,False,False,True,0.398,0.0,0.7022404,1.0613687,-1.7372711226926185e-05,0.0011785303940996528,0.0011786584509536624,7e267c0bf303542b
2,day2_n8_topk_seed44,44,20,0,False,False,True,0.3782,0.0,1.9383664,-1.9572284,-2.1824627765454352e-05,0.0011934839421883225,0.001193683478049934,7e267c0bf303542b
2,day2_n8_topk_seed44,44,20,1,False,False,True,0.372,0.0,-0.2939229,0.948569,-1.8634516891324893e-05,0.0011700824834406376,0.001170230912975967,7e267c0bf303542b
2,day2_n8_topk_seed44,44,20,2,False,False,True,0.3726,0.0,-0.080206566,-0.25424433,-1.7348502296954393e-05,0.0011707382509484887,0.0011708667734637856,7e267c0bf303542b
2,day2_n8_topk_seed44,44,20,3,False,False,True,0.3844,0.0,-0.23362713,1.0111151,-1.6813506590551697e-05,0.001161605934612453,0.0011617275886237621,7e267c0bf303542b
2,day2_n8_topk_seed44,44,20,4,False,False,True,0.3056,0.0,-2.6543012,-1.3460126,-1.6950367353274487e-05,0.001206351793371141,0.001206470769830048,7e267c0bf303542b
2,day2_n8_topk_seed44,44,20,5,False,False,True,0.3624,0.0,0.69894576,0.53203064,-1.930426515173167e-05,0.001162575907073915,0.0011627362109720707,7e267c0bf303542b
2,day2_n8_topk_seed44,44,20,6,False,False,True,0.3866,0.0,0.3306305,0.8330525,-1.8896722394856624e-05,0.0011606444604694843,0.0011607982451096177,7e267c0bf303542b
2,day2_n8_topk_seed44,44,20,7,False,False,True,0.3894,0.0,0.29411703,0.23272316,-1.7972934074350633e-05,0.0011634662514552474,0.0011636050185188651,7e267c0bf303542b
2,day2_n8_topk_seed44,44,21,0,False,False,True,0.382,0.0,-0.30918857,0.04605681,-1.6431569747510366e-05,0.0011427775025367737,0.001142895664088428,7e267c0bf303542b
2,day2_n8_topk_seed44,44,21,1,False,False,True,0.3886,0.0,1.2280188,-1.1723278,-1.6664291251800023e-05,0.0011534627992659807,0.0011535831727087498,7e267c0bf303542b
2,day2_n8_topk_seed44,44,21,2,False,False,True,0.4042,0.0,0.6622227,-0.759233,-2.0869421859970316e-05,0.0011400722432881594,0.0011402631644159555,7e267c0bf303542b
2,day2_n8_topk_seed44,44,21,3,False,False,True,0.373,0.0,-2.5049136,-0.2265123,-1.6944179151323624e-05,0.0011595308315008879,0.00115965458098799,7e267c0bf303542b
2,day2_n8_topk_seed44,44,21,4,False,False,True,0.4018,0.0,0.7565385,2.3147027,-1.5942285244818777e-05,0.0011611394584178925,0.0011612490052357316,7e267c0bf303542b
2,day2_n8_topk_seed44,44,21,5,False,False,True,0.3872,0.0,0.16504392,-0.90268195,-1.686654104560148e-05,0.0011507320450618863,0.0011508556781336665,7e267c0bf303542b
2,day2_n8_topk_seed44,44,21,6,False,False,True,0.3826,0.0,0.33094794,0.026010225,-1.685388633632101e-05,0.0011432594619691372,0.0011433836771175265,7e267c0bf303542b
2,day2_n8_topk_seed44,44,21,7,False,False,True,0.3978,0.0,-0.32866913,0.67398506,-1.9758535927394405e-05,0.0011491011828184128,0.0011492710327729583,7e267c0bf303542b
2,day2_n8_topk_seed44,44,22,0,False,False,True,0.379,0.0,-0.29969695,-0.8056888,-1.84311193152098e-05,0.0011420652735978365,0.0011422140523791313,7e267c0bf303542b
2,day2_n8_topk_seed44,44,22,1,False,False,True,0.4072,0.0,-0.629955,-0.76359445,-1.7550575648783706e-05,0.001137815648689866,0.0011379510397091508,7e267c0bf303542b
2,day2_n8_topk_seed44,44,22,2,False,False,True,0.4108,0.0,3.2458901,0.27211958,-1.0876481610466726e-05,0.001211655675433576,0.0012117045698687434,7e267c0bf303542b
2,day2_n8_topk_seed44,44,22,3,False,False,True,0.4014,0.0,-0.34779987,-0.4736568,-1.6189700545510277e-05,0.001136697013862431,0.0011368122650310397,7e267c0bf303542b
2,day2_n8_topk_seed44,44,22,4,False,False,True,0.3986,0.0,-0.37912315,-0.9692343,-1.809359309845604e-05,0.001138778985477984,0.0011389226419851184,7e267c0bf303542b
2,day2_n8_topk_seed44,44,22,5,False,False,True,0.3856,0.0,-0.46718004,-0.015010431,-1.9507820979924873e-05,0.0011222868924960494,0.0011224563932046294,7e267c0bf303542b
2,day2_n8_topk_seed44,44,22,6,False,False,True,0.3876,0.0,-0.32301304,0.11902082,-1.835265356930904e-05,0.0011481306282803416,0.0011482773115858436,7e267c0bf303542b
2,day2_n8_topk_seed44,44,22,7,False,False,True,0.3834,0.0,-0.7991249,2.6360443,-1.6769214198575355e-05,0.0011626966297626495,0.0011628175852820277,7e267c0bf303542b
2,day2_n8_topk_seed44,44,23,0,False,False,True,0.3872,0.0,-0.059948448,-1.1463711,-1.8749355149338953e-05,0.0011332972208037972,0.0011334522860124707,7e267c0bf303542b
2,day2_n8_topk_seed44,44,23,1,False,False,True,0.405,0.0,0.070482604,-0.47944355,-1.6273363144136965e-05,0.0011256544385105371,0.0011257721344009042,7e267c0bf303542b
2,day2_n8_topk_seed44,44,23,2,False,False,True,0.3928,0.0,0.5215524,-0.80224895,-2.110052628268022e-05,0.0011187599739059806,0.0011189589276909828,7e267c0bf303542b
2,day2_n8_topk_seed44,44,23,3,False,False,True,0.4048,0.0,0.19369157,-0.78316927,-1.8165645087719895e-05,0.001124612637795508,0.0011247593211010098,7e267c0bf303542b
2,day2_n8_topk_seed44,44,23,4,False,False,True,0.4054,0.0,1.1463706,2.4028416,-1.95770880964119e-05,0.0011398534988984466,0.0011400217190384865,7e267c0bf303542b
2,day2_n8_topk_seed44,44,23,5,False,False,True,0.3866,0.0,0.38425916,-0.055233363,-1.8635404558153823e-05,0.0011169249191880226,0.0011170804500579834,7e267c0bf303542b
2,day2_n8_topk_seed44,44,23,6,False,False,True,0.3776,0.0,0.539925,0.064993925,-1.560711461934261e-05,0.0011168892960995436,0.0011169983772560954,7e267c0bf303542b
2,day2_n8_topk_seed44,44,23,7,False,False,True,0.369,0.0,-2.7963326,0.7986307,-1.6383746697101742e-05,0.001155772595666349,0.0011558887781575322,7e267c0bf303542b
2,day2_n8_topk_seed44,44,24,0,False,False,True,0.4138,0.0,-0.21134903,2.204567,-1.7397591363987885e-05,0.001133102341555059,0.0011332358699291945,7e267c0bf303542b
2,day2_n8_topk_seed44,44,24,1,False,False,True,0.3914,0.0,-2.537787,-1.3758101,-1.5281804735423066e-05,0.0011398779461160302,0.001139980391599238,7e267c0bf303542b
2,day2_n8_topk_seed44,44,24,2,False,False,True,0.4156,0.0,-0.20605424,0.6780374,-1.6579593648202717e-05,0.0011255262652412057,0.0011256483849138021,7e267c0bf303542b
2,day2_n8_topk_seed44,44,24,3,False,False,True,0.3972,0.0,0.5724721,-0.048294704,-1.25130090964376e-05,0.001126163057051599,0.0011262325569987297,7e267c0bf303542b
2,day2_n8_topk_seed44,44,24,4,False,False,True,0.415,0.0,1.8546469,-1.4724286,-1.5060809346323367e-05,0.001132823177613318,0.0011329232947900891,7e267c0bf303542b
2,day2_n8_topk_seed44,44,24,5,False,False,True,0.3888,0.0,0.44363603,-0.31965882,-1.660341331444215e-05,0.0011191938538104296,0.0011193170212209225,7e267c0bf303542b
2,day2_n8_topk_seed44,44,24,6,False,False,True,0.3798,0.0,0.062425464,0.17529498,-1.6793530448921956e-05,0.0011030706809833646,0.0011031985050067306,7e267c0bf303542b
2,day2_n8_topk_seed44,44,24,7,False,False,True,0.381,0.0,0.022008434,0.15829366,-1.838446405599825e-05,0.0011202712776139379,0.0011204220354557037,7e267c0bf303542b
2,day2_n8_topk_seed44,44,25,0,False,False,True,0.4324,0.0,-2.9404213,-0.023651265,-1.721987428027205e-05,0.0011391096049919724,0.001139239757321775,7e267c0bf303542b
2,day2_n8_topk_seed44,44,25,1,False,False,True,0.4206,0.0,-0.20481642,0.16964577,-1.677043837844394e-05,0.001110537676140666,0.0011106643360108137,7e267c0bf303542b
2,day2_n8_topk_seed44,44,25,2,False,False,True,0.4072,0.0,0.3467555,-1.1148068,-1.7122207282227464e-05,0.0011139558628201485,0.001114087412133813,7e267c0bf303542b
2,day2_n8_topk_seed44,44,25,3,False,False,True,0.4094,0.0,0.40534738,1.6341951,-1.3126049452694133e-05,0.0011150866048410535,0.0011151637881994247,7e267c0bf303542b
2,day2_n8_topk_seed44,44,25,4,False,False,True,0.4216,0.0,1.0790057,-0.02473785,-1.6387079085689038e-05,0.001117976731620729,0.0011180967558175325,7e267c0bf303542b
2,day2_n8_topk_seed44,44,25,5,False,False,True,0.4064,0.0,0.46010223,-1.1562413,-1.4862927855574526e-05,0.001118526328355074,0.001118625164963305,7e267c0bf303542b
2,day2_n8_topk_seed44,44,25,6,False,False,True,0.413,0.0,0.41757363,-1.2178179,-1.54715780809056e-05,0.0011151378275826573,0.0011152451625093818,7e267c0bf303542b
2,day2_n8_topk_seed44,44,25,7,False,False,True,0.4322,0.0,0.43645668,1.7334146,-1.6964364476734772e-05,0.0011187741765752435,0.0011189028155058622,7e267c0bf303542b
2,day2_n8_topk_seed44,44,26,0,False,False,True,0.4406,0.0,0.29056868,0.12437301,-1.4157870282360818e-05,0.0010887718526646495,0.0010888638207688928,7e267c0bf303542b
2,day2_n8_topk_seed44,44,26,1,False,False,True,0.4192,0.0,-1.2098863,-1.681532,-1.3967724044050556e-05,0.001112914178520441,0.001113001722842455,7e267c0bf303542b
2,day2_n8_topk_seed44,44,26,2,False,False,True,0.426,0.0,-1.8474927,1.2028775,-1.5292866009986028e-05,0.0011123629519715905,0.001112468191422522,7e267c0bf303542b
2,day2_n8_topk_seed44,44,26,3,False,False,True,0.4242,0.0,0.58256274,-1.8818197,-1.3112434317008592e-05,0.0011122977593913674,0.0011123750591650605,7e267c0bf303542b
2,day2_n8_topk_seed44,44,26,4,False,False,True,0.422,0.0,-0.510946,0.9840497,-1.5419593182741664e-05,0.0010989519068971276,0.0010990600567311049,7e267c0bf303542b
2,day2_n8_topk_seed44,44,26,5,False,False,True,0.415,0.0,0.72369987,-0.33010024,-1.7922442566487007e-05,0.0011106847086921334,0.0011108292965218425,7e267c0bf303542b
2,day2_n8_topk_seed44,44,26,6,False,False,True,0.41,0.0,-0.0908528,0.5913406,-1.6375452105421573e-05,0.0010923794470727444,0.00109250214882195,7e267c0bf303542b
2,day2_n8_topk_seed44,44,26,7,False,False,True,0.4174,0.0,2.0623446,0.9908124,-1.6424681234639138e-05,0.0011064371792599559,0.0011065590661019087,7e267c0bf303542b
2,day2_n8_topk_seed44,44,27,0,False,False,True,0.3962,0.0,-0.53587914,-0.20864742,-1.560594500915613e-05,0.0010842540068551898,0.0010843663476407528,7e267c0bf303542b
2,day2_n8_topk_seed44,44,27,1,False,False,True,0.4256,0.0,-0.8232744,0.027153527,-1.681031244515907e-05,0.001090469304472208,0.0010905988747254014,7e267c0bf303542b
2,day2_n8_topk_seed44,44,27,2,False,False,True,0.4248,0.0,2.1644647,2.1338823,-1.785983840818517e-05,0.0011187185300514102,0.0011188610224053264,7e267c0bf303542b
2,day2_n8_topk_seed44,44,27,3,False,False,True,0.4228,0.0,1.4989955,-2.3233318,-1.788069130270742e-05,0.001114970538765192,0.0011151139624416828,7e267c0bf303542b
2,day2_n8_topk_seed44,44,27,4,False,False,True,0.408,0.0,-1.0538092,0.11331195,-1.8072900275001302e-05,0.00109408563002944,0.001094234874472022,7e267c0bf303542b
2,day2_n8_topk_seed44,44,27,5,False,False,True,0.443,0.0,-0.44637543,0.21258497,-1.587264341651462e-05,0.001098163891583681,0.0010982786770910025,7e267c0bf303542b
2,day2_n8_topk_seed44,44,27,6,False,False,True,0.4458,0.0,-1.3737159,0.53355384,-1.510595393483527e-05,0.0010924066882580519,0.0010925112292170525,7e267c0bf303542b
2,day2_n8_topk_seed44,44,27,7,False,False,True,0.422,0.0,0.5695934,-0.48850903,-1.6805688574095257e-05,0.001104553695768118,0.0011046815197914839,7e267c0bf303542b
2,day2_n8_topk_seed44,44,28,0,False,False,True,0.4282,0.0,-1.3322841,-1.3126584,-1.568541665619705e-05,0.001103422837331891,0.0011035342467948794,7e267c0bf303542b
2,day2_n8_topk_seed44,44,28,1,False,False,True,0.424,0.0,-0.47809505,-0.098030515,-1.3983970347908325e-05,0.0010770310182124376,0.0010771218221634626,7e267c0bf303542b
2,day2_n8_topk_seed44,44,28,2,False,False,True,0.4424,0.0,0.31910378,-0.26727995,-1.779820740921423e-05,0.001083007431589067,0.0010831537656486034,7e267c0bf303542b
2,day2_n8_topk_seed44,44,28,3,False,False,True,0.4384,0.0,-0.08162613,0.96568716,-1.6263298675767146e-05,0.0010868408717215061,0.0010869625257328153,7e267c0bf303542b
2,day2_n8_topk_seed44,44,28,4,False,False,True,0.4298,0.0,-0.66388917,2.458821,-1.5559573512291536e-05,0.001100352848879993,0.0011004627449437976,7e267c0bf303542b
2,day2_n8_topk_seed44,44,28,5,False,False,True,0.4324,0.0,2.7983346,-0.33147582,-1.727376729832031e-05,0.0011074705980718136,0.0011076051741838455,7e267c0bf303542b
2,day2_n8_topk_seed44,44,28,6,False,False,True,0.3944,0.0,0.22232716,-0.17973384,-1.626459925319068e-05,0.001080319401808083,0.001080441870726645,7e267c0bf303542b
2,day2_n8_topk_seed44,44,28,7,False,False,True,0.451,0.0,-0.7838703,-1.2353299,-1.4529837244481314e-05,0.001097675645723939,0.001097771804779768,7e267c0bf303542b
2,day2_n8_topk_seed44,44,29,0,False,False,True,0.4346,0.0,1.104644,2.3966682,-1.4605089745600708e-05,0.0010933087905868888,0.0010934063466265798,7e267c0bf303542b
2,day2_n8_topk_seed44,44,29,1,False,False,True,0.4346,0.0,0.49083623,0.35343447,-1.3891140952182468e-05,0.0010702726431190968,0.0010703628649935126,7e267c0bf303542b
2,day2_n8_topk_seed44,44,29,2,False,False,True,0.4548,0.0,0.20158888,-0.5103599,-1.647581666475162e-05,0.0010768205393105745,0.001076946617104113,7e267c0bf303542b
2,day2_n8_topk_seed44,44,29,3,False,False,True,0.4434,0.0,-2.833437,-0.0625756,-1.3974735338706523e-05,0.0011055015493184328,0.0011055899085476995,7e267c0bf303542b
2,day2_n8_topk_seed44,44,29,4,False,False,True,0.45,0.0,0.0049497583,-0.09147701,-1.4578979062207509e-05,0.0010715710232034326,0.001071670325472951,7e267c0bf303542b
2,day2_n8_topk_seed44,44,29,5,False,False,True,0.4212,0.0,1.3710258,-2.1050186,-1.350671209365828e-05,0.0010882620699703693,0.0010883460054174066,7e267c0bf303542b
2,day2_n8_topk_seed44,44,29,6,False,False,True,0.4544,0.0,-0.16057335,-0.2934968,-1.3938853953732178e-05,0.001082519069314003,0.0010826089419424534,7e267c0bf303542b
2,day2_n8_topk_seed44,44,29,7,False,False,True,0.4222,0.0,-0.1790311,0.31282362,-1.4602744158764835e-05,0.001070754136890173,0.0010708537884056568,7e267c0bf303542b
2,day2_n8_topk_seed44,44,30,0,False,False,True,0.4578,0.0,-0.36490777,0.7999193,-1.556277129566297e-05,0.001070898724719882,0.001071011763997376,7e267c0bf303542b
2,day2_n8_topk_seed44,44,30,1,False,False,True,0.438,0.0,0.28056186,1.8887186,-1.5436364265042357e-05,0.001090583740733564,0.0010906929383054376,7e267c0bf303542b
2,day2_n8_topk_seed44,44,30,2,False,False,True,0.4256,0.0,-1.1798562,0.5840954,-1.402170801156899e-05,0.0010833749547600746,0.0010834656422957778,7e267c0bf303542b
2,day2_n8_topk_seed44,44,30,3,False,False,True,0.4582,0.0,-1.921247,-1.9642123,-1.3750548532698303e-05,0.0010937280021607876,0.001093814498744905,7e267c0bf303542b
2,day2_n8_topk_seed44,44,30,4,False,False,True,0.4638,0.0,0.5767755,0.66095865,-1.6050678823376074e-05,0.0010664137080311775,0.001066534430719912,7e267c0bf303542b
2,day2_n8_topk_seed44,44,30,5,False,False,True,0.4524,0.0,1.0099869,-0.17570701,-1.3073031368548982e-05,0.0010962928645312786,0.0010963708627969027,7e267c0bf303542b
2,day2_n8_topk_seed44,44,30,6,False,False,True,0.4372,0.0,2.229506,-1.6284525,-1.240242909261724e-05,0.0011011494789272547,0.0011012194445356727,7e267c0bf303542b
2,day2_n8_topk_seed44,44,30,7,False,False,True,0.4424,0.0,-0.6308203,-0.16531995,-1.3312546798260882e-05,0.001079755136743188,0.001079837209545076,7e267c0bf303542b
2,day2_n8_topk_seed44,44,31,0,False,False,True,0.4478,0.0,-0.4048116,2.1156278,-1.6997884813463315e-05,0.001083624199964106,0.001083757495507598,7e267c0bf303542b
2,day2_n8_topk_seed44,44,31,1,False,False,True,0.446,0.0,0.027446995,-0.2428414,-1.2465623512980528e-05,0.001076467684470117,0.0010765398619696498,7e267c0bf303542b
2,day2_n8_topk_seed44,44,31,2,False,False,True,0.451,0.0,-0.8628685,-0.46285707,-1.5099176380317658e-05,0.0010694297961890697,0.0010695364326238632,7e267c0bf303542b
2,day2_n8_topk_seed44,44,31,3,False,False,True,0.4362,0.0,3.2982721,-0.13640507,-1.3106357073411345e-05,0.0011224987683817744,0.0011225752532482147,7e267c0bf303542b
2,day2_n8_topk_seed44,44,31,4,False,False,True,0.461,0.0,-0.4792375,-1.8826294,-1.7043597836163826e-05,0.0010770187946036458,0.0010771537199616432,7e267c0bf303542b
2,day2_n8_topk_seed44,44,31,5,False,False,True,0.4588,0.0,-0.7902832,0.91472954,-1.4915825886419043e-05,0.0010760099394246936,0.001076113199815154,7e267c0bf303542b
2,day2_n8_topk_seed44,44,31,6,False,False,True,0.4684,0.0,-0.6692635,-1.2687737,-1.372121914755553e-05,0.0010724839521571994,0.001072571729309857,7e267c0bf303542b
2,day2_n8_topk_seed44,44,31,7,False,False,True,0.4408,0.0,-0.11925887,0.9631486,-1.1517235179780982e-05,0.0010905733797699213,0.001090634148567915,7e267c0bf303542b
2,day2_n8_topk_seed44,44,32,0,False,False,True,0.4454,0.0,-1.160222,0.00990389,-1.5974577763699926e-05,0.001087414100766182,0.0010875314474105835,7e267c0bf303542b
2,day2_n8_topk_seed44,44,32,1,False,False,True,0.451,0.0,0.41686794,0.2880698,-1.3942157238489017e-05,0.001079537090845406,0.0010796271963045,7e267c0bf303542b
2,day2_n8_topk_seed44,44,32,2,False,False,True,0.4534,0.0,-1.4787343,2.09598,-1.5427356629515998e-05,0.001101480214856565,0.0011015883646905422,7e267c0bf303542b
2,day2_n8_topk_seed44,44,32,3,False,False,True,0.45,0.0,2.681967,1.4308296,-1.653850449656602e-05,0.0011093579232692719,0.0011094812070950866,7e267c0bf303542b
2,day2_n8_topk_seed44,44,32,4,False,False,True,0.468,0.0,1.1122059,-1.8525577,-1.1632537280092947e-05,0.0010941368527710438,0.0010941987857222557,7e267c0bf303542b
2,day2_n8_topk_seed44,44,32,5,False,False,True,0.442,0.0,-0.24392918,0.116259314,-1.3161095921532251e-05,0.0010717075783759356,0.0010717883706092834,7e267c0bf303542b
2,day2_n8_topk_seed44,44,32,6,False,False,True,0.4492,0.0,-0.5425151,-1.6396872,-1.253662230737973e-05,0.0010762270539999008,0.0010763000464066863,7e267c0bf303542b
2,day2_n8_topk_seed44,44,32,7,False,False,True,0.459,0.0,-0.7856395,-0.4487953,-1.2899246030428912e-05,0.0010719994315877557,0.0010720770806074142,7e267c0bf303542b
2,day2_n8_topk_seed44,44,33,0,False,False,True,0.4476,0.0,1.3267976,-0.5889001,-1.858193354564719e-05,0.0010847601806744933,0.0010849193204194307,7e267c0bf303542b
2,day2_n8_topk_seed44,44,33,1,False,False,True,0.4674,0.0,-0.76273763,-0.81022954,-1.4012211977387778e-05,0.00107794429641217,0.0010780353331938386,7e267c0bf303542b
2,day2_n8_topk_seed44,44,33,2,False,False,True,0.4488,0.0,-2.868317,0.78141403,-1.8586206351756118e-05,0.0010937931947410107,0.0010939511703327298,7e267c0bf303542b
2,day2_n8_topk_seed44,44,33,3,False,False,True,0.4432,0.0,0.2379363,1.0061975,-1.443291057512397e-05,0.0010730664944276214,0.0010731634683907032,7e267c0bf303542b
2,day2_n8_topk_seed44,44,33,4,False,False,True,0.4624,0.0,1.6067215,0.9922606,-1.4137783182377461e-05,0.001085252151824534,0.0010853443527594209,7e267c0bf303542b
2,day2_n8_topk_seed44,44,33,5,False,False,True,0.4366,0.0,0.3620267,0.6775313,-1.6407857401645742e-05,0.0010742685990408063,0.001074393861927092,7e267c0bf303542b
2,day2_n8_topk_seed44,44,33,6,False,False,True,0.4534,0.0,0.1647302,0.80853266,-1.434292244084645e-05,0.001065113116055727,0.0010652097407728434,7e267c0bf303542b
2,day2_n8_topk_seed44,44,33,7,False,False,True,0.4648,0.0,-0.067157656,-2.866806,-1.58391867444152e-05,0.0010921622160822153,0.0010922771180048585,7e267c0bf303542b
2,day2_n8_topk_seed44,44,34,0,False,False,True,0.4774,0.0,0.32665393,1.2431483,-1.69211853062734e-05,0.0010818936862051487,0.001082026050426066,7e267c0bf303542b
2,day2_n8_topk_seed44,44,34,1,False,False,True,0.4784,0.0,-0.30565366,0.1378412,-1.6345300537068397e-05,0.001070493832230568,0.0010706185130402446,7e267c0bf303542b
2,day2_n8_topk_seed44,44,34,2,False,False,True,0.435,0.0,-0.6355142,1.1999484,-1.6453064745292068e-05,0.00108719477429986,0.001087319222278893,7e267c0bf303542b
2,day2_n8_topk_seed44,44,34,3,False,False,True,0.473,0.0,0.56514454,0.4718743,-1.5339070159825496e-05,0.0010910218115895987,0.0010911294957622886,7e267c0bf303542b
2,day2_n8_topk_seed44,44,34,4,False,False,True,0.4702,0.0,0.82826,0.35363352,-1.5634916053386405e-05,0.0010802842443808913,0.001080397516489029,7e267c0bf303542b
2,day2_n8_topk_seed44,44,34,5,False,False,True,0.4594,0.0,0.31765965,0.82624674,-1.5220313798636198e-05,0.001073889434337616,0.0010739972349256277,7e267c0bf303542b
2,day2_n8_topk_seed44,44,34,6,False,False,True,0.4752,0.0,1.8624991,-2.6854765,-1.4542452845489606e-05,0.0010945940157398582,0.0010946906404569745,7e267c0bf303542b
2,day2_n8_topk_seed44,44,34,7,False,False,True,0.4712,0.0,-2.959052,-1.5472158,-1.1002536666637752e-05,0.0011055425275117159,0.0011055972427129745,7e267c0bf303542b
2,day2_n8_topk_seed44,44,35,0,False,False,True,0.477,0.0,1.4571835,-1.8494946,-1.4244806152419187e-05,0.001080137211829424,0.0010802311589941382,7e267c0bf303542b
2,day2_n8_topk_seed44,44,35,1,False,False,True,0.4336,0.0,0.09666218,-0.011947428,-1.298481674893992e-05,0.001054163440130651,0.001054243417456746,7e267c0bf303542b
2,day2_n8_topk_seed44,44,35,2,False,False,True,0.4782,0.0,-0.36711177,2.55204,-1.5305966371670365e-05,0.0010748428758233786,0.0010749517241492867,7e267c0bf303542b
2,day2_n8_topk_seed44,44,35,3,False,False,True,0.4552,0.0,-2.3500528,-0.32777977,-1.228488781634951e-05,0.0010799590963870287,0.0010800289455801249,7e267c0bf303542b
2,day2_n8_topk_seed44,44,35,4,False,False,True,0.4928,0.0,2.2610052,0.9501214,-1.2479170436563436e-05,0.001079906360246241,0.001079978421330452,7e267c0bf303542b
2,day2_n8_topk_seed44,44,35,5,False,False,True,0.461,0.0,0.13028646,0.4937377,-1.584357232786715e-05,0.0010634444188326597,0.0010635624639689922,7e267c0bf303542b
2,day2_n8_topk_seed44,44,35,6,False,False,True,0.4442,0.0,-0.16801,-1.4179832,-1.1885399544553366e-05,0.0010770796798169613,0.0010771452216431499,7e267c0bf303542b
2,day2_n8_topk_seed44,44,35,7,False,False,True,0.4518,0.0,-1.0599595,-0.38869336,-1.0849745194718707e-05,0.0010801727185025811,0.0010802272008731961,7e267c0bf303542b
2,day2_n8_topk_seed44,44,36,0,False,False,True,0.4642,0.0,1.1014668,-1.2838799,-1.3733559171669185e-05,0.0010728910565376282,0.0010729789501056075,7e267c0bf303542b
2,day2_n8_topk_seed44,44,36,1,False,False,True,0.5002,0.0,-1.4076003,-0.7640068,-1.5139265087782405e-05,0.001073462888598442,0.0010735695250332355,7e267c0bf303542b
2,day2_n8_topk_seed44,44,36,2,False,False,True,0.4876,0.0,-0.08163418,0.13664503,-1.2761149264406413e-05,0.001063380273990333,0.0010634568752720952,7e267c0bf303542b
2,day2_n8_topk_seed44,44,36,3,False,False,True,0.4828,0.0,0.22791071,2.7550902,-1.1014080882887356e-05,0.0010853261919692159,0.0010853820713236928,7e267c0bf303542b
2,day2_n8_topk_seed44,44,36,4,False,False,True,0.4928,0.0,-0.9760223,1.2464821,-1.3596349162980914e-05,0.0010700339917093515,0.0010701203718781471,7e267c0bf303542b
2,day2_n8_topk_seed44,44,36,5,False,False,True,0.4764,0.0,1.2957677,0.21079068,-1.467784841224784e-05,0.0010678756516426802,0.0010679765837267041,7e267c0bf303542b
2,day2_n8_topk_seed44,44,36,6,False,False,True,0.465,0.0,-2.1128314,-1.2689819,-1.4784569430048577e-05,0.001082277507521212,0.0010823785560205579,7e267c0bf303542b
2,day2_n8_topk_seed44,44,36,7,False,False,True,0.4846,0.0,1.9529445,-1.0321407,-1.4192861272022128e-05,0.0010878447210416198,0.0010879372712224722,7e267c0bf303542b
2,day2_n8_topk_seed44,44,37,0,False,False,True,0.4632,0.0,-1.432982,-1.0318052,-1.4905063835612964e-05,0.0010901386849582195,0.001090240548364818,7e267c0bf303542b
2,day2_n8_topk_seed44,44,37,1,False,False,True,0.4912,0.0,1.1133112,0.24422476,-1.451322987122694e-05,0.0010756934061646461,0.0010757913114503026,7e267c0bf303542b
2,day2_n8_topk_seed44,44,37,2,False,False,True,0.4704,0.0,-0.40544105,0.8485256,-1.694113052508328e-05,0.0010731066577136517,0.001073240302503109,7e267c0bf303542b
2,day2_n8_topk_seed44,44,37,3,False,False,True,0.4376,0.0,-0.27351412,0.15255298,-1.2681181033258326e-05,0.0010768549982458353,0.0010769296204671264,7e267c0bf303542b
2,day2_n8_topk_seed44,44,37,4,False,False,True,0.468,0.0,0.39806944,-0.0029271326,-1.2962887922185473e-05,0.0010808760998770595,0.0010809538653120399,7e267c0bf303542b
2,day2_n8_topk_seed44,44,37,5,False,False,True,0.464,0.0,1.4163307,-2.866914,-1.3018234312767163e-05,0.0010966616682708263,0.0010967389680445194,7e267c0bf303542b
2,day2_n8_topk_seed44,44,37,6,False,False,True,0.471,0.0,1.7557158,2.2018197,-1.213266841659788e-05,0.0010940273059532046,0.0010940945940092206,7e267c0bf303542b
2,day2_n8_topk_seed44,44,37,7,False,False,True,0.47,0.0,-2.5714884,0.4545246,-1.660747147980146e-05,0.0010880150366574526,0.0010881418129429221,7e267c0bf303542b
2,day2_n8_topk_seed44,44,38,0,False,False,True,0.4526,0.0,1.7450637,0.5852355,-1.2684934517892543e-05,0.0010750239016488194,0.0010750987567007542,7e267c0bf303542b
2,day2_n8_topk_seed44,44,38,1,False,False,True,0.4716,0.0,1.0318767,2.254706,-1.1090183761552908e-05,0.0010748114436864853,0.0010748686036095023,7e267c0bf303542b
2,day2_n8_topk_seed44,44,38,2,False,False,True,0.4848,0.0,0.32211193,-1.2786884,-1.2375390724628232e-05,0.0010636051883921027,0.00106367701664567,7e267c0bf303542b
2,day2_n8_topk_seed44,44,38,3,False,False,True,0.5018,0.0,-1.5569816,1.2633864,-1.2342509762675036e-05,0.0010856472654268146,0.0010857173474505544,7e267c0bf303542b
2,day2_n8_topk_seed44,44,38,4,False,False,True,0.4876,0.0,-1.3648562,-1.5826514,-1.0411409675725736e-05,0.0010742692975327373,0.0010743198217824101,7e267c0bf303542b
2,day2_n8_topk_seed44,44,38,5,False,False,True,0.4932,0.0,1.7565303,-1.7888576,-1.3520900211005937e-05,0.0010793698020279408,0.001079454435966909,7e267c0bf303542b
2,day2_n8_topk_seed44,44,38,6,False,False,True,0.5116,0.0,-1.8747056,-0.025045082,-1.1993902262474876e-05,0.0010758107528090477,0.0010758775752037764,7e267c0bf303542b
2,day2_n8_topk_seed44,44,38,7,False,False,True,0.4684,0.0,-0.059035856,0.5719164,-1.473125576012535e-05,0.0010651032207533717,0.0010652050841599703,7e267c0bf303542b
2,day2_n8_topk_seed44,44,39,0,False,False,True,0.4744,0.0,1.0097786,0.50734425,-1.5506713680224493e-05,0.001096377964131534,0.0010964875109493732,7e267c0bf303542b
2,day2_n8_topk_seed44,44,39,1,False,False,True,0.4414,0.0,-3.7213988,0.9724251,-1.1854143849632237e-05,0.001165303634479642,0.0011653639376163483,7e267c0bf303542b
2,day2_n8_topk_seed44,44,39,2,False,False,True,0.473,0.0,-0.013434513,0.26359496,-1.4063956768950447e-05,0.0010776154231280088,0.0010777071584016085,7e267c0bf303542b
2,day2_n8_topk_seed44,44,39,3,False,False,True,0.5132,0.0,0.86921275,0.6268125,-1.5237752450047992e-05,0.0010950297582894564,0.0010951358126476407,7e267c0bf303542b
2,day2_n8_topk_seed44,44,39,4,False,False,True,0.478,0.0,-0.6814468,-3.596818,-1.2164027793915011e-05,0.0011277621379122138,0.0011278277961537242,7e267c0bf303542b
2,day2_n8_topk_seed44,44,39,5,False,False,True,0.4772,0.0,1.901666,-0.46003675,-1.4397613995242864e-05,0.0011063371784985065,0.0011064308928325772,7e267c0bf303542b
2,day2_n8_topk_seed44,44,39,6,False,False,True,0.4852,0.0,0.60140544,1.6419001,-1.2846250683651306e-05,0.0011104271980002522,0.0011105014709755778,7e267c0bf303542b
2,day2_n8_topk_seed44,44,39,7,False,False,True,0.4928,0.0,0.03421854,0.04478024,-1.2107118891435675e-05,0.001071658101864159,0.0010717264376580715,7e267c0bf303542b
2,day2_n8_topk_seed44,44,40,0,False,False,True,0.4726,0.0,-1.2401472,-0.8245131,-9.04192347661592e-06,0.0010895268060266972,0.0010895642917603254,7e267c0bf303542b
2,day2_n8_topk_seed44,44,40,1,False,False,True,0.4952,0.0,-1.0663021,-1.7475214,-1.1616150914051104e-05,0.0010810480453073978,0.001081110443919897,7e267c0bf303542b
2,day2_n8_topk_seed44,44,40,2,False,False,True,0.489,0.0,-0.40129244,0.10792602,-1.2336097825027537e-05,0.0010675579542294145,0.0010676293168216944,7e267c0bf303542b
2,day2_n8_topk_seed44,44,40,3,False,False,True,0.4848,0.0,3.5204227,-1.0842712,-1.3894647963752504e-05,0.0011046312283724546,0.0011047186562791467,7e267c0bf303542b
2,day2_n8_topk_seed44,44,40,4,False,False,True,0.501,0.0,-0.30922168,1.6141955,-1.351620812783949e-05,0.0010904010850936174,0.0010904849041253328,7e267c0bf303542b
2,day2_n8_topk_seed44,44,40,5,False,False,True,0.4658,0.0,-0.19291064,-1.0075127,-1.7267373550566845e-05,0.0010727972257882357,0.001072936225682497,7e267c0bf303542b
2,day2_n8_topk_seed44,44,40,6,False,False,True,0.4984,0.0,-0.84860295,0.21887751,-1.3501522516889963e-05,0.0010676722740754485,0.0010677577229216695,7e267c0bf303542b
2,day2_n8_topk_seed44,44,40,7,False,False,True,0.4986,0.0,0.53805554,2.7228165,-1.281693039345555e-05,0.001089712604880333,0.001089787925593555,7e267c0bf303542b
2,day2_n8_topk_seed44,44,41,0,False,False,True,0.5022,0.0,0.53999317,-0.19478422,-1.2553415217553265e-05,0.001098383916541934,0.0010984557447955012,7e267c0bf303542b
2,day2_n8_topk_seed44,44,41,1,False,False,True,0.5068,0.0,1.2862262,-0.53881615,-1.3581717212218791e-05,0.0010833266424015164,0.0010834118584170938,7e267c0bf303542b
2,day2_n8_topk_seed44,44,41,2,False,False,True,0.4958,0.0,0.46957582,-0.9814535,-1.4517910130962264e-05,0.0010906633688136935,0.0010907599935308099,7e267c0bf303542b
2,day2_n8_topk_seed44,44,41,3,False,False,True,0.5052,0.0,-0.92789125,3.7200782,-1.1400865332689136e-05,0.0011195633560419083,0.0011196214472875,7e267c0bf303542b
2,day2_n8_topk_seed44,44,41,4,False,False,True,0.5066,0.0,1.2516564,-0.25766146,-1.4299718714028131e-05,0.0010882426286116242,0.0010883365757763386,7e267c0bf303542b
2,day2_n8_topk_seed44,44,41,5,False,False,True,0.47,0.0,-3.5382085,-1.3766527,-1.2587566743604839e-05,0.0011306836968287826,0.0011307536624372005,7e267c0bf303542b
2,day2_n8_topk_seed44,44,41,6,False,False,True,0.4796,0.0,1.0608803,0.091269486,-1.3672241038875654e-05,0.0010993905598297715,0.001099475659430027,7e267c0bf303542b
2,day2_n8_topk_seed44,44,41,7,False,False,True,0.503,0.0,-0.1422323,-0.4619797,-1.2033692655677442e-05,0.0010978649370372295,0.0010979309445247054,7e267c0bf303542b
2,day2_n8_topk_seed44,44,42,0,False,False,True,0.4906,0.0,-0.7531108,-2.3159912,-1.3726932593272068e-05,0.0011023791739717126,0.0011024646228179336,7e267c0bf303542b
2,day2_n8_topk_seed44,44,42,1,False,False,True,0.488,0.0,0.40411997,-0.89107645,-1.378626075165812e-05,0.0010722912847995758,0.001072379876859486,7e267c0bf303542b
2,day2_n8_topk_seed44,44,42,2,False,False,True,0.4966,0.0,-3.2602565,0.6028487,-1.3228508578322362e-05,0.0011183037422597408,0.0011183820897713304,7e267c0bf303542b
2,day2_n8_topk_seed44,44,42,3,False,False,True,0.4976,0.0,2.074333,0.8294849,-1.1756525054806843e-05,0.001099676126614213,0.0010997389908879995,7e267c0bf303542b
2,day2_n8_topk_seed44,44,42,4,False,False,True,0.4412,0.0,1.3786492,-1.1901436,-1.3913442671764642e-05,0.0010985916014760733,0.0010986797278746963,7e267c0bf303542b
2,day2_n8_topk_seed44,44,42,5,False,False,True,0.512,0.0,0.5993532,1.2774677,-1.3929176930105314e-05,0.0010878107277676463,0.001087899785488844,7e267c0bf303542b
2,day2_n8_topk_seed44,44,42,6,False,False,True,0.4988,0.0,-0.25415176,-0.83820134,-1.4163622836349532e-05,0.0010748859494924545,0.0010749793145805597,7e267c0bf303542b
2,day2_n8_topk_seed44,44,42,7,False,False,True,0.4938,0.0,-0.18893549,2.525613,-1.3983893040858675e-05,0.0010962783126160502,0.0010963674867525697,7e267c0bf303542b
2,day2_n8_topk_seed44,44,43,0,False,False,True,0.4784,0.0,-1.3786166,0.2275548,-1.3273382137413137e-05,0.0011272444389760494,0.0011273225536569953,7e267c0bf303542b
2,day2_n8_topk_seed44,44,43,1,False,False,True,0.4934,0.0,0.24485993,0.7177665,-7.248951988003682e-06,0.0010874102590605617,0.0010874344734475017,7e267c0bf303542b
2,day2_n8_topk_seed44,44,43,2,False,False,True,0.5104,0.0,0.30283868,-0.27078903,-1.216211876453599e-05,0.0010919322958216071,0.0010919999331235886,7e267c0bf303542b
2,day2_n8_topk_seed44,44,43,3,False,False,True,0.4786,0.0,-3.411363,-1.0384887,-1.1194697435712442e-05,0.0011286602821201086,0.0011287159286439419,7e267c0bf303542b
2,day2_n8_topk_seed44,44,43,4,False,False,True,0.5068,0.0,1.8455658,-3.4562733,-1.1485767572594341e-05,0.0011279396712779999,0.0011279982281848788,7e267c0bf303542b
2,day2_n8_topk_seed44,44,43,5,False,False,True,0.4792,0.0,0.5320272,1.2358518,-1.098783286579419e-05,0.0011028697481378913,0.00110292446333915,7e267c0bf303542b
2,day2_n8_topk_seed44,44,43,6,False,False,True,0.4772,0.0,0.90120405,1.4681089,-1.3278438018460292e-05,0.0010997916106134653,0.001099871820770204,7e267c0bf303542b
2,day2_n8_topk_seed44,44,43,7,False,False,True,0.4836,0.0,0.96348447,1.1162708,-1.3066367500869092e-05,0.001114773447625339,0.0011148500489071012,7e267c0bf303542b
2,day2_n8_topk_seed44,44,44,0,False,False,True,0.5112,0.0,-0.7470341,-1.1821291,-1.743503707984928e-05,0.0011204286711290479,0.0011205641785636544,7e267c0bf303542b
2,day2_n8_topk_seed44,44,44,1,False,False,True,0.501,0.0,-0.21681124,-3.4544399,-1.3648479580297135e-05,0.0011242962209507823,0.0011243789922446012,7e267c0bf303542b
2,day2_n8_topk_seed44,44,44,2,False,False,True,0.486,0.0,-1.0186356,1.7345278,-1.3855384167982265e-05,0.0011129506165161729,0.0011130369966849685,7e267c0bf303542b
2,day2_n8_topk_seed44,44,44,3,False,False,True,0.53,0.0,3.6005735,0.7650052,-1.367419827147387e-05,0.0011463043047115207,0.0011463857954367995,7e267c0bf303542b
2,day2_n8_topk_seed44,44,44,4,False,False,True,0.5158,0.0,0.5330598,0.35806826,-1.3020675396546721e-05,0.001103743095882237,0.0011038199299946427,7e267c0bf303542b
2,day2_n8_topk_seed44,44,44,5,False,False,True,0.4756,0.0,0.5322154,0.492965,-1.3379843949223869e-05,0.0011040207464247942,0.0011041018879041076,7e267c0bf303542b
2,day2_n8_topk_seed44,44,44,6,False,False,True,0.4892,0.0,-0.4400524,-0.10424173,-1.6403440895373933e-05,0.0011040960671380162,0.001104217953979969,7e267c0bf303542b
2,day2_n8_topk_seed44,44,44,7,False,False,True,0.518,0.0,-2.2433205,1.3902448,-1.3246950402390212e-05,0.0011387072736397386,0.0011387842241674662,7e267c0bf303542b
2,day2_n8_topk_seed44,44,45,0,False,False,True,0.5032,0.0,-0.5514645,1.4074401,-1.0064306479762308e-05,0.0011313644936308265,0.001131409197114408,7e267c0bf303542b
2,day2_n8_topk_seed44,44,45,1,False,False,True,0.5078,0.0,0.9370776,0.10561639,-1.1772047400882002e-05,0.0011084431316703558,0.0011085056466981769,7e267c0bf303542b
2,day2_n8_topk_seed44,44,45,2,False,False,True,0.512,0.0,1.5441355,0.04918624,-9.735791536513716e-06,0.0011127960169687867,0.0011128385085612535,7e267c0bf303542b
2,day2_n8_topk_seed44,44,45,3,False,False,True,0.53,0.0,1.0959152,2.6318357,-1.434743626305135e-05,0.0011455559870228171,0.0011456458596512675,7e267c0bf303542b
2,day2_n8_topk_seed44,44,45,4,False,False,True,0.5222,0.0,1.1471905,-1.301877,-1.4912541701050941e-05,0.0011284599313512444,0.00112855841871351,7e267c0bf303542b
2,day2_n8_topk_seed44,44,45,5,False,False,True,0.5044,0.0,-3.8710215,0.61560434,-1.0794449735840317e-05,0.001166981877759099,0.0011670318199321628,7e267c0bf303542b
2,day2_n8_topk_seed44,44,45,6,False,False,True,0.5198,0.0,0.2673041,-0.48173466,-1.3823746485286392e-05,0.001102298847399652,0.0011023854603990912,7e267c0bf303542b
2,day2_n8_topk_seed44,44,45,7,False,False,True,0.5254,0.0,-0.56913763,-3.0260687,-1.5161473129410297e-05,0.0011328035034239292,0.0011329050175845623,7e267c0bf303542b
2,day2_n8_topk_seed44,44,46,0,False,False,True,0.5238,0.0,1.2291266,0.4047223,-8.435303243459202e-06,0.0011369195999577641,0.0011369510320946574,7e267c0bf303542b
2,day2_n8_topk_seed44,44,46,1,False,False,True,0.5208,0.0,0.066178665,-1.0715077,-1.0060107342724223e-05,0.001136709121055901,0.0011367537081241608,7e267c0bf303542b
2,day2_n8_topk_seed44,44,46,2,False,False,True,0.545,0.0,0.7287695,0.71587986,-1.2819093171856366e-05,0.0011096466332674026,0.0011097206734120846,7e267c0bf303542b
2,day2_n8_topk_seed44,44,46,3,False,False,True,0.5182,0.0,0.46679354,2.2732775,-1.1502581401146017e-05,0.0011345820967108011,0.0011346403043717146,7e267c0bf303542b
2,day2_n8_topk_seed44,44,46,4,False,False,True,0.5196,0.0,0.007910008,-3.5774932,-1.06269499156042e-05,0.0011449371231719851,0.0011449864832684398,7e267c0bf303542b
2,day2_n8_topk_seed44,44,46,5,False,False,True,0.5284,0.0,0.62079656,-0.1600462,-1.327784138993593e-05,0.001100600347854197,0.001100680441595614,7e267c0bf303542b
2,day2_n8_topk_seed44,44,46,6,False,False,True,0.5112,0.0,1.525892,0.7603435,-1.553981564939022e-05,0.001137733575887978,0.0011378396302461624,7e267c0bf303542b
2,day2_n8_topk_seed44,44,46,7,False,False,True,0.5,0.0,-4.645457,0.65482354,-1.6006884834496304e-05,0.0012561124749481678,0.00125621457118541,7e267c0bf303542b
2,day2_n8_topk_seed44,44,47,0,False,False,True,0.5272,0.0,0.060828675,-0.03222043,-1.0976509656757116e-05,0.0010831793770194054,0.0010832350235432386,7e267c0bf303542b
2,day2_n8_topk_seed44,44,47,1,False,False,True,0.5352,0.0,0.22923918,0.57478553,-1.2890428479295224e-05,0.0011089820181950927,0.0011090569896623492,7e267c0bf303542b
2,day2_n8_topk_seed44,44,47,2,False,False,True,0.5348,0.0,0.86214113,2.4485626,-1.2714797776425257e-05,0.0011176913976669312,0.0011177636915817857,7e267c0bf303542b
2,day2_n8_topk_seed44,44,47,3,False,False,True,0.5376,0.0,-4.2099934,-0.08567532,-1.2776275070791598e-05,0.001168412039987743,0.001168481889180839,7e267c0bf303542b
2,day2_n8_topk_seed44,44,47,4,False,False,True,0.5508,0.0,0.6273246,1.0617352,-1.4531726264976896e-05,0.001101992093026638,0.0011020879028365016,7e267c0bf303542b
2,day2_n8_topk_seed44,44,47,5,False,False,True,0.4862,0.0,0.08708459,-0.1264837,-1.0702823601604905e-05,0.0011087942402809858,0.001108845928683877,7e267c0bf303542b
2,day2_n8_topk_seed44,44,47,6,False,False,True,0.5392,0.0,1.5694853,-0.35726786,-1.1481000001367647e-05,0.001106616691686213,0.0011066761799156666,7e267c0bf303542b
2,day2_n8_topk_seed44,44,47,7,False,False,True,0.5156,0.0,0.7738947,-3.4834363,-9.792806849873159e-06,0.0011175983818247914,0.0011176412226632237,7e267c0bf303542b
2,day2_n8_topk_seed44,44,48,0,False,False,True,0.5254,0.0,0.36272457,-0.51606,-1.1114240805909503e-05,0.001119235879741609,0.001119291060604155,7e267c0bf303542b
2,day2_n8_topk_seed44,44,48,1,False,False,True,0.5224,0.0,0.6952467,0.02568704,-9.845503882388584e-06,0.0011202468303963542,0.0011202901368960738,7e267c0bf303542b
2,day2_n8_topk_seed44,44,48,2,False,False,True,0.5112,0.0,0.4312743,-0.96504015,-1.1168224773427937e-05,0.0011258600279688835,0.0011259153252467513,7e267c0bf303542b
2,day2_n8_topk_seed44,44,48,3,False,False,True,0.5226,0.0,0.7198565,3.7659245,-8.519665243511554e-06,0.0011446706485003233,0.001144702429883182,7e267c0bf303542b
2,day2_n8_topk_seed44,44,48,4,False,False,True,0.5474,0.0,0.22035648,0.97482556,-1.0880789886869024e-05,0.0011197486892342567,0.001119801658205688,7e267c0bf303542b
2,day2_n8_topk_seed44,44,48,5,False,False,True,0.5298,0.0,1.2007694,-1.5642802,-1.3488769582181703e-05,0.0011338528711348772,0.001133933081291616,7e267c0bf303542b
2,day2_n8_topk_seed44,44,48,6,False,False,True,0.5016,0.0,-4.3456483,-0.15202679,-1.1777111467381474e-05,0.0011621714802458882,0.0011622312013059855,7e267c0bf303542b
2,day2_n8_topk_seed44,44,48,7,False,False,True,0.5042,0.0,0.71542287,-1.5690356,-1.1066179467889015e-05,0.0011379692004993558,0.0011380229843780398,7e267c0bf303542b
2,day2_n8_topk_seed44,44,49,0,False,False,True,0.5518,0.0,-1.8925151,2.217511,-1.285260350414319e-05,0.0011647756909951568,0.0011648465879261494,7e267c0bf303542b
2,day2_n8_topk_seed44,44,49,1,False,False,True,0.5004,0.0,-0.14804055,0.3481979,-1.371134931105189e-05,0.0011227516224607825,0.001122835325077176,7e267c0bf303542b
2,day2_n8_topk_seed44,44,49,2,False,False,True,0.5068,0.0,-1.0659901,-1.525516,-1.3718286027142312e-05,0.00116398383397609,0.0011640646262094378,7e267c0bf303542b
2,day2_n8_topk_seed44,44,49,3,False,False,True,0.5404,0.0,3.370524,2.5869992,-8.9437262431602e-06,0.0011811730219051242,0.001181206782348454,7e267c0bf303542b
2,day2_n8_topk_seed44,44,49,4,False,False,True,0.5278,0.0,-0.48977622,-1.2362475,-9.711327038530726e-06,0.0011599406134337187,0.0011599813587963581,7e267c0bf303542b
2,day2_n8_topk_seed44,44,49,5,False,False,True,0.503,0.0,2.32522,-2.7354813,-1.27151788547053e-05,0.0011621079174801707,0.0011621774174273014,7e267c0bf303542b
2,day2_n8_topk_seed44,44,49,6,False,False,True,0.4962,0.0,-0.9746645,0.30068535,-1.2495163900894113e-05,0.0011529400944709778,0.0011530077317729592,7e267c0bf303542b
2,day2_n8_topk_seed44,44,49,7,False,False,True,0.5394,0.0,-1.1247578,0.043854542,-1.3072689398541115e-05,0.0011466004652902484,0.0011466749710962176,7e267c0bf303542b
2,day2_n8_topk_seed44,44,50,0,False,False,True,0.5168,0.0,0.017641962,1.0190037,-1.1226039532630239e-05,0.0011645666090771556,0.001164620858617127,7e267c0bf303542b
2,day2_n8_topk_seed44,44,50,1,False,False,True,0.522,0.0,1.1777959,0.65230185,-9.13618532649707e-06,0.0011451580794528127,0.0011451945174485445,7e267c0bf303542b
2,day2_n8_topk_seed44,44,50,2,False,False,True,0.5004,0.0,-2.189957,1.1002287,-1.3814331396133639e-05,0.0011722074123099446,0.0011722887866199017,7e267c0bf303542b
2,day2_n8_topk_seed44,44,50,3,False,False,True,0.5444,0.0,-2.0218875,-3.9958005,-1.1735233783838339e-05,0.0011934456415474415,0.0011935032671317458,7e267c0bf303542b
2,day2_n8_topk_seed44,44,50,4,False,False,True,0.5344,0.0,1.704547,0.38157302,-9.69462598732207e-06,0.001159662613645196,0.0011597031261771917,7e267c0bf303542b
2,day2_n8_topk_seed44,44,50,5,False,False,True,0.4714,0.0,-1.7163069,1.8533089,-1.4414896213565953e-05,0.0011714731808751822,0.001171562005765736,7e267c0bf303542b
2,day2_n8_topk_seed44,44,50,6,False,False,True,0.522,0.0,0.13740025,0.36463127,-1.2367023373371921e-05,0.001168319140560925,0.0011683845659717917,7e267c0bf303542b
2,day2_n8_topk_seed44,44,50,7,False,False,True,0.538,0.0,2.8907645,-1.3752487,-9.261249942937866e-06,0.001186567242257297,0.0011866034474223852,7e267c0bf303542b
2,day2_n8_topk_seed44,44,51,0,False,False,True,0.5056,0.0,0.4688516,-1.286813,-1.1685376193781849e-05,0.0011644345941022038,0.0011644932674244046,7e267c0bf303542b
2,day2_n8_topk_seed44,44,51,1,False,False,True,0.5358,0.0,1.0135481,-0.37011078,-1.3454845429805573e-05,0.0011718985624611378,0.0011719758622348309,7e267c0bf303542b
2,day2_n8_topk_seed44,44,51,2,False,False,True,0.5492,0.0,-0.029415343,-0.9726444,-1.4201776139088906e-05,0.0011478199157863855,0.001147907692939043,7e267c0bf303542b
2,day2_n8_topk_seed44,44,51,3,False,False,True,0.5442,0.0,1.3463327,3.56343,-1.2260948096809443e-05,0.001172492397017777,0.0011725565418601036,7e267c0bf303542b
2,day2_n8_topk_seed44,44,51,4,False,False,True,0.5428,0.0,0.1214152,-2.6522453,-1.1208760952285957e-05,0.0011645449558272958,0.0011645988561213017,7e267c0bf303542b
2,day2_n8_topk_seed44,44,51,5,False,False,True,0.511,0.0,0.38977522,-0.11310227,-1.463625994801987e-05,0.001127914641983807,0.0011280096368864179,7e267c0bf303542b
2,day2_n8_topk_seed44,44,51,6,False,False,True,0.562,0.0,1.4578358,0.8434594,-1.3358043361222371e-05,0.001149432035163045,0.0011495095677673817,7e267c0bf303542b
2,day2_n8_topk_seed44,44,51,7,False,False,True,0.535,0.0,-4.768341,0.9880247,-1.2148519090260379e-05,0.0012509331572800875,0.0012509921798482537,7e267c0bf303542b
2,day2_n8_topk_seed44,44,52,0,False,False,True,0.5614,0.0,0.7594852,-0.058792185,-1.143565350503195e-05,0.0011648072395473719,0.0011648633517324924,7e267c0bf303542b
2,day2_n8_topk_seed44,44,52,1,False,False,True,0.5258,0.0,0.892201,0.67968875,-1.3002334526390769e-05,0.0011622010497376323,0.001162273925729096,7e267c0bf303542b
2,day2_n8_topk_seed44,44,52,2,False,False,True,0.549,0.0,-0.6986751,0.19778034,-9.903385944198817e-06,0.001213047537021339,0.0012130880495533347,7e267c0bf303542b
2,day2_n8_topk_seed44,44,52,3,False,False,True,0.5802,0.0,0.6176217,-4.3374,-1.1450559213699307e-05,0.0011920989491045475,0.0011921540135517716,7e267c0bf303542b
2,day2_n8_topk_seed44,44,52,4,False,False,True,0.5562,0.0,1.2589884,2.1284802,-1.0681697858672123e-05,0.0011742640053853393,0.001174312550574541,7e267c0bf303542b
2,day2_n8_topk_seed44,44,52,5,False,False,True,0.5356,0.0,1.9316453,0.8257881,-1.2565482393256389e-05,0.001149953925050795,0.0011500224936753511,7e267c0bf303542b
2,day2_n8_topk_seed44,44,52,6,False,False,True,0.5294,0.0,-5.4911995,0.39085916,-1.0076036232931074e-05,0.0014737251913174987,0.0014737595338374376,7e267c0bf303542b
2,day2_n8_topk_seed44,44,52,7,False,False,True,0.5598,0.0,0.7299442,0.17359178,-1.1129178346891422e-05,0.001146216643974185,0.0011462706606835127,7e267c0bf303542b
2,day2_n8_topk_seed44,44,53,0,False,False,True,0.5416,0.0,3.0866578,0.0117562255,-8.897318366507534e-06,0.0011786383111029863,0.0011786718387156725,7e267c0bf303542b
2,day2_n8_topk_seed44,44,53,1,False,False,True,0.532,0.0,1.5953314,0.7050698,-1.216890086652711e-05,0.0011513528879731894,0.0011514171492308378,7e267c0bf303542b
2,day2_n8_topk_seed44,44,53,2,False,False,True,0.5586,0.0,0.15461914,-0.027493037,-1.1489629287098069e-05,0.0011474692728370428,0.0011475267820060253,7e267c0bf303542b
2,day2_n8_topk_seed44,44,53,3,False,False,True,0.5378,0.0,-2.4666195,3.7396855,-9.88279134617187e-06,0.001211162656545639,0.0012112029362469912,7e267c0bf303542b
2,day2_n8_topk_seed44,44,53,4,False,False,True,0.5496,0.0,-1.5177734,-0.94909054,-1.2668816452787723e-05,0.001197469187900424,0.0011975362431257963,7e267c0bf303542b
2,day2_n8_topk_seed44,44,53,5,False,False,True,0.5562,0.0,-0.2962981,-0.22531231,-1.0120997103513218e-05,0.001142432913184166,0.0011424777330830693,7e267c0bf303542b
2,day2_n8_topk_seed44,44,53,6,False,False,True,0.5028,0.0,-2.02248,-3.2482688,-1.086382781068096e-05,0.0012127957306802273,0.0012128445087000728,7e267c0bf303542b
2,day2_n8_topk_seed44,44,53,7,False,False,True,0.5602,0.0,1.466568,-0.0063405694,-9.455390681978315e-06,0.0011677744332700968,0.0011678127339109778,7e267c0bf303542b
2,day2_n8_topk_seed44,44,54,0,False,False,True,0.557,0.0,3.1041381,-0.18163355,-1.2647344192373566e-05,0.0012002071598544717,0.0012002737494185567,7e267c0bf303542b
2,day2_n8_topk_seed44,44,54,1,False,False,True,0.5664,0.0,-0.22970086,1.7146846,-1.214930944115622e-05,0.0011808843119069934,0.0011809467105194926,7e267c0bf303542b
2,day2_n8_topk_seed44,44,54,2,False,False,True,0.5582,0.0,-2.2656803,2.3776698,-8.561596587242093e-06,0.0012005781754851341,0.0012006087927147746,7e267c0bf303542b
2,day2_n8_topk_seed44,44,54,3,False,False,True,0.5634,0.0,-2.353381,-3.6392763,-9.93821413430851e-06,0.0012080833548679948,0.0012081243330612779,7e267c0bf303542b
2,day2_n8_topk_seed44,44,54,4,False,False,True,0.562,0.0,1.358462,1.0049366,-1.2665144822676666e-05,0.0011825658148154616,0.001182633568532765,7e267c0bf303542b
2,day2_n8_topk_seed44,44,54,5,False,False,True,0.5306,0.0,1.9626966,-1.719625,-9.735027560964227e-06,0.0011991377687081695,0.0011991773499175906,7e267c0bf303542b
2,day2_n8_topk_seed44,44,54,6,False,False,True,0.5032,0.0,-0.5188368,0.48041216,-9.431360922462773e-06,0.001183477696031332,0.0011835151817649603,7e267c0bf303542b
2,day2_n8_topk_seed44,44,54,7,False,False,True,0.5276,0.0,-1.0576998,-0.037164427,-1.2416108802426606e-05,0.001178125967271626,0.0011781913926824927,7e267c0bf303542b
2,day2_n8_topk_seed44,44,55,0,False,False,True,0.5544,0.0,0.16971162,0.91341996,-1.10177970782388e-05,0.0011740382760763168,0.001174089964479208,7e267c0bf303542b
2,day2_n8_topk_seed44,44,55,1,False,False,True,0.558,0.0,-0.67403954,-0.22162303,-1.0873078281292692e-05,0.001158454455435276,0.0011585054453462362,7e267c0bf303542b
2,day2_n8_topk_seed44,44,55,2,False,False,True,0.5236,0.0,-1.0585985,0.70199066,-9.447051525057759e-06,0.0011797595070675015,0.0011797974584624171,7e267c0bf303542b
2,day2_n8_topk_seed44,44,55,3,False,False,True,0.5274,0.0,-1.5876956,-4.338232,-1.1426728633523453e-05,0.0012147058732807636,0.0012147596571594477,7e267c0bf303542b
2,day2_n8_topk_seed44,44,55,4,False,False,True,0.5742,0.0,4.5545588,-0.76941377,-1.1039104720111936e-05,0.0012284447439014912,0.0012284943368285894,7e267c0bf303542b
2,day2_n8_topk_seed44,44,55,5,False,False,True,0.5362,0.0,-1.4129784,2.099707,-1.287057875742903e-05,0.001195081160403788,0.001195150543935597,7e267c0bf303542b
2,day2_n8_topk_seed44,44,55,6,False,False,True,0.5714,0.0,-0.8329517,0.7982333,-1.2155929653090425e-05,0.001169250812381506,0.001169314025901258,7e267c0bf303542b
2,day2_n8_topk_seed44,44,55,7,False,False,True,0.5556,0.0,0.8419967,0.81591994,-1.0469301741977688e-05,0.0011894714552909136,0.0011895176721736789,7e267c0bf303542b
2,day2_n8_topk_seed44,44,56,0,False,False,True,0.5102,0.0,-0.6603293,-0.081416406,-1.0367695722379722e-05,0.0011942682322114706,0.0011943132849410176,7e267c0bf303542b
2,day2_n8_topk_seed44,44,56,1,False,False,True,0.5892,0.0,-0.81367874,0.17910367,-1.0557518180576153e-05,0.0011862117098644376,0.0011862587416544557,7e267c0bf303542b
2,day2_n8_topk_seed44,44,56,2,False,False,True,0.528,0.0,4.037981,-0.6549727,-1.0630953511281405e-05,0.0012639716733247042,0.0012640163768082857,7e267c0bf303542b
2,day2_n8_topk_seed44,44,56,3,False,False,True,0.5568,0.0,0.15131515,4.573051,-1.0415073120384477e-05,0.0012279886286705732,0.0012280327500775456,7e267c0bf303542b
2,day2_n8_topk_seed44,44,56,4,False,False,True,0.5656,0.0,-2.6970065,-1.1217396,-8.724772669665981e-06,0.0012227529659867287,0.0012227840488776565,7e267c0bf303542b
2,day2_n8_topk_seed44,44,56,5,False,False,True,0.5278,0.0,1.5741493,-1.9815775,-1.1844451364595443e-05,0.0012261251686140895,0.0012261823285371065,7e267c0bf303542b
2,day2_n8_topk_seed44,44,56,6,False,False,True,0.5762,0.0,0.30874625,0.18280897,-1.2600538866536226e-05,0.0011864147381857038,0.0011864816769957542,7e267c0bf303542b
2,day2_n8_topk_seed44,44,56,7,False,False,True,0.5646,0.0,-1.9011816,-1.095258,-1.2787651940016076e-05,0.0011903431732207537,0.0011904118582606316,7e267c0bf303542b
2,day2_n8_topk_seed44,44,57,0,False,False,True,0.5798,0.0,0.39481336,3.745251,-6.794406090193661e-06,0.0012239472707733512,0.0012239661300554872,7e267c0bf303542b
2,day2_n8_topk_seed44,44,57,1,False,False,True,0.5748,0.0,0.26325953,-0.6621746,-1.1508438547025435e-05,0.0012008484918624163,0.0012009035563096404,7e267c0bf303542b
2,day2_n8_topk_seed44,44,57,2,False,False,True,0.5696,0.0,3.7785017,-2.323023,-8.980068741948344e-06,0.0012431311188265681,0.001243163482286036,7e267c0bf303542b
2,day2_n8_topk_seed44,44,57,3,False,False,True,0.5612,0.0,-3.372,-2.519723,-1.066775803337805e-05,0.0012369449250400066,0.0012369909090921283,7e267c0bf303542b
2,day2_n8_topk_seed44,44,57,4,False,False,True,0.6044,0.0,0.16760959,-0.06382293,-8.462996447633486e-06,0.0011762799695134163,0.0011763103539124131,7e267c0bf303542b
2,day2_n8_topk_seed44,44,57,5,False,False,True,0.562,0.0,-0.4237753,-0.0968453,-9.438036613573786e-06,0.0011831825831905007,0.0011832203017547727,7e267c0bf303542b
2,day2_n8_topk_seed44,44,57,6,False,False,True,0.515,0.0,0.82963705,0.847739,-1.1301723134238273e-05,0.0012014358071610332,0.0012014888925477862,7e267c0bf303542b
2,day2_n8_topk_seed44,44,57,7,False,False,True,0.557,0.0,-1.6380461,1.0726016,-1.0552184903644957e-05,0.0012050374643877149,0.0012050836812704802,7e267c0bf303542b
2,day2_n8_topk_seed44,44,58,0,False,False,True,0.5558,0.0,0.30537555,0.16884136,-9.014989700517617e-06,0.001180992927402258,0.0011810272699221969,7e267c0bf303542b
2,day2_n8_topk_seed44,44,58,1,False,False,True,0.5606,0.0,-0.6450396,1.6632031,-1.0994904187100474e-05,0.0011984632583335042,0.0011985135497525334,7e267c0bf303542b
2,day2_n8_topk_seed44,44,58,2,False,False,True,0.4964,0.0,-1.3327998,2.3258045,-1.035235618473962e-05,0.0012214473681524396,0.0012214913731440902,7e267c0bf303542b
2,day2_n8_topk_seed44,44,58,3,False,False,True,0.5562,0.0,5.0814195,0.074760504,-9.283246981794946e-06,0.0012820115080103278,0.0012820451520383358,7e267c0bf303542b
2,day2_n8_topk_seed44,44,58,4,False,False,True,0.543,0.0,-0.89920986,-4.5423346,-8.488597813993692e-06,0.0012326324358582497,0.0012326616561040282,7e267c0bf303542b
2,day2_n8_topk_seed44,44,58,5,False,False,True,0.553,0.0,-1.3825654,0.20814843,-6.890747044963064e-06,0.0012279514921829104,0.0012279708171263337,7e267c0bf303542b
2,day2_n8_topk_seed44,44,58,6,False,False,True,0.558,0.0,-0.53877455,0.08557068,-9.497927749180235e-06,0.0012089480878785253,0.0012089853407815099,7e267c0bf303542b
2,day2_n8_topk_seed44,44,58,7,False,False,True,0.5944,0.0,-0.588408,0.016004948,-1.0453505637997296e-05,0.0011957960668951273,0.0011958418181166053,7e267c0bf303542b
2,day2_n8_topk_seed44,44,59,0,False,False,True,0.5834,0.0,-0.067017265,1.4742223,-1.0202403245784808e-05,0.0011994818923994899,0.0011995251988992095,7e267c0bf303542b
2,day2_n8_topk_seed44,44,59,1,False,False,True,0.57,0.0,0.9176758,1.9979334,-1.0184406164626125e-05,0.001192742958664894,0.0011927864979952574,7e267c0bf303542b
2,day2_n8_topk_seed44,44,59,2,False,False,True,0.5554,0.0,-0.7902412,0.07252909,-7.67870278650662e-06,0.0011760995257645845,0.0011761245550587773,7e267c0bf303542b
2,day2_n8_topk_seed44,44,59,3,False,False,True,0.5686,0.0,-3.4974933,-2.5245245,-1.1661011740216054e-05,0.00123848847579211,0.0012385434238240123,7e267c0bf303542b
2,day2_n8_topk_seed44,44,59,4,False,False,True,0.5818,0.0,3.6706696,-3.0694976,-1.3555447367252782e-05,0.0012448865454643965,0.0012449604691937566,7e267c0bf303542b
2,day2_n8_topk_seed44,44,59,5,False,False,True,0.5558,0.0,-0.09581376,-1.0539687,-1.2789144420821685e-05,0.0011983935255557299,0.0011984617449343204,7e267c0bf303542b
2,day2_n8_topk_seed44,44,59,6,False,False,True,0.5924,0.0,-1.3419077,1.2087437,-1.4546809325111099e-05,0.0012108217924833298,0.0012109091039747,7e267c0bf303542b
2,day2_n8_topk_seed44,44,59,7,False,False,True,0.5738,0.0,1.2041285,1.8945655,-1.0131126146006864e-05,0.0012124384520575404,0.0012124808272346854,7e267c0bf303542b
2,day2_n8_topk_seed44,44,60,0,False,False,True,0.5818,0.0,4.0275784,-1.2018205,-6.732138444931479e-06,0.0012505257036536932,0.0012505438644438982,7e267c0bf303542b
2,day2_n8_topk_seed44,44,60,1,False,False,True,0.588,0.0,0.07057452,-0.26104248,-1.2341808542259969e-05,0.0012048109201714396,0.0012048740172758698,7e267c0bf303542b
2,day2_n8_topk_seed44,44,60,2,False,False,True,0.5764,0.0,0.51026136,-0.50722396,-8.910155884223059e-06,0.0012026369804516435,0.0012026699259877205,7e267c0bf303542b
2,day2_n8_topk_seed44,44,60,3,False,False,True,0.5854,0.0,0.6716325,4.600269,-8.380699910048861e-06,0.0012527508661150932,0.0012527789222076535,7e267c0bf303542b
2,day2_n8_topk_seed44,44,60,4,False,False,True,0.5962,0.0,-3.4823253,-0.42150342,-7.797878424753435e-06,0.001254893490113318,0.0012549178209155798,7e267c0bf303542b
2,day2_n8_topk_seed44,44,60,5,False,False,True,0.5838,0.0,-0.98060024,0.9030986,-1.0426628250570502e-05,0.0012327582808211446,0.001232802402228117,7e267c0bf303542b
2,day2_n8_topk_seed44,44,60,6,False,False,True,0.4968,0.0,-0.51619244,-2.366011,-7.95807227405021e-06,0.0012357414234429598,0.0012357671512290835,7e267c0bf303542b
2,day2_n8_topk_seed44,44,60,7,False,False,True,0.5562,0.0,-0.3009316,-0.7457636,-9.640785719966516e-06,0.0012152597773820162,0.0012152980780228972,7e267c0bf303542b
2,day2_n8_topk_seed44,44,61,0,False,False,True,0.5698,0.0,0.8112571,-3.9781823,-6.788094651710708e-06,0.0012521854368969798,0.0012522039469331503,7e267c0bf303542b
2,day2_n8_topk_seed44,44,61,1,False,False,True,0.5678,0.0,0.331677,-0.25267345,-9.679326467448846e-06,0.0012051669182255864,0.0012052058009430766,7e267c0bf303542b
2,day2_n8_topk_seed44,44,61,2,False,False,True,0.5942,0.0,1.3714879,-0.3120823,-6.739061063854024e-06,0.0012157564051449299,0.001215775148011744,7e267c0bf303542b
2,day2_n8_topk_seed44,44,61,3,False,False,True,0.5722,0.0,-0.98626643,3.2621257,-8.956948477134574e-06,0.001244880142621696,0.0012449122732505202,7e267c0bf303542b
2,day2_n8_topk_seed44,44,61,4,False,False,True,0.5862,0.0,2.0507705,1.7278949,-7.442557489412138e-06,0.0012450540671125054,0.0012450763024389744,7e267c0bf303542b
2,day2_n8_topk_seed44,44,61,5,False,False,True,0.5738,0.0,0.7092693,0.28388953,-9.039699762070086e-06,0.0011964640580117702,0.0011964982841163874,7e267c0bf303542b
2,day2_n8_topk_seed44,44,61,6,False,False,True,0.596,0.0,0.4751828,-0.05159724,-9.41027064982336e-06,0.0011977538233622909,0.00119779072701931,7e267c0bf303542b
2,day2_n8_topk_seed44,44,61,7,False,False,True,0.5766,0.0,-4.763378,-0.6793762,-1.1875611562572885e-05,0.001259870594367385,0.0012599265901371837,7e267c0bf303542b
2,day2_n8_topk_seed44,44,62,0,False,False,True,0.5898,0.0,-1.004408,0.23205923,-9.407912330061663e-06,0.0012325565330684185,0.001232592505402863,7e267c0bf303542b
2,day2_n8_topk_seed44,44,62,1,False,False,True,0.5506,0.0,-0.70686775,0.316427,-1.3675290574610699e-05,0.00120914273429662,0.0012092201504856348,7e267c0bf303542b
2,day2_n8_topk_seed44,44,62,2,False,False,True,0.5618,0.0,-0.3560609,0.24768327,-8.584231181885116e-06,0.0011877252254635096,0.0011877564247697592,7e267c0bf303542b
2,day2_n8_topk_seed44,44,62,3,False,False,True,0.5554,0.0,-1.352675,-4.2702904,-7.89778096077498e-06,0.0012577249435707927,0.0012577497400343418,7e267c0bf303542b
2,day2_n8_topk_seed44,44,62,4,False,False,True,0.5758,0.0,-1.1612703,3.4429266,-7.987433491507545e-06,0.0012401517014950514,0.001240177545696497,7e267c0bf303542b
2,day2_n8_topk_seed44,44,62,5,False,False,True,0.589,0.0,-0.39086023,0.5098865,-8.299604814965278e-06,0.0012109375093132257,0.0012109660310670733,7e267c0bf303542b
2,day2_n8_topk_seed44,44,62,6,False,False,True,0.5488,0.0,6.211519,-0.21838848,-1.5817506209714338e-05,0.0015083530452102423,0.001508435932919383,7e267c0bf303542b
2,day2_n8_topk_seed44,44,62,7,False,False,True,0.5652,0.0,-1.239387,-0.26030087,-8.64158573676832e-06,0.0012357319938018918,0.0012357622617855668,7e267c0bf303542b
2,day2_n8_topk_seed44,44,63,0,False,False,True,0.579,0.0,0.9050366,0.31204998,-1.0556684173934627e-05,0.001228464301675558,0.0012285095872357488,7e267c0bf303542b
2,day2_n8_topk_seed44,44,63,1,False,False,True,0.5784,0.0,0.56547534,-0.54274833,-9.825890629144851e-06,0.001205547945573926,0.0012055879924446344,7e267c0bf303542b
2,day2_n8_topk_seed44,44,63,2,False,False,True,0.5824,0.0,-1.2674145,1.5349597,-1.340881317446474e-05,0.0012656365288421512,0.0012657074257731438,7e267c0bf303542b
2,day2_n8_topk_seed44,44,63,3,False,False,True,0.5762,0.0,0.99133813,-0.29091632,-1.0332911188015714e-05,0.0012469440698623657,0.001246986910700798,7e267c0bf303542b
2,day2_n8_topk_seed44,44,63,4,False,False,True,0.5488,0.0,-4.9096084,-1.4242109,-1.1918015843548346e-05,0.0012926384806632996,0.0012926934286952019,7e267c0bf303542b
2,day2_n8_topk_seed44,44,63,5,False,False,True,0.5794,0.0,1.8706908,-2.317327,-8.185024853446521e-06,0.0012468950590118766,0.0012469219509512186,7e267c0bf303542b
2,day2_n8_topk_seed44,44,63,6,False,False,True,0.5746,0.0,1.4114684,-1.615133,-1.0105876754096244e-05,0.0012531408574432135,0.0012531816028058529,7e267c0bf303542b
2,day2_n8_topk_seed44,44,63,7,False,False,True,0.603,0.0,0.4330144,4.3433285,-9.71279132500058e-06,0.0012531157117336988,0.0012531534302979708,7e267c0bf303542b
2,day2_n8_topk_seed44,44,64,0,False,False,True,0.6152,0.0,0.4012614,5.1632533,-8.238189366238657e-06,0.0012910938821732998,0.0012911203084513545,7e267c0bf303542b
2,day2_n8_topk_seed44,44,64,1,False,False,True,0.6048,0.0,-0.7352102,-0.21047531,-7.678515430598054e-06,0.0012196864699944854,0.0012197106843814254,7e267c0bf303542b
2,day2_n8_topk_seed44,44,64,2,False,False,True,0.5646,0.0,-1.4604543,-0.4156639,-7.084298431436764e-06,0.0012274556793272495,0.0012274760520085692,7e267c0bf303542b
2,day2_n8_topk_seed44,44,64,3,False,False,True,0.5894,0.0,-0.5476808,-0.5913522,-4.164798156125471e-06,0.001261183526366949,0.0012611903948709369,7e267c0bf303542b
2,day2_n8_topk_seed44,44,64,4,False,False,True,0.5974,0.0,0.24958117,-0.21107414,-7.816034667484928e-06,0.0012423534644767642,0.0012423779116943479,7e267c0bf303542b
2,day2_n8_topk_seed44,44,64,5,False,False,True,0.5804,0.0,5.5766835,-1.2737556,-1.1571468348847702e-05,0.0013989430153742433,0.001398990978486836,7e267c0bf303542b
2,day2_n8_topk_seed44,44,64,6,False,False,True,0.574,0.0,-1.94584,-0.5221182,-7.800328603480011e-06,0.0012710848823189735,0.0012711089802905917,7e267c0bf303542b
2,day2_n8_topk_seed44,44,64,7,False,False,True,0.5838,0.0,-1.5383443,-1.9388126,-7.0120649979799055e-06,0.0012743265833705664,0.0012743459083139896,7e267c0bf303542b
2,day2_n8_topk_seed44,44,65,0,False,False,True,0.55,0.0,-3.5400946,-2.4266012,-1.0564768672338687e-05,0.0012977560982108116,0.0012977991718798876,7e267c0bf303542b
2,day2_n8_topk_seed44,44,65,1,False,False,True,0.5864,0.0,-1.108508,0.57455015,-1.3571600902650971e-05,0.0012582323979586363,0.0012583055067807436,7e267c0bf303542b
2,day2_n8_topk_seed44,44,65,2,False,False,True,0.618,0.0,0.40227443,0.098667674,-9.305007552029565e-06,0.0012360804248601198,0.0012361155822873116,7e267c0bf303542b
2,day2_n8_topk_seed44,44,65,3,False,False,True,0.5598,0.0,4.4622493,-1.9027343,-1.1871788046846632e-05,0.0012995314318686724,0.0012995856814086437,7e267c0bf303542b
2,day2_n8_topk_seed44,44,65,4,False,False,True,0.5442,0.0,0.2721848,4.6017323,-1.3759213288722094e-05,0.0012836154783144593,0.0012836891692131758,7e267c0bf303542b
2,day2_n8_topk_seed44,44,65,5,False,False,True,0.6042,0.0,0.6460645,-0.86340195,-1.1115881534351502e-05,0.0012352700578048825,0.0012353199999779463,7e267c0bf303542b
2,day2_n8_topk_seed44,44,65,6,False,False,True,0.5936,0.0,-0.7087946,0.82000583,-1.1751082638511434e-05,0.0012670849682763219,0.0012671395670622587,7e267c0bf303542b
2,day2_n8_topk_seed44,44,65,7,False,False,True,0.598,0.0,-0.42537645,-0.9022228,-9.710684935271274e-06,0.0012697165366262197,0.0012697536731138825,7e267c0bf303542b
2,day2_n8_topk_seed44,44,66,0,False,False,True,0.597,0.0,-0.834549,0.2656242,-7.819397069397382e-06,0.0012682031374424696,0.0012682272354140878,7e267c0bf303542b
2,day2_n8_topk_seed44,44,66,1,False,False,True,0.6098,0.0,-0.73304075,0.564655,-1.2334769962762948e-05,0.0012431604554876685,0.0012432215735316277,7e267c0bf303542b
2,day2_n8_topk_seed44,44,66,2,False,False,True,0.5934,0.0,-1.1432221,-1.6045065,-9.437376320420299e-06,0.001276396564207971,0.0012764314888045192,7e267c0bf303542b
2,day2_n8_topk_seed44,44,66,3,False,False,True,0.5958,0.0,4.7530804,-2.867716,-1.0521078365854919e-05,0.0013537671184167266,0.0013538080966100097,7e267c0bf303542b
2,day2_n8_topk_seed44,44,66,4,False,False,True,0.5388,0.0,2.2154152,4.7092624,-1.0101970474352129e-05,0.0013112974120303988,0.0013113364111632109,7e267c0bf303542b
2,day2_n8_topk_seed44,44,66,5,False,False,True,0.5624,0.0,-0.43967316,0.0027699166,-9.035058610606939e-06,0.0012591131962835789,0.0012591456761583686,7e267c0bf303542b
2,day2_n8_topk_seed44,44,66,6,False,False,True,0.6044,0.0,-1.8219895,-0.78092295,-7.914192792668473e-06,0.0012724293628707528,0.0012724539265036583,7e267c0bf303542b
2,day2_n8_topk_seed44,44,66,7,False,False,True,0.5842,0.0,-1.9960238,-0.28916454,-1.0837567060661968e-05,0.0012580156326293945,0.0012580623151734471,7e267c0bf303542b
2,day2_n8_topk_seed44,44,67,0,False,False,True,0.5558,0.0,-4.3377714,1.8368367,-6.032013061485486e-06,0.001295006717555225,0.001295020803809166,7e267c0bf303542b
2,day2_n8_topk_seed44,44,67,1,False,False,True,0.6022,0.0,-1.1481783,-0.66711426,-8.199255717045162e-06,0.0012635664315894246,0.001263593090698123,7e267c0bf303542b
2,day2_n8_topk_seed44,44,67,2,False,False,True,0.5664,0.0,1.2328242,-0.8352105,-7.909183295851108e-06,0.0012553477426990867,0.0012553727719932795,7e267c0bf303542b
2,day2_n8_topk_seed44,44,67,3,False,False,True,0.5874,0.0,0.07774648,-0.23960121,-8.566204996895976e-06,0.0012529258383437991,0.0012529550585895777,7e267c0bf303542b
2,day2_n8_topk_seed44,44,67,4,False,False,True,0.5648,0.0,-0.0035244778,-3.7977548,-8.121483915601857e-06,0.001279605901800096,0.0012796316295862198,7e267c0bf303542b
2,day2_n8_topk_seed44,44,67,5,False,False,True,0.5716,0.0,0.5775505,-1.3324528,-9.10248127183877e-06,0.001268555293790996,0.0012685878900811076,7e267c0bf303542b
2,day2_n8_topk_seed44,44,67,6,False,False,True,0.5976,0.0,3.467472,2.499453,-1.1568649824766908e-05,0.0012879781424999237,0.0012880300637334585,7e267c0bf303542b
2,day2_n8_topk_seed44,44,67,7,False,False,True,0.596,0.0,0.13387875,2.5358453,-8.80463448993396e-06,0.0012786902952939272,0.0012787207961082458,7e267c0bf303542b
2,day2_n8_topk_seed44,44,68,0,False,False,True,0.5622,0.0,2.8420002,4.708126,-1.1532765711308457e-05,0.0013651298359036446,0.0013651784975081682,7e267c0bf303542b
2,day2_n8_topk_seed44,44,68,1,False,False,True,0.6288,0.0,-3.5933673,-0.26543283,-8.880991117621306e-06,0.0013314891839399934,0.0013315188698470592,7e267c0bf303542b
2,day2_n8_topk_seed44,44,68,2,False,False,True,0.6416,0.0,-0.7005018,0.21259016,-8.782426448306069e-06,0.0012615254381671548,0.0012615560553967953,7e267c0bf303542b
2,day2_n8_topk_seed44,44,68,3,False,False,True,0.6116,0.0,-1.2220825,-1.0856262,-8.310689736390486e-06,0.0013096679467707872,0.001309694373048842,7e267c0bf303542b
2,day2_n8_topk_seed44,44,68,4,False,False,True,0.5842,0.0,3.0666926,-2.91331,-7.777694008836988e-06,0.0013629196910187602,0.0013629419263452291,7e267c0bf303542b
2,day2_n8_topk_seed44,44,68,5,False,False,True,0.5584,0.0,-2.1226017,1.0949188,-9.088503247767221e-06,0.0013175540370866656,0.001317585352808237,7e267c0bf303542b
2,day2_n8_topk_seed44,44,68,6,False,False,True,0.618,0.0,2.2131593,-1.891436,-9.14125303097535e-06,0.0013345751212909818,0.0013346064370125532,7e267c0bf303542b
2,day2_n8_topk_seed44,44,68,7,False,False,True,0.6074,0.0,-0.48330015,0.14017253,-7.699954949202947e-06,0.0012898166896775365,0.0012898397399112582,7e267c0bf303542b
2,day2_n8_topk_seed44,44,69,0,False,False,True,0.6268,0.0,0.7254919,0.33517697,-5.796425284643192e-06,0.001314502558670938,0.0013145154807716608,7e267c0bf303542b
2,day2_n8_topk_seed44,44,69,1,False,False,True,0.5884,0.0,1.7250483,0.5236261,-1.0243697943224106e-05,0.001323978416621685,0.001324018114246428,7e267c0bf303542b
2,day2_n8_topk_seed44,44,69,2,False,False,True,0.4888,0.0,-5.28564,3.5221949,-6.0866800595249515e-06,0.0015127644874155521,0.001512776711024344,7e267c0bf303542b
2,day2_n8_topk_seed44,44,69,3,False,False,True,0.6006,0.0,2.4527073,0.8187485,-6.278120963543188e-06,0.0013608674053102732,0.0013608819572255015,7e267c0bf303542b
2,day2_n8_topk_seed44,44,69,4,False,False,True,0.6018,0.0,1.2235445,0.04725291,-7.253296644194052e-06,0.0012769241584464908,0.0012769447639584541,7e267c0bf303542b
2,day2_n8_topk_seed44,44,69,5,False,False,True,0.5956,0.0,-2.8388128,-5.369038,-6.399756784958299e-06,0.001472243806347251,0.0014722577761858702,7e267c0bf303542b
2,day2_n8_topk_seed44,44,69,6,False,False,True,0.6216,0.0,1.2147753,0.15608665,-9.787737326405477e-06,0.0013455312000587583,0.0013455668231472373,7e267c0bf303542b
2,day2_n8_topk_seed44,44,69,7,False,False,True,0.6198,0.0,0.7828905,-0.034049716,-7.2703760451986454e-06,0.001317401067353785,0.0013174210907891393,7e267c0bf303542b
2,day2_n8_topk_seed44,44,70,0,False,False,True,0.6012,0.0,-5.878382,0.44726655,-1.0096041478391271e-05,0.0014322582865133882,0.0014322939096018672,7e267c0bf303542b
2,day2_n8_topk_seed44,44,70,1,False,False,True,0.5626,0.0,1.6956027,3.568193,-1.0237155038339552e-05,0.0013684615259990096,0.001368499593809247,7e267c0bf303542b
2,day2_n8_topk_seed44,44,70,2,False,False,True,0.6216,0.0,0.7160028,0.84258676,-9.476107152295299e-06,0.001283988356590271,0.001284023397602141,7e267c0bf303542b
2,day2_n8_topk_seed44,44,70,3,False,False,True,0.584,0.0,1.8602141,-2.6763158,-7.674811058677733e-06,0.0013551667798310518,0.0013551884330809116,7e267c0bf303542b
2,day2_n8_topk_seed44,44,70,4,False,False,True,0.6296,0.0,0.28017935,1.5087644,-7.836151780793443e-06,0.0013000024482607841,0.0013000258477404714,7e267c0bf303542b
2,day2_n8_topk_seed44,44,70,5,False,False,True,0.5894,0.0,0.5846422,-0.8978479,-1.1297538549115416e-05,0.0013018756872043014,0.0013019248144701123,7e267c0bf303542b
2,day2_n8_topk_seed44,44,70,6,False,False,True,0.6054,0.0,-0.056544937,-3.8437037,-1.2151099326729309e-05,0.001369597390294075,0.0013696512905880809,7e267c0bf303542b
2,day2_n8_topk_seed44,44,70,7,False,False,True,0.6054,0.0,0.798288,1.0510553,-5.634847184410319e-06,0.0013086830731481314,0.0013086952967569232,7e267c0bf303542b
2,day2_n8_topk_seed44,44,71,0,False,False,True,0.6226,0.0,1.5538766,-0.04576941,-8.000931302376557e-06,0.0013472939608618617,0.0013473177095875144,7e267c0bf303542b
2,day2_n8_topk_seed44,44,71,1,False,False,True,0.5866,0.0,1.2193211,-0.08308121,-9.344797035737429e-06,0.0013249630574136972,0.001324996119365096,7e267c0bf303542b
2,day2_n8_topk_seed44,44,71,2,False,False,True,0.587,0.0,0.7095145,-0.0658053,-8.934299330576323e-06,0.0013208891032263637,0.0013209193712100387,7e267c0bf303542b
2,day2_n8_topk_seed44,44,71,3,False,False,True,0.5946,0.0,0.8671848,-0.08428569,-8.377070116694085e-06,0.0013056362513452768,0.0013056631432846189,7e267c0bf303542b
2,day2_n8_topk_seed44,44,71,4,False,False,True,0.606,0.0,0.99323297,0.1523812,-7.845653271942865e-06,0.0012747590662911534,0.0012747831642627716,7e267c0bf303542b
2,day2_n8_topk_seed44,44,71,5,False,False,True,0.5494,0.0,2.4744258,-0.90182674,-1.0341042070649564e-05,0.001351343235000968,0.0013513828162103891,7e267c0bf303542b
2,day2_n8_topk_seed44,44,71,6,False,False,True,0.6056,0.0,-4.622814,-3.9618232,-9.164243238046765e-06,0.0014300104230642319,0.0014300397597253323,7e267c0bf303542b
2,day2_n8_topk_seed44,44,71,7,False,False,True,0.528,0.0,-3.194736,4.990213,-9.565971595293377e-06,0.0014170738868415356,0.0014171062503010035,7e267c0bf303542b
2,day2_n8_topk_seed44,44,72,0,False,False,True,0.5958,0.0,0.4559982,-5.844069,-7.5342090894992e-06,0.0015029085334390402,0.001502927509136498,7e267c0bf303542b
2,day2_n8_topk_seed44,44,72,1,False,False,True,0.6332,0.0,1.9002134,0.5883138,-6.499517439806368e-06,0.0012697111815214157,0.001269727828912437,7e267c0bf303542b
2,day2_n8_topk_seed44,44,72,2,False,False,True,0.5946,0.0,2.1828341,0.13678323,-8.393951247853693e-06,0.0013367764186114073,0.001336802844889462,7e267c0bf303542b
2,day2_n8_topk_seed44,44,72,3,False,False,True,0.6352,0.0,0.7869209,0.36683878,-1.5029281712486409e-05,0.0013529303250834346,0.0013530139112845063,7e267c0bf303542b
2,day2_n8_topk_seed44,44,72,4,False,False,True,0.5122,0.0,-11.9196005,0.74678576,-1.9038559912587516e-05,0.0028133320156484842,0.0028133965097367764,7e267c0bf303542b
2,day2_n8_topk_seed44,44,72,5,False,False,True,0.5956,0.0,1.9525751,0.34855613,-8.799294846539851e-06,0.001316166017204523,0.0013161954702809453,7e267c0bf303542b
2,day2_n8_topk_seed44,44,72,6,False,False,True,0.581,0.0,2.586543,3.1343715,-1.112246263801353e-05,0.0014633404789492488,0.001463382737711072,7e267c0bf303542b
2,day2_n8_topk_seed44,44,72,7,False,False,True,0.5388,0.0,2.0545635,0.5224151,-6.91421428200556e-06,0.0013284910237416625,0.0013285090681165457,7e267c0bf303542b
2,day2_n8_topk_seed44,44,73,0,False,False,True,0.6314,0.0,-0.89565206,-0.3282043,-4.816522960027214e-06,0.00135725736618042,0.0013572659809142351,7e267c0bf303542b
2,day2_n8_topk_seed44,44,73,1,False,False,True,0.6162,0.0,-1.0628277,-0.3307887,-9.066681741387583e-06,0.0013322682352736592,0.0013322990853339434,7e267c0bf303542b
2,day2_n8_topk_seed44,44,73,2,False,False,True,0.5368,0.0,-2.2542675,-0.18770072,-8.739548320590984e-06,0.0014114860678091645,0.0014115130761638284,7e267c0bf303542b
2,day2_n8_topk_seed44,44,73,3,False,False,True,0.6144,0.0,-1.8041942,-3.080698,-8.005335985217243e-06,0.0013969058636575937,0.0013969287974759936,7e267c0bf303542b
2,day2_n8_topk_seed44,44,73,4,False,False,True,0.6082,0.0,1.8146102,5.030816,-1.0005866897699889e-05,0.0014381344662979245,0.0014381692744791508,7e267c0bf303542b
2,day2_n8_topk_seed44,44,73,5,False,False,True,0.6102,0.0,5.824571,-2.590101,-1.034595425153384e-05,0.0015212820144370198,0.0015213171718642116,7e267c0bf303542b
2,day2_n8_topk_seed44,44,73,6,False,False,True,0.5924,0.0,-0.5969667,1.9954573,-9.484068868914619e-06,0.0013879960170015693,0.0013880283804610372,7e267c0bf303542b
2,day2_n8_topk_seed44,44,73,7,False,False,True,0.6254,0.0,-1.0252817,-0.5087797,-1.1040296158171259e-05,0.001325235003605485,0.0013252809876576066,7e267c0bf303542b
2,day2_n8_topk_seed44,44,74,0,False,False,True,0.5812,0.0,-1.1033976,1.9205724,-7.619381904078182e-06,0.0013593920739367604,0.0013594133779406548,7e267c0bf303542b
2,day2_n8_topk_seed44,44,74,1,False,False,True,0.619,0.0,-0.57030827,0.9458358,-6.704592124151532e-06,0.0013329953653737903,0.0013330122455954552,7e267c0bf303542b
2,day2_n8_topk_seed44,44,74,2,False,False,True,0.6046,0.0,-1.2827939,0.20553361,-6.289228622335941e-06,0.0013198216911405325,0.0013198365923017263,7e267c0bf303542b
2,day2_n8_topk_seed44,44,74,3,False,False,True,0.6156,0.0,-1.5016563,-5.234919,-9.182123903883621e-06,0.001383117400109768,0.0013831481337547302,7e267c0bf303542b
2,day2_n8_topk_seed44,44,74,4,False,False,True,0.5536,0.0,6.8763156,-0.46057895,-6.176013357617194e-06,0.0016201329417526722,0.0016201448161154985,7e267c0bf303542b
2,day2_n8_topk_seed44,44,74,5,False,False,True,0.5984,0.0,-0.69975585,-0.46465322,-1.1423760042816866e-05,0.0013651989866048098,0.0013652469497174025,7e267c0bf303542b
2,day2_n8_topk_seed44,44,74,6,False,False,True,0.6236,0.0,-0.6207027,2.7108264,-8.401560080528725e-06,0.001362171140499413,0.0013621969847008586,7e267c0bf303542b
2,day2_n8_topk_seed44,44,74,7,False,False,True,0.604,0.0,-1.0977106,0.37738466,-9.637475159252062e-06,0.0013291462091729045,0.0013291811337694526,7e267c0bf303542b
2,day2_n8_topk_seed44,44,75,0,False,False,True,0.6034,0.0,0.78401464,-2.7204123,-7.563441613456234e-06,0.0013989044819027185,0.0013989248545840383,7e267c0bf303542b
2,day2_n8_topk_seed44,44,75,1,False,False,True,0.6328,0.0,0.008951054,-1.3870556,-8.160644938470796e-06,0.0013566459529101849,0.0013566705165430903,7e267c0bf303542b
2,day2_n8_topk_seed44,44,75,2,False,False,True,0.6294,0.0,0.5082927,-0.7554489,-7.310023647733033e-06,0.0013030427508056164,0.0013030633563175797,7e267c0bf303542b
2,day2_n8_topk_seed44,44,75,3,False,False,True,0.5778,0.0,-6.171738,1.3484687,-3.671668991955812e-06,0.0014998882543295622,0.0014998926781117916,7e267c0bf303542b
2,day2_n8_topk_seed44,44,75,4,False,False,True,0.5622,0.0,0.9622201,0.397028,-8.981699465948623e-06,0.0013869591057300568,0.0013869882095605135,7e267c0bf303542b
2,day2_n8_topk_seed44,44,75,5,False,False,True,0.5724,0.0,2.234375,5.3875394,-6.773846962460084e-06,0.0014543478609994054,0.0014543636934831738,7e267c0bf303542b
2,day2_n8_topk_seed44,44,75,6,False,False,True,0.5368,0.0,1.3256937,-0.79563403,-5.1958209041913506e-06,0.00138637307099998,0.0013863827334716916,7e267c0bf303542b
2,day2_n8_topk_seed44,44,75,7,False,False,True,0.5926,0.0,0.34819552,-1.4744836,-4.727694886241807e-06,0.0013670213520526886,0.0013670295011252165,7e267c0bf303542b
2,day2_n8_topk_seed44,44,76,0,False,False,True,0.5874,0.0,0.84140843,-0.15865144,-9.262691492040176e-06,0.001437705708667636,0.0014377356274053454,7e267c0bf303542b
2,day2_n8_topk_seed44,44,76,1,False,False,True,0.604,0.0,-7.1739793,-2.0022602,-8.121744940581266e-06,0.0017944443970918655,0.0017944627907127142,7e267c0bf303542b
2,day2_n8_topk_seed44,44,76,2,False,False,True,0.6096,0.0,1.1833133,0.7511748,-8.35770697449334e-06,0.0013750884681940079,0.001375113963149488,7e267c0bf303542b
2,day2_n8_topk_seed44,44,76,3,False,False,True,0.5846,0.0,-1.043901,3.844629,-5.938181857345626e-06,0.0015250566648319364,0.0015250681899487972,7e267c0bf303542b
2,day2_n8_topk_seed44,44,76,4,False,False,True,0.6114,0.0,0.8410464,1.7935569,-8.624331712780986e-06,0.0013922731159254909,0.0013922997750341892,7e267c0bf303542b
2,day2_n8_topk_seed44,44,76,5,False,False,True,0.6276,0.0,1.6005644,0.068541124,-1.0805477359099314e-05,0.001362089067697525,0.0013621317921206355,7e267c0bf303542b
2,day2_n8_topk_seed44,44,76,6,False,False,True,0.6002,0.0,2.6604733,-5.1204176,-8.870722012943588e-06,0.0015114672714844346,0.0015114933485165238,7e267c0bf303542b
2,day2_n8_topk_seed44,44,76,7,False,False,True,0.6018,0.0,1.0910811,0.82342815,-7.5633288361132145e-06,0.001358379959128797,0.0013584010303020477,7e267c0bf303542b
2,day2_n8_topk_seed44,44,77,0,False,False,True,0.5664,0.0,-0.8669408,5.5640845,-6.828336154285353e-06,0.0013824080815538764,0.0013824249617755413,7e267c0bf303542b
2,day2_n8_topk_seed44,44,77,1,False,False,True,0.6254,0.0,-0.65379864,-2.4192846,-6.515126187878195e-06,0.0013438560999929905,0.001343871932476759,7e267c0bf303542b
2,day2_n8_topk_seed44,44,77,2,False,False,True,0.6044,0.0,-1.2155769,-0.5948349,-5.684270945494063e-06,0.0013244996080175042,0.0013245117152109742,7e267c0bf303542b
2,day2_n8_topk_seed44,44,77,3,False,False,True,0.626,0.0,-1.3625481,-0.784086,-1.0428589121147525e-05,0.0013417376903817058,0.0013417782029137015,7e267c0bf303542b
2,day2_n8_topk_seed44,44,77,4,False,False,True,0.641,0.0,1.1981966,-0.0055745402,-7.985438060131855e-06,0.0013401373289525509,0.0013401611940935254,7e267c0bf303542b
2,day2_n8_topk_seed44,44,77,5,False,False,True,0.576,0.0,5.560524,-0.21288103,-7.359097253356595e-06,0.0014110656920820475,0.001411084900610149,7e267c0bf303542b
2,day2_n8_topk_seed44,44,77,6,False,False,True,0.626,0.0,-0.20240524,-0.5151645,-5.965951004327508e-06,0.0013284982414916158,0.0013285116292536259,7e267c0bf303542b
2,day2_n8_topk_seed44,44,77,7,False,False,True,0.5894,0.0,-2.457453,-1.0322568,-5.668924131896347e-06,0.001378689194098115,0.0013787008356302977,7e267c0bf303542b
2,day2_n8_topk_seed44,44,78,0,False,False,True,0.6172,0.0,1.6657176,1.8130233,-4.2322976696596015e-06,0.0013588268775492907,0.001358833396807313,7e267c0bf303542b
2,day2_n8_topk_seed44,44,78,1,False,False,True,0.6458,0.0,0.20131795,1.3739034,-1.0973657481372356e-05,0.0013454792788252234,0.0013455240987241268,7e267c0bf303542b
2,day2_n8_topk_seed44,44,78,2,False,False,True,0.6038,0.0,1.2558501,1.639619,-9.43802842812147e-06,0.0013561787782236934,0.0013562116073444486,7e267c0bf303542b
2,day2_n8_topk_seed44,44,78,3,False,False,True,0.6238,0.0,-5.7741256,-0.6296748,-8.89266902959207e-06,0.0014317907625809312,0.001431818469427526,7e267c0bf303542b
2,day2_n8_topk_seed44,44,78,4,False,False,True,0.6504,0.0,1.1408405,-1.612562,-8.462164259981364e-06,0.0013751102378591895,0.001375136198475957,7e267c0bf303542b
2,day2_n8_topk_seed44,44,78,5,False,False,True,0.5908,0.0,1.2889091,1.2851318,-8.196673661586829e-06,0.0013657762901857495,0.001365800853818655,7e267c0bf303542b
2,day2_n8_topk_seed44,44,78,6,False,False,True,0.6226,0.0,1.411402,-5.156068,-8.110309863695875e-06,0.0013856993755325675,0.0013857231242582202,7e267c0bf303542b
2,day2_n8_topk_seed44,44,78,7,False,False,True,0.645,0.0,-1.1899143,1.2866209,-8.436954885837622e-06,0.0013799690641462803,0.0013799949083477259,7e267c0bf303542b
2,day2_n8_topk_seed44,44,79,0,False,False,True,0.6148,0.0,0.963986,0.2812522,-7.3903711381717585e-06,0.001397475483827293,0.001397494925186038,7e267c0bf303542b
2,day2_n8_topk_seed44,44,79,1,False,False,True,0.6312,0.0,-5.627322,-1.8441348,-7.108640147635015e-06,0.0014226476196199656,0.001422665431164205,7e267c0bf303542b
2,day2_n8_topk_seed44,44,79,2,False,False,True,0.6242,0.0,0.09488003,1.2048268,-6.960590326343663e-06,0.0013932468136772513,0.0013932640431448817,7e267c0bf303542b
2,day2_n8_topk_seed44,44,79,3,False,False,True,0.635,0.0,2.3180015,-5.077634,-6.526929610117804e-06,0.00141111109405756,0.0014111261116340756,7e267c0bf303542b
2,day2_n8_topk_seed44,44,79,4,False,False,True,0.6426,0.0,-0.019530684,0.42486185,-4.616938895196654e-06,0.001337856170721352,0.0013378640869632363,7e267c0bf303542b
2,day2_n8_topk_seed44,44,79,5,False,False,True,0.6382,0.0,0.4179761,1.180125,-6.701088295812951e-06,0.001377790467813611,0.0013778067659586668,7e267c0bf303542b
2,day2_n8_topk_seed44,44,79,6,False,False,True,0.6352,0.0,-0.3126983,3.1364799,-5.832566330354894e-06,0.0014009635196998715,0.0014009757433086634,7e267c0bf303542b
2,day2_n8_topk_seed44,44,79,7,False,False,True,0.6364,0.0,2.1647086,0.6942182,-7.005076440691482e-06,0.0014042318798601627,0.0014042493421584368,7e267c0bf303542b
2,day2_n8_topk_seed44,44,80,0,False,False,True,0.6288,0.0,-1.8716102,-3.067415,-2.5849753910733853e-06,0.0014590730424970388,0.0014590753708034754,7e267c0bf303542b
2,day2_n8_topk_seed44,44,80,1,False,False,True,0.612,0.0,-0.71331,5.826227,-5.222610525379423e-06,0.0015162565978243947,0.0015162655618041754,7e267c0bf303542b
2,day2_n8_topk_seed44,44,80,2,False,False,True,0.5542,0.0,8.244113,-0.5245249,-5.598689313046634e-06,0.0019570826552808285,0.0019570905715227127,7e267c0bf303542b
2,day2_n8_topk_seed44,44,80,3,False,False,True,0.621,0.0,-1.1995116,1.044804,-8.992729817691725e-06,0.0013960206415504217,0.0013960496289655566,7e267c0bf303542b
2,day2_n8_topk_seed44,44,80,4,False,False,True,0.649,0.0,-1.144659,-0.23072216,-5.433816568256589e-06,0.001387938973493874,0.0013879495672881603,7e267c0bf303542b
2,day2_n8_topk_seed44,44,80,5,False,False,True,0.6202,0.0,-0.8283429,0.23125489,-8.46330112835858e-06,0.0013596037169918418,0.0013596300268545747,7e267c0bf303542b
2,day2_n8_topk_seed44,44,80,6,False,False,True,0.6074,0.0,-1.1124394,-2.2427423,-6.7250998654344585e-06,0.0014649369986727834,0.0014649525983259082,7e267c0bf303542b
2,day2_n8_topk_seed44,44,80,7,False,False,True,0.5588,0.0,-1.3742675,-1.0368762,-9.048220817930996e-06,0.0014046616852283478,0.0014046906726434827,7e267c0bf303542b
2,day2_n8_topk_seed44,44,81,0,False,False,True,0.562,0.0,-0.1826206,-3.7434769,-3.4820013752323575e-06,0.0014421918895095587,0.0014421960804611444,7e267c0bf303542b
2,day2_n8_topk_seed44,44,81,1,False,False,True,0.6572,0.0,0.6469759,-0.8276619,-9.775159924174659e-06,0.0013655463699251413,0.0013655814109370112,7e267c0bf303542b
2,day2_n8_topk_seed44,44,81,2,False,False,True,0.538,0.0,-5.9997187,2.7100034,-2.2193510176293785e-06,0.0015934539260342717,0.0015934555558487773,7e267c0bf303542b
2,day2_n8_topk_seed44,44,81,3,False,False,True,0.6238,0.0,0.90364426,-1.0609286,-7.466938768629916e-06,0.0014067633310332894,0.001406783121638,7e267c0bf303542b
2,day2_n8_topk_seed44,44,81,4,False,False,True,0.6492,0.0,0.75034666,-1.1124538,-7.243302206916269e-06,0.0014101543929427862,0.0014101731358096004,7e267c0bf303542b
2,day2_n8_topk_seed44,44,81,5,False,False,True,0.5692,0.0,-0.60774606,0.6991127,-8.2408278103685e-06,0.0014843757962808013,0.0014843986136838794,7e267c0bf303542b
2,day2_n8_topk_seed44,44,81,6,False,False,True,0.6092,0.0,3.945184,4.8556213,-5.475610123539809e-06,0.0015622699866071343,0.0015622795326635242,7e267c0bf303542b
2,day2_n8_topk_seed44,44,81,7,False,False,True,0.6122,0.0,0.54393965,-1.5202214,-2.27993859880371e-06,0.0013792103854939342,0.0013792121317237616,7e267c0bf303542b
2,day2_n8_topk_seed44,44,82,0,False,False,True,0.576,0.0,1.1590328,6.028235,-4.469222858460853e-06,0.0014522676356136799,0.0014522745041176677,7e267c0bf303542b
2,day2_n8_topk_seed44,44,82,1,False,False,True,0.5974,0.0,-0.42038137,-0.5996516,-4.6313834900502115e-06,0.0014046928845345974,0.0014047004515305161,7e267c0bf303542b
2,day2_n8_topk_seed44,44,82,2,False,False,True,0.634,0.0,0.97970986,-1.0199604,-3.4244346807099646e-06,0.0013918338809162378,0.0013918380718678236,7e267c0bf303542b
2,day2_n8_topk_seed44,44,82,3,False,False,True,0.6138,0.0,2.607979,-0.9732,-6.2627300394524354e-06,0.0014218149008229375,0.001421828754246235,7e267c0bf303542b
2,day2_n8_topk_seed44,44,82,4,False,False,True,0.6518,0.0,0.11034628,-1.9828229,-3.4490785765228793e-06,0.0014100077096372843,0.0014100120170041919,7e267c0bf303542b
2,day2_n8_topk_seed44,44,82,5,False,False,True,0.6072,0.0,0.80805075,-0.62241197,-5.231212981016142e-06,0.0013921958161517978,0.0013922055950388312,7e267c0bf303542b
2,day2_n8_topk_seed44,44,82,6,False,False,True,0.6068,0.0,-6.097495,0.32688993,-6.361935902532423e-06,0.0014848699793219566,0.0014848835999146104,7e267c0bf303542b
2,day2_n8_topk_seed44,44,82,7,False,False,True,0.6182,0.0,0.8527562,-1.157078,-7.2705520324234385e-06,0.0014042319962754846,0.0014042508555576205,7e267c0bf303542b
2,day2_n8_topk_seed44,44,83,0,False,False,True,0.6568,0.0,0.21105602,-0.2905336,-6.482426215370651e-06,0.0013959999196231365,0.001396015053614974,7e267c0bf303542b
2,day2_n8_topk_seed44,44,83,1,False,False,True,0.588,0.0,0.43336752,-0.61401063,-1.0603830560285132e-05,0.0013912701979279518,0.0013913105940446258,7e267c0bf303542b
2,day2_n8_topk_seed44,44,83,2,False,False,True,0.6146,0.0,0.780457,0.33514026,-9.72011184785515e-06,0.0014207245549187064,0.001420757849700749,7e267c0bf303542b
2,day2_n8_topk_seed44,44,83,3,False,False,True,0.602,0.0,1.0340992,1.2436073,-6.800608844059752e-06,0.0014135868987068534,0.001413603313267231,7e267c0bf303542b
2,day2_n8_topk_seed44,44,83,4,False,False,True,0.5882,0.0,3.0294335,3.2429361,-9.031866284203716e-06,0.0014614186948165298,0.0014614466344937682,7e267c0bf303542b
2,day2_n8_topk_seed44,44,83,5,False,False,True,0.584,0.0,0.5630938,0.54985046,-5.233724550635088e-06,0.0013903237413614988,0.0013903335202485323,7e267c0bf303542b
2,day2_n8_topk_seed44,44,83,6,False,False,True,0.648,0.0,0.56421673,-5.697315,-6.409566140064271e-06,0.0014815268805250525,0.0014815408503636718,7e267c0bf303542b
2,day2_n8_topk_seed44,44,83,7,False,False,True,0.6162,0.0,-6.6157193,1.2303299,-6.250381829886464e-06,0.0015971476677805185,0.0015971598913893104,7e267c0bf303542b
2,day2_n8_topk_seed44,44,84,0,False,False,True,0.5892,0.0,-1.0720462,0.29246563,-1.0889379154832568e-05,0.0014445799170061946,0.0014446210116147995,7e267c0bf303542b
2,day2_n8_topk_seed44,44,84,1,False,False,True,0.6694,0.0,-0.7854376,0.32214376,-5.57177554583177e-06,0.0013990872539579868,0.0013990984298288822,7e267c0bf303542b
2,day2_n8_topk_seed44,44,84,2,False,False,True,0.6482,0.0,-0.7706858,-6.663862,-9.258884347218554e-06,0.0016784773906692863,0.0016785027692094445,7e267c0bf303542b
2,day2_n8_topk_seed44,44,84,3,False,False,True,0.6262,0.0,-1.0856501,0.3010874,-9.010443136503454e-06,0.0014850491425022483,0.0014850765001028776,7e267c0bf303542b
2,day2_n8_topk_seed44,44,84,4,False,False,True,0.636,0.0,-2.800952,4.1480527,-9.333573871117551e-06,0.001664975075982511,0.001665001269429922,7e267c0bf303542b
2,day2_n8_topk_seed44,44,84,5,False,False,True,0.601,0.0,7.848603,0.9965254,-6.975821634114254e-06,0.0017963835271075368,0.0017963970312848687,7e267c0bf303542b
2,day2_n8_topk_seed44,44,84,6,False,False,True,0.6264,0.0,-0.55089104,0.11820823,-8.626809176348615e-06,0.0014485705178231,0.001448596129193902,7e267c0bf303542b
2,day2_n8_topk_seed44,44,84,7,False,False,True,0.6384,0.0,-0.7829548,0.48537582,-6.807231329730712e-06,0.0014951643534004688,0.00149517972022295,7e267c0bf303542b
2,day2_n8_topk_seed44,44,85,0,False,False,True,0.6014,0.0,0.3882779,1.8346893,-1.6473009054607246e-06,0.0014722734922543168,0.0014722744235768914,7e267c0bf303542b
2,day2_n8_topk_seed44,44,85,1,False,False,True,0.5674,0.0,0.75262594,1.1074218,-5.348338618205162e-06,0.001462658285163343,0.0014626681804656982,7e267c0bf303542b
2,day2_n8_topk_seed44,44,85,2,False,False,True,0.6326,0.0,0.89709955,1.9417381,-7.763211215205956e-06,0.0014779556076973677,0.0014779759803786874,7e267c0bf303542b
2,day2_n8_topk_seed44,44,85,3,False,False,True,0.6466,0.0,1.4034191,-0.06081497,-8.904827154765371e-06,0.0014141204301267862,0.0014141484862193465,7e267c0bf303542b
2,day2_n8_topk_seed44,44,85,4,False,False,True,0.511,0.0,0.79237163,2.3152244,-4.407460892252857e-06,0.0014870795421302319,0.0014870860613882542,7e267c0bf303542b
2,day2_n8_topk_seed44,44,85,5,False,False,True,0.5946,0.0,-7.673166,-1.079811,-1.126207280321978e-05,0.0018240106292068958,0.001824045437388122,7e267c0bf303542b
2,day2_n8_topk_seed44,44,85,6,False,False,True,0.649,0.0,1.26511,0.16476974,-6.751812634320231e-06,0.001415531150996685,0.0014155470998957753,7e267c0bf303542b
2,day2_n8_topk_seed44,44,85,7,False,False,True,0.6554,0.0,2.1742744,-6.2232146,-4.9213967940886505e-06,0.00157616485375911,0.0015761725371703506,7e267c0bf303542b
2,day2_n8_topk_seed44,44,86,0,False,False,True,0.6614,0.0,1.3890746,0.40043542,-8.07751712272875e-06,0.0014612243976444006,0.0014612466329708695,7e267c0bf303542b
2,day2_n8_topk_seed44,44,86,1,False,False,True,0.622,0.0,-0.24616952,3.811585,-9.90932312561199e-06,0.0015981070464476943,0.0015981378965079784,7e267c0bf303542b
2,day2_n8_topk_seed44,44,86,2,False,False,True,0.6346,0.0,1.3812106,0.25475612,-7.997908141987864e-06,0.0014769737608730793,0.0014769954141229391,7e267c0bf303542b
2,day2_n8_topk_seed44,44,86,3,False,False,True,0.5198,0.0,3.0240722,-5.8634286,-4.26706719736103e-06,0.0016541568329557776,0.0016541625373065472,7e267c0bf303542b
2,day2_n8_topk_seed44,44,86,4,False,False,True,0.6454,0.0,0.77547014,1.2700875,-6.056052825442748e-06,0.0014714503195136786,0.001471462775953114,7e267c0bf303542b
2,day2_n8_topk_seed44,44,86,5,False,False,True,0.6384,0.0,1.0223886,-0.17991433,-6.7025739554082975e-06,0.0015040395082905889,0.0015040544094517827,7e267c0bf303542b
2,day2_n8_topk_seed44,44,86,6,False,False,True,0.3868,0.0,-7.944131,-1.9640461,-8.71087013365468e-06,0.0019095409661531448,0.0019095608731731772,7e267c0bf303542b
2,day2_n8_topk_seed44,44,86,7,False,False,True,0.6492,0.0,0.59810114,2.2705266,-8.99910355656175e-06,0.0015372876077890396,0.0015373138012364507,7e267c0bf303542b
2,day2_n8_topk_seed44,44,87,0,False,False,True,0.5412,0.0,-7.320408,2.8466868,-6.14094869888504e-06,0.001812267699278891,0.0018122781766578555,7e267c0bf303542b
2,day2_n8_topk_seed44,44,87,1,False,False,True,0.6206,0.0,0.83507377,-0.6854939,-3.594928784877993e-06,0.0014159998390823603,0.0014160044956952333,7e267c0bf303542b
2,day2_n8_topk_seed44,44,87,2,False,False,True,0.6486,0.0,0.951431,-0.6026408,-4.719389380625216e-06,0.001443438115529716,0.0014434457989409566,7e267c0bf303542b
2,day2_n8_topk_seed44,44,87,3,False,False,True,0.626,0.0,-0.20774631,-2.6807926,-7.707257282163482e-06,0.0014746858505532146,0.0014747059904038906,7e267c0bf303542b
2,day2_n8_topk_seed44,44,87,4,False,False,True,0.5944,0.0,0.7779353,-1.4449749,-5.5695732044114266e-06,0.0014543565921485424,0.0014543673023581505,7e267c0bf303542b
2,day2_n8_topk_seed44,44,87,5,False,False,True,0.6558,0.0,0.36474848,-2.012396,-4.439699296199251e-06,0.0014844471588730812,0.0014844537945464253,7e267c0bf303542b
2,day2_n8_topk_seed44,44,87,6,False,False,True,0.6036,0.0,0.6393835,-1.5518745,-8.258794878202025e-06,0.0014710649847984314,0.001471088151447475,7e267c0bf303542b
2,day2_n8_topk_seed44,44,87,7,False,False,True,0.5564,0.0,3.9595857,6.1314864,-4.855111001234036e-06,0.0017331253038719296,0.0017331320559605956,7e267c0bf303542b
2,day2_n8_topk_seed44,44,88,0,False,False,True,0.6492,0.0,0.43494278,-1.5282991,-5.794473054265836e-06,0.0014398072380572557,0.0014398189960047603,7e267c0bf303542b
2,day2_n8_topk_seed44,44,88,1,False,False,True,0.6414,0.0,1.0096042,-2.1165664,-7.0447522375616245e-06,0.0014378934865817428,0.0014379107160493731,7e267c0bf303542b
2,day2_n8_topk_seed44,44,88,2,False,False,True,0.4252,0.0,-6.6222277,0.26529813,-4.382077349873725e-06,0.001532925758510828,0.0015329320449382067,7e267c0bf303542b
2,day2_n8_topk_seed44,44,88,3,False,False,True,0.6394,0.0,0.8699667,-0.0055756834,-8.123848601826467e-06,0.0014143791049718857,0.001414402504451573,7e267c0bf303542b
2,day2_n8_topk_seed44,44,88,4,False,False,True,0.6544,0.0,1.0375,-0.27083644,-2.4812079573166557e-06,0.0014327213866636157,0.0014327235985547304,7e267c0bf303542b
2,day2_n8_topk_seed44,44,88,5,False,False,True,0.6218,0.0,1.1412894,6.0695114,-4.602133685693843e-06,0.00146419124212116,0.0014641984598711133,7e267c0bf303542b
2,day2_n8_topk_seed44,44,88,6,False,False,True,0.6472,0.0,0.44472253,-1.5991727,-7.5372659011918586e-06,0.001449174014851451,0.0014491936890408397,7e267c0bf303542b
2,day2_n8_topk_seed44,44,88,7,False,False,True,0.5952,0.0,1.6842048,-0.8143647,-5.160993168829009e-06,0.0014698720769956708,0.0014698811573907733,7e267c0bf303542b
2,day2_n8_topk_seed44,44,89,0,False,False,True,0.6388,0.0,-1.0522674,1.0197251,-5.275651801639469e-06,0.0014380839420482516,0.0014380936045199633,7e267c0bf303542b
2,day2_n8_topk_seed44,44,89,1,False,False,True,0.4448,0.0,6.9179974,1.2918617,-8.850189260556363e-06,0.0015926816267892718,0.0015927063068374991,7e267c0bf303542b
2,day2_n8_topk_seed44,44,89,2,False,False,True,0.6536,0.0,-0.11343767,-3.6764104,-7.234003078337992e-06,0.001460143830627203,0.0014601617585867643,7e267c0bf303542b
2,day2_n8_topk_seed44,44,89,3,False,False,True,0.6506,0.0,-0.8095512,-0.31577006,-5.4526262829313055e-06,0.0014443396357819438,0.0014443499967455864,7e267c0bf303542b
2,day2_n8_topk_seed44,44,89,4,False,False,True,0.6088,0.0,-0.6045062,-2.9702847,-4.188170805718983e-06,0.0014425693079829216,0.0014425753615796566,7e267c0bf303542b
2,day2_n8_topk_seed44,44,89,5,False,False,True,0.6068,0.0,-2.2708888,2.110419,-5.845622126798844e-06,0.0014896023785695434,0.0014896137872710824,7e267c0bf303542b
2,day2_n8_topk_seed44,44,89,6,False,False,True,0.6396,0.0,-1.5404733,4.1449203,-7.056078629830154e-06,0.001492952578701079,0.0014929691096767783,7e267c0bf303542b
2,day2_n8_topk_seed44,44,89,7,False,False,True,0.6368,0.0,-0.5268756,-1.6044629,-4.7559251470374875e-06,0.0014451382448896766,0.0014451461611315608,7e267c0bf303542b
2,day2_n8_topk_seed44,44,90,0,False,False,True,0.6582,0.0,0.38593313,5.8833237,-3.4267670798726613e-06,0.001487618894316256,0.0014876228524371982,7e267c0bf303542b
2,day2_n8_topk_seed44,44,90,1,False,False,True,0.6242,0.0,2.21716,-0.64405346,-6.167659194034059e-06,0.0014808864798396826,0.0014808992855250835,7e267c0bf303542b
2,day2_n8_topk_seed44,44,90,2,False,False,True,0.628,0.0,0.12123853,0.4013797,-6.491975909739267e-06,0.0014319277834147215,0.0014319425681605935,7e267c0bf303542b
2,day2_n8_topk_seed44,44,90,3,False,False,True,0.6196,0.0,0.96219677,0.043406367,-7.275019015651196e-06,0.0014483309350907803,0.0014483490958809853,7e267c0bf303542b
2,day2_n8_topk_seed44,44,90,4,False,False,True,0.6006,0.0,1.3548883,-3.241064,-1.695085870778712e-06,0.0014705162029713392,0.0014705171342939138,7e267c0bf303542b
2,day2_n8_topk_seed44,44,90,5,False,False,True,0.6202,0.0,1.202747,-1.5419245,-5.4129054660734255e-06,0.0014353644801303744,0.0014353746082633734,7e267c0bf303542b
2,day2_n8_topk_seed44,44,90,6,False,False,True,0.6466,0.0,1.2178242,-0.16255417,-7.860468940634746e-06,0.0014662797329947352,0.001466300687752664,7e267c0bf303542b
2,day2_n8_topk_seed44,44,90,7,False,False,True,0.6342,0.0,-7.461978,-0.7385124,-3.4712536489678314e-06,0.0017570358468219638,0.0017570392228662968,7e267c0bf303542b
2,day2_n8_topk_seed44,44,91,0,False,False,True,0.6278,0.0,6.5115595,0.35943502,-5.149802291271044e-06,0.0015251940349116921,0.0015252027660608292,7e267c0bf303542b
2,day2_n8_topk_seed44,44,91,1,False,False,True,0.6538,0.0,-1.344899,-1.2222171,-8.029430318856612e-06,0.0014512165216729045,0.0014512387569993734,7e267c0bf303542b
2,day2_n8_topk_seed44,44,91,2,False,False,True,0.6024,0.0,-0.33311856,-2.9017763,-6.422911610570736e-06,0.001474874559789896,0.001474888646043837,7e267c0bf303542b
2,day2_n8_topk_seed44,44,91,3,False,False,True,0.603,0.0,-0.28701046,0.11581857,-5.523043000721373e-06,0.0014658761210739613,0.0014658864820376039,7e267c0bf303542b
2,day2_n8_topk_seed44,44,91,4,False,False,True,0.6572,0.0,-2.02009,-2.0315287,-4.484973942453507e-06,0.001500098267570138,0.001500105019658804,7e267c0bf303542b
2,day2_n8_topk_seed44,44,91,5,False,False,True,0.6658,0.0,-0.5710066,0.0786928,-5.252775281405775e-06,0.0014457445358857512,0.001445754081942141,7e267c0bf303542b
2,day2_n8_topk_seed44,44,91,6,False,False,True,0.6536,0.0,-1.5397829,5.914138,-4.232295395922847e-06,0.0015037351986393332,0.0015037411358207464,7e267c0bf303542b
2,day2_n8_topk_seed44,44,91,7,False,False,True,0.6596,0.0,-0.4156515,-0.31255966,-5.569594122789567e-06,0.0014591868966817856,0.0014591974904760718,7e267c0bf303542b
2,day2_n8_topk_seed44,44,92,0,False,False,True,0.6678,0.0,0.32639953,-0.4099998,-2.231704002042534e-06,0.0014633501414209604,0.001463351771235466,7e267c0bf303542b
2,day2_n8_topk_seed44,44,92,1,False,False,True,0.6446,0.0,-7.1811166,1.1584277,-5.935118224442704e-06,0.001723131281323731,0.0017231415258720517,7e267c0bf303542b
2,day2_n8_topk_seed44,44,92,2,False,False,True,0.6636,0.0,0.67970425,-1.2966694,-7.3017577051359694e-06,0.0014465305721387267,0.0014465489657595754,7e267c0bf303542b
2,day2_n8_topk_seed44,44,92,3,False,False,True,0.665,0.0,0.06522405,0.3219583,-5.971804057480767e-06,0.00154604681301862,0.0015460583381354809,7e267c0bf303542b
2,day2_n8_topk_seed44,44,92,4,False,False,True,0.6346,0.0,0.7374891,-1.2558733,-4.38931283497368e-06,0.001475998549722135,0.0014760050689801574,7e267c0bf303542b
2,day2_n8_topk_seed44,44,92,5,False,False,True,0.6656,0.0,0.5075605,-1.3479267,-6.073117674532114e-06,0.0014184298925101757,0.0014184429310262203,7e267c0bf303542b
2,day2_n8_topk_seed44,44,92,6,False,False,True,0.6348,0.0,2.0302587,-3.607878,-9.13155236048624e-06,0.0015707083512097597,0.0015707347774878144,7e267c0bf303542b
2,day2_n8_topk_seed44,44,92,7,False,False,True,0.6038,0.0,2.8344784,6.4379582,1.3918942443069682e-07,0.0016831249231472611,0.0016831249231472611,7e267c0bf303542b
2,day2_n8_topk_seed44,44,93,0,False,False,True,0.4554,0.0,8.073957,-1.6647812,-1.3809401025355328e-05,0.0019376083509996533,0.001937657711096108,7e267c0bf303542b
2,day2_n8_topk_seed44,44,93,1,False,False,True,0.612,0.0,-1.1314555,0.24439743,-5.735335435019806e-06,0.0015010791830718517,0.0015010902425274253,7e267c0bf303542b
2,day2_n8_topk_seed44,44,93,2,False,False,True,0.6186,0.0,-0.018852545,0.9218,-7.2638072197150905e-06,0.001602565054781735,0.0016025814693421125,7e267c0bf303542b
2,day2_n8_topk_seed44,44,93,3,False,False,True,0.6722,0.0,-0.9323184,0.3574845,-6.288133590715006e-06,0.001451927237212658,0.0014519409742206335,7e267c0bf303542b
2,day2_n8_topk_seed44,44,93,4,False,False,True,0.316,0.0,-0.69168377,5.0792613,-6.801337804063223e-06,0.0016789858927950263,0.0016789997462183237,7e267c0bf303542b
2,day2_n8_topk_seed44,44,93,5,False,False,True,0.5864,0.0,-2.8823464,-2.7089453,-3.2050800200522644e-06,0.0016750141512602568,0.0016750170616433024,7e267c0bf303542b
2,day2_n8_topk_seed44,44,93,6,False,False,True,0.6412,0.0,-2.1563594,-4.8495827,-7.920091775304172e-06,0.0017059819074347615,0.0017060003010556102,7e267c0bf303542b
2,day2_n8_topk_seed44,44,93,7,False,False,True,0.5364,0.0,-0.2609395,2.6203597,-7.485642527171876e-06,0.001647382159717381,0.0016473991563543677,7e267c0bf303542b
2,day2_n8_topk_seed44,44,94,0,False,False,True,0.6286,0.0,-0.38126528,-3.198244,-3.4856927868531784e-06,0.0015666610561311245,0.0015666650142520666,7e267c0bf303542b
2,day2_n8_topk_seed44,44,94,1,False,False,True,0.6594,0.0,-0.6064683,-1.1887016,-4.500919658312341e-06,0.0015180506743490696,0.0015180573100224137,7e267c0bf303542b
2,day2_n8_topk_seed44,44,94,2,False,False,True,0.6644,0.0,-1.2499586,-3.0845535,-8.81567939359229e-06,0.0015560733154416084,0.0015560982283204794,7e267c0bf303542b
2,day2_n8_topk_seed44,44,94,3,False,False,True,0.6304,0.0,-1.6101413,1.8660736,-6.227407538972329e-06,0.0015270063886418939,0.0015270189614966512,7e267c0bf303542b
2,day2_n8_topk_seed44,44,94,4,False,False,True,0.6442,0.0,-0.9836717,-0.88863045,-3.962942173529882e-06,0.0014909525634720922,0.0014909579185768962,7e267c0bf303542b
2,day2_n8_topk_seed44,44,94,5,False,False,True,0.6432,0.0,-1.124273,0.11279715,-4.9454765758127905e-06,0.0014502799604088068,0.0014502884587273002,7e267c0bf303542b
2,day2_n8_topk_seed44,44,94,6,False,False,True,0.6082,0.0,-2.3922033,5.289395,-3.5000155094166985e-06,0.0015659263590350747,0.001565930200740695,7e267c0bf303542b
2,day2_n8_topk_seed44,44,94,7,False,False,True,0.6312,0.0,8.347979,1.0918555,-2.643385414557997e-06,0.001977425767108798,0.0019774273969233036,7e267c0bf303542b
2,day2_n8_topk_seed44,44,95,0,False,False,True,0.6346,0.0,1.0667591,1.0449429,-1.820207785385719e-06,0.0015048030763864517,0.0015048041241243482,7e267c0bf303542b
2,day2_n8_topk_seed44,44,95,1,False,False,True,0.6582,0.0,1.6798642,-1.5433576,-3.027570301128435e-06,0.0014827381819486618,0.0014827413251623511,7e267c0bf303542b
2,day2_n8_topk_seed44,44,95,2,False,False,True,0.667,0.0,1.040346,0.34390134,-6.590542852791259e-06,0.0015109260566532612,0.001510940375737846,7e267c0bf303542b
2,day2_n8_topk_seed44,44,95,3,False,False,True,0.6156,0.0,0.9926558,2.6339998,-2.975893266921048e-06,0.001506249071098864,0.0015062520978972316,7e267c0bf303542b
2,day2_n8_topk_seed44,44,95,4,False,False,True,0.6812,0.0,1.035981,0.3992441,-9.19808883281803e-07,0.0014629693469032645,0.00146296969614923,7e267c0bf303542b
2,day2_n8_topk_seed44,44,95,5,False,False,True,0.6098,0.0,1.2539704,-5.5589004,-7.481363354600035e-06,0.0015125578502193093,0.0015125763602554798,7e267c0bf303542b
2,day2_n8_topk_seed44,44,95,6,False,False,True,0.6686,0.0,0.7576861,3.0333245,-7.603257017763099e-06,0.0015234187012538314,0.0015234376769512892,7e267c0bf303542b
2,day2_n8_topk_seed44,44,95,7,False,False,True,0.5876,0.0,-7.827257,-0.35316002,-8.724754479771946e-06,0.0018063421593979,0.001806363114155829,7e267c0bf303542b
2,day2_n8_topk_seed44,44,96,0,False,False,True,0.6612,0.0,-0.9247429,-1.7126756,-4.38743018094101e-06,0.0015114275738596916,0.0015114338602870703,7e267c0bf303542b
2,day2_n8_topk_seed44,44,96,1,False,False,True,0.6502,0.0,-1.026386,-1.1601174,-3.6888568502035923e-06,0.0015130116371437907,0.001513016177341342,7e267c0bf303542b
2,day2_n8_topk_seed44,44,96,2,False,False,True,0.6438,0.0,-1.3669801,0.46894777,-4.720026936411159e-06,0.001509551308117807,0.001509558642283082,7e267c0bf303542b
2,day2_n8_topk_seed44,44,96,3,False,False,True,0.6516,0.0,-0.868154,-1.2988037,-6.376106284733396e-06,0.0014828137354925275,0.001482827472500503,7e267c0bf303542b
2,day2_n8_topk_seed44,44,96,4,False,False,True,0.6532,0.0,-1.0808517,-1.8133188,-5.650605999107938e-06,0.0014949754113331437,0.0014949861215427518,7e267c0bf303542b
2,day2_n8_topk_seed44,44,96,5,False,False,True,0.5844,0.0,-0.5903308,-1.6236173,-6.825815489719389e-06,0.0015100041637197137,0.0015100195305421948,7e267c0bf303542b
2,day2_n8_topk_seed44,44,96,6,False,False,True,0.6054,0.0,-1.8068727,6.4299674,-4.454658665054012e-06,0.0015709768049418926,0.0015709830913692713,7e267c0bf303542b
2,day2_n8_topk_seed44,44,96,7,False,False,True,0.6686,0.0,7.664307,0.7096139,-3.3102783163485583e-06,0.0017619363497942686,0.0017619396094232798,7e267c0bf303542b
2,day2_n8_topk_seed44,44,97,0,False,False,True,0.6444,0.0,-3.7010415,1.146825,-2.893970304285176e-06,0.001512273564003408,0.0015122763579711318,7e267c0bf303542b
2,day2_n8_topk_seed44,44,97,1,False,False,True,0.638,0.0,5.7118807,0.22866893,-7.355259185715113e-06,0.0015303826658055186,0.0015304003609344363,7e267c0bf303542b
2,day2_n8_topk_seed44,44,97,2,False,False,True,0.6604,0.0,-1.6783532,2.8740225,-4.394380084704608e-06,0.001518246135674417,0.0015182525385171175,7e267c0bf303542b
2,day2_n8_topk_seed44,44,97,3,False,False,True,0.6068,0.0,-0.17369196,-0.16907541,-7.65608547226293e-06,0.0014611120568588376,0.0014611321967095137,7e267c0bf303542b
2,day2_n8_topk_seed44,44,97,4,False,False,True,0.641,0.0,-0.1292365,0.9074331,-4.308000370656373e-06,0.001476264325901866,0.0014762706123292446,7e267c0bf303542b
2,day2_n8_topk_seed44,44,97,5,False,False,True,0.6498,0.0,1.0659715,1.0524642,-1.045420049194945e-05,0.0014998066471889615,0.0014998430851846933,7e267c0bf303542b
2,day2_n8_topk_seed44,44,97,6,False,False,True,0.675,0.0,-0.025271945,0.25188202,-9.693781976238824e-06,0.0014628228964284062,0.0014628551434725523,7e267c0bf303542b
2,day2_n8_topk_seed44,44,97,7,False,False,True,0.6404,0.0,-1.0702606,-6.292216,-6.122224931459641e-06,0.0015188467223197222,0.001518858945928514,7e267c0bf303542b
2,day2_n8_topk_seed44,44,98,0,False,False,True,0.6634,0.0,1.3376842,-2.6864955,-4.282336703909095e-06,0.00151544320397079,0.0015154493739828467,7e267c0bf303542b
2,day2_n8_topk_seed44,44,98,1,False,False,True,0.6044,0.0,-7.3347173,0.6546359,-6.527068308059825e-06,0.0016973315505310893,0.0016973441233858466,7e267c0bf303542b
2,day2_n8_topk_seed44,44,98,2,False,False,True,0.6494,0.0,1.0006694,-1.3823887,-4.430864464666229e-06,0.0015289305010810494,0.0015289370203390718,7e267c0bf303542b
2,day2_n8_topk_seed44,44,98,3,False,False,True,0.6432,0.0,1.9711764,6.389831,-3.5125710837746738e-06,0.001579167670570314,0.001579171628691256,7e267c0bf303542b
2,day2_n8_topk_seed44,44,98,4,False,False,True,0.6842,0.0,0.7459808,-0.7414572,-7.348302460741252e-06,0.001458729850128293,0.0014587483601644635,7e267c0bf303542b
2,day2_n8_topk_seed44,44,98,5,False,False,True,0.644,0.0,0.3000935,0.23440114,-7.115486823749961e-06,0.0015270700678229332,0.0015270864823833108,7e267c0bf303542b
2,day2_n8_topk_seed44,44,98,6,False,False,True,0.6352,0.0,0.8093066,-1.5355315,-7.488961273338646e-06,0.0015118001028895378,0.0015118186129257083,7e267c0bf303542b
2,day2_n8_topk_seed44,44,98,7,False,False,True,0.6748,0.0,1.1698111,-0.93299574,-2.205829787271796e-06,0.001487132627516985,0.0014871342573314905,7e267c0bf303542b
2,day2_n8_topk_seed44,44,99,0,False,False,True,0.6494,0.0,-0.32062042,3.0742722,-3.4961203709826805e-06,0.0015323522966355085,0.0015323562547564507,7e267c0bf303542b
2,day2_n8_topk_seed44,44,99,1,False,False,True,0.6056,0.0,-1.4318941,0.59766483,-4.864667971560266e-06,0.0015362671110779047,0.0015362747944891453,7e267c0bf303542b
2,day2_n8_topk_seed44,44,99,2,False,False,True,0.6468,0.0,-0.2571504,0.49270037,-5.961559963907348e-06,0.0015018600970506668,0.0015018719714134932,7e267c0bf303542b
2,day2_n8_topk_seed44,44,99,3,False,False,True,0.6528,0.0,-4.0357666,-4.9106474,-5.02791908729705e-06,0.0015892997616901994,0.0015893075615167618,7e267c0bf303542b
2,day2_n8_topk_seed44,44,99,4,False,False,True,0.6144,0.0,5.9748883,-3.3371744,-3.3618368888710393e-06,0.001589929568581283,0.001589933061040938,7e267c0bf303542b
2,day2_n8_topk_seed44,44,99,5,False,False,True,0.6856,0.0,0.46075884,0.762181,1.8770883514207526e-07,0.0015560699393972754,0.0015560699393972754,7e267c0bf303542b
2,day2_n8_topk_seed44,44,99,6,False,False,True,0.6722,0.0,0.77151966,2.8946738,-6.932144970051013e-06,0.001515821786597371,0.0015158377354964614,7e267c0bf303542b
2,day2_n8_topk_seed44,44,99,7,False,False,True,0.6518,0.0,-1.1617419,0.42633352,-4.785422333952738e-06,0.0015158549649640918,0.0015158625319600105,7e267c0bf303542b
2,day2_n8_topk_seed44,44,100,0,False,False,True,0.6358,0.0,0.53474134,0.7445442,-7.746578376099933e-06,0.0015513780526816845,0.0015513973776251078,7e267c0bf303542b
2,day2_n8_topk_seed44,44,100,1,False,False,True,0.6106,0.0,2.0628896,-0.6317654,-3.631019581007422e-06,0.0015399192925542593,0.001539923599921167,7e267c0bf303542b
2,day2_n8_topk_seed44,44,100,2,False,False,True,0.5794,0.0,-5.37646,-4.867238,-3.413031663512811e-06,0.0016754521057009697,0.0016754555981606245,7e267c0bf303542b
2,day2_n8_topk_seed44,44,100,3,False,False,True,0.6842,0.0,0.8992672,0.9022515,-3.544374067132594e-06,0.0014880865346640348,0.0014880908420309424,7e267c0bf303542b
2,day2_n8_topk_seed44,44,100,4,False,False,True,0.6596,0.0,-3.3982947,5.0606146,-2.9523723696911475e-06,0.0016344495816156268,0.0016344523755833507,7e267c0bf303542b
2,day2_n8_topk_seed44,44,100,5,False,False,True,0.6482,0.0,3.893169,-2.5136695,-6.137462150945794e-06,0.001608323073014617,0.0016083347145467997,7e267c0bf303542b
2,day2_n8_topk_seed44,44,100,6,False,False,True,0.6748,0.0,1.3905876,0.65631247,-4.977498065272812e-06,0.001493612420745194,0.0014936206862330437,7e267c0bf303542b
2,day2_n8_topk_seed44,44,100,7,False,False,True,0.6402,0.0,-0.0058991094,0.64895844,-1.956465894181747e-06,0.001501233084127307,0.001501234364695847,7e267c0bf303542b
2,day2_n8_topk_seed44,44,101,0,False,False,True,0.7782,0.0,-0.5935564,0.08703482,-1.0315170584362932e-06,0.00018149615789297968,0.0001814990973798558,7e267c0bf303542b
2,day2_n8_topk_seed44,44,101,1,False,False,True,0.7752,0.0,0.037003107,0.37775445,-8.377784865842841e-07,0.00016799461445771158,0.00016799670993350446,7e267c0bf303542b
2,day2_n8_topk_seed44,44,101,2,False,False,True,0.7716,0.0,-0.012487174,-0.2391733,-1.036088974615268e-06,0.00016286106256302446,0.0001628643658477813,7e267c0bf303542b
2,day2_n8_topk_seed44,44,101,3,False,False,True,0.7732,0.0,0.39660472,0.29804844,-1.8451580672262935e-06,0.0001736338308546692,0.00017364363884553313,7e267c0bf303542b
2,day2_n8_topk_seed44,44,101,4,False,False,True,0.7706,0.0,0.09631962,-0.34946126,-1.0261194347549463e-06,0.00016861833864822984,0.00016862143820617348,7e267c0bf303542b
2,day2_n8_topk_seed44,44,101,5,False,False,True,0.7726,0.0,0.07366032,-0.05566903,-1.2130694813095033e-06,0.0001667180476943031,0.0001667224569246173,7e267c0bf303542b
2,day2_n8_topk_seed44,44,101,6,False,False,True,0.77,0.0,0.12655206,-0.24121884,-1.470528331992682e-06,0.00016853051783982664,0.00016853694978635758,7e267c0bf303542b
2,day2_n8_topk_seed44,44,101,7,False,False,True,0.7682,0.0,-0.12409621,0.12268461,-1.0744781775429146e-06,0.00016328057972714305,0.00016328411584254354,7e267c0bf303542b
2,day2_n8_topk_seed44,44,102,0,False,False,True,0.7784,0.0,-0.38095814,-0.36026108,-8.420823291999113e-07,0.00016650866018608212,0.0001665107993176207,7e267c0bf303542b
2,day2_n8_topk_seed44,44,102,1,False,False,True,0.7824,0.0,-0.13320272,0.37649098,-1.4120659841410088e-07,0.00016215050709433854,0.00016215056530199945,7e267c0bf303542b
2,day2_n8_topk_seed44,44,102,2,False,False,True,0.7752,0.0,0.10747904,-0.107772686,-7.993928079486068e-07,0.0001653320068726316,0.00016533394227735698,7e267c0bf303542b
2,day2_n8_topk_seed44,44,102,3,False,False,True,0.7746,0.0,-0.04052676,0.030246545,-9.917119996316615e-07,0.00015613612777087837,0.0001561392709845677,7e267c0bf303542b
2,day2_n8_topk_seed44,44,102,4,False,False,True,0.7786,0.0,0.09025572,0.4314331,-3.7682588072129874e-07,0.00016592915926594287,0.00016592959582339972,7e267c0bf303542b
2,day2_n8_topk_seed44,44,102,5,False,False,True,0.7806,0.0,0.6020775,-0.23359078,-5.486933218890044e-07,0.00016789617075119168,0.0001678970584180206,7e267c0bf303542b
2,day2_n8_topk_seed44,44,102,6,False,False,True,0.7798,0.0,-0.07791818,0.051333465,-9.308963058174413e-07,0.00016021750343497843,0.0001602202100912109,7e267c0bf303542b
2,day2_n8_topk_seed44,44,102,7,False,False,True,0.7822,0.0,-0.1672059,-0.18787956,-1.891556706823394e-07,0.00016067428805399686,0.00016067438991740346,7e267c0bf303542b
2,day2_n8_topk_seed44,44,103,0,False,False,True,0.7816,0.0,-0.11052888,-0.20087348,-9.733564638736425e-07,0.00017457960348110646,0.00017458232468925416,7e267c0bf303542b
2,day2_n8_topk_seed44,44,103,1,False,False,True,0.7838,0.0,-0.1795619,-0.1813913,-8.907060333740446e-08,0.00016536696057301015,0.00016536700422875583,7e267c0bf303542b
2,day2_n8_topk_seed44,44,103,2,False,False,True,0.7746,0.0,-0.105424844,0.25066206,-2.5222379740341694e-09,0.00017909442249219865,0.00017909442249219865,7e267c0bf303542b
2,day2_n8_topk_seed44,44,103,3,False,False,True,0.7864,0.0,-0.23438036,-0.0922115,-1.0568085144768702e-06,0.00016891941777430475,0.0001689227210590616,7e267c0bf303542b
2,day2_n8_topk_seed44,44,103,4,False,False,True,0.7802,0.0,-0.031338528,-0.10340527,-7.137415991564922e-07,0.00016355632396880537,0.00016355789557565004,7e267c0bf303542b
2,day2_n8_topk_seed44,44,103,5,False,False,True,0.7818,0.0,0.10258353,0.69431907,-3.9348131508631923e-07,0.00018169084796682,0.0001816912554204464,7e267c0bf303542b
2,day2_n8_topk_seed44,44,103,6,False,False,True,0.78,0.0,0.7926782,-0.20486678,-4.5150500227464363e-07,0.00019230734324082732,0.00019230786710977554,7e267c0bf303542b
2,day2_n8_topk_seed44,44,103,7,False,False,True,0.7852,0.0,-0.23402871,-0.16223304,-4.3435395014057576e-07,0.00016643285925965756,0.00016643342678435147,7e267c0bf303542b
2,day2_n8_topk_seed44,44,104,0,False,False,True,0.786,0.0,0.3904808,0.6801535,-1.724386180512738e-07,0.00018310951418243349,0.00018310958694200963,7e267c0bf303542b
2,day2_n8_topk_seed44,44,104,1,False,False,True,0.7794,0.0,-0.046567578,-0.033051178,-4.1581344589758373e-07,0.00017438996292185038,0.00017439047223888338,7e267c0bf303542b
2,day2_n8_topk_seed44,44,104,2,False,False,True,0.7854,0.0,0.6114227,-0.40312424,-7.092899778626816e-08,0.00018499860016163439,0.00018499861471354961,7e267c0bf303542b
2,day2_n8_topk_seed44,44,104,3,False,False,True,0.7788,0.0,-0.12175965,-0.09944006,-8.161181881405355e-07,0.00016880681505426764,0.0001688087941147387,7e267c0bf303542b
2,day2_n8_topk_seed44,44,104,4,False,False,True,0.7794,0.0,-0.42965406,0.14794135,-2.7648562195281556e-07,0.0001817373704398051,0.0001817375741666183,7e267c0bf303542b
2,day2_n8_topk_seed44,44,104,5,False,False,True,0.7838,0.0,-0.17633729,0.043161392,-5.885383416170953e-07,0.000174815344507806,0.00017481633403804153,7e267c0bf303542b
2,day2_n8_topk_seed44,44,104,6,False,False,True,0.7826,0.0,-0.11768646,-0.1969319,-7.703247888457554e-07,0.000175251901964657,0.00017525360453873873,7e267c0bf303542b
2,day2_n8_topk_seed44,44,104,7,False,False,True,0.7832,0.0,-0.10989823,-0.13870929,-1.9345029045325646e-07,0.0001702253648545593,0.00017022548126988113,7e267c0bf303542b
2,day2_n8_topk_seed44,44,105,0,False,False,True,0.7838,0.0,0.4417828,-0.2822016,-3.164054191984178e-07,0.00018378350068815053,0.0001837837917264551,7e267c0bf303542b
2,day2_n8_topk_seed44,44,105,1,False,False,True,0.7864,0.0,0.3054182,-0.29263428,-5.329309260559967e-08,0.00018465481116436422,0.00018465482571627945,7e267c0bf303542b
2,day2_n8_topk_seed44,44,105,2,False,False,True,0.7864,0.0,-0.04790082,0.22007354,-2.69869673275025e-07,0.0001786957582226023,0.0001786959619494155,7e267c0bf303542b
2,day2_n8_topk_seed44,44,105,3,False,False,True,0.7932,0.0,0.20438519,0.093689226,-4.2333223859714053e-07,0.00017509434837847948,0.0001750948722474277,7e267c0bf303542b
2,day2_n8_topk_seed44,44,105,4,False,False,True,0.7836,0.0,-0.11101925,0.01713057,-9.046846050075885e-10,0.00017621820734348148,0.00017621820734348148,7e267c0bf303542b
2,day2_n8_topk_seed44,44,105,5,False,False,True,0.783,0.0,0.007400107,0.66257477,-5.59259447641125e-08,0.00018164403445553035,0.00018164404900744557,7e267c0bf303542b
2,day2_n8_topk_seed44,44,105,6,False,False,True,0.789,0.0,-0.1079605,-0.14944638,-2.5539646841821195e-08,0.00017676125571597368,0.00017676125571597368,7e267c0bf303542b
2,day2_n8_topk_seed44,44,105,7,False,False,True,0.7764,0.0,-0.69210607,-0.26918572,-3.686332377128565e-07,0.00018731785530690104,0.00018731821910478175,7e267c0bf303542b
2,day2_n8_topk_seed44,44,106,0,False,False,True,0.7854,0.0,-0.026213493,-0.008131365,-5.486883765115635e-07,0.00018131366232410073,0.00018131449178326875,7e267c0bf303542b
2,day2_n8_topk_seed44,44,106,1,False,False,True,0.779,0.0,-0.08482535,-0.053750385,3.630512424024346e-07,0.0001819939789129421,0.00018199434271082282,7e267c0bf303542b
2,day2_n8_topk_seed44,44,106,2,False,False,True,0.785,0.0,0.86860883,0.18190119,-5.250732328931917e-07,0.00020423205569386482,0.00020423275418579578,7e267c0bf303542b
2,day2_n8_topk_seed44,44,106,3,False,False,True,0.7832,0.0,-0.38703436,0.5543267,-6.214136192284059e-07,0.00018816351075656712,0.00018816454394254833,7e267c0bf303542b
2,day2_n8_topk_seed44,44,106,4,False,False,True,0.7878,0.0,-0.19270189,-0.032762397,-3.416898266550561e-07,0.00017864390974864364,0.0001786442444426939,7e267c0bf303542b
2,day2_n8_topk_seed44,44,106,5,False,False,True,0.784,0.0,-0.0683894,-0.67497325,-2.3047421393584955e-07,0.00018764873675536364,0.00018764889682643116,7e267c0bf303542b
2,day2_n8_topk_seed44,44,106,6,False,False,True,0.783,0.0,0.02832508,0.023454811,-6.988959739828715e-07,0.00017645125626586378,0.00017645263869781047,7e267c0bf303542b
2,day2_n8_topk_seed44,44,106,7,False,False,True,0.7798,0.0,-0.13777018,0.009934157,1.69370878211339e-07,0.00017493238556198776,0.0001749324583215639,7e267c0bf303542b
2,day2_n8_topk_seed44,44,107,0,False,False,True,0.7866,0.0,0.050789356,-0.011067617,-3.8991532846921473e-07,0.00018806979642249644,0.00018807020387612283,7e267c0bf303542b
2,day2_n8_topk_seed44,44,107,1,False,False,True,0.7886,0.0,-0.0448723,-0.5163348,3.902579237546888e-07,0.0002004513517022133,0.00020045173005200922,7e267c0bf303542b
2,day2_n8_topk_seed44,44,107,2,False,False,True,0.7842,0.0,-0.85941696,0.48610455,-7.964047199493507e-07,0.00022492851712740958,0.00022492992866318673,7e267c0bf303542b
2,day2_n8_topk_seed44,44,107,3,False,False,True,0.7864,0.0,0.6757803,0.6416154,-4.774747139890678e-07,0.0002218760346295312,0.00022187652939464897,7e267c0bf303542b
2,day2_n8_topk_seed44,44,107,4,False,False,True,0.7816,0.0,0.031799704,-0.054721646,-5.011391408515919e-07,0.00018140545580536127,0.00018140615429729223,7e267c0bf303542b
2,day2_n8_topk_seed44,44,107,5,False,False,True,0.7884,0.0,0.008041485,-0.026748573,-1.1226838125821814e-07,0.00018917045963462442,0.00018917051784228534,7e267c0bf303542b
2,day2_n8_topk_seed44,44,107,6,False,False,True,0.7862,0.0,0.0640539,-0.18705013,-2.940224135272729e-07,0.0001946653937920928,0.00019466561207082123,7e267c0bf303542b
2,day2_n8_topk_seed44,44,107,7,False,False,True,0.79,0.0,0.07382553,-0.33179742,-2.474467066804209e-07,0.00018760068633127958,0.00018760086095426232,7e267c0bf303542b
2,day2_n8_topk_seed44,44,108,0,False,False,True,0.782,0.0,-0.079544134,0.3582408,3.5866516867599785e-08,0.0001890426647150889,0.0001890426647150889,7e267c0bf303542b
2,day2_n8_topk_seed44,44,108,1,False,False,True,0.7814,0.0,-0.13253452,0.24541499,-1.7335345603441965e-07,0.00019295531092211604,0.00019295538368169218,7e267c0bf303542b
2,day2_n8_topk_seed44,44,108,2,False,False,True,0.7902,0.0,-0.09828972,0.1502781,-1.0916764949797653e-06,0.00019214906205888838,0.00019215216161683202,7e267c0bf303542b
2,day2_n8_topk_seed44,44,108,3,False,False,True,0.7888,0.0,-0.017994666,0.08289217,-4.7527757374155044e-07,0.00018902358715422451,0.0001890241983346641,7e267c0bf303542b
2,day2_n8_topk_seed44,44,108,4,False,False,True,0.7856,0.0,-0.43752834,-0.7857976,-9.437645331900057e-08,0.0002068492176476866,0.00020684923219960183,7e267c0bf303542b
2,day2_n8_topk_seed44,44,108,5,False,False,True,0.7904,0.0,0.8870462,-0.28414178,-6.3696512597744e-07,0.00021254671446513385,0.00021254767489153892,7e267c0bf303542b
2,day2_n8_topk_seed44,44,108,6,False,False,True,0.786,0.0,-0.04830317,0.10205647,-5.37513244580623e-07,0.0001887438411358744,0.0001887446123873815,7e267c0bf303542b
2,day2_n8_topk_seed44,44,108,7,False,False,True,0.7828,0.0,-0.0728525,0.13105702,-3.0138667739265657e-07,0.00018233971786685288,0.000182339979801327,7e267c0bf303542b
2,day2_n8_topk_seed44,44,109,0,False,False,True,0.7894,0.0,0.14411697,0.26091933,-6.287881149091845e-08,0.0001982434478122741,0.00019824346236418933,7e267c0bf303542b
2,day2_n8_topk_seed44,44,109,1,False,False,True,0.7914,0.0,0.3843159,0.64645135,1.0749980816626703e-07,0.00021040081628598273,0.00021040084538981318,7e267c0bf303542b
2,day2_n8_topk_seed44,44,109,2,False,False,True,0.7898,0.0,-0.055471577,-0.037154354,-4.067954080255731e-07,0.00019065686501562595,0.0001906573015730828,7e267c0bf303542b
2,day2_n8_topk_seed44,44,109,3,False,False,True,0.7894,0.0,-0.0017893204,0.0037851997,-5.326005521055777e-07,0.00019011666881851852,0.0001901174255181104,7e267c0bf303542b
2,day2_n8_topk_seed44,44,109,4,False,False,True,0.7912,0.0,-0.07339659,-0.15971899,-1.5127439212392346e-07,0.0001953046885319054,0.00019530474673956633,7e267c0bf303542b
2,day2_n8_topk_seed44,44,109,5,False,False,True,0.788,0.0,-0.84332067,-0.012080171,-3.2477959166499204e-07,0.00021361239487305284,0.00021361264225561172,7e267c0bf303542b
2,day2_n8_topk_seed44,44,109,6,False,False,True,0.7814,0.0,0.0037388045,-0.00052137853,-5.174135822016979e-07,0.00019127465202473104,0.000191275350516662,7e267c0bf303542b
2,day2_n8_topk_seed44,44,109,7,False,False,True,0.7884,0.0,0.44180596,-0.701681,-4.7097722699618316e-07,0.00021355848002713174,0.00021355900389607996,7e267c0bf303542b
2,day2_n8_topk_seed44,44,110,0,False,False,True,0.7838,0.0,1.9753194,-0.023758885,8.923511813918594e-07,0.0004696290416177362,0.000469629856524989,7e267c0bf303542b
2,day2_n8_topk_seed44,44,110,1,False,False,True,0.7928,0.0,-0.319468,-0.83293664,-4.956183374815737e-07,0.00023566947493236512,0.00023566999880131334,7e267c0bf303542b
2,day2_n8_topk_seed44,44,110,2,False,False,True,0.7878,0.0,-0.35111046,0.18853396,-5.08868140514096e-07,0.00019395753042772412,0.00019395819981582463,7e267c0bf303542b
2,day2_n8_topk_seed44,44,110,3,False,False,True,0.7886,0.0,-0.12781785,-0.4351702,-4.594950837599754e-07,0.00022376529523171484,0.0002237657899968326,7e267c0bf303542b
2,day2_n8_topk_seed44,44,110,4,False,False,True,0.7902,0.0,-0.27690142,0.122661926,2.4077937155198015e-07,0.0001933063322212547,0.000193306477740407,7e267c0bf303542b
2,day2_n8_topk_seed44,44,110,5,False,False,True,0.7968,0.0,-0.04470143,0.65489924,-8.689620472068782e-07,0.00022757718397770077,0.00022757882834412158,7e267c0bf303542b
2,day2_n8_topk_seed44,44,110,6,False,False,True,0.7856,0.0,-0.3488101,0.12464245,-4.781878146786767e-07,0.00019976541807409376,0.0001997660001507029,7e267c0bf303542b
2,day2_n8_topk_seed44,44,110,7,False,False,True,0.7866,0.0,-0.50651616,0.20112853,-3.214728039324655e-08,0.00019946915563195944,0.00019946915563195944,7e267c0bf303542b
2,day2_n8_topk_seed44,44,111,0,False,False,True,0.7828,0.0,0.28840604,-0.8732781,5.0292172204535746e-08,0.00023093349591363221,0.00023093351046554744,7e267c0bf303542b
2,day2_n8_topk_seed44,44,111,1,False,False,True,0.7892,0.0,-0.19635105,-0.14696604,3.6416732740462976e-08,0.00020620740542653948,0.00020620740542653948,7e267c0bf303542b
2,day2_n8_topk_seed44,44,111,2,False,False,True,0.7866,0.0,-0.22774485,0.09553932,-1.0812230044621174e-07,0.00020234822295606136,0.00020234825205989182,7e267c0bf303542b
2,day2_n8_topk_seed44,44,111,3,False,False,True,0.7864,0.0,-0.19739729,0.10708712,-6.716203415635391e-07,0.0001996246282942593,0.00019962576334364712,7e267c0bf303542b
2,day2_n8_topk_seed44,44,111,4,False,False,True,0.7968,0.0,-0.15573761,-0.0042904643,2.803820962071768e-07,0.00019833602709695697,0.00019833623082377017,7e267c0bf303542b
2,day2_n8_topk_seed44,44,111,5,False,False,True,0.7856,0.0,-0.37953797,0.45473358,3.838992199689528e-07,0.00021907046902924776,0.000219070803723298,7e267c0bf303542b
2,day2_n8_topk_seed44,44,111,6,False,False,True,0.7858,0.0,-0.2023624,-0.0350935,-1.434558356550042e-07,0.00021207107056397945,0.00021207112877164036,7e267c0bf303542b
2,day2_n8_topk_seed44,44,111,7,False,False,True,0.7706,0.0,1.0707237,0.4022681,3.4549142924333864e-07,0.0002616251294966787,0.00026162536232732236,7e267c0bf303542b
2,day2_n8_topk_seed44,44,112,0,False,False,True,0.791,0.0,0.25613922,-0.33672264,-1.3388654451773618e-07,0.0002239748282590881,0.00022397485736291856,7e267c0bf303542b
2,day2_n8_topk_seed44,44,112,1,False,False,True,0.7912,0.0,0.21566275,-0.1416625,-7.975803129056658e-08,0.00020389103156048805,0.00020389104611240327,7e267c0bf303542b
2,day2_n8_topk_seed44,44,112,2,False,False,True,0.7858,0.0,0.2630438,-0.40318462,-9.483043754698883e-07,0.0002283015928696841,0.00022830357193015516,7e267c0bf303542b
2,day2_n8_topk_seed44,44,112,3,False,False,True,0.67,0.0,-1.4923017,-0.15183659,-1.394057676407101e-06,0.00035099746310152113,0.00035100019886158407,7e267c0bf303542b
2,day2_n8_topk_seed44,44,112,4,False,False,True,0.7814,0.0,-0.016915966,0.94448435,3.4808962823262846e-08,0.0002627402718644589,0.0002627402718644589,7e267c0bf303542b
2,day2_n8_topk_seed44,44,112,5,False,False,True,0.7864,0.0,0.26383555,-0.39355886,9.57864898509797e-08,0.00020953596686013043,0.00020953599596396089,7e267c0bf303542b
2,day2_n8_topk_seed44,44,112,6,False,False,True,0.7886,0.0,0.24217686,0.511724,3.3006233479682123e-07,0.00024524895707145333,0.000245249189902097,7e267c0bf303542b
2,day2_n8_topk_seed44,44,112,7,False,False,True,0.789,0.0,0.26836443,-0.029242976,-3.469980072168255e-07,0.00020030021551065147,0.00020030052110087126,7e267c0bf303542b
2,day2_n8_topk_seed44,44,113,0,False,False,True,0.7846,0.0,0.19354182,0.21380235,-1.381445855486163e-07,0.00021729213767684996,0.00021729218133259565,7e267c0bf303542b
2,day2_n8_topk_seed44,44,113,1,False,False,True,0.7946,0.0,0.4273485,-0.06887738,2.1925846738213295e-07,0.00020957428205292672,0.00020957441302016377,7e267c0bf303542b
2,day2_n8_topk_seed44,44,113,2,False,False,True,0.7934,0.0,0.4630373,-0.7411519,1.599220809112012e-07,0.00022911664564162493,0.0002291166892973706,7e267c0bf303542b
2,day2_n8_topk_seed44,44,113,3,False,False,True,0.7952,0.0,0.05902006,0.29509115,-1.675424101676981e-07,0.00021019707492087036,0.00021019713312853128,7e267c0bf303542b
2,day2_n8_topk_seed44,44,113,4,False,False,True,0.7886,0.0,0.088265374,0.3357345,-3.27666043631325e-07,0.00021000104607082903,0.00021000129345338792,7e267c0bf303542b
2,day2_n8_topk_seed44,44,113,5,False,False,True,0.7844,0.0,-1.3254952,-0.3983542,-4.1826086771834525e-07,0.0003263527760282159,0.00032635303796269,7e267c0bf303542b
2,day2_n8_topk_seed44,44,113,6,False,False,True,0.7872,0.0,0.39718238,-0.1909062,-2.7698993321223497e-08,0.00023526197765022516,0.0002352619922021404,7e267c0bf303542b
2,day2_n8_topk_seed44,44,113,7,False,False,True,0.7498,0.0,-0.3028981,0.554663,3.203475671398337e-07,0.0002339486381970346,0.0002339488419238478,7e267c0bf303542b
2,day2_n8_topk_seed44,44,114,0,False,False,True,0.7912,0.0,-0.36891934,0.7981133,-1.558919819899529e-07,0.00022167690622154623,0.00022167694987729192,7e267c0bf303542b
2,day2_n8_topk_seed44,44,114,1,False,False,True,0.786,0.0,0.15374157,-0.22067605,9.732230665804309e-08,0.00020711867546197027,0.00020711867546197027,7e267c0bf303542b
2,day2_n8_topk_seed44,44,114,2,False,False,True,0.786,0.0,-0.3568198,-0.4945671,2.3819142214165367e-08,0.0002151990047423169,0.00021519899019040167,7e267c0bf303542b
2,day2_n8_topk_seed44,44,114,3,False,False,True,0.798,0.0,0.27521017,0.1777945,-7.281520311153145e-07,0.00020171134383417666,0.0002017126535065472,7e267c0bf303542b
2,day2_n8_topk_seed44,44,114,4,False,False,True,0.788,0.0,0.57532716,0.0798711,-5.06229184793483e-07,0.00020918734662700444,0.00020918795780744404,7e267c0bf303542b
2,day2_n8_topk_seed44,44,114,5,False,False,True,0.791,0.0,0.012139107,0.110879876,-7.868777629482793e-07,0.0002172620443161577,0.00021726345585193485,7e267c0bf303542b
2,day2_n8_topk_seed44,44,114,6,False,False,True,0.7916,0.0,0.3484593,-0.23577484,-1.906042257360241e-07,0.00020781613420695066,0.0002078162069665268,7e267c0bf303542b
2,day2_n8_topk_seed44,44,114,7,False,False,True,0.7858,0.0,-0.63913786,-0.2156406,-2.450536271680903e-07,0.00022324691235553473,0.00022324705787468702,7e267c0bf303542b
2,day2_n8_topk_seed44,44,115,0,False,False,True,0.7888,0.0,0.054959606,0.28314614,-4.464625291689117e-08,0.00022520640050061047,0.0002252064150525257,7e267c0bf303542b
2,day2_n8_topk_seed44,44,115,1,False,False,True,0.7946,0.0,0.025000094,-0.012837591,2.1218819767909736e-07,0.00021636630117427558,0.0002163664175895974,7e267c0bf303542b
2,day2_n8_topk_seed44,44,115,2,False,False,True,0.7702,0.0,0.22715211,1.0415307,3.505005281567719e-07,0.0002633417025208473,0.00026334196445532143,7e267c0bf303542b
2,day2_n8_topk_seed44,44,115,3,False,False,True,0.7842,0.0,0.38802573,-0.1330015,-4.831846922570548e-07,0.00023291700927074999,0.00023291750403586775,7e267c0bf303542b
2,day2_n8_topk_seed44,44,115,4,False,False,True,0.7836,0.0,0.2867323,-0.5490452,-9.689987336969352e-07,0.00024468719493597746,0.0002446891157887876,7e267c0bf303542b
2,day2_n8_topk_seed44,44,115,5,False,False,True,0.7972,0.0,0.29893515,-0.27481845,-2.3058659337493737e-07,0.0002313032018719241,0.0002313033037353307,7e267c0bf303542b
2,day2_n8_topk_seed44,44,115,6,False,False,True,0.7886,0.0,-1.5484183,-0.07398553,-1.011044105325709e-06,0.00034871770185418427,0.0003487191570457071,7e267c0bf303542b
2,day2_n8_topk_seed44,44,115,7,False,False,True,0.7816,0.0,0.2676163,-0.28098923,7.298843343050976e-07,0.0002252739213872701,0.00022527511464431882,7e267c0bf303542b
2,day2_n8_topk_seed44,44,116,0,False,False,True,0.789,0.0,0.40738755,-0.22477621,-2.0654938737152406e-07,0.0002337361656827852,0.00023373625299427658,7e267c0bf303542b
2,day2_n8_topk_seed44,44,116,1,False,False,True,0.7794,0.0,-1.1623101,0.43707597,6.644021368629183e-07,0.0002846021088771522,0.0002846028655767441,7e267c0bf303542b
2,day2_n8_topk_seed44,44,116,2,False,False,True,0.7926,0.0,0.48418504,0.41652018,-3.644976800387667e-07,0.00025000603636726737,0.000250006269197911,7e267c0bf303542b
2,day2_n8_topk_seed44,44,116,3,False,False,True,0.7948,0.0,0.38821593,0.5345772,-8.67718597419298e-07,0.00023837191110942513,0.0002383734827162698,7e267c0bf303542b
2,day2_n8_topk_seed44,44,116,4,False,False,True,0.794,0.0,0.1868964,-0.0070503573,1.2024160866985767e-07,0.0002245220384793356,0.00022452205303125083,7e267c0bf303542b
2,day2_n8_topk_seed44,44,116,5,False,False,True,0.7978,0.0,0.0577942,-0.25428948,-7.055986657178437e-07,0.00021591414406429976,0.0002159152936656028,7e267c0bf303542b
2,day2_n8_topk_seed44,44,116,6,False,False,True,0.785,0.0,-0.22800978,-0.9097392,1.4778395041048498e-07,0.0002504850854165852,0.0002504851436242461,7e267c0bf303542b
2,day2_n8_topk_seed44,44,116,7,False,False,True,0.7914,0.0,-0.13415825,0.0076818946,-1.4428428585233632e-07,0.0002165807381970808,0.0002165807964047417,7e267c0bf303542b
2,day2_n8_topk_seed44,44,117,0,False,False,True,0.7916,0.0,0.36610487,-0.06698268,-2.572469952610845e-07,0.0002172408567275852,0.0002172410167986527,7e267c0bf303542b
2,day2_n8_topk_seed44,44,117,1,False,False,True,0.788,0.0,0.04789178,-0.0011482507,5.603897079708986e-08,0.00021926959743723273,0.00021926959743723273,7e267c0bf303542b
2,day2_n8_topk_seed44,44,117,2,False,False,True,0.7976,0.0,0.06342493,0.12612088,-4.1582543985896336e-07,0.00023665631306357682,0.00023665667686145753,7e267c0bf303542b
2,day2_n8_topk_seed44,44,117,3,False,False,True,0.7904,0.0,1.0089748,0.061537504,5.08627181261545e-07,0.00026581459678709507,0.00026581509155221283,7e267c0bf303542b
2,day2_n8_topk_seed44,44,117,4,False,False,True,0.7938,0.0,-0.074667625,-0.42189503,-2.6207385417365003e-07,0.00023531787155661732,0.0002353180170757696,7e267c0bf303542b
2,day2_n8_topk_seed44,44,117,5,False,False,True,0.7886,0.0,-0.58768755,0.99874324,6.752078434146824e-07,0.00027557442081160843,0.0002755752357188612,7e267c0bf303542b
2,day2_n8_topk_seed44,44,117,6,False,False,True,0.79,0.0,-0.843284,-0.60674757,-5.495623440765485e-07,0.0002837300125975162,0.0002837305364664644,7e267c0bf303542b
2,day2_n8_topk_seed44,44,117,7,False,False,True,0.7942,0.0,0.019242369,-0.08962855,6.81922642797872e-08,0.00022248749155551195,0.00022248750610742718,7e267c0bf303542b
2,day2_n8_topk_seed44,44,118,0,False,False,True,0.7844,0.0,1.7978671,-0.50507,-7.638662964382092e-07,0.00045037048403173685,0.0004503711243160069,7e267c0bf303542b
2,day2_n8_topk_seed44,44,118,1,False,False,True,0.7364,0.0,-0.6133589,-0.61654395,1.0346197996113915e-06,0.00026624288875609636,0.0002662448969203979,7e267c0bf303542b
2,day2_n8_topk_seed44,44,118,2,False,False,True,0.6824,0.0,0.47640565,1.1018947,7.698095032537822e-07,0.00031483243219554424,0.00031483336351811886,7e267c0bf303542b
2,day2_n8_topk_seed44,44,118,3,False,False,True,0.7896,0.0,-0.19847423,0.044858225,-9.781593917068676e-07,0.00023205450270324945,0.00023205655452329665,7e267c0bf303542b
2,day2_n8_topk_seed44,44,118,4,False,False,True,0.7956,0.0,-0.25969383,-0.076664396,-2.426856404724731e-08,0.00021254945022519678,0.000212549464777112,7e267c0bf303542b
2,day2_n8_topk_seed44,44,118,5,False,False,True,0.7934,0.0,-0.5598335,-0.0011576515,-5.281642643240048e-07,0.0002351205184822902,0.0002351211296627298,7e267c0bf303542b
2,day2_n8_topk_seed44,44,118,6,False,False,True,0.795,0.0,-0.4695172,-0.0081657255,-7.790051199663139e-07,0.00023451593006029725,0.00023451722518075258,7e267c0bf303542b
2,day2_n8_topk_seed44,44,118,7,False,False,True,0.791,0.0,-0.17339876,0.060849883,-2.2917791397958354e-07,0.00022257628734223545,0.00022257640375755727,7e267c0bf303542b
2,day2_n8_topk_seed44,44,119,0,False,False,True,0.7982,0.0,-0.31683287,0.062399495,1.863636072130248e-07,0.00022693313076160848,0.00022693320352118462,7e267c0bf303542b
2,day2_n8_topk_seed44,44,119,1,False,False,True,0.7902,0.0,-0.35598305,-0.8968824,-2.989167739997356e-07,0.0002782133233267814,0.00027821349794976413,7e267c0bf303542b
2,day2_n8_topk_seed44,44,119,2,False,False,True,0.7714,0.0,-0.45303395,0.495539,-1.8776201216041954e-07,0.00027136944117955863,0.00027136949938721955,7e267c0bf303542b
2,day2_n8_topk_seed44,44,119,3,False,False,True,0.7946,0.0,-0.52433765,-0.031420626,-2.1920217818660603e-07,0.00023627390328329057,0.00023627400514669716,7e267c0bf303542b
2,day2_n8_topk_seed44,44,119,4,False,False,True,0.7786,0.0,2.5894973,-0.04907132,2.154000867449213e-06,0.0005997515399940312,0.0005997553816996515,7e267c0bf303542b
2,day2_n8_topk_seed44,44,119,5,False,False,True,0.7922,0.0,-0.18756036,0.74355716,-5.066505650574982e-07,0.00026816962053999305,0.00026817008620128036,7e267c0bf303542b
2,day2_n8_topk_seed44,44,119,6,False,False,True,0.789,0.0,-0.2673011,0.08301035,1.997583609636422e-07,0.00023194118693936616,0.0002319412596989423,7e267c0bf303542b
2,day2_n8_topk_seed44,44,119,7,False,False,True,0.79,0.0,-0.48445603,-0.40713096,-1.110425884576216e-07,0.0002713284338824451,0.00027132846298627555,7e267c0bf303542b
2,day2_n8_topk_seed44,44,120,0,False,False,True,0.7872,0.0,1.148768,0.70686173,-8.624547831459495e-07,0.00030752544989809394,0.0003075266722589731,7e267c0bf303542b
2,day2_n8_topk_seed44,44,120,1,False,False,True,0.7912,0.0,0.76635814,0.1592877,5.94886330418376e-07,0.00023582937137689441,0.0002358301280764863,7e267c0bf303542b
2,day2_n8_topk_seed44,44,120,2,False,False,True,0.7936,0.0,0.7954896,0.014858003,-5.326726295606932e-07,0.00022233159688767046,0.0002223322371719405,7e267c0bf303542b
2,day2_n8_topk_seed44,44,120,3,False,False,True,0.7712,0.0,0.14833061,-1.3945932,-3.740025888987475e-08,0.0003529379901010543,0.00035293796099722385,7e267c0bf303542b
2,day2_n8_topk_seed44,44,120,4,False,False,True,0.7954,0.0,0.8200545,-0.029144464,-9.406128924638324e-07,0.00022841633472125977,0.00022841828467790037,7e267c0bf303542b
2,day2_n8_topk_seed44,44,120,5,False,False,True,0.7198,0.0,-5.3835816,0.19203585,6.608394414797658e-06,0.0012784748105332255,0.0012784918071702123,7e267c0bf303542b
2,day2_n8_topk_seed44,44,120,6,False,False,True,0.797,0.0,0.79279387,0.008955276,-8.519639749238195e-08,0.0002205895580118522,0.00022058957256376743,7e267c0bf303542b
2,day2_n8_topk_seed44,44,120,7,False,False,True,0.7906,0.0,0.91180974,0.34172833,-4.251233747254446e-07,0.0002494448854122311,0.00024944523465819657,7e267c0bf303542b
2,day2_n8_topk_seed44,44,121,0,False,False,True,0.7908,0.0,-0.12433385,-0.4614223,-3.9559651554554875e-08,0.000244185357587412,0.000244185357587412,7e267c0bf303542b
2,day2_n8_topk_seed44,44,121,1,False,False,True,0.7928,0.0,0.023819014,-0.3317513,5.727535494770564e-07,0.00023494231572840363,0.0002349430142203346,7e267c0bf303542b
2,day2_n8_topk_seed44,44,121,2,False,False,True,0.7944,0.0,0.6296968,-0.5945865,5.130798399477499e-07,0.00026544873253442347,0.0002654492564033717,7e267c0bf303542b
2,day2_n8_topk_seed44,44,121,3,False,False,True,0.7968,0.0,-0.41368777,0.6932969,-1.4184796270910738e-07,0.00025913407444022596,0.0002591341035440564,7e267c0bf303542b
2,day2_n8_topk_seed44,44,121,4,False,False,True,0.7916,0.0,-0.12642686,0.15375961,4.498162908816994e-08,0.00023133245122153312,0.00023133245122153312,7e267c0bf303542b
2,day2_n8_topk_seed44,44,121,5,False,False,True,0.7934,0.0,0.85256743,0.5849813,2.2907941854555247e-07,0.00026880556833930314,0.00026880568475462496,7e267c0bf303542b
2,day2_n8_topk_seed44,44,121,6,False,False,True,0.7992,0.0,-0.7398798,-0.20050474,-5.902254542888841e-07,0.0002493861538823694,0.00024938685237430036,7e267c0bf303542b
2,day2_n8_topk_seed44,44,121,7,False,False,True,0.7954,0.0,-0.10175463,0.15622799,-2.4408157628386107e-07,0.00022468791576102376,0.00022468801762443036,7e267c0bf303542b
2,day2_n8_topk_seed44,44,122,0,False,False,True,0.7934,0.0,0.119703434,0.06883368,-4.768868961946282e-07,0.00023144454462453723,0.00023144502483773977,7e267c0bf303542b
2,day2_n8_topk_seed44,44,122,1,False,False,True,0.7916,0.0,-1.2142678,-0.04615749,7.270387527569255e-07,0.0002802489616442472,0.00028024992207065225,7e267c0bf303542b
2,day2_n8_topk_seed44,44,122,2,False,False,True,0.7836,0.0,0.12510379,0.44559646,-4.2900947505586373e-07,0.00024192400451283902,0.00024192438286263496,7e267c0bf303542b
2,day2_n8_topk_seed44,44,122,3,False,False,True,0.7956,0.0,0.20081154,-1.0880729,-5.344040232557745e-07,0.0002614672121126205,0.0002614677359815687,7e267c0bf303542b
2,day2_n8_topk_seed44,44,122,4,False,False,True,0.7926,0.0,0.33830437,0.065184794,-1.136966488957114e-06,0.00022926989186089486,0.00022927271493244916,7e267c0bf303542b
2,day2_n8_topk_seed44,44,122,5,False,False,True,0.7938,0.0,0.15175904,0.11324957,-6.56332645121438e-07,0.00022383697796612978,0.00022383793839253485,7e267c0bf303542b
2,day2_n8_topk_seed44,44,122,6,False,False,True,0.796,0.0,0.09363676,0.24536413,-4.1743618339751265e-07,0.00023140531266108155,0.00023140567645896226,7e267c0bf303542b
2,day2_n8_topk_seed44,44,122,7,False,False,True,0.7906,0.0,0.18494935,0.19600326,6.98292481615681e-08,0.00021726555132772774,0.00021726555132772774,7e267c0bf303542b
2,day2_n8_topk_seed44,44,123,0,False,False,True,0.7894,0.0,-1.0591686,0.4383244,1.8670840518097975e-07,0.0002656802535057068,0.0002656803117133677,7e267c0bf303542b
2,day2_n8_topk_seed44,44,123,1,False,False,True,0.7966,0.0,0.117884144,0.018568015,2.637346767642157e-07,0.00023529438476543874,0.00023529454483650625,7e267c0bf303542b
2,day2_n8_topk_seed44,44,123,2,False,False,True,0.7966,0.0,-0.043372486,-0.00357283,6.658213180799066e-08,0.00023625639732927084,0.00023625641188118607,7e267c0bf303542b
2,day2_n8_topk_seed44,44,123,3,False,False,True,0.791,0.0,0.114590116,-0.57312024,-5.712856818718137e-07,0.00024844385916367173,0.00024844452855177224,7e267c0bf303542b
2,day2_n8_topk_seed44,44,123,4,False,False,True,0.7936,0.0,0.14063121,-0.46680188,5.221792775955691e-07,0.00025259130052290857,0.00025259185349568725,7e267c0bf303542b
2,day2_n8_topk_seed44,44,123,5,False,False,True,0.789,0.0,-0.15917623,-0.41698474,-5.469406119118503e-07,0.000247177726123482,0.0002471783373039216,7e267c0bf303542b
2,day2_n8_topk_seed44,44,123,6,False,False,True,0.7944,0.0,0.2659707,0.2747995,4.3936177007708466e-07,0.00024456946994177997,0.00024456987739540637,7e267c0bf303542b
2,day2_n8_topk_seed44,44,123,7,False,False,True,0.7918,0.0,0.62264186,0.72878766,8.364719974451873e-07,0.00025663062115199864,0.0002566319890320301,7e267c0bf303542b
2,day2_n8_topk_seed44,44,124,0,False,False,True,0.7866,0.0,0.43027568,1.2219099,-9.788983561520581e-07,0.00029363107751123607,0.00029363270732574165,7e267c0bf303542b
2,day2_n8_topk_seed44,44,124,1,False,False,True,0.793,0.0,-0.024856087,-0.37657303,-3.715890102284902e-07,0.00023863394744694233,0.0002386342384852469,7e267c0bf303542b
2,day2_n8_topk_seed44,44,124,2,False,False,True,0.7914,0.0,-1.1583018,0.09154498,-5.191533318793518e-07,0.0002944713633041829,0.0002944718289654702,7e267c0bf303542b
2,day2_n8_topk_seed44,44,124,3,False,False,True,0.7872,0.0,0.06860919,-0.12496739,-9.475323849983397e-07,0.00023491890169680119,0.0002349208079976961,7e267c0bf303542b
2,day2_n8_topk_seed44,44,124,4,False,False,True,0.7872,0.0,0.7711173,-0.5263104,2.3932184944897017e-07,0.00026674539549276233,0.00026674551190808415,7e267c0bf303542b
2,day2_n8_topk_seed44,44,124,5,False,False,True,0.797,0.0,-0.27693024,-0.041559152,-7.270331252584583e-07,0.00024845704319886863,0.00024845812004059553,7e267c0bf303542b
2,day2_n8_topk_seed44,44,124,6,False,False,True,0.7962,0.0,0.11937922,-0.18314447,-6.403781753760995e-07,0.00023343427164945751,0.00023343514476437122,7e267c0bf303542b
2,day2_n8_topk_seed44,44,124,7,False,False,True,0.7946,0.0,0.07070622,-0.06090152,-3.1087330398804625e-07,0.00022612910834141076,0.00022612931206822395,7e267c0bf303542b
2,day2_n8_topk_seed44,44,125,0,False,False,True,0.7964,0.0,0.3532185,-0.43920982,5.315826570040372e-07,0.00024882194702513516,0.0002488225291017443,7e267c0bf303542b
2,day2_n8_topk_seed44,44,125,1,False,False,True,0.7776,0.0,-1.3801223,0.08001328,2.7226218435316696e-07,0.000330024107825011,0.00033002422424033284,7e267c0bf303542b
2,day2_n8_topk_seed44,44,125,2,False,False,True,0.7962,0.0,0.18563336,-0.19417249,-1.079693447536556e-06,0.00023309407697524875,0.00023309657990466803,7e267c0bf303542b
2,day2_n8_topk_seed44,44,125,3,False,False,True,0.7922,0.0,0.2524037,-0.21690302,-2.819265887410438e-07,0.00023587740724906325,0.00023587756732013077,7e267c0bf303542b
2,day2_n8_topk_seed44,44,125,4,False,False,True,0.7958,0.0,0.3149966,1.2172903,-1.8653757933861925e-06,0.00028768822085112333,0.00028769427444785833,7e267c0bf303542b
2,day2_n8_topk_seed44,44,125,5,False,False,True,0.7978,0.0,-0.13714038,-0.192401,-1.1813427818196942e-06,0.000262328889220953,0.00026233153766952455,7e267c0bf303542b
2,day2_n8_topk_seed44,44,125,6,False,False,True,0.7984,0.0,0.2140258,-0.19454189,-2.7982761707789905e-07,0.00022804178297519684,0.00022804194304626435,7e267c0bf303542b
2,day2_n8_topk_seed44,44,125,7,False,False,True,0.797,0.0,0.1969866,-0.06007726,-3.601524554142088e-07,0.00022983356029726565,0.00022983385133557022,7e267c0bf303542b
2,day2_n8_topk_seed44,44,126,0,False,False,True,0.7972,0.0,-0.12200884,-0.020435292,-4.4022868905813084e-07,0.00023343776410911232,0.00023343818611465394,7e267c0bf303542b
2,day2_n8_topk_seed44,44,126,1,False,False,True,0.7942,0.0,-0.6713069,0.7961006,1.9467972833808744e-07,0.0002600482839625329,0.0002600483421701938,7e267c0bf303542b
2,day2_n8_topk_seed44,44,126,2,False,False,True,0.7886,0.0,1.1879979,0.40445334,1.4532135139688762e-07,0.0002877956139855087,0.0002877956721931696,7e267c0bf303542b
2,day2_n8_topk_seed44,44,126,3,False,False,True,0.7872,0.0,-0.11678132,-0.121856585,-7.836477067257874e-08,0.00024115873384289443,0.00024115874839480966,7e267c0bf303542b
2,day2_n8_topk_seed44,44,126,4,False,False,True,0.7978,0.0,-0.00896939,0.09021099,-2.51393885264406e-07,0.00024290553119499236,0.00024290567671414465,7e267c0bf303542b
2,day2_n8_topk_seed44,44,126,5,False,False,True,0.803,0.0,0.022793917,-0.76826733,-4.913863449473865e-07,0.0002488782338332385,0.0002488786994945258,7e267c0bf303542b
2,day2_n8_topk_seed44,44,126,6,False,False,True,0.7914,0.0,-0.14683032,-0.22974382,-9.93674262872446e-08,0.00024070829385891557,0.00024070833751466125,7e267c0bf303542b
2,day2_n8_topk_seed44,44,126,7,False,False,True,0.7946,0.0,-0.14489686,-0.15046296,2.8485908387665404e-07,0.00023592388606630266,0.0002359240606892854,7e267c0bf303542b
2,day2_n8_topk_seed44,44,127,0,False,False,True,0.7926,0.0,-0.044547144,-0.11064402,-2.779414742803965e-08,0.00024168020172510296,0.00024168020172510296,7e267c0bf303542b
2,day2_n8_topk_seed44,44,127,1,False,False,True,0.762,0.0,1.3143009,0.5092735,-1.866041259290796e-07,0.0003254998882766813,0.0003254999755881727,7e267c0bf303542b
2,day2_n8_topk_seed44,44,127,2,False,False,True,0.7856,0.0,0.12741932,-0.07365608,-1.2289390838304826e-07,0.0002488507016096264,0.00024885073071345687,7e267c0bf303542b
2,day2_n8_topk_seed44,44,127,3,False,False,True,0.7934,0.0,-0.23753946,-0.16932884,-9.730216561365523e-07,0.0002633900730870664,0.0002633919066283852,7e267c0bf303542b
2,day2_n8_topk_seed44,44,127,4,False,False,True,0.7922,0.0,-0.19612356,-0.8263743,-1.7928468309946766e-07,0.00027148850494995713,0.00027148856315761805,7e267c0bf303542b
2,day2_n8_topk_seed44,44,127,5,False,False,True,0.7992,0.0,-0.94996613,0.89951354,-1.334014996245969e-06,0.0002990019565913826,0.0002990049251820892,7e267c0bf303542b
2,day2_n8_topk_seed44,44,127,6,False,False,True,0.8,0.0,-0.14268075,-0.062086314,-4.2009625644823245e-07,0.0002450309111736715,0.0002450312895234674,7e267c0bf303542b
2,day2_n8_topk_seed44,44,127,7,False,False,True,0.7954,0.0,0.1291369,-0.16669899,-2.120044655384845e-07,0.0002576449769549072,0.0002576450351625681,7e267c0bf303542b
2,day2_n8_topk_seed44,44,128,0,False,False,True,0.795,0.0,0.24736916,1.2094659,-2.2121156462162617e-07,0.00028159338398836553,0.00028159350040368736,7e267c0bf303542b
2,day2_n8_topk_seed44,44,128,1,False,False,True,0.7932,0.0,0.2517612,-0.25819406,-2.075198324291705e-08,0.0002496516390237957,0.00024965160991996527,7e267c0bf303542b
2,day2_n8_topk_seed44,44,128,2,False,False,True,0.7966,0.0,-1.7843473,-0.006016293,9.59183012128051e-07,0.0004185375291854143,0.00041853863513097167,7e267c0bf303542b
2,day2_n8_topk_seed44,44,128,3,False,False,True,0.8002,0.0,0.23360115,-0.20826331,-1.102261421692674e-06,0.0002455106296110898,0.00024551310343667865,7e267c0bf303542b
2,day2_n8_topk_seed44,44,128,4,False,False,True,0.798,0.0,0.27205235,-0.047446404,3.166220210459869e-07,0.0002481267147231847,0.0002481269184499979,7e267c0bf303542b
2,day2_n8_topk_seed44,44,128,5,False,False,True,0.7994,0.0,0.2982973,-0.24911804,1.0165643971049576e-07,0.0002479007525835186,0.0002479007525835186,7e267c0bf303542b
2,day2_n8_topk_seed44,44,128,6,False,False,True,0.7956,0.0,0.25497568,-0.32704467,-5.751037406298565e-07,0.00024070155632216483,0.00024070224026218057,7e267c0bf303542b
2,day2_n8_topk_seed44,44,128,7,False,False,True,0.7906,0.0,0.22629654,-0.11338356,4.265536901471023e-08,0.00024061107251327485,0.00024061107251327485,7e267c0bf303542b
2,day2_n8_topk_seed44,44,129,0,False,False,True,0.7896,0.0,2.0251126,-0.10185198,-1.9981656862455566e-07,0.0004520768125075847,0.0004520768125075847,7e267c0bf303542b
2,day2_n8_topk_seed44,44,129,1,False,False,True,0.7912,0.0,-0.19202107,0.30426985,-6.01773706421227e-08,0.0002535178209654987,0.00025351785006932914,7e267c0bf303542b
2,day2_n8_topk_seed44,44,129,2,False,False,True,0.784,0.0,-0.52346945,0.3963417,-3.7975490840835846e-07,0.0003328307648189366,0.0003328309685457498,7e267c0bf303542b
2,day2_n8_topk_seed44,44,129,3,False,False,True,0.7902,0.0,0.0041268473,0.16364427,-7.533769235124055e-07,0.0002488310565240681,0.00024883219157345593,7e267c0bf303542b
2,day2_n8_topk_seed44,44,129,4,False,False,True,0.7856,0.0,-0.5310119,0.31160724,-7.360746394624584e-07,0.0002778110501822084,0.0002778120106086135,7e267c0bf303542b
2,day2_n8_topk_seed44,44,129,5,False,False,True,0.796,0.0,-0.4592697,-1.5489268,-1.4867674735796754e-06,0.00037753136712126434,0.00037753427750431,7e267c0bf303542b
2,day2_n8_topk_seed44,44,129,6,False,False,True,0.7896,0.0,-0.06633789,0.24998194,-1.1269882094211425e-07,0.00024191976990550756,0.00024191979900933802,7e267c0bf303542b
2,day2_n8_topk_seed44,44,129,7,False,False,True,0.797,0.0,-0.25713545,0.22493738,-4.914476221529185e-07,0.00024528635549359024,0.000245286850258708,7e267c0bf303542b
2,day2_n8_topk_seed44,44,130,0,False,False,True,0.7902,0.0,-1.2603449,0.4681657,-4.2204896999464836e-07,0.00030369291198439896,0.00030369317391887307,7e267c0bf303542b
2,day2_n8_topk_seed44,44,130,1,False,False,True,0.7992,0.0,0.021180727,-0.11530219,2.771886045138672e-07,0.0002551125071477145,0.0002551126526668668,7e267c0bf303542b
2,day2_n8_topk_seed44,44,130,2,False,False,True,0.8054,0.0,-0.028198278,-0.3273237,-2.3078098365658661e-07,0.0002592260134406388,0.0002592261298559606,7e267c0bf303542b
2,day2_n8_topk_seed44,44,130,3,False,False,True,0.8008,0.0,-0.009579234,-0.14481683,-1.0436995978579944e-07,0.0002484197320882231,0.00024841976119205356,7e267c0bf303542b
2,day2_n8_topk_seed44,44,130,4,False,False,True,0.7872,0.0,0.29710802,0.033496678,-3.6003646641802334e-07,0.00025952901341952384,0.00025952927535399795,7e267c0bf303542b
2,day2_n8_topk_seed44,44,130,5,False,False,True,0.7934,0.0,0.69276613,0.98568356,-3.722805672623508e-07,0.00028802567976526916,0.00028802594169974327,7e267c0bf303542b
2,day2_n8_topk_seed44,44,130,6,False,False,True,0.794,0.0,0.09357205,-0.63250864,-1.1155752588365431e-07,0.0002631407114677131,0.0002631407405715436,7e267c0bf303542b
2,day2_n8_topk_seed44,44,130,7,False,False,True,0.793,0.0,0.19349669,-0.2673946,-5.544355872189044e-07,0.00025341587024740875,0.00025341648142784834,7e267c0bf303542b
2,day2_n8_topk_seed44,44,131,0,False,False,True,0.7986,0.0,0.13027877,1.0425938,-7.108711201908591e-07,0.0002712423156481236,0.00027124324697069824,7e267c0bf303542b
2,day2_n8_topk_seed44,44,131,1,False,False,True,0.7932,0.0,0.3175765,0.031416137,7.042903575893433e-07,0.0002555670798756182,0.00025556806940585375,7e267c0bf303542b
2,day2_n8_topk_seed44,44,131,2,False,False,True,0.7868,0.0,-0.13094993,0.32001242,-4.064390566327347e-07,0.00027153873816132545,0.0002715390583034605,7e267c0bf303542b
2,day2_n8_topk_seed44,44,131,3,False,False,True,0.7804,0.0,-1.262283,-0.16552973,-1.1112427955595194e-06,0.00030297652119770646,0.00030297855846583843,7e267c0bf303542b
2,day2_n8_topk_seed44,44,131,4,False,False,True,0.8012,0.0,0.29373634,-0.4805682,-3.9257625417121744e-07,0.0002530310011934489,0.00025303129223175347,7e267c0bf303542b
2,day2_n8_topk_seed44,44,131,5,False,False,True,0.7928,0.0,0.029991549,-0.22451578,-2.587405276699428e-07,0.0002616944839246571,0.00026169460033997893,7e267c0bf303542b
2,day2_n8_topk_seed44,44,131,6,False,False,True,0.7956,0.0,0.36792505,-0.2815134,-3.2919353998295264e-07,0.00024716489133425057,0.0002471651241648942,7e267c0bf303542b
2,day2_n8_topk_seed44,44,131,7,False,False,True,0.786,0.0,0.25372443,-0.2418954,-2.0271791356663016e-07,0.00023763912031427026,0.00023763920762576163,7e267c0bf303542b
2,day2_n8_topk_seed44,44,132,0,False,False,True,0.7964,0.0,0.30683923,-1.064642,-1.207380080359144e-07,0.0002764356613624841,0.0002764356613624841,7e267c0bf303542b
2,day2_n8_topk_seed44,44,132,1,False,False,True,0.8012,0.0,0.2283591,0.5209179,9.092956076983683e-08,0.0002581034495960921,0.0002581034495960921,7e267c0bf303542b
2,day2_n8_topk_seed44,44,132,2,False,False,True,0.8038,0.0,-1.5122247,-0.054857444,5.131095690558141e-07,0.0003438676649238914,0.00034386804327368736,7e267c0bf303542b
2,day2_n8_topk_seed44,44,132,3,False,False,True,0.7876,0.0,0.19460273,0.65739375,-8.381481393371359e-07,0.00026316961157135665,0.00026317095034755766,7e267c0bf303542b
2,day2_n8_topk_seed44,44,132,4,False,False,True,0.8,0.0,0.1433988,-0.108559474,-4.867123379881377e-07,0.000249450997216627,0.0002494514628779143,7e267c0bf303542b
2,day2_n8_topk_seed44,44,132,5,False,False,True,0.8024,0.0,0.15203509,-0.015783822,-5.503725901689904e-07,0.00024911624495871365,0.00024911685613915324,7e267c0bf303542b
2,day2_n8_topk_seed44,44,132,6,False,False,True,0.798,0.0,0.216068,0.05391154,-8.106620725811808e-07,0.0002481131814420223,0.00024811452021822333,7e267c0bf303542b
2,day2_n8_topk_seed44,44,132,7,False,False,True,0.7912,0.0,0.2709226,0.011620457,-2.488210668616375e-07,0.00024827560991980135,0.00024827575543895364,7e267c0bf303542b
2,day2_n8_topk_seed44,44,133,0,False,False,True,0.794,0.0,0.21404195,-0.16006829,-8.389552021981217e-07,0.00027230725390836596,0.00027230853447690606,7e267c0bf303542b
2,day2_n8_topk_seed44,44,133,1,False,False,True,0.7982,0.0,-0.053297892,-0.43690738,-1.831665912277458e-07,0.00026303145568817854,0.00026303151389583945,7e267c0bf303542b
2,day2_n8_topk_seed44,44,133,2,False,False,True,0.795,0.0,0.021462023,-0.12184211,-7.225752938211372e-07,0.0002765862736850977,0.00027658723411150277,7e267c0bf303542b
2,day2_n8_topk_seed44,44,133,3,False,False,True,0.7972,0.0,-0.08092817,-0.44940847,-1.3369968883125694e-06,0.0002586119226180017,0.0002586153568699956,7e267c0bf303542b
2,day2_n8_topk_seed44,44,133,4,False,False,True,0.7692,0.0,-1.3451526,0.7748796,-6.886090773150499e-07,0.00034721061820164323,0.00034721128758974373,7e267c0bf303542b
2,day2_n8_topk_seed44,44,133,5,False,False,True,0.7858,0.0,1.053292,0.9856789,-1.1697611057570612e-07,0.00034305982990190387,0.0003430598881095648,7e267c0bf303542b
2,day2_n8_topk_seed44,44,133,6,False,False,True,0.7942,0.0,-0.033254765,-0.44315118,-6.248620820770157e-07,0.0002557548868935555,0.00025575567269697785,7e267c0bf303542b
2,day2_n8_topk_seed44,44,133,7,False,False,True,0.7936,0.0,0.22383739,-0.14918435,4.114963303436525e-08,0.0002692359557840973,0.0002692359557840973,7e267c0bf303542b
2,day2_n8_topk_seed44,44,134,0,False,False,True,0.7996,0.0,-0.18142198,-0.77704173,1.5561963095933606e-07,0.0002681061450857669,0.0002681062032934278,7e267c0bf303542b
2,day2_n8_topk_seed44,44,134,1,False,False,True,0.792,0.0,1.3908931,0.15048738,-1.4032093531568535e-06,0.0003166843962389976,0.000316687481245026,7e267c0bf303542b
2,day2_n8_topk_seed44,44,134,2,False,False,True,0.8018,0.0,-0.41952473,0.9850112,1.3725892245020077e-07,0.0002688154054339975,0.00026881543453782797,7e267c0bf303542b
2,day2_n8_topk_seed44,44,134,3,False,False,True,0.7976,0.0,-0.14998887,0.06734067,5.275489911582554e-07,0.00025566082331351936,0.0002556613471824676,7e267c0bf303542b
2,day2_n8_topk_seed44,44,134,4,False,False,True,0.7948,0.0,-0.14954564,-0.15021868,-5.93233210111066e-07,0.00025496064336039126,0.0002549613709561527,7e267c0bf303542b
2,day2_n8_topk_seed44,44,134,5,False,False,True,0.8006,0.0,-0.183506,-0.17666516,-2.121972073609868e-07,0.0002615070843603462,0.00026150717167183757,7e267c0bf303542b
2,day2_n8_topk_seed44,44,134,6,False,False,True,0.8006,0.0,-0.19928803,-0.08207679,-5.717698172702512e-07,0.0002554625680204481,0.0002554632374085486,7e267c0bf303542b
2,day2_n8_topk_seed44,44,134,7,False,False,True,0.791,0.0,-0.10761896,-0.016836952,-4.032046376778453e-07,0.000263223540969193,0.000263223861111328,7e267c0bf303542b
2,day2_n8_topk_seed44,44,135,0,False,False,True,0.7996,0.0,0.05996618,-0.34276432,-6.17939463154471e-07,0.00025748804910108447,0.00025748880580067635,7e267c0bf303542b
2,day2_n8_topk_seed44,44,135,1,False,False,True,0.7976,0.0,-0.0006229013,-0.34336334,1.0651952919715768e-07,0.0002622916072141379,0.00026229163631796837,7e267c0bf303542b
2,day2_n8_topk_seed44,44,135,2,False,False,True,0.7916,0.0,0.22177924,-0.2965639,-2.9564426995420945e-07,0.00026831566356122494,0.0002683158090803772,7e267c0bf303542b
2,day2_n8_topk_seed44,44,135,3,False,False,True,0.8036,0.0,-0.120545454,-0.2962872,-4.626720340183965e-07,0.00026380756753496826,0.0002638079458847642,7e267c0bf303542b
2,day2_n8_topk_seed44,44,135,4,False,False,True,0.7858,0.0,2.0687473,1.005192,1.7404142909072107e-06,0.0004969197907485068,0.0004969228175468743,7e267c0bf303542b
2,day2_n8_topk_seed44,44,135,5,False,False,True,0.8006,0.0,0.0029384494,-0.3011344,-6.528468929900555e-07,0.0002602241875138134,0.00026022500242106616,7e267c0bf303542b
2,day2_n8_topk_seed44,44,135,6,False,False,True,0.7962,0.0,-2.1582196,0.952721,-2.5786723654164234e-06,0.0005104275187477469,0.0005104340380057693,7e267c0bf303542b
2,day2_n8_topk_seed44,44,135,7,False,False,True,0.7966,0.0,-0.07404207,-0.37781352,2.1916804371358012e-07,0.00026809456176124513,0.0002680946490727365,7e267c0bf303542b
2,day2_n8_topk_seed44,44,136,0,False,False,True,0.806,0.0,-0.04028429,-0.6099912,-2.732207917688356e-07,0.0002685843501240015,0.0002685844956431538,7e267c0bf303542b
2,day2_n8_topk_seed44,44,136,1,False,False,True,0.7938,0.0,-0.16424854,-0.19205113,2.042125970547204e-07,0.0002599552390165627,0.00025995532632805407,7e267c0bf303542b
2,day2_n8_topk_seed44,44,136,2,False,False,True,0.7998,0.0,-0.12001712,-0.3843385,-1.023581489789649e-06,0.0002747061662375927,0.00027470808709040284,7e267c0bf303542b
2,day2_n8_topk_seed44,44,136,3,False,False,True,0.8012,0.0,-0.11461485,0.053316608,-6.79051709084888e-07,0.0002618197468109429,0.0002618206199258566,7e267c0bf303542b
2,day2_n8_topk_seed44,44,136,4,False,False,True,0.794,0.0,-0.03940173,-0.009939191,9.552724122841028e-08,0.00027302949456498027,0.0002730295236688107,7e267c0bf303542b
2,day2_n8_topk_seed44,44,136,5,False,False,True,0.7978,0.0,-0.4883884,1.0532216,-4.5177321794653835e-07,0.00027855084044858813,0.0002785511896945536,7e267c0bf303542b
2,day2_n8_topk_seed44,44,136,6,False,False,True,0.7958,0.0,1.2829828,0.27906582,-1.0717081977418275e-06,0.00029730345704592764,0.0002973053778987378,7e267c0bf303542b
2,day2_n8_topk_seed44,44,136,7,False,False,True,0.7982,0.0,-0.31602842,-0.18928544,-8.981405841268497e-09,0.0002681980258785188,0.0002681980258785188,7e267c0bf303542b
2,day2_n8_topk_seed44,44,137,0,False,False,True,0.7984,0.0,0.46374395,-0.15488975,-4.814761496163555e-07,0.00028228844166733325,0.00028228884912095964,7e267c0bf303542b
2,day2_n8_topk_seed44,44,137,1,False,False,True,0.7968,0.0,0.17427397,-0.48073244,6.473304097198707e-07,0.00029716675635427237,0.00029716745484620333,7e267c0bf303542b
2,day2_n8_topk_seed44,44,137,2,False,False,True,0.7888,0.0,-0.9833637,1.2764709,-1.1674643474179902e-06,0.0003841618017759174,0.00038416357710957527,7e267c0bf303542b
2,day2_n8_topk_seed44,44,137,3,False,False,True,0.7996,0.0,0.20434858,-0.26287347,-6.428730330299004e-07,0.0002663726918399334,0.00026637347764335573,7e267c0bf303542b
2,day2_n8_topk_seed44,44,137,4,False,False,True,0.7762,0.0,-1.3639379,-0.5553362,-6.582508262908959e-07,0.00038306976784951985,0.0003830703208222985,7e267c0bf303542b
2,day2_n8_topk_seed44,44,137,5,False,False,True,0.8006,0.0,0.21515013,-0.2806267,-5.515666998689994e-07,0.0002702065394259989,0.0002702070923987776,7e267c0bf303542b
2,day2_n8_topk_seed44,44,137,6,False,False,True,0.7956,0.0,0.124751404,-0.22486742,-4.931555963594292e-07,0.00026635744143277407,0.0002663579070940614,7e267c0bf303542b
2,day2_n8_topk_seed44,44,137,7,False,False,True,0.7958,0.0,1.165037,0.68285096,7.239573278639e-07,0.00036397925578057766,0.0003639799833763391,7e267c0bf303542b
2,day2_n8_topk_seed44,44,138,0,False,False,True,0.7974,0.0,0.3393911,-0.21288417,-1.0751880381576484e-06,0.0002712519490160048,0.0002712541026994586,7e267c0bf303542b
2,day2_n8_topk_seed44,44,138,1,False,False,True,0.7884,0.0,-1.501114,-0.41016328,-1.0600040241115494e-06,0.00037424222682602704,0.00037424371112138033,7e267c0bf303542b
2,day2_n8_topk_seed44,44,138,2,False,False,True,0.7932,0.0,0.1596257,0.96821606,1.1461240490007185e-07,0.0003105447976849973,0.0003105447976849973,7e267c0bf303542b
2,day2_n8_topk_seed44,44,138,3,False,False,True,0.8048,0.0,0.46217942,-0.33949935,-1.0517320561120869e-06,0.0002692042908165604,0.0002692063571885228,7e267c0bf303542b
2,day2_n8_topk_seed44,44,138,4,False,False,True,0.7944,0.0,0.25826013,0.015164453,1.3095397832785238e-07,0.0002864814596250653,0.0002864814887288958,7e267c0bf303542b
2,day2_n8_topk_seed44,44,138,5,False,False,True,0.7932,0.0,-0.24468783,0.789218,-2.766749389593315e-07,0.00031232406035996974,0.000312324205879122,7e267c0bf303542b
2,day2_n8_topk_seed44,44,138,6,False,False,True,0.8,0.0,0.6138869,-0.6027853,2.4886540472834895e-07,0.00028689633472822607,0.0002868964511435479,7e267c0bf303542b
2,day2_n8_topk_seed44,44,138,7,False,False,True,0.7868,0.0,-0.087539636,-0.20726614,-2.484292735971394e-07,0.00027946237241849303,0.00027946248883381486,7e267c0bf303542b
2,day2_n8_topk_seed44,44,139,0,False,False,True,0.8002,0.0,-0.13290997,0.15547115,3.3876563065859955e-07,0.00027433791547082365,0.00027433811919763684,7e267c0bf303542b
2,day2_n8_topk_seed44,44,139,1,False,False,True,0.7946,0.0,-0.038213003,0.33724695,2.481850174262945e-07,0.0002890774921979755,0.0002890776377171278,7e267c0bf303542b
2,day2_n8_topk_seed44,44,139,2,False,False,True,0.8018,0.0,1.3594687,0.014953866,-5.009428605262656e-07,0.0003162199864163995,0.00031622042297385633,7e267c0bf303542b
2,day2_n8_topk_seed44,44,139,3,False,False,True,0.7982,0.0,-0.51639754,0.6071206,-9.875119388880194e-08,0.00029382927459664643,0.0002938293037004769,7e267c0bf303542b
2,day2_n8_topk_seed44,44,139,4,False,False,True,0.7966,0.0,-0.093052514,-0.0048060277,-2.1468279953751335e-07,0.00027106411289423704,0.00027106422930955887,7e267c0bf303542b
2,day2_n8_topk_seed44,44,139,5,False,False,True,0.797,0.0,-0.15994917,0.12190481,-6.915497579029761e-07,0.00028087361715734005,0.00028087449027225375,7e267c0bf303542b
2,day2_n8_topk_seed44,44,139,6,False,False,True,0.7968,0.0,-0.14587262,0.07383051,-3.3841621416286216e-07,0.0002764076634775847,0.0002764078672043979,7e267c0bf303542b
2,day2_n8_topk_seed44,44,139,7,False,False,True,0.794,0.0,-0.273074,-1.3057222,9.61277578426234e-07,0.0003075184649787843,0.0003075199492741376,7e267c0bf303542b
2,day2_n8_topk_seed44,44,140,0,False,False,True,0.7988,0.0,-0.3777119,-0.22575885,-6.012087396811694e-07,0.0003193886950612068,0.0003193892480339855,7e267c0bf303542b
2,day2_n8_topk_seed44,44,140,1,False,False,True,0.7896,0.0,-0.25255612,-0.15075214,7.991143320396077e-07,0.0002979861164931208,0.0002979871933348477,7e267c0bf303542b
2,day2_n8_topk_seed44,44,140,2,False,False,True,0.8006,0.0,-0.29680505,0.33204028,-3.10898514044311e-07,0.00028758213738910854,0.0002875823120120913,7e267c0bf303542b
2,day2_n8_topk_seed44,44,140,3,False,False,True,0.8002,0.0,-0.1639545,-0.20520824,-3.295519945822889e-07,0.00029083850677125156,0.00029083871049806476,7e267c0bf303542b
2,day2_n8_topk_seed44,44,140,4,False,False,True,0.7954,0.0,-0.51582354,1.0661641,3.8805771396255295e-07,0.00032800197368487716,0.00032800217741169035,7e267c0bf303542b
2,day2_n8_topk_seed44,44,140,5,False,False,True,0.8028,0.0,-0.25458074,0.18722531,-4.26855763180356e-07,0.0002851019089575857,0.0002851022290997207,7e267c0bf303542b
2,day2_n8_topk_seed44,44,140,6,False,False,True,0.7948,0.0,-0.07660569,-1.2331756,6.949637736397563e-07,0.00034747636527754366,0.0003474770637694746,7e267c0bf303542b
2,day2_n8_topk_seed44,44,140,7,False,False,True,0.7474,0.0,1.9380357,0.22946422,1.2783603153820877e-07,0.00044948357390239835,0.0004494836030062288,7e267c0bf303542b
2,day2_n8_topk_seed44,44,141,0,False,False,True,0.804,0.0,0.23082377,0.23435871,-5.114500254421728e-07,0.00027432513888925314,0.0002743256336543709,7e267c0bf303542b
2,day2_n8_topk_seed44,44,141,1,False,False,True,0.8012,0.0,0.1465378,-1.3412839,7.207453336377512e-07,0.00030925104510970414,0.00030925191822461784,7e267c0bf303542b
2,day2_n8_topk_seed44,44,141,2,False,False,True,0.7954,0.0,-1.3862411,0.06661776,-1.6529063486814266e-06,0.00031473967828787863,0.00031474404386244714,7e267c0bf303542b
2,day2_n8_topk_seed44,44,141,3,False,False,True,0.8066,0.0,0.18816185,0.20811582,-1.5135934745558188e-06,0.00027257329202257097,0.00027257748297415674,7e267c0bf303542b
2,day2_n8_topk_seed44,44,141,4,False,False,True,0.8024,0.0,0.19179362,0.22534716,-3.7269518315952155e-07,0.0002768701233435422,0.00027687038527801633,7e267c0bf303542b
2,day2_n8_topk_seed44,44,141,5,False,False,True,0.7998,0.0,0.20482656,0.17275499,-5.352649168344215e-07,0.00027639686595648527,0.00027639736072160304,7e267c0bf303542b
2,day2_n8_topk_seed44,44,141,6,False,False,True,0.8022,0.0,0.09565091,0.10970224,-4.2328849758632714e-07,0.00028539213235490024,0.00028539245249703526,7e267c0bf303542b
2,day2_n8_topk_seed44,44,141,7,False,False,True,0.7994,0.0,0.32844752,0.32438788,-6.155433425192314e-07,0.0002749278792180121,0.0002749285486061126,7e267c0bf303542b
2,day2_n8_topk_seed44,44,142,0,False,False,True,0.7952,0.0,-1.3766874,0.2105883,-1.4009349342813948e-06,0.00031350686913356185,0.0003135099832434207,7e267c0bf303542b
2,day2_n8_topk_seed44,44,142,1,False,False,True,0.8032,0.0,0.112975694,-0.003563274,-4.9623448461488806e-08,0.0002909538452513516,0.0002909538452513516,7e267c0bf303542b
2,day2_n8_topk_seed44,44,142,2,False,False,True,0.8018,0.0,0.11976455,-0.15937416,1.5746613257761055e-07,0.00028552371077239513,0.00028552376898005605,7e267c0bf303542b
2,day2_n8_topk_seed44,44,142,3,False,False,True,0.7944,0.0,0.3234916,-0.26195428,-2.0683152968103968e-07,0.00028756840038113296,0.00028756848769262433,7e267c0bf303542b
2,day2_n8_topk_seed44,44,142,4,False,False,True,0.8022,0.0,0.12568502,-0.32975632,-2.9606775342472247e-07,0.0002863318077288568,0.0002863319532480091,7e267c0bf303542b
2,day2_n8_topk_seed44,44,142,5,False,False,True,0.781,0.0,0.40548584,1.2787944,7.474218364222907e-07,0.00030759075889363885,0.000307591661112383,7e267c0bf303542b
2,day2_n8_topk_seed44,44,142,6,False,False,True,0.7956,0.0,0.020091332,-0.46102658,-2.6297225730331775e-08,0.0002881909313146025,0.0002881909313146025,7e267c0bf303542b
2,day2_n8_topk_seed44,44,142,7,False,False,True,0.7962,0.0,0.26919392,-0.27370903,9.03538534657855e-07,0.0002860008680727333,0.00028600229416042566,7e267c0bf303542b
2,day2_n8_topk_seed44,44,143,0,False,False,True,0.7992,0.0,0.24378604,0.20133677,-2.9206555041128013e-07,0.0002840955276042223,0.0002840956731233746,7e267c0bf303542b
2,day2_n8_topk_seed44,44,143,1,False,False,True,0.7956,0.0,-1.4331867,0.24749929,7.414678293571342e-07,0.00033139472361654043,0.0003313955385237932,7e267c0bf303542b
2,day2_n8_topk_seed44,44,143,2,False,False,True,0.7998,0.0,0.32027063,0.45099732,6.004747632459839e-08,0.0002849414013326168,0.00028494143043644726,7e267c0bf303542b
2,day2_n8_topk_seed44,44,143,3,False,False,True,0.8022,0.0,0.30925825,0.2740945,-1.6280208683383535e-06,0.0002809825527947396,0.00028098723851144314,7e267c0bf303542b
2,day2_n8_topk_seed44,44,143,4,False,False,True,0.7976,0.0,0.20043117,-0.143566,-5.746572355747048e-07,0.0002764835371635854,0.000276484148344025,7e267c0bf303542b
2,day2_n8_topk_seed44,44,143,5,False,False,True,0.799,0.0,-0.04748123,-1.2476331,-5.695908953384787e-07,0.0002952592330984771,0.00029525975696742535,7e267c0bf303542b
2,day2_n8_topk_seed44,44,143,6,False,False,True,0.7966,0.0,0.13662124,0.0955289,-6.808924695178575e-07,0.0002803281240630895,0.0002803289389703423,7e267c0bf303542b
2,day2_n8_topk_seed44,44,143,7,False,False,True,0.7986,0.0,0.27030104,0.12174267,1.8738457185918378e-07,0.0002785211254376918,0.0002785211836453527,7e267c0bf303542b
2,day2_n8_topk_seed44,44,144,0,False,False,True,0.8004,0.0,0.40072614,0.34588036,-5.100004045743844e-07,0.000280216452665627,0.0002802169183269143,7e267c0bf303542b
2,day2_n8_topk_seed44,44,144,1,False,False,True,0.7982,0.0,0.40028238,0.44175544,9.755004839462345e-07,0.0003035490808542818,0.0003035506815649569,7e267c0bf303542b
2,day2_n8_topk_seed44,44,144,2,False,False,True,0.7972,0.0,0.4589788,0.28367102,-6.31503439763037e-07,0.00030139979207888246,0.00030140046146698296,7e267c0bf303542b
2,day2_n8_topk_seed44,44,144,3,False,False,True,0.6948,0.0,0.49615696,-2.1333663,2.4040730295382673e-08,0.0004951836890541017,0.0004951836890541017,7e267c0bf303542b
2,day2_n8_topk_seed44,44,144,4,False,False,True,0.7958,0.0,0.5709305,0.6015814,-7.556691343779676e-07,0.00034893708652816713,0.0003489379305392504,7e267c0bf303542b
2,day2_n8_topk_seed44,44,144,5,False,False,True,0.536,0.0,-3.1263297,-0.024276705,2.7261335162620526e-06,0.0007240476552397013,0.0007240527775138617,7e267c0bf303542b
2,day2_n8_topk_seed44,44,144,6,False,False,True,0.7896,0.0,0.39036903,0.2546507,-4.085658815711213e-07,0.000296706915833056,0.00029670720687136054,7e267c0bf303542b
2,day2_n8_topk_seed44,44,144,7,False,False,True,0.8052,0.0,0.40889144,0.2301082,6.67648464514059e-07,0.00028842317988164723,0.00028842396568506956,7e267c0bf303542b
2,day2_n8_topk_seed44,44,145,0,False,False,True,0.8,0.0,-1.5841503,-0.058512058,-8.560670039514662e-07,0.0003604407247621566,0.00036044171429239213,7e267c0bf303542b
2,day2_n8_topk_seed44,44,145,1,False,False,True,0.8028,0.0,0.11930969,1.3014035,-1.2974804519672034e-07,0.00030453145154751837,0.0003045315097551793,7e267c0bf303542b
2,day2_n8_topk_seed44,44,145,2,False,False,True,0.7984,0.0,0.38142303,-0.119557805,-1.229601707564143e-06,0.0002907461312133819,0.000290748750558123,7e267c0bf303542b
2,day2_n8_topk_seed44,44,145,3,False,False,True,0.7968,0.0,0.20326698,-0.14064479,-1.146492422776646e-06,0.00028829561779275537,0.00028829791699536145,7e267c0bf303542b
2,day2_n8_topk_seed44,44,145,4,False,False,True,0.795,0.0,0.117012195,-0.5953105,-9.555734550303896e-07,0.0003020169970113784,0.00030201851041056216,7e267c0bf303542b
2,day2_n8_topk_seed44,44,145,5,False,False,True,0.8074,0.0,0.25033295,-0.086022064,-2.723618024447205e-07,0.00029239527066238225,0.00029239538707770407,7e267c0bf303542b
2,day2_n8_topk_seed44,44,145,6,False,False,True,0.8038,0.0,0.22970286,-0.05123876,-2.889698578201205e-07,0.0002897519734688103,0.00028975214809179306,7e267c0bf303542b
2,day2_n8_topk_seed44,44,145,7,False,False,True,0.7984,0.0,0.28310287,-0.25011727,1.5629998983968107e-07,0.0002799977082759142,0.0002799977664835751,7e267c0bf303542b
2,day2_n8_topk_seed44,44,146,0,False,False,True,0.8006,0.0,-0.13531065,-0.30536172,-6.101918756939995e-07,0.0002912565250881016,0.0002912571653723717,7e267c0bf303542b
2,day2_n8_topk_seed44,44,146,1,False,False,True,0.7992,0.0,-0.43176112,1.2545714,1.0168064790150311e-07,0.00029926173738203943,0.0002992617664858699,7e267c0bf303542b
2,day2_n8_topk_seed44,44,146,2,False,False,True,0.8076,0.0,-0.15969138,-0.17870171,-8.126947363962245e-07,0.00029159095720387995,0.00029159209225326777,7e267c0bf303542b
2,day2_n8_topk_seed44,44,146,3,False,False,True,0.803,0.0,-0.15001601,-0.15891384,-1.43255954299093e-06,0.00028750431374646723,0.0002875078935176134,7e267c0bf303542b
2,day2_n8_topk_seed44,44,146,4,False,False,True,0.7956,0.0,1.3937814,0.23775187,-7.39348422484909e-07,0.0003203655651304871,0.00032036640914157033,7e267c0bf303542b
2,day2_n8_topk_seed44,44,146,5,False,False,True,0.8064,0.0,-0.27599773,-0.21693465,-5.886308827030007e-07,0.0002865510468836874,0.0002865516289602965,7e267c0bf303542b
2,day2_n8_topk_seed44,44,146,6,False,False,True,0.7992,0.0,-0.05144842,-0.45721477,-1.345451323686575e-06,0.00029099523089826107,0.00029099834500811994,7e267c0bf303542b
2,day2_n8_topk_seed44,44,146,7,False,False,True,0.8022,0.0,-0.18955517,-0.17519584,7.478450356757094e-07,0.00028609507717192173,0.0002860960375983268,7e267c0bf303542b
2,day2_n8_topk_seed44,44,147,0,False,False,True,0.798,0.0,0.30527943,0.8538773,-1.0053647692132017e-08,0.00030451035127043724,0.00030451035127043724,7e267c0bf303542b
2,day2_n8_topk_seed44,44,147,1,False,False,True,0.8034,0.0,-1.2745551,-0.08633332,9.862965271167923e-07,0.00031311099883168936,0.000313112570438534,7e267c0bf303542b
2,day2_n8_topk_seed44,44,147,2,False,False,True,0.8054,0.0,-0.020850021,-0.13340779,-6.745382279405021e-07,0.0002882811822928488,0.0002882819972001016,7e267c0bf303542b
2,day2_n8_topk_seed44,44,147,3,False,False,True,0.8034,0.0,-0.13076471,-0.39904648,-9.290540106121625e-07,0.00029869485297240317,0.00029869627906009555,7e267c0bf303542b
2,day2_n8_topk_seed44,44,147,4,False,False,True,0.8026,0.0,0.26083326,-0.38286042,-1.3218389938174369e-07,0.00029780674958601594,0.0002978067786898464,7e267c0bf303542b
2,day2_n8_topk_seed44,44,147,5,False,False,True,0.801,0.0,0.6286623,-0.77189344,-9.435465813112387e-07,0.0003032992244698107,0.000303300708765164,7e267c0bf303542b
2,day2_n8_topk_seed44,44,147,6,False,False,True,0.8008,0.0,-0.0054408642,0.24087398,2.3488621536671417e-07,0.0003019636496901512,0.00030196376610547304,7e267c0bf303542b
2,day2_n8_topk_seed44,44,147,7,False,False,True,0.7956,0.0,0.2368376,0.67879015,-4.6662563590871287e-08,0.00029738195007666945,0.00029738195007666945,7e267c0bf303542b
2,day2_n8_topk_seed44,44,148,0,False,False,True,0.801,0.0,0.81231034,-0.62708324,-1.1856847095259582e-06,0.00030234106816351414,0.0003023433964699507,7e267c0bf303542b
2,day2_n8_topk_seed44,44,148,1,False,False,True,0.7972,0.0,0.0066355146,1.0638229,9.173478474622243e-07,0.0003017126873601228,0.0003017140843439847,7e267c0bf303542b
2,day2_n8_topk_seed44,44,148,2,False,False,True,0.7974,0.0,0.0054350263,-0.099226266,-1.396930656483164e-06,0.00029231462394818664,0.0002923179999925196,7e267c0bf303542b
2,day2_n8_topk_seed44,44,148,3,False,False,True,0.8056,0.0,0.058570623,0.3678158,5.5697896073070297e-08,0.0003004843892995268,0.0003004843892995268,7e267c0bf303542b
2,day2_n8_topk_seed44,44,148,4,False,False,True,0.804,0.0,0.30694953,-0.31234363,-5.612922393538611e-08,0.00029902407550252974,0.0002990241046063602,7e267c0bf303542b
2,day2_n8_topk_seed44,44,148,5,False,False,True,0.8014,0.0,0.114196464,-0.13140774,-8.439056387032906e-07,0.00030169403180480003,0.00030169522506184876,7e267c0bf303542b
2,day2_n8_topk_seed44,44,148,6,False,False,True,0.8048,0.0,-1.1893661,-0.5231473,-4.5248646074469434e-07,0.00031005710479803383,0.0003100574540439993,7e267c0bf303542b
2,day2_n8_topk_seed44,44,148,7,False,False,True,0.7986,0.0,-0.114732176,0.26156902,-3.348665131852613e-07,0.0003030947991646826,0.0003030950028914958,7e267c0bf303542b
2,day2_n8_topk_seed44,44,149,0,False,False,True,0.8028,0.0,0.069332,0.4342106,-8.104631774585869e-07,0.00031321882852353156,0.000313219876261428,7e267c0bf303542b
2,day2_n8_topk_seed44,44,149,1,False,False,True,0.8,0.0,-0.016881209,0.16089809,-8.530973900633398e-07,0.0003009009233210236,0.0003009021165780723,7e267c0bf303542b
2,day2_n8_topk_seed44,44,149,2,False,False,True,0.7994,0.0,-0.8739011,-1.1882602,-9.007877679323428e-07,0.0003357407113071531,0.00033574190456420183,7e267c0bf303542b
2,day2_n8_topk_seed44,44,149,3,False,False,True,0.8014,0.0,-0.061946128,0.2810887,-8.103572781692492e-07,0.0002997365081682801,0.000299737585010007,7e267c0bf303542b
2,day2_n8_topk_seed44,44,149,4,False,False,True,0.797,0.0,0.14601927,-0.038139787,-2.5031670247699367e-07,0.00029618022381328046,0.0002961803402286023,7e267c0bf303542b
2,day2_n8_topk_seed44,44,149,5,False,False,True,0.7888,0.0,1.2655853,-0.4796502,-1.2914193803226226e-06,0.00033123252796940506,0.0003312350600026548,7e267c0bf303542b
2,day2_n8_topk_seed44,44,149,6,False,False,True,0.798,0.0,0.10829273,0.124077156,-8.577842436352512e-07,0.00030311569571495056,0.0003031169471796602,7e267c0bf303542b
2,day2_n8_topk_seed44,44,149,7,False,False,True,0.795,0.0,-0.63650197,0.70577496,1.3201089359426987e-06,0.0003227521083317697,0.0003227548149880022,7e267c0bf303542b
2,day2_n8_topk_seed44,44,150,0,False,False,True,0.8076,0.0,-0.10960033,0.25438452,-4.3888090317523165e-07,0.0003048911166843027,0.00030489146593026817,7e267c0bf303542b
2,day2_n8_topk_seed44,44,150,1,False,False,True,0.7888,0.0,-0.01964873,-0.48780453,1.794144708355816e-07,0.000317295896820724,0.0003172959550283849,7e267c0bf303542b
2,day2_n8_topk_seed44,44,150,2,False,False,True,0.7882,0.0,-0.2207732,-1.1521775,5.290613103170472e-07,0.0003245500847697258,0.00032455052132718265,7e267c0bf303542b
2,day2_n8_topk_seed44,44,150,3,False,False,True,0.7826,0.0,1.4944941,0.069143325,-5.119426305100205e-07,0.00034378745476715267,0.0003437878331169486,7e267c0bf303542b
2,day2_n8_topk_seed44,44,150,4,False,False,True,0.8054,0.0,-0.29157826,0.68726945,-7.960283454622186e-08,0.00031507082167081535,0.00031507082167081535,7e267c0bf303542b
2,day2_n8_topk_seed44,44,150,5,False,False,True,0.804,0.0,-0.24112555,0.3669207,-7.411388764921867e-07,0.000308888586005196,0.0003088894591201097,7e267c0bf303542b
2,day2_n8_topk_seed44,44,150,6,False,False,True,0.7986,0.0,-0.36883092,-0.10462342,-3.7553810727786185e-08,0.00030902697471901774,0.00030902697471901774,7e267c0bf303542b
2,day2_n8_topk_seed44,44,150,7,False,False,True,0.7978,0.0,-0.24293686,0.366886,3.9882604596641613e-07,0.0003119399189017713,0.00031194015173241496,7e267c0bf303542b
2,day2_n8_topk_seed44,44,151,0,False,False,True,0.819,0.0,0.06972673,0.007869927,-7.190158157754922e-08,3.350149199832231e-05,3.3501572033856064e-05,7e267c0bf303542b
2,day2_n8_topk_seed44,44,151,1,False,False,True,0.8162,0.0,0.036937524,0.009903952,8.742570400954719e-08,3.498005753499456e-05,3.498017031233758e-05,7e267c0bf303542b
2,day2_n8_topk_seed44,44,151,2,False,False,True,0.8156,0.0,0.059789613,0.028568882,-7.149522929239538e-08,3.509280213620514e-05,3.509287489578128e-05,7e267c0bf303542b
2,day2_n8_topk_seed44,44,151,3,False,False,True,0.8156,0.0,-0.03284183,0.04180993,-1.7664515894466604e-07,3.592348002712242e-05,3.592391294660047e-05,7e267c0bf303542b
2,day2_n8_topk_seed44,44,151,4,False,False,True,0.8158,0.0,0.01005081,-0.007853689,-4.1236877024175556e-08,3.434971222304739e-05,3.434973768889904e-05,7e267c0bf303542b
2,day2_n8_topk_seed44,44,151,5,False,False,True,0.816,0.0,-0.060851224,0.096350305,-3.046593732847214e-08,3.649769860203378e-05,3.64977095159702e-05,7e267c0bf303542b
2,day2_n8_topk_seed44,44,151,6,False,False,True,0.8152,0.0,-0.119093224,-0.07145001,1.3832962331150611e-08,3.614859815570526e-05,3.6148601793684065e-05,7e267c0bf303542b
2,day2_n8_topk_seed44,44,151,7,False,False,True,0.8216,0.0,0.036281805,-0.10519932,9.44736981978167e-08,3.584841397241689e-05,3.584854130167514e-05,7e267c0bf303542b
2,day2_n8_topk_seed44,44,152,0,False,False,True,0.8222,0.0,-0.03742619,0.01765725,-1.2390125903039007e-07,3.4127995604649186e-05,3.412821752135642e-05,7e267c0bf303542b
2,day2_n8_topk_seed44,44,152,1,False,False,True,0.8196,0.0,0.032217126,-0.041426405,-1.7757285419861546e-08,3.3666128729237244e-05,3.366613236721605e-05,7e267c0bf303542b
2,day2_n8_topk_seed44,44,152,2,False,False,True,0.817,0.0,1.5789517e-05,0.13981274,-8.099355142121567e-08,3.575173468561843e-05,3.575182563508861e-05,7e267c0bf303542b
2,day2_n8_topk_seed44,44,152,3,False,False,True,0.8206,0.0,0.07381183,-0.0038877223,-1.1345668582407598e-07,3.3569769584573805e-05,3.356996239745058e-05,7e267c0bf303542b
2,day2_n8_topk_seed44,44,152,4,False,False,True,0.818,0.0,0.028448291,0.0077230153,-1.9868720002591544e-08,3.28744099533651e-05,3.287441359134391e-05,7e267c0bf303542b
2,day2_n8_topk_seed44,44,152,5,False,False,True,0.8186,0.0,0.022124784,-0.013649642,-1.4153347649425996e-07,3.344473589095287e-05,3.344503420521505e-05,7e267c0bf303542b
2,day2_n8_topk_seed44,44,152,6,False,False,True,0.814,0.0,-0.15215336,-0.031677708,-6.021824106028362e-08,3.798261604970321e-05,3.79826633434277e-05,7e267c0bf303542b
2,day2_n8_topk_seed44,44,152,7,False,False,True,0.819,0.0,0.032961726,-0.074551485,1.9124682282267713e-08,3.45038715749979e-05,3.4503878850955516e-05,7e267c0bf303542b
2,day2_n8_topk_seed44,44,153,0,False,False,True,0.8162,0.0,-0.08935292,0.0051091914,-1.380569045750235e-07,3.3063519367715344e-05,3.3063806768041104e-05,7e267c0bf303542b
2,day2_n8_topk_seed44,44,153,1,False,False,True,0.8214,0.0,0.011210026,-0.081972614,-1.4289211947016156e-07,3.335219662403688e-05,3.3352502214256674e-05,7e267c0bf303542b
2,day2_n8_topk_seed44,44,153,2,False,False,True,0.819,0.0,0.10347555,-0.05398084,-1.1142693523424896e-07,3.505760832922533e-05,3.505778295220807e-05,7e267c0bf303542b
2,day2_n8_topk_seed44,44,153,3,False,False,True,0.819,0.0,0.003378372,-0.008276734,-1.4500221823254833e-07,3.281858153059147e-05,3.28189016727265e-05,7e267c0bf303542b
2,day2_n8_topk_seed44,44,153,4,False,False,True,0.8184,0.0,0.036604322,0.118721485,2.6718483425725026e-08,3.4049578971462324e-05,3.4049589885398746e-05,7e267c0bf303542b
2,day2_n8_topk_seed44,44,153,5,False,False,True,0.8216,0.0,0.0372441,0.04939166,-1.702037906170517e-07,3.312753688078374e-05,3.312797343824059e-05,7e267c0bf303542b
2,day2_n8_topk_seed44,44,153,6,False,False,True,0.8192,0.0,-0.07495082,-7.180762e-05,-4.0086145958184716e-08,3.3366359275532886e-05,3.3366384741384536e-05,7e267c0bf303542b
2,day2_n8_topk_seed44,44,153,7,False,False,True,0.8214,0.0,-0.02760847,-0.028920336,9.254891608634352e-08,3.3334414183627814e-05,3.333454515086487e-05,7e267c0bf303542b
2,day2_n8_topk_seed44,44,154,0,False,False,True,0.8178,0.0,0.048226066,0.021056453,-5.4024678064479303e-08,3.284955528215505e-05,3.284959893790074e-05,7e267c0bf303542b
2,day2_n8_topk_seed44,44,154,1,False,False,True,0.8158,0.0,0.0037879986,-0.13842507,1.4913773327407398e-08,3.4505643270676956e-05,3.450564690865576e-05,7e267c0bf303542b
2,day2_n8_topk_seed44,44,154,2,False,False,True,0.818,0.0,0.017916482,0.064493425,-6.329074153654801e-08,3.401832145755179e-05,3.401838330319151e-05,7e267c0bf303542b
2,day2_n8_topk_seed44,44,154,3,False,False,True,0.8172,0.0,0.027020093,0.012807619,-5.1281990209872674e-08,3.3413471101084724e-05,3.34135111188516e-05,7e267c0bf303542b
2,day2_n8_topk_seed44,44,154,4,False,False,True,0.8212,0.0,0.021369008,0.0034990506,-1.1174055458695875e-07,3.396289321244694e-05,3.3963078749366105e-05,7e267c0bf303542b
2,day2_n8_topk_seed44,44,154,5,False,False,True,0.8216,0.0,-0.015466651,0.060917627,-1.3863331105312682e-07,3.3750362490536645e-05,3.37506462528836e-05,7e267c0bf303542b
2,day2_n8_topk_seed44,44,154,6,False,False,True,0.8172,0.0,0.050635852,-0.023821514,-8.866947176500162e-10,3.308474333607592e-05,3.308474333607592e-05,7e267c0bf303542b
2,day2_n8_topk_seed44,44,154,7,False,False,True,0.822,0.0,-0.15348902,-0.0005275059,7.23958777371081e-08,3.5753855627262965e-05,3.5753932024817914e-05,7e267c0bf303542b
2,day2_n8_topk_seed44,44,155,0,False,False,True,0.8198,0.0,0.022656167,0.0075051603,-4.495559480233169e-08,3.242026286898181e-05,3.2420291972812265e-05,7e267c0bf303542b
2,day2_n8_topk_seed44,44,155,1,False,False,True,0.8222,0.0,-0.13643588,0.06841741,1.353769896184076e-08,3.502902472973801e-05,3.502902472973801e-05,7e267c0bf303542b
2,day2_n8_topk_seed44,44,155,2,False,False,True,0.8194,0.0,0.060009338,0.04475035,-7.622040953947362e-08,3.429641219554469e-05,3.429649586905725e-05,7e267c0bf303542b
2,day2_n8_topk_seed44,44,155,3,False,False,True,0.8224,0.0,0.0043392763,-0.0008609023,-9.082099694524004e-08,3.1560273782815784e-05,3.156040475005284e-05,7e267c0bf303542b
2,day2_n8_topk_seed44,44,155,4,False,False,True,0.8212,0.0,0.032471556,0.015531588,-2.5452006724435705e-08,3.311848558951169e-05,3.3118496503448114e-05,7e267c0bf303542b
2,day2_n8_topk_seed44,44,155,5,False,False,True,0.8226,0.0,0.060730167,0.045446813,-1.3297710665938212e-07,3.2959542295429856e-05,3.295981150586158e-05,7e267c0bf303542b
2,day2_n8_topk_seed44,44,155,6,False,False,True,0.819,0.0,-0.0098938355,-0.12117266,-1.1112270215107856e-07,3.4351607610005885e-05,3.435178950894624e-05,7e267c0bf303542b
2,day2_n8_topk_seed44,44,155,7,False,False,True,0.818,0.0,-0.03387693,-0.0596176,6.841262489842848e-08,3.3515698305564e-05,3.3515767427161336e-05,7e267c0bf303542b
2,day2_n8_topk_seed44,44,156,0,False,False,True,0.8228,0.0,-0.020686233,0.010792343,-1.0781572257201333e-07,3.3127813367173076e-05,3.312798435217701e-05,7e267c0bf303542b
2,day2_n8_topk_seed44,44,156,1,False,False,True,0.8208,0.0,0.15060146,-0.063696876,6.475393377058936e-08,3.6729445128003135e-05,3.672950333566405e-05,7e267c0bf303542b
2,day2_n8_topk_seed44,44,156,2,False,False,True,0.8238,0.0,-0.086532,-0.10151227,-7.426183223913085e-09,3.509219459374435e-05,3.509219459374435e-05,7e267c0bf303542b
2,day2_n8_topk_seed44,44,156,3,False,False,True,0.8214,0.0,-0.016803443,0.044734433,-1.305656667227595e-07,3.32134441123344e-05,3.32136987708509e-05,7e267c0bf303542b
2,day2_n8_topk_seed44,44,156,4,False,False,True,0.8222,0.0,0.011921849,0.07232099,5.892978194310672e-08,3.4171927836723626e-05,3.4171978768426925e-05,7e267c0bf303542b
2,day2_n8_topk_seed44,44,156,5,False,False,True,0.8232,0.0,-0.02654053,-0.051646397,-1.3543684929118172e-07,3.334108259878121e-05,3.334135908517055e-05,7e267c0bf303542b
2,day2_n8_topk_seed44,44,156,6,False,False,True,0.821,0.0,-0.008524413,0.028163735,-1.8856729511185222e-08,3.374662628630176e-05,3.374662992428057e-05,7e267c0bf303542b
2,day2_n8_topk_seed44,44,156,7,False,False,True,0.8168,0.0,-0.003436834,0.06084416,7.865416762342647e-08,3.3620370231801644e-05,3.362046481925063e-05,7e267c0bf303542b
2,day2_n8_topk_seed44,44,157,0,False,False,True,0.8198,0.0,-0.011075816,0.0086252475,-9.275655088458734e-08,3.153043508064002e-05,3.153057332383469e-05,7e267c0bf303542b
2,day2_n8_topk_seed44,44,157,1,False,False,True,0.8184,0.0,0.13443536,0.036851473,1.3219974448475114e-08,3.671834201668389e-05,3.67183456546627e-05,7e267c0bf303542b
2,day2_n8_topk_seed44,44,157,2,False,False,True,0.819,0.0,-0.05537335,0.03913989,-4.705679756966674e-08,3.420902794459835e-05,3.420906068640761e-05,7e267c0bf303542b
2,day2_n8_topk_seed44,44,157,3,False,False,True,0.8218,0.0,0.069012605,-0.042701412,-2.6650742057654497e-08,3.570910121197812e-05,3.570910848793574e-05,7e267c0bf303542b
2,day2_n8_topk_seed44,44,157,4,False,False,True,0.8196,0.0,-0.059570346,0.099273376,1.7610995328709578e-08,3.46233464370016e-05,3.462335007498041e-05,7e267c0bf303542b
2,day2_n8_topk_seed44,44,157,5,False,False,True,0.8226,0.0,-0.0028504415,0.015102081,-1.4431026329475571e-07,3.1779916753293946e-05,3.1780244171386585e-05,7e267c0bf303542b
2,day2_n8_topk_seed44,44,157,6,False,False,True,0.8222,0.0,-0.029807333,-0.05244866,-6.10835684256017e-08,3.409381679375656e-05,3.4093871363438666e-05,7e267c0bf303542b
2,day2_n8_topk_seed44,44,157,7,False,False,True,0.8202,0.0,-0.044770684,-0.10384196,-1.6386158208092638e-08,3.4957669413415715e-05,3.495767305139452e-05,7e267c0bf303542b
2,day2_n8_topk_seed44,44,158,0,False,False,True,0.8204,0.0,-0.008208846,0.02906162,-8.602309975458411e-08,3.335372457513586e-05,3.335383371450007e-05,7e267c0bf303542b
2,day2_n8_topk_seed44,44,158,1,False,False,True,0.8214,0.0,0.15157257,-0.05907677,1.2942740568178124e-07,3.666117481770925e-05,3.66614040103741e-05,7e267c0bf303542b
2,day2_n8_topk_seed44,44,158,2,False,False,True,0.8196,0.0,-0.03662144,0.027902648,-3.944250259735327e-09,3.5465134715195745e-05,3.5465134715195745e-05,7e267c0bf303542b
2,day2_n8_topk_seed44,44,158,3,False,False,True,0.8216,0.0,-0.014645958,0.011494053,-1.4761997135792626e-07,3.328585080453195e-05,3.328618186060339e-05,7e267c0bf303542b
2,day2_n8_topk_seed44,44,158,4,False,False,True,0.8184,0.0,-0.015316947,0.05047328,-3.201127185548103e-08,3.379673580639064e-05,3.379675399628468e-05,7e267c0bf303542b
2,day2_n8_topk_seed44,44,158,5,False,False,True,0.8232,0.0,0.014489001,0.07347349,-1.1610214301072119e-07,3.463343819021247e-05,3.463363100308925e-05,7e267c0bf303542b
2,day2_n8_topk_seed44,44,158,6,False,False,True,0.821,0.0,-0.014590123,-0.0021213477,-1.0300033892463034e-07,3.34248979925178e-05,3.342505806358531e-05,7e267c0bf303542b
2,day2_n8_topk_seed44,44,158,7,False,False,True,0.8222,0.0,-0.076678395,-0.13120694,9.135507639257412e-08,3.5858818591805175e-05,3.5858935007127e-05,7e267c0bf303542b
2,day2_n8_topk_seed44,44,159,0,False,False,True,0.822,0.0,-0.022525644,-0.0076987627,-4.6576914769502764e-08,3.427152114454657e-05,3.427155388635583e-05,7e267c0bf303542b
2,day2_n8_topk_seed44,44,159,1,False,False,True,0.818,0.0,-0.052260768,-0.13669558,1.1938347199702548e-07,3.571424895199016e-05,3.571444904082455e-05,7e267c0bf303542b
2,day2_n8_topk_seed44,44,159,2,False,False,True,0.8218,0.0,-0.016529892,0.09659227,-2.994633163666549e-08,3.5559867683332413e-05,3.555988223524764e-05,7e267c0bf303542b
2,day2_n8_topk_seed44,44,159,3,False,False,True,0.8218,0.0,-0.009918307,0.0021897375,-1.1675093958274374e-07,3.3076728868763894e-05,3.30769362335559e-05,7e267c0bf303542b
2,day2_n8_topk_seed44,44,159,4,False,False,True,0.8216,0.0,0.17857878,-0.021533476,-5.611617837075755e-08,4.022058783448301e-05,4.022062785224989e-05,7e267c0bf303542b
2,day2_n8_topk_seed44,44,159,5,False,False,True,0.8228,0.0,-0.01884832,0.01654288,-6.443598010719143e-08,3.3269552659476176e-05,3.3269618143094704e-05,7e267c0bf303542b
2,day2_n8_topk_seed44,44,159,6,False,False,True,0.82,0.0,-0.03673851,0.02941277,-6.409334929458055e-08,3.451496013440192e-05,3.451501834206283e-05,7e267c0bf303542b
2,day2_n8_topk_seed44,44,159,7,False,False,True,0.8184,0.0,-0.021757334,0.021190122,1.0564171049054494e-07,3.413738158997148e-05,3.41375452990178e-05,7e267c0bf303542b
2,day2_n8_topk_seed44,44,160,0,False,False,True,0.824,0.0,0.0010012186,-0.013669881,-5.98231295612095e-08,3.400802597752772e-05,3.400808054720983e-05,7e267c0bf303542b
2,day2_n8_topk_seed44,44,160,1,False,False,True,0.8212,0.0,-0.10811961,0.052838862,1.1235111685437005e-07,3.531272886903025e-05,3.531290349201299e-05,7e267c0bf303542b
2,day2_n8_topk_seed44,44,160,2,False,False,True,0.8178,0.0,0.04942671,0.12109342,-1.1500743823944504e-07,3.5427859984338284e-05,3.542804915923625e-05,7e267c0bf303542b
2,day2_n8_topk_seed44,44,160,3,False,False,True,0.822,0.0,-0.023462731,-0.023211466,-1.5014494181286864e-07,3.3779397199396044e-05,3.3779731893446296e-05,7e267c0bf303542b
2,day2_n8_topk_seed44,44,160,4,False,False,True,0.823,0.0,0.07815681,0.031935036,-7.007746205545118e-08,3.502308754832484e-05,3.502315666992217e-05,7e267c0bf303542b
2,day2_n8_topk_seed44,44,160,5,False,False,True,0.8224,0.0,-0.036437035,-0.046564512,-7.210897479126288e-08,3.410936551517807e-05,3.410944191273302e-05,7e267c0bf303542b
2,day2_n8_topk_seed44,44,160,6,False,False,True,0.8232,0.0,0.08197309,-0.08194812,-1.3753712835296028e-07,3.5759610909735784e-05,3.57598764821887e-05,7e267c0bf303542b
2,day2_n8_topk_seed44,44,160,7,False,False,True,0.8218,0.0,-0.04253859,-0.04047326,1.2097885360162763e-07,3.404407107154839e-05,3.4044285712298006e-05,7e267c0bf303542b
2,day2_n8_topk_seed44,44,161,0,False,False,True,0.8246,0.0,0.039519113,0.010917228,-7.587583183976676e-08,3.4462587791495025e-05,3.446267146500759e-05,7e267c0bf303542b
2,day2_n8_topk_seed44,44,161,1,False,False,True,0.8228,0.0,0.056400966,0.04156326,3.732914066745252e-08,3.551643021637574e-05,3.5516448406269774e-05,7e267c0bf303542b
2,day2_n8_topk_seed44,44,161,2,False,False,True,0.8194,0.0,0.038761813,0.0053947954,-1.0893339208450925e-07,3.4970427805092186e-05,3.497059879009612e-05,7e267c0bf303542b
2,day2_n8_topk_seed44,44,161,3,False,False,True,0.8166,0.0,-0.02090582,-0.08022395,1.4460120212334004e-08,3.707330324687064e-05,3.707330324687064e-05,7e267c0bf303542b
2,day2_n8_topk_seed44,44,161,4,False,False,True,0.8238,0.0,0.077419795,0.026421506,-1.986643809459565e-07,3.5525179555406794e-05,3.552573616616428e-05,7e267c0bf303542b
2,day2_n8_topk_seed44,44,161,5,False,False,True,0.824,0.0,0.037646756,0.013967665,-9.610257478698259e-08,3.434785321587697e-05,3.434798782109283e-05,7e267c0bf303542b
2,day2_n8_topk_seed44,44,161,6,False,False,True,0.8198,0.0,-0.07371436,-0.123221286,7.128343781914737e-08,3.969787940150127e-05,3.9697944885119796e-05,7e267c0bf303542b
2,day2_n8_topk_seed44,44,161,7,False,False,True,0.818,0.0,-0.15512805,0.105180666,1.5025656807665655e-07,4.270061617717147e-05,4.2700881749624386e-05,7e267c0bf303542b
2,day2_n8_topk_seed44,44,162,0,False,False,True,0.822,0.0,0.37595817,-0.19449694,-3.3116765507656964e-07,9.066790516953915e-05,9.066850907402113e-05,7e267c0bf303542b
2,day2_n8_topk_seed44,44,162,1,False,False,True,0.8204,0.0,-0.0053733797,0.05108093,3.783095792186941e-08,3.7437028368003666e-05,3.74370465578977e-05,7e267c0bf303542b
2,day2_n8_topk_seed44,44,162,2,False,False,True,0.8188,0.0,0.011878986,0.061340176,7.811512148236943e-08,3.450856092968024e-05,3.450864824117161e-05,7e267c0bf303542b
2,day2_n8_topk_seed44,44,162,3,False,False,True,0.8208,0.0,0.00513438,0.048989054,-1.2734268750591582e-07,3.4951175621245056e-05,3.49514048139099e-05,7e267c0bf303542b
2,day2_n8_topk_seed44,44,162,4,False,False,True,0.8234,0.0,0.029745625,0.07385037,-1.2491526923952279e-08,3.744266359717585e-05,3.744266359717585e-05,7e267c0bf303542b
2,day2_n8_topk_seed44,44,162,5,False,False,True,0.8228,0.0,0.018747753,0.055272114,-7.274964275438833e-08,3.4026099456241354e-05,3.402617949177511e-05,7e267c0bf303542b
2,day2_n8_topk_seed44,44,162,6,False,False,True,0.805,0.0,-0.4501485,-0.15194565,2.6455737156538817e-07,0.00010283291339874268,0.00010283324809279293,7e267c0bf303542b
2,day2_n8_topk_seed44,44,162,7,False,False,True,0.824,0.0,0.014056904,0.055912677,1.8326431927562226e-08,3.591636414057575e-05,3.591636414057575e-05,7e267c0bf303542b
2,day2_n8_topk_seed44,44,163,0,False,False,True,0.8228,0.0,0.0018931158,0.042207483,3.058510245068646e-08,3.5062781535089016e-05,3.5062796087004244e-05,7e267c0bf303542b
2,day2_n8_topk_seed44,44,163,1,False,False,True,0.8212,0.0,0.07902899,-0.1449004,5.8900770483205633e-08,3.7620826333295554e-05,3.7620873627020046e-05,7e267c0bf303542b
2,day2_n8_topk_seed44,44,163,2,False,False,True,0.822,0.0,-0.16144314,-0.055833578,-2.8255440209790095e-09,3.8717327697668225e-05,3.8717327697668225e-05,7e267c0bf303542b
2,day2_n8_topk_seed44,44,163,3,False,False,True,0.8222,0.0,0.022350214,0.038501848,-8.500818893253381e-08,3.4771608625305817e-05,3.4771710488712415e-05,7e267c0bf303542b
2,day2_n8_topk_seed44,44,163,4,False,False,True,0.819,0.0,0.0037856174,0.0132080065,1.1315730574779082e-07,3.4808188502211124e-05,3.4808374039130285e-05,7e267c0bf303542b
2,day2_n8_topk_seed44,44,163,5,False,False,True,0.825,0.0,-0.0037064424,0.052577488,-1.212632838587524e-07,3.45862572430633e-05,3.458646824583411e-05,7e267c0bf303542b
2,day2_n8_topk_seed44,44,163,6,False,False,True,0.8214,0.0,0.021885438,0.022482404,2.5059300412522134e-08,3.528555316734128e-05,3.52855640812777e-05,7e267c0bf303542b
2,day2_n8_topk_seed44,44,163,7,False,False,True,0.8226,0.0,0.03620626,0.031756874,9.664466205094868e-08,3.5020788345718756e-05,3.502092295093462e-05,7e267c0bf303542b
2,day2_n8_topk_seed44,44,164,0,False,False,True,0.8232,0.0,0.036954824,0.021303356,-4.718448565199651e-08,3.523323539411649e-05,3.5233268135925755e-05,7e267c0bf303542b
2,day2_n8_topk_seed44,44,164,1,False,False,True,0.8224,0.0,-0.086028636,-0.030932648,1.3157917067019298e-07,3.705628478201106e-05,3.7056517612654716e-05,7e267c0bf303542b
2,day2_n8_topk_seed44,44,164,2,False,False,True,0.8196,0.0,0.08143068,0.004679113,9.67390167971871e-09,3.6603018088499084e-05,3.660302172647789e-05,7e267c0bf303542b
2,day2_n8_topk_seed44,44,164,3,False,False,True,0.822,0.0,0.0138153015,-0.005805005,-6.502103389038894e-08,3.419847780605778e-05,3.41985396516975e-05,7e267c0bf303542b
2,day2_n8_topk_seed44,44,164,4,False,False,True,0.8198,0.0,0.04443245,-0.10842989,-5.906029798552481e-08,3.6274268495617434e-05,3.6274315789341927e-05,7e267c0bf303542b
2,day2_n8_topk_seed44,44,164,5,False,False,True,0.8204,0.0,0.020308424,0.1341764,-2.077573491021667e-08,3.60482772521209e-05,3.6048280890099704e-05,7e267c0bf303542b
2,day2_n8_topk_seed44,44,164,6,False,False,True,0.8256,0.0,0.009614006,-0.02661068,-1.395205089238516e-07,3.5708948416868225e-05,3.570922126527876e-05,7e267c0bf303542b
2,day2_n8_topk_seed44,44,164,7,False,False,True,0.8194,0.0,-0.12052714,0.0116193835,1.0545586803800688e-07,3.692317841341719e-05,3.692332757054828e-05,7e267c0bf303542b
2,day2_n8_topk_seed44,44,165,0,False,False,True,0.8186,0.0,-0.025325842,0.007957314,-3.113352775585554e-08,3.513133560772985e-05,3.513135015964508e-05,7e267c0bf303542b
2,day2_n8_topk_seed44,44,165,1,False,False,True,0.8192,0.0,-0.01936426,0.10506738,1.8970164106235643e-08,3.590319101931527e-05,3.590319829527289e-05,7e267c0bf303542b
2,day2_n8_topk_seed44,44,165,2,False,False,True,0.8184,0.0,-0.12234712,-0.06811218,-7.891162567830179e-08,3.655477848951705e-05,3.655486216302961e-05,7e267c0bf303542b
2,day2_n8_topk_seed44,44,165,3,False,False,True,0.8202,0.0,0.04253255,0.0007430093,-1.5921791884920822e-07,3.426651892368682e-05,3.426688999752514e-05,7e267c0bf303542b
2,day2_n8_topk_seed44,44,165,4,False,False,True,0.8218,0.0,-0.012403343,-0.07162006,-6.04373440182826e-08,3.547394589986652e-05,3.547399683156982e-05,7e267c0bf303542b
2,day2_n8_topk_seed44,44,165,5,False,False,True,0.8196,0.0,0.0065337704,0.05707604,-3.357027367201226e-08,3.504400228848681e-05,3.504401684040204e-05,7e267c0bf303542b
2,day2_n8_topk_seed44,44,165,6,False,False,True,0.823,0.0,0.015144259,0.03801849,-5.417052406642142e-08,3.554687646101229e-05,3.554691647877917e-05,7e267c0bf303542b
2,day2_n8_topk_seed44,44,165,7,False,False,True,0.8192,0.0,0.11522997,-0.06913013,6.653861106542536e-08,3.617584297899157e-05,3.617590118665248e-05,7e267c0bf303542b
2,day2_n8_topk_seed44,44,166,0,False,False,True,0.8222,0.0,0.004072884,0.015084529,-6.850680023262612e-08,3.6100256693316624e-05,3.610032217693515e-05,7e267c0bf303542b
2,day2_n8_topk_seed44,44,166,1,False,False,True,0.822,0.0,-0.18145563,-0.05259669,1.3020834899180045e-07,4.4930387957720086e-05,4.4930577132618055e-05,7e267c0bf303542b
2,day2_n8_topk_seed44,44,166,2,False,False,True,0.82,0.0,0.110135205,-0.15871584,-3.275673421399006e-08,4.392198025016114e-05,4.392199480207637e-05,7e267c0bf303542b
2,day2_n8_topk_seed44,44,166,3,False,False,True,0.8212,0.0,0.07122896,0.092328586,-8.684467900366144e-08,3.9699021726846695e-05,3.969911631429568e-05,7e267c0bf303542b
2,day2_n8_topk_seed44,44,166,4,False,False,True,0.822,0.0,0.027720325,0.050108407,4.178596668680257e-08,3.77917276637163e-05,3.779175312956795e-05,7e267c0bf303542b
2,day2_n8_topk_seed44,44,166,5,False,False,True,0.8242,0.0,-0.001039602,0.016239146,-2.7584791340018455e-08,3.463590837782249e-05,3.463592292973772e-05,7e267c0bf303542b
2,day2_n8_topk_seed44,44,166,6,False,False,True,0.8244,0.0,0.014341991,0.027232954,-6.945099784161357e-08,3.544265200616792e-05,3.544272112776525e-05,7e267c0bf303542b
2,day2_n8_topk_seed44,44,166,7,False,False,True,0.8202,0.0,-0.045004025,0.010318763,9.742532114387359e-08,3.766063673538156e-05,3.766076406463981e-05,7e267c0bf303542b
2,day2_n8_topk_seed44,44,167,0,False,False,True,0.8232,0.0,0.03756786,-0.01416524,-6.490100190603698e-08,3.5584420402301475e-05,3.558447860996239e-05,7e267c0bf303542b
2,day2_n8_topk_seed44,44,167,1,False,False,True,0.8214,0.0,-0.14973868,0.015222662,2.756232575507056e-08,3.738211307791062e-05,3.7382127629825845e-05,7e267c0bf303542b
2,day2_n8_topk_seed44,44,167,2,False,False,True,0.8212,0.0,-0.02101938,-0.15245174,-9.582993953927144e-08,3.729778836714104e-05,3.729790842044167e-05,7e267c0bf303542b
2,day2_n8_topk_seed44,44,167,3,False,False,True,0.818,0.0,0.043409146,0.010213142,-9.068907758091882e-08,3.525167267071083e-05,3.525178908603266e-05,7e267c0bf303542b
2,day2_n8_topk_seed44,44,167,4,False,False,True,0.8194,0.0,-0.0038167175,0.06191945,-2.1928970639351064e-08,3.600988202379085e-05,3.600988566176966e-05,7e267c0bf303542b
2,day2_n8_topk_seed44,44,167,5,False,False,True,0.823,0.0,0.077113725,-0.014183234,-6.1631084236069e-08,3.5774672141997144e-05,3.577472307370044e-05,7e267c0bf303542b
2,day2_n8_topk_seed44,44,167,6,False,False,True,0.8222,0.0,0.023465427,0.03764629,-7.502018206650973e-08,3.4741839044727385e-05,3.474191908026114e-05,7e267c0bf303542b
2,day2_n8_topk_seed44,44,167,7,False,False,True,0.8188,0.0,-0.0069812154,0.055798516,5.861588547872998e-08,3.5723896871786565e-05,3.5723947803489864e-05,7e267c0bf303542b
2,day2_n8_topk_seed44,44,168,0,False,False,True,0.8198,0.0,0.018942604,-0.012115859,-5.4894502277136326e-09,3.502131221466698e-05,3.502131221466698e-05,7e267c0bf303542b
2,day2_n8_topk_seed44,44,168,1,False,False,True,0.8224,0.0,0.053128153,0.13927355,4.6744109027940794e-08,3.826401734841056e-05,3.826404645224102e-05,7e267c0bf303542b
2,day2_n8_topk_seed44,44,168,2,False,False,True,0.821,0.0,-0.18953037,0.008581298,-7.131580215258282e-09,4.3089312384836376e-05,4.3089312384836376e-05,7e267c0bf303542b
2,day2_n8_topk_seed44,44,168,3,False,False,True,0.8238,0.0,0.04635742,-0.11124825,-9.48047969018262e-08,3.775511504500173e-05,3.775523146032356e-05,7e267c0bf303542b
2,day2_n8_topk_seed44,44,168,4,False,False,True,0.8204,0.0,0.015928097,-0.04288379,-1.2562894369239075e-07,3.69728913938161e-05,3.697310239658691e-05,7e267c0bf303542b
2,day2_n8_topk_seed44,44,168,5,False,False,True,0.824,0.0,0.013556975,0.021560546,-1.151262623011462e-07,3.529011883074418e-05,3.5290308005642146e-05,7e267c0bf303542b
2,day2_n8_topk_seed44,44,168,6,False,False,True,0.8206,0.0,0.022306409,0.021926725,-3.26831575137021e-08,3.6439647374209017e-05,3.6439661926124245e-05,7e267c0bf303542b
2,day2_n8_topk_seed44,44,168,7,False,False,True,0.8196,0.0,0.019310713,-0.025094211,7.218829978228314e-08,3.7292124034138396e-05,3.729219679371454e-05,7e267c0bf303542b
2,day2_n8_topk_seed44,44,169,0,False,False,True,0.8212,0.0,-0.032164603,-0.04465917,-1.096875834605271e-07,3.467231726972386e-05,3.46724918927066e-05,7e267c0bf303542b
2,day2_n8_topk_seed44,44,169,1,False,False,True,0.8176,0.0,-0.0077659846,0.11315649,4.798655339754987e-08,3.689338336698711e-05,3.689341610879637e-05,7e267c0bf303542b
2,day2_n8_topk_seed44,44,169,2,False,False,True,0.823,0.0,0.00785183,-0.022228794,-6.72031106319082e-08,3.6481618735706434e-05,3.6481680581346154e-05,7e267c0bf303542b
2,day2_n8_topk_seed44,44,169,3,False,False,True,0.8208,0.0,-0.052767206,-0.091252506,-1.192389760262813e-07,3.567714156815782e-05,3.567734165699221e-05,7e267c0bf303542b
2,day2_n8_topk_seed44,44,169,4,False,False,True,0.8194,0.0,0.17289227,-0.016311962,6.580325617733251e-08,4.012007775600068e-05,4.012013232568279e-05,7e267c0bf303542b
2,day2_n8_topk_seed44,44,169,5,False,False,True,0.8218,0.0,-0.027997104,-0.02674841,-1.3082242844575376e-07,3.454670877545141e-05,3.454695615801029e-05,7e267c0bf303542b
2,day2_n8_topk_seed44,44,169,6,False,False,True,0.8222,0.0,-0.024730619,-0.0016372195,4.0603623241430853e-10,3.564348298823461e-05,3.564348298823461e-05,7e267c0bf303542b
2,day2_n8_topk_seed44,44,169,7,False,False,True,0.8218,0.0,-0.03531864,0.08968148,1.3102075513415912e-07,3.734664278454147e-05,3.734687197720632e-05,7e267c0bf303542b
2,day2_n8_topk_seed44,44,170,0,False,False,True,0.8236,0.0,-0.024467533,-0.03407103,-8.01717447984629e-08,3.536659278324805e-05,3.536668373271823e-05,7e267c0bf303542b
2,day2_n8_topk_seed44,44,170,1,False,False,True,0.8214,0.0,-0.029868485,-0.022743983,-2.3488588851705572e-08,3.637752161012031e-05,3.6377528886077926e-05,7e267c0bf303542b
2,day2_n8_topk_seed44,44,170,2,False,False,True,0.8212,0.0,-0.035943918,-0.018937537,-7.805617485701077e-09,3.4977547329617664e-05,3.497755096759647e-05,7e267c0bf303542b
2,day2_n8_topk_seed44,44,170,3,False,False,True,0.8188,0.0,0.18400913,-0.008565031,-9.172439519034015e-08,4.15498398069758e-05,4.1549941670382395e-05,7e267c0bf303542b
2,day2_n8_topk_seed44,44,170,4,False,False,True,0.8224,0.0,-0.032626215,-0.05766026,-1.2306666974382097e-07,3.7248508306220174e-05,3.7248708395054564e-05,7e267c0bf303542b
2,day2_n8_topk_seed44,44,170,5,False,False,True,0.824,0.0,-0.010542295,-0.01954877,-1.0692760810115942e-07,3.458659193711355e-05,3.458675564615987e-05,7e267c0bf303542b
2,day2_n8_topk_seed44,44,170,6,False,False,True,0.8212,0.0,-0.03329176,-0.005268865,-5.7707321587940896e-08,3.581938653951511e-05,3.58194338332396e-05,7e267c0bf303542b
2,day2_n8_topk_seed44,44,170,7,False,False,True,0.821,0.0,-0.01726876,0.16679552,1.1482565298592817e-07,3.770873081521131e-05,3.770890543819405e-05,7e267c0bf303542b
2,day2_n8_topk_seed44,44,171,0,False,False,True,0.8196,0.0,-0.031989206,-0.039263193,-5.202414055105464e-09,3.480050872894935e-05,3.480050872894935e-05,7e267c0bf303542b
2,day2_n8_topk_seed44,44,171,1,False,False,True,0.8196,0.0,-0.043211594,-0.03209143,1.4863760000594084e-08,3.671440208563581e-05,3.671440572361462e-05,7e267c0bf303542b
2,day2_n8_topk_seed44,44,171,2,False,False,True,0.8222,0.0,-0.034748193,-0.018613985,4.294503597179755e-08,3.668231511255726e-05,3.668234057840891e-05,7e267c0bf303542b
2,day2_n8_topk_seed44,44,171,3,False,False,True,0.8224,0.0,0.23954235,-0.0036043846,5.578524451266276e-07,5.501374107552692e-05,5.5016564147081226e-05,7e267c0bf303542b
2,day2_n8_topk_seed44,44,171,4,False,False,True,0.823,0.0,-0.034439985,-0.04997737,-6.583805056692427e-09,3.736972939805128e-05,3.7369733036030084e-05,7e267c0bf303542b
2,day2_n8_topk_seed44,44,171,5,False,False,True,0.8232,0.0,-0.029633109,-0.013207307,-1.1801908073039158e-07,3.5064695111941546e-05,3.5064895200775936e-05,7e267c0bf303542b
2,day2_n8_topk_seed44,44,171,6,False,False,True,0.8218,0.0,-0.029611778,0.17314072,7.223226816677197e-08,3.964327333960682e-05,3.964333882322535e-05,7e267c0bf303542b
2,day2_n8_topk_seed44,44,171,7,False,False,True,0.821,0.0,-0.03590868,-0.016383093,4.297504130335028e-09,3.739472958841361e-05,3.7394725950434804e-05,7e267c0bf303542b
2,day2_n8_topk_seed44,44,172,0,False,False,True,0.8214,0.0,0.035569504,0.034768227,-8.634322767875346e-08,3.575488517526537e-05,3.575499067665078e-05,7e267c0bf303542b
2,day2_n8_topk_seed44,44,172,1,False,False,True,0.8208,0.0,0.024641762,-0.17034316,-2.1086673740455808e-08,3.907129212166183e-05,3.907129939761944e-05,7e267c0bf303542b
2,day2_n8_topk_seed44,44,172,2,False,False,True,0.8204,0.0,0.03646271,0.02777922,2.626703299313249e-08,3.65190498996526e-05,3.651906445156783e-05,7e267c0bf303542b
2,day2_n8_topk_seed44,44,172,3,False,False,True,0.825,0.0,0.034640096,0.023588857,-1.239545781572815e-07,3.3944375900318846e-05,3.394459781702608e-05,7e267c0bf303542b
2,day2_n8_topk_seed44,44,172,4,False,False,True,0.82,0.0,0.038885947,0.00844728,-1.4138639414795762e-07,3.630232095019892e-05,3.630259743658826e-05,7e267c0bf303542b
2,day2_n8_topk_seed44,44,172,5,False,False,True,0.8234,0.0,0.040281165,0.05744814,-1.4800409076087817e-07,3.5576802474679425e-05,3.557711170287803e-05,7e267c0bf303542b
2,day2_n8_topk_seed44,44,172,6,False,False,True,0.8218,0.0,0.03876794,0.010597912,-7.810358226834069e-08,3.658286004792899e-05,3.658294372144155e-05,7e267c0bf303542b
2,day2_n8_topk_seed44,44,172,7,False,False,True,0.82,0.0,-0.24924871,0.007713474,1.4447016383201117e-07,5.742637949879281e-05,5.742656139773317e-05,7e267c0bf303542b
2,day2_n8_topk_seed44,44,173,0,False,False,True,0.8238,0.0,0.02174787,-0.017793536,-1.6339545538812672e-07,3.866147017106414e-05,3.8661812141072005e-05,7e267c0bf303542b
2,day2_n8_topk_seed44,44,173,1,False,False,True,0.821,0.0,0.032836635,-0.058726702,2.487828432151673e-08,3.838762131636031e-05,3.838763223029673e-05,7e267c0bf303542b
2,day2_n8_topk_seed44,44,173,2,False,False,True,0.8226,0.0,0.016422896,0.007537996,-1.7877415814382402e-07,3.999799082521349e-05,3.999839100288227e-05,7e267c0bf303542b
2,day2_n8_topk_seed44,44,173,3,False,False,True,0.8196,0.0,-0.20067956,-0.029776784,-1.2881613997706154e-08,4.6674107579747215e-05,4.6674107579747215e-05,7e267c0bf303542b
2,day2_n8_topk_seed44,44,173,4,False,False,True,0.823,0.0,0.075068235,-0.022476794,1.0265460304026419e-07,3.982913040090352e-05,3.9829265006119385e-05,7e267c0bf303542b
2,day2_n8_topk_seed44,44,173,5,False,False,True,0.8252,0.0,0.02743464,-0.031415667,-1.3639355245231854e-07,3.4269382013008e-05,3.426965486141853e-05,7e267c0bf303542b
2,day2_n8_topk_seed44,44,173,6,False,False,True,0.8236,0.0,0.029007439,-0.030938083,-6.77812792559962e-08,3.700980596477166e-05,3.700986781041138e-05,7e267c0bf303542b
2,day2_n8_topk_seed44,44,173,7,False,False,True,0.8212,0.0,-0.0018379578,0.18358955,6.087854131919812e-08,4.2642768676159903e-05,4.2642815969884396e-05,7e267c0bf303542b
2,day2_n8_topk_seed44,44,174,0,False,False,True,0.824,0.0,0.029569643,0.031950954,-8.100388271259362e-08,3.6461227864492685e-05,3.646131881396286e-05,7e267c0bf303542b
2,day2_n8_topk_seed44,44,174,1,False,False,True,0.8224,0.0,0.032917622,0.08392897,-4.649218610097705e-08,3.8028956623747945e-05,3.8028982089599594e-05,7e267c0bf303542b
2,day2_n8_topk_seed44,44,174,2,False,False,True,0.82,0.0,0.04677775,0.04993384,-8.766061654341684e-08,3.793018913711421e-05,3.793029100052081e-05,7e267c0bf303542b
2,day2_n8_topk_seed44,44,174,3,False,False,True,0.8234,0.0,0.024911946,-0.008866543,-1.0944445705263206e-07,3.682744500110857e-05,3.682760871015489e-05,7e267c0bf303542b
2,day2_n8_topk_seed44,44,174,4,False,False,True,0.8254,0.0,0.009990826,-0.15354715,-4.148817822624551e-08,3.85285857191775e-05,3.8528603909071535e-05,7e267c0bf303542b
2,day2_n8_topk_seed44,44,174,5,False,False,True,0.8214,0.0,0.048022702,-0.0150138475,-8.07866626928444e-08,3.60289886884857e-05,3.6029079637955874e-05,7e267c0bf303542b
2,day2_n8_topk_seed44,44,174,6,False,False,True,0.823,0.0,0.0089974785,-0.005855931,-1.5121198515544165e-08,3.6445391742745414e-05,3.644539538072422e-05,7e267c0bf303542b
2,day2_n8_topk_seed44,44,174,7,False,False,True,0.8164,0.0,-0.20118767,0.01746957,1.5531344388364232e-07,4.5910681365057826e-05,4.591094329953194e-05,7e267c0bf303542b
2,day2_n8_topk_seed44,44,175,0,False,False,True,0.8234,0.0,0.020489786,0.041732065,-1.5720937440732996e-08,3.684345574583858e-05,3.684345938381739e-05,7e267c0bf303542b
2,day2_n8_topk_seed44,44,175,1,False,False,True,0.8224,0.0,-0.0036839833,0.04688338,7.66680656738572e-08,3.7489593523787335e-05,3.748967355932109e-05,7e267c0bf303542b
2,day2_n8_topk_seed44,44,175,2,False,False,True,0.8224,0.0,-0.01292228,0.050679788,-6.652153672348504e-08,3.8200090784812346e-05,3.820014899247326e-05,7e267c0bf303542b
2,day2_n8_topk_seed44,44,175,3,False,False,True,0.824,0.0,-0.008947776,0.04325628,-3.694380268370878e-08,3.785156150115654e-05,3.7851579691050574e-05,7e267c0bf303542b
2,day2_n8_topk_seed44,44,175,4,False,False,True,0.8224,0.0,-0.16167146,-0.13239601,-9.012797619334378e-08,4.581507891998626e-05,4.581516623147763e-05,7e267c0bf303542b
2,day2_n8_topk_seed44,44,175,5,False,False,True,0.8238,0.0,-0.009926749,0.025468353,-5.785486578702148e-08,3.600146374083124e-05,3.6001507396576926e-05,7e267c0bf303542b
2,day2_n8_topk_seed44,44,175,6,False,False,True,0.82,0.0,0.19523884,-0.10381421,-2.0850539073080654e-08,4.8450274334754795e-05,4.84502779727336e-05,7e267c0bf303542b
2,day2_n8_topk_seed44,44,175,7,False,False,True,0.8204,0.0,-0.018576624,0.028190685,1.8204839591362543e-07,3.781312989303842e-05,3.781356645049527e-05,7e267c0bf303542b
2,day2_n8_topk_seed44,44,176,0,False,False,True,0.8224,0.0,-0.07263862,0.020035647,8.848335397715346e-08,3.6183428164804354e-05,3.618353730416857e-05,7e267c0bf303542b
2,day2_n8_topk_seed44,44,176,1,False,False,True,0.8244,0.0,-0.059846293,0.035742432,3.7366238103686555e-08,3.82969192287419e-05,3.8296937418635935e-05,7e267c0bf303542b
2,day2_n8_topk_seed44,44,176,2,False,False,True,0.8216,0.0,-0.065415576,0.06932297,-4.3017593043259694e-08,3.790545088122599e-05,3.7905479985056445e-05,7e267c0bf303542b
2,day2_n8_topk_seed44,44,176,3,False,False,True,0.822,0.0,-0.09735925,-0.18235585,-9.218218366413566e-08,4.3184067180845886e-05,4.318416540627368e-05,7e267c0bf303542b
2,day2_n8_topk_seed44,44,176,4,False,False,True,0.8208,0.0,0.51045424,-0.010489659,3.474988830021175e-07,0.00011774469749070704,0.00011774520680774003,7e267c0bf303542b
2,day2_n8_topk_seed44,44,176,5,False,False,True,0.8224,0.0,-0.061618954,0.032523908,-6.717213096862906e-08,3.780363476835191e-05,3.780369661399163e-05,7e267c0bf303542b
2,day2_n8_topk_seed44,44,176,6,False,False,True,0.8236,0.0,-0.08968548,0.00061634305,9.6279642036734e-08,4.0310354961548e-05,4.031047137686983e-05,7e267c0bf303542b
2,day2_n8_topk_seed44,44,176,7,False,False,True,0.82,0.0,-0.06389197,0.034604724,3.533739700856131e-08,4.058918057125993e-05,4.058919148519635e-05,7e267c0bf303542b
2,day2_n8_topk_seed44,44,177,0,False,False,True,0.8164,0.0,0.541241,0.0053507593,3.705621764993339e-08,0.00012573052663356066,0.00012573052663356066,7e267c0bf303542b
2,day2_n8_topk_seed44,44,177,1,False,False,True,0.8214,0.0,-0.077516295,-0.033734012,-1.8282058533714007e-08,3.8960479287197813e-05,3.896048656315543e-05,7e267c0bf303542b
2,day2_n8_topk_seed44,44,177,2,False,False,True,0.8226,0.0,-0.091610685,0.1821885,9.181191984453108e-08,4.294775135349482e-05,4.2947849578922614e-05,7e267c0bf303542b
2,day2_n8_topk_seed44,44,177,3,False,False,True,0.823,0.0,-0.068730175,-0.009950137,-1.5191160684935312e-07,3.5216195101384073e-05,3.521652251947671e-05,7e267c0bf303542b
2,day2_n8_topk_seed44,44,177,4,False,False,True,0.8244,0.0,-0.077649124,-0.019870555,-3.734804909782952e-09,3.847213156404905e-05,3.847213156404905e-05,7e267c0bf303542b
2,day2_n8_topk_seed44,44,177,5,False,False,True,0.8218,0.0,-0.06408601,-0.07920116,-1.092281323167299e-07,3.9664471842115745e-05,3.966462463722564e-05,7e267c0bf303542b
2,day2_n8_topk_seed44,44,177,6,False,False,True,0.8224,0.0,-0.0903214,-0.035938952,-3.834138340153004e-08,3.8314949051709846e-05,3.831497087958269e-05,7e267c0bf303542b
2,day2_n8_topk_seed44,44,177,7,False,False,True,0.8214,0.0,-0.07132933,-0.008844565,4.1282820717469804e-08,3.8414560549426824e-05,3.8414586015278473e-05,7e267c0bf303542b
2,day2_n8_topk_seed44,44,178,0,False,False,True,0.8222,0.0,-0.011116993,0.016989522,-4.923188257066613e-08,3.660135917016305e-05,3.660139554995112e-05,7e267c0bf303542b
2,day2_n8_topk_seed44,44,178,1,False,False,True,0.8226,0.0,0.042079475,0.1625341,2.667946397139076e-08,3.9090344216674566e-05,3.909035149263218e-05,7e267c0bf303542b
2,day2_n8_topk_seed44,44,178,2,False,False,True,0.8236,0.0,-0.06761863,-0.026736198,-1.242488565367239e-07,3.783832289627753e-05,3.783852662309073e-05,7e267c0bf303542b
2,day2_n8_topk_seed44,44,178,3,False,False,True,0.8222,0.0,-0.017949006,-0.05247483,-4.7124320445846024e-08,3.80358069378417e-05,3.803583967965096e-05,7e267c0bf303542b
2,day2_n8_topk_seed44,44,178,4,False,False,True,0.8232,0.0,-0.029423708,-0.0071518617,6.432357935182154e-08,3.8221318391151726e-05,3.822137296083383e-05,7e267c0bf303542b
2,day2_n8_topk_seed44,44,178,5,False,False,True,0.8242,0.0,-0.044970468,0.0082103005,-1.4555833161011833e-07,3.6187229852657765e-05,3.618752089096233e-05,7e267c0bf303542b
2,day2_n8_topk_seed44,44,178,6,False,False,True,0.823,0.0,-0.033058465,-0.036831964,-9.561469482832763e-08,3.769752584048547e-05,3.76976458937861e-05,7e267c0bf303542b
2,day2_n8_topk_seed44,44,178,7,False,False,True,0.8228,0.0,0.16205773,-0.06453897,1.4733119257925864e-07,3.969254612457007e-05,3.9692818972980604e-05,7e267c0bf303542b
2,day2_n8_topk_seed44,44,179,0,False,False,True,0.8234,0.0,0.015190884,-0.0004862766,-9.147860424718601e-08,3.688470314955339e-05,3.688481592689641e-05,7e267c0bf303542b
2,day2_n8_topk_seed44,44,179,1,False,False,True,0.8206,0.0,0.10837231,-0.1658533,1.4089769706515654e-07,4.552555037662387e-05,4.552576501737349e-05,7e267c0bf303542b
2,day2_n8_topk_seed44,44,179,2,False,False,True,0.8212,0.0,-0.006005956,0.000956075,-8.324875011567201e-08,3.8545804272871464e-05,3.854589522234164e-05,7e267c0bf303542b
2,day2_n8_topk_seed44,44,179,3,False,False,True,0.8228,0.0,-0.0043853573,0.021916453,-1.8402693058305886e-07,3.679602741613053e-05,3.679648943943903e-05,7e267c0bf303542b
2,day2_n8_topk_seed44,44,179,4,False,False,True,0.8238,0.0,0.008062938,0.021892818,-3.486738364699704e-08,3.7014124245615676e-05,3.701414243550971e-05,7e267c0bf303542b
2,day2_n8_topk_seed44,44,179,5,False,False,True,0.825,0.0,-0.00054138206,0.036905903,-2.0305995462877036e-07,3.668300632853061e-05,3.6683562939288095e-05,7e267c0bf303542b
2,day2_n8_topk_seed44,44,179,6,False,False,True,0.8248,0.0,0.10948082,0.11015618,1.1914107034272092e-08,4.434422226040624e-05,4.434422226040624e-05,7e267c0bf303542b
2,day2_n8_topk_seed44,44,179,7,False,False,True,0.8242,0.0,-0.23017406,-0.025487766,1.2562664153392689e-07,5.4076026572147384e-05,5.4076175729278475e-05,7e267c0bf303542b
2,day2_n8_topk_seed44,44,180,0,False,False,True,0.8242,0.0,0.018556139,0.0020837702,-7.472988450274443e-09,3.635539178503677e-05,3.635539178503677e-05,7e267c0bf303542b
2,day2_n8_topk_seed44,44,180,1,False,False,True,0.8232,0.0,0.035977162,0.07840341,1.006664263059065e-07,3.923968324670568e-05,3.923981057596393e-05,7e267c0bf303542b
2,day2_n8_topk_seed44,44,180,2,False,False,True,0.8206,0.0,-0.28010818,-0.018279769,-1.4310437279618782e-07,6.567149102920666e-05,6.567164382431656e-05,7e267c0bf303542b
2,day2_n8_topk_seed44,44,180,3,False,False,True,0.824,0.0,0.040652595,-0.007733895,-1.4527522296248208e-07,3.7516962038353086e-05,3.7517238524742424e-05,7e267c0bf303542b
2,day2_n8_topk_seed44,44,180,4,False,False,True,0.8234,0.0,0.02485398,-0.0072457623,-1.330755310391396e-07,3.834970266325399e-05,3.834993549389765e-05,7e267c0bf303542b
2,day2_n8_topk_seed44,44,180,5,False,False,True,0.8254,0.0,0.07621572,-0.15056026,-1.651274317282514e-08,3.936009670724161e-05,3.9360103983199224e-05,7e267c0bf303542b
2,day2_n8_topk_seed44,44,180,6,False,False,True,0.8218,0.0,0.04748717,0.020866245,8.895960945665138e-08,3.748444214579649e-05,3.748454400920309e-05,7e267c0bf303542b
2,day2_n8_topk_seed44,44,180,7,False,False,True,0.826,0.0,0.03636588,0.08246639,-3.318289998333057e-08,3.853849193546921e-05,3.853850648738444e-05,7e267c0bf303542b
2,day2_n8_topk_seed44,44,181,0,False,False,True,0.8252,0.0,-0.01527761,-0.04135319,-3.444464979907025e-08,3.729985110112466e-05,3.729986565303989e-05,7e267c0bf303542b
2,day2_n8_topk_seed44,44,181,1,False,False,True,0.8236,0.0,-0.013576376,-0.03737671,1.0119130422481248e-07,4.0709623135626316e-05,4.0709750464884564e-05,7e267c0bf303542b
2,day2_n8_topk_seed44,44,181,2,False,False,True,0.822,0.0,-0.033320434,-0.040026344,-5.312492135089997e-08,4.3162013753317297e-05,4.316204649512656e-05,7e267c0bf303542b
2,day2_n8_topk_seed44,44,181,3,False,False,True,0.823,0.0,-0.16093057,0.1192606,8.649301719287905e-09,5.0915412430185825e-05,5.091540879220702e-05,7e267c0bf303542b
2,day2_n8_topk_seed44,44,181,4,False,False,True,0.8256,0.0,0.00010229888,-0.07092038,-3.765520517617915e-08,3.859218486468308e-05,3.859220305457711e-05,7e267c0bf303542b
2,day2_n8_topk_seed44,44,181,5,False,False,True,0.8232,0.0,0.094027445,-0.11037976,1.2090453083146713e-07,4.591838296619244e-05,4.591854303725995e-05,7e267c0bf303542b
2,day2_n8_topk_seed44,44,181,6,False,False,True,0.822,0.0,0.1871481,0.153363,3.6289071658757166e-07,5.554293966270052e-05,5.5544122005812824e-05,7e267c0bf303542b
2,day2_n8_topk_seed44,44,181,7,False,False,True,0.8206,0.0,-0.05817291,0.027432697,8.748584434670192e-08,4.1970957681769505e-05,4.197104863123968e-05,7e267c0bf303542b
2,day2_n8_topk_seed44,44,182,0,False,False,True,0.8242,0.0,-0.018376254,-0.007076526,-3.839211260014963e-08,3.764456050703302e-05,3.7644578696927056e-05,7e267c0bf303542b
2,day2_n8_topk_seed44,44,182,1,False,False,True,0.8222,0.0,0.20059444,-0.018202309,1.6225133236957845e-08,4.571149838739075e-05,4.571149838739075e-05,7e267c0bf303542b
2,day2_n8_topk_seed44,44,182,2,False,False,True,0.8236,0.0,-0.017615112,0.12544513,-6.43779998199534e-08,3.8510566810145974e-05,3.851062137982808e-05,7e267c0bf303542b
2,day2_n8_topk_seed44,44,182,3,False,False,True,0.8228,0.0,-0.031791404,0.017379347,-1.3212995497724478e-07,3.6797955544898286e-05,3.679819201352075e-05,7e267c0bf303542b
2,day2_n8_topk_seed44,44,182,4,False,False,True,0.8236,0.0,-0.018095512,0.044376075,-4.592256530600025e-08,3.776525045395829e-05,3.776528319576755e-05,7e267c0bf303542b
2,day2_n8_topk_seed44,44,182,5,False,False,True,0.8248,0.0,-0.03372805,0.013123344,-1.4841697293377365e-07,3.583609577617608e-05,3.5836401366395876e-05,7e267c0bf303542b
2,day2_n8_topk_seed44,44,182,6,False,False,True,0.8242,0.0,-0.046942182,-0.121704444,-6.077509340229881e-08,3.886146078002639e-05,3.886150807375088e-05,7e267c0bf303542b
2,day2_n8_topk_seed44,44,182,7,False,False,True,0.8236,0.0,-0.034046188,-0.05334054,1.3187846548134985e-07,3.909375664079562e-05,3.909397855750285e-05,7e267c0bf303542b
2,day2_n8_topk_seed44,44,183,0,False,False,True,0.8236,0.0,0.17183872,-0.034410365,-1.6342769981747551e-07,4.0037528378888965e-05,4.003786307293922e-05,7e267c0bf303542b
2,day2_n8_topk_seed44,44,183,1,False,False,True,0.827,0.0,-0.04454678,-0.014191273,1.1586018899834016e-07,3.852662121062167e-05,3.85267921956256e-05,7e267c0bf303542b
2,day2_n8_topk_seed44,44,183,2,False,False,True,0.8226,0.0,-0.005208121,0.1448966,1.4559406125158603e-08,3.9140380977187306e-05,3.914038461516611e-05,7e267c0bf303542b
2,day2_n8_topk_seed44,44,183,3,False,False,True,0.8222,0.0,-0.019501824,-0.017438352,-3.4985220054295496e-08,3.774997821892612e-05,3.7749992770841345e-05,7e267c0bf303542b
2,day2_n8_topk_seed44,44,183,4,False,False,True,0.8212,0.0,-0.03506989,0.04758053,-3.877827481346685e-08,3.846855179290287e-05,3.8468573620775715e-05,7e267c0bf303542b
2,day2_n8_topk_seed44,44,183,5,False,False,True,0.825,0.0,0.019998508,0.009903287,-1.9417556984535622e-07,3.5888151614926755e-05,3.5888679121853784e-05,7e267c0bf303542b
2,day2_n8_topk_seed44,44,183,6,False,False,True,0.8254,0.0,-0.026282458,-0.033819042,-2.9145608593239558e-08,3.712582474690862e-05,3.712583566084504e-05,7e267c0bf303542b
2,day2_n8_topk_seed44,44,183,7,False,False,True,0.8242,0.0,-0.06122797,-0.10252117,-4.822876764620787e-09,3.876533446600661e-05,3.876533446600661e-05,7e267c0bf303542b
2,day2_n8_topk_seed44,44,184,0,False,False,True,0.825,0.0,0.0427606,0.017642578,-1.4909833367937608e-08,3.7980869819875807e-05,3.7980873457854614e-05,7e267c0bf303542b
2,day2_n8_topk_seed44,44,184,1,False,False,True,0.8238,0.0,-0.00059289817,0.1356748,-5.69341018774594e-08,3.863114761770703e-05,3.86311839974951e-05,7e267c0bf303542b
2,day2_n8_topk_seed44,44,184,2,False,False,True,0.823,0.0,0.043214303,-0.10604997,-2.674945420721997e-08,3.857952106045559e-05,3.8579528336413205e-05,7e267c0bf303542b
2,day2_n8_topk_seed44,44,184,3,False,False,True,0.8222,0.0,0.007121606,0.021051666,-7.659978251695065e-08,3.739183739526197e-05,3.739191379281692e-05,7e267c0bf303542b
2,day2_n8_topk_seed44,44,184,4,False,False,True,0.8228,0.0,0.025573788,-0.062757105,6.423026377433416e-08,3.8040288927732036e-05,3.804034349741414e-05,7e267c0bf303542b
2,day2_n8_topk_seed44,44,184,5,False,False,True,0.8228,0.0,0.04498011,0.017415874,-4.165468325822985e-08,3.6906334571540356e-05,3.69063563994132e-05,7e267c0bf303542b
2,day2_n8_topk_seed44,44,184,6,False,False,True,0.823,0.0,0.01268564,0.0028782876,-8.350654212563313e-08,3.684725015773438e-05,3.6847344745183364e-05,7e267c0bf303542b
2,day2_n8_topk_seed44,44,184,7,False,False,True,0.8238,0.0,-0.1757432,-0.025856217,3.840970563828705e-08,3.9800033846404403e-05,3.9800055674277246e-05,7e267c0bf303542b
2,day2_n8_topk_seed44,44,185,0,False,False,True,0.8188,0.0,0.25112063,-0.03187792,1.5563782085337152e-07,5.746928582084365e-05,5.746949682361446e-05,7e267c0bf303542b
2,day2_n8_topk_seed44,44,185,1,False,False,True,0.8258,0.0,-0.024945302,0.049381796,1.2316206721152412e-07,3.9748669223627076e-05,3.974886567448266e-05,7e267c0bf303542b
2,day2_n8_topk_seed44,44,185,2,False,False,True,0.8246,0.0,-0.049866732,0.028730836,-8.619443292445794e-08,4.092938979738392e-05,4.092947710887529e-05,7e267c0bf303542b
2,day2_n8_topk_seed44,44,185,3,False,False,True,0.8228,0.0,-0.0065560127,0.020995785,-2.3708746255124424e-07,3.792747884290293e-05,3.792822462855838e-05,7e267c0bf303542b
2,day2_n8_topk_seed44,44,185,4,False,False,True,0.8244,0.0,-0.023744032,0.04102484,-9.930815281222749e-08,3.895078771165572e-05,3.895091504091397e-05,7e267c0bf303542b
2,day2_n8_topk_seed44,44,185,5,False,False,True,0.8266,0.0,-0.043312583,0.039782677,-1.045394952825518e-07,3.8590824260609224e-05,3.859096977976151e-05,7e267c0bf303542b
2,day2_n8_topk_seed44,44,185,6,False,False,True,0.8244,0.0,-0.07732548,-0.18763974,-4.804697084637155e-08,4.559239823720418e-05,4.559242370305583e-05,7e267c0bf303542b
2,day2_n8_topk_seed44,44,185,7,False,False,True,0.8244,0.0,-0.025370961,0.039601795,-8.487153202452191e-09,3.744023706531152e-05,3.744023706531152e-05,7e267c0bf303542b
2,day2_n8_topk_seed44,44,186,0,False,False,True,0.8222,0.0,0.004038937,-0.044717494,-6.343289982169154e-08,3.7551748391706496e-05,3.7551799323409796e-05,7e267c0bf303542b
2,day2_n8_topk_seed44,44,186,1,False,False,True,0.824,0.0,0.022606825,-0.06311827,3.434844586536201e-08,3.961840775446035e-05,3.9618425944354385e-05,7e267c0bf303542b
2,day2_n8_topk_seed44,44,186,2,False,False,True,0.8254,0.0,0.10966425,0.15866177,-4.390973984413904e-08,4.467699909582734e-05,4.467702456167899e-05,7e267c0bf303542b
2,day2_n8_topk_seed44,44,186,3,False,False,True,0.8206,0.0,-0.18454859,0.078189,-3.471224374607118e-08,4.576663923216984e-05,4.576665014610626e-05,7e267c0bf303542b
2,day2_n8_topk_seed44,44,186,4,False,False,True,0.8256,0.0,0.028311418,-0.016150808,-1.9808206186411326e-09,4.027037357445806e-05,4.027037357445806e-05,7e267c0bf303542b
2,day2_n8_topk_seed44,44,186,5,False,False,True,0.8238,0.0,0.004330886,0.005457445,-8.229049086594387e-08,4.10872271459084e-05,4.1087310819420964e-05,7e267c0bf303542b
2,day2_n8_topk_seed44,44,186,6,False,False,True,0.824,0.0,0.0075394046,-0.047512643,-4.2849741532791086e-08,3.881739030475728e-05,3.8817412132630125e-05,7e267c0bf303542b
2,day2_n8_topk_seed44,44,186,7,False,False,True,0.8262,0.0,0.008056972,-0.07080889,7.002454793791912e-08,3.974276114604436e-05,3.9742826629662886e-05,7e267c0bf303542b
2,day2_n8_topk_seed44,44,187,0,False,False,True,0.8282,0.0,-0.01278193,-0.0067897635,-2.1261403304606574e-08,3.703758557094261e-05,3.7037592846900225e-05,7e267c0bf303542b
2,day2_n8_topk_seed44,44,187,1,False,False,True,0.8256,0.0,-0.024893578,-0.008711432,-2.0358688956889637e-08,3.8364698411896825e-05,3.836470568785444e-05,7e267c0bf303542b
2,day2_n8_topk_seed44,44,187,2,False,False,True,0.8248,0.0,0.01379402,-0.023275338,-7.681760649802527e-08,3.8049922295613214e-05,3.805000233114697e-05,7e267c0bf303542b
2,day2_n8_topk_seed44,44,187,3,False,False,True,0.8232,0.0,-0.07454334,0.06287888,-2.7667395485764246e-08,4.047100810566917e-05,4.047101901960559e-05,7e267c0bf303542b
2,day2_n8_topk_seed44,44,187,4,False,False,True,0.827,0.0,0.17307837,0.08713786,-5.569202343735924e-08,4.372419789433479e-05,4.372423063614406e-05,7e267c0bf303542b
2,day2_n8_topk_seed44,44,187,5,False,False,True,0.8274,0.0,-0.09578279,0.06728991,-1.72931351016814e-07,3.996233135694638e-05,3.996270606876351e-05,7e267c0bf303542b
2,day2_n8_topk_seed44,44,187,6,False,False,True,0.8242,0.0,0.02881502,-0.14531155,-3.6912926049126327e-08,3.982779162470251e-05,3.9827813452575356e-05,7e267c0bf303542b
2,day2_n8_topk_seed44,44,187,7,False,False,True,0.8218,0.0,-0.0076858154,-0.03321875,9.90024773273035e-09,3.7518962926696986e-05,3.751896656467579e-05,7e267c0bf303542b
2,day2_n8_topk_seed44,44,188,0,False,False,True,0.8244,0.0,-0.025300952,0.013484103,-1.0636027525379177e-07,3.722899782587774e-05,3.722915062098764e-05,7e267c0bf303542b
2,day2_n8_topk_seed44,44,188,1,False,False,True,0.8242,0.0,0.18054314,-0.05525359,8.072782975432347e-08,4.2000643588835374e-05,4.200072362436913e-05,7e267c0bf303542b
2,day2_n8_topk_seed44,44,188,2,False,False,True,0.8282,0.0,-0.07242676,-0.12104649,-4.962263844277004e-08,4.022157008876093e-05,4.022160283057019e-05,7e267c0bf303542b
2,day2_n8_topk_seed44,44,188,3,False,False,True,0.8232,0.0,-0.003379381,0.027642542,8.744812873828778e-09,3.8797443266958e-05,3.8797443266958e-05,7e267c0bf303542b
2,day2_n8_topk_seed44,44,188,4,False,False,True,0.8248,0.0,-0.036689565,-0.04724479,-9.229127329035691e-08,3.961000402341597e-05,3.961011316278018e-05,7e267c0bf303542b
2,day2_n8_topk_seed44,44,188,5,False,False,True,0.8272,0.0,-0.025793754,0.030232152,-1.2648364133838186e-07,3.840632416540757e-05,3.840653153019957e-05,7e267c0bf303542b
2,day2_n8_topk_seed44,44,188,6,False,False,True,0.821,0.0,-0.028352566,0.026294451,-7.417952474497724e-08,3.8945028791204095e-05,3.894509791280143e-05,7e267c0bf303542b
2,day2_n8_topk_seed44,44,188,7,False,False,True,0.8244,0.0,0.011399872,0.12589183,9.882241869263453e-08,4.0151859138859436e-05,4.015198283013888e-05,7e267c0bf303542b
2,day2_n8_topk_seed44,44,189,0,False,False,True,0.823,0.0,-0.0034938548,0.013971684,-3.111559720991863e-08,3.754063800442964e-05,3.754065255634487e-05,7e267c0bf303542b
2,day2_n8_topk_seed44,44,189,1,False,False,True,0.8242,0.0,0.038156472,-0.16761544,5.435581940105294e-08,4.178887320449576e-05,4.178890958428383e-05,7e267c0bf303542b
2,day2_n8_topk_seed44,44,189,2,False,False,True,0.8274,0.0,0.03702703,0.09707715,-7.362535114907587e-08,4.025367525173351e-05,4.0253744373330846e-05,7e267c0bf303542b
2,day2_n8_topk_seed44,44,189,3,False,False,True,0.8224,0.0,0.033560254,0.029826598,-2.5151239313458973e-08,3.9371836464852095e-05,3.937184374080971e-05,7e267c0bf303542b
2,day2_n8_topk_seed44,44,189,4,False,False,True,0.8258,0.0,0.008206489,0.04222953,1.0222142021731884e-09,3.875718539347872e-05,3.875718539347872e-05,7e267c0bf303542b
2,day2_n8_topk_seed44,44,189,5,False,False,True,0.8248,0.0,-0.2102962,-0.00905577,-1.4393019398539764e-07,4.656799137592316e-05,4.656821329263039e-05,7e267c0bf303542b
2,day2_n8_topk_seed44,44,189,6,False,False,True,0.8236,0.0,0.051200632,-0.019485319,-5.749355125317379e-08,3.955122156185098e-05,3.9551265217596665e-05,7e267c0bf303542b
2,day2_n8_topk_seed44,44,189,7,False,False,True,0.8248,0.0,0.045639377,0.013051774,1.881938516135051e-07,3.919866867363453e-05,3.919911978300661e-05,7e267c0bf303542b
2,day2_n8_topk_seed44,44,190,0,False,False,True,0.8244,0.0,0.04663478,0.049260024,-2.387060682451647e-08,3.849491258733906e-05,3.849492350127548e-05,7e267c0bf303542b
2,day2_n8_topk_seed44,44,190,1,False,False,True,0.8248,0.0,0.05256296,-0.18073753,2.315408487163495e-08,4.158286901656538e-05,4.158287265454419e-05,7e267c0bf303542b
2,day2_n8_topk_seed44,44,190,2,False,False,True,0.8234,0.0,-0.30891365,-0.0044166814,2.1696621388400672e-07,7.089043356245384e-05,7.089076098054647e-05,7e267c0bf303542b
2,day2_n8_topk_seed44,44,190,3,False,False,True,0.8232,0.0,0.040360566,0.02754039,-6.949924369337168e-08,3.828525586868636e-05,3.8285317714326084e-05,7e267c0bf303542b
2,day2_n8_topk_seed44,44,190,4,False,False,True,0.8248,0.0,0.04614393,0.043904904,-7.181912309306426e-08,3.9568927604705095e-05,3.956899308832362e-05,7e267c0bf303542b
2,day2_n8_topk_seed44,44,190,5,False,False,True,0.8284,0.0,0.04039345,0.026513528,-8.534098583368177e-08,3.682729948195629e-05,3.682740134536289e-05,7e267c0bf303542b
2,day2_n8_topk_seed44,44,190,6,False,False,True,0.825,0.0,0.03897006,0.0068412144,-6.509390004794113e-08,3.8962214603088796e-05,3.896227281074971e-05,7e267c0bf303542b
2,day2_n8_topk_seed44,44,190,7,False,False,True,0.8266,0.0,0.0438484,0.031094149,5.2369127701012985e-08,4.031110802316107e-05,4.031114440294914e-05,7e267c0bf303542b
2,day2_n8_topk_seed44,44,191,0,False,False,True,0.8274,0.0,-0.14597169,0.005997164,-7.001422375196853e-08,4.0830236684996635e-05,4.083029125467874e-05,7e267c0bf303542b
2,day2_n8_topk_seed44,44,191,1,False,False,True,0.8228,0.0,0.06991963,0.16662936,-4.0670336431958276e-08,4.083589738002047e-05,4.083591920789331e-05,7e267c0bf303542b
2,day2_n8_topk_seed44,44,191,2,False,False,True,0.823,0.0,-0.012299749,-0.006968247,-1.6750826148381748e-07,3.791799463215284e-05,3.791836206801236e-05,7e267c0bf303542b
2,day2_n8_topk_seed44,44,191,3,False,False,True,0.8218,0.0,-0.053705454,-0.004991861,-4.207500481356874e-08,3.9247319364221767e-05,3.9247344830073416e-05,7e267c0bf303542b
2,day2_n8_topk_seed44,44,191,4,False,False,True,0.8248,0.0,0.016651807,-0.031266004,-4.702331324324405e-08,3.8843216316308826e-05,3.8843241782160476e-05,7e267c0bf303542b
2,day2_n8_topk_seed44,44,191,5,False,False,True,0.8248,0.0,-0.007213575,-0.0016415673,-4.124148489381696e-08,3.6954894312657416e-05,3.695491614053026e-05,7e267c0bf303542b
2,day2_n8_topk_seed44,44,191,6,False,False,True,0.825,0.0,0.033473477,-0.031162,4.095073080634393e-08,3.937286965083331e-05,3.937289147870615e-05,7e267c0bf303542b
2,day2_n8_topk_seed44,44,191,7,False,False,True,0.8218,0.0,0.09914553,-0.0965969,8.85531790117966e-08,4.0240287489723414e-05,4.0240385715151206e-05,7e267c0bf303542b
2,day2_n8_topk_seed44,44,192,0,False,False,True,0.8262,0.0,0.009854554,0.0048218626,-7.971265603146094e-08,3.9283972000703216e-05,3.928405203623697e-05,7e267c0bf303542b
2,day2_n8_topk_seed44,44,192,1,False,False,True,0.8242,0.0,-0.17362146,-0.0030088103,3.165211026612269e-08,4.084317697561346e-05,4.084319152752869e-05,7e267c0bf303542b
2,day2_n8_topk_seed44,44,192,2,False,False,True,0.8244,0.0,-0.00800663,0.11714681,-6.176677658231711e-08,3.9937156543601304e-05,3.9937203837325796e-05,7e267c0bf303542b
2,day2_n8_topk_seed44,44,192,3,False,False,True,0.8268,0.0,0.019986605,-0.006511081,-6.043899247742957e-08,3.8969046727288514e-05,3.8969094021013007e-05,7e267c0bf303542b
2,day2_n8_topk_seed44,44,192,4,False,False,True,0.8248,0.0,0.08198473,0.0530349,1.871217136795167e-08,3.977173037128523e-05,3.977173400926404e-05,7e267c0bf303542b
2,day2_n8_topk_seed44,44,192,5,False,False,True,0.8262,0.0,0.01066647,-0.0015756822,-1.7367615612329246e-07,3.7426936614792794e-05,3.742734043044038e-05,7e267c0bf303542b
2,day2_n8_topk_seed44,44,192,6,False,False,True,0.824,0.0,0.037320223,-0.01659757,-3.693373429314306e-08,3.902721800841391e-05,3.902723256032914e-05,7e267c0bf303542b
2,day2_n8_topk_seed44,44,192,7,False,False,True,0.8232,0.0,0.021815453,-0.14731053,5.945676662122423e-08,4.024518057121895e-05,4.024522422696464e-05,7e267c0bf303542b
2,day2_n8_topk_seed44,44,193,0,False,False,True,0.8248,0.0,0.026978454,-0.0043961927,-5.523997970158234e-08,3.8384561776183546e-05,3.8384601793950424e-05,7e267c0bf303542b
2,day2_n8_topk_seed44,44,193,1,False,False,True,0.823,0.0,0.08310494,-0.084660284,9.663413180760472e-08,3.998480679001659e-05,3.9984926843317226e-05,7e267c0bf303542b
2,day2_n8_topk_seed44,44,193,2,False,False,True,0.8218,0.0,0.030545315,0.066934794,-6.493610982261089e-08,4.0113583963830024e-05,4.011363489553332e-05,7e267c0bf303542b
2,day2_n8_topk_seed44,44,193,3,False,False,True,0.8242,0.0,0.007589389,0.0052457843,-9.258074129547822e-08,3.8107151340227574e-05,3.8107264117570594e-05,7e267c0bf303542b
2,day2_n8_topk_seed44,44,193,4,False,False,True,0.8246,0.0,0.0559413,0.0031778493,-1.935565663302441e-08,3.936078428523615e-05,3.936078792321496e-05,7e267c0bf303542b
2,day2_n8_topk_seed44,44,193,5,False,False,True,0.8248,0.0,-0.09116578,0.119479604,-1.7046433242740022e-07,4.009728581877425e-05,4.0097645978676155e-05,7e267c0bf303542b
2,day2_n8_topk_seed44,44,193,6,False,False,True,0.8232,0.0,0.024011618,0.00802412,-4.211738868775683e-08,3.8569356547668576e-05,3.8569382013520226e-05,7e267c0bf303542b
2,day2_n8_topk_seed44,44,193,7,False,False,True,0.8232,0.0,-0.13700525,-0.113805436,1.5998129043737208e-08,4.1443989175604656e-05,4.1443989175604656e-05,7e267c0bf303542b
2,day2_n8_topk_seed44,44,194,0,False,False,True,0.8268,0.0,0.020559333,0.03858403,-9.061541561550257e-08,3.8080132071627304e-05,3.808024121099152e-05,7e267c0bf303542b
2,day2_n8_topk_seed44,44,194,1,False,False,True,0.8252,0.0,0.036932796,0.048207507,9.644995202506834e-08,4.126397107029334e-05,4.126408384763636e-05,7e267c0bf303542b
2,day2_n8_topk_seed44,44,194,2,False,False,True,0.825,0.0,0.025415981,0.027344504,-1.270369835992824e-07,3.915132401743904e-05,3.9151527744252235e-05,7e267c0bf303542b
2,day2_n8_topk_seed44,44,194,3,False,False,True,0.822,0.0,0.020449786,0.036559336,-1.512799308045487e-08,3.816062235273421e-05,3.816062235273421e-05,7e267c0bf303542b
2,day2_n8_topk_seed44,44,194,4,False,False,True,0.8224,0.0,-0.20527218,-0.059288803,-7.067573193353383e-08,4.8213827540166676e-05,4.8213878471869975e-05,7e267c0bf303542b
2,day2_n8_topk_seed44,44,194,5,False,False,True,0.8238,0.0,0.09217958,-0.17876685,-2.442708080252487e-07,4.482522126636468e-05,4.4825887016486377e-05,7e267c0bf303542b
2,day2_n8_topk_seed44,44,194,6,False,False,True,0.8246,0.0,0.024507891,0.040288538,-7.191014361751513e-08,3.920145900337957e-05,3.9201524486998096e-05,7e267c0bf303542b
2,day2_n8_topk_seed44,44,194,7,False,False,True,0.8248,0.0,-0.014773069,0.04707175,5.650681700331006e-08,4.215348235447891e-05,4.215351873426698e-05,7e267c0bf303542b
2,day2_n8_topk_seed44,44,195,0,False,False,True,0.8242,0.0,-0.03392359,-0.0018708305,-9.011313295559376e-08,3.77576143364422e-05,3.775771983782761e-05,7e267c0bf303542b
2,day2_n8_topk_seed44,44,195,1,False,False,True,0.8262,0.0,0.23378362,-0.030796796,1.2892188294699736e-07,5.383927418733947e-05,5.383943425840698e-05,7e267c0bf303542b
2,day2_n8_topk_seed44,44,195,2,False,False,True,0.8256,0.0,-0.041188702,-0.0640096,-9.687907009947594e-08,3.878471761709079e-05,3.8784837670391425e-05,7e267c0bf303542b
2,day2_n8_topk_seed44,44,195,3,False,False,True,0.8218,0.0,-0.03663793,-0.022421287,-1.1929920162856433e-07,3.953799023292959e-05,3.9538168493891135e-05,7e267c0bf303542b
2,day2_n8_topk_seed44,44,195,4,False,False,True,0.8232,0.0,-0.051319823,-0.091223024,5.609912889781299e-08,3.99949676648248e-05,3.999500768259168e-05,7e267c0bf303542b
2,day2_n8_topk_seed44,44,195,5,False,False,True,0.8298,0.0,-0.045169104,-0.010364135,-9.67015196806642e-08,3.757802915060893e-05,3.757815284188837e-05,7e267c0bf303542b
2,day2_n8_topk_seed44,44,195,6,False,False,True,0.826,0.0,0.012478255,0.13702327,-5.439390271533284e-09,4.118129800190218e-05,4.1181301639880985e-05,7e267c0bf303542b
2,day2_n8_topk_seed44,44,195,7,False,False,True,0.823,0.0,-0.038023196,0.08366253,1.30524725250325e-07,3.960475078201853e-05,3.9604965422768146e-05,7e267c0bf303542b
2,day2_n8_topk_seed44,44,196,0,False,False,True,0.8228,0.0,0.0018876984,0.09498816,-1.857458897802644e-08,3.911459134542383e-05,3.911459134542383e-05,7e267c0bf303542b
2,day2_n8_topk_seed44,44,196,1,False,False,True,0.8262,0.0,-0.048237476,0.07184848,-2.0460293015389652e-08,3.964377901866101e-05,3.964378629461862e-05,7e267c0bf303542b
2,day2_n8_topk_seed44,44,196,2,False,False,True,0.8238,0.0,0.1022538,0.0054495716,5.4529461834817994e-08,4.018843901576474e-05,4.0188475395552814e-05,7e267c0bf303542b
2,day2_n8_topk_seed44,44,196,3,False,False,True,0.8248,0.0,0.016060805,-0.006075201,-1.1522507747940836e-07,3.917382855433971e-05,3.917399953934364e-05,7e267c0bf303542b
2,day2_n8_topk_seed44,44,196,4,False,False,True,0.8284,0.0,0.07252006,-0.13035268,2.412257504857962e-09,4.070452632731758e-05,4.070452996529639e-05,7e267c0bf303542b
2,day2_n8_topk_seed44,44,196,5,False,False,True,0.8256,0.0,0.027193934,0.03189344,-1.245222733814444e-07,3.7953301216475666e-05,3.795350494328886e-05,7e267c0bf303542b
2,day2_n8_topk_seed44,44,196,6,False,False,True,0.825,0.0,-0.025472462,0.012481322,1.1465800753285293e-08,3.937669680453837e-05,3.9376700442517176e-05,7e267c0bf303542b
2,day2_n8_topk_seed44,44,196,7,False,False,True,0.8234,0.0,-0.14620644,-0.08023326,1.9518387261996395e-07,4.1836887248791754e-05,4.183734199614264e-05,7e267c0bf303542b
2,day2_n8_topk_seed44,44,197,0,False,False,True,0.8234,0.0,-0.013231262,-0.07262992,3.419353689082527e-08,3.969423778471537e-05,3.969424869865179e-05,7e267c0bf303542b
2,day2_n8_topk_seed44,44,197,1,False,False,True,0.8242,0.0,0.1765147,0.03864701,1.1299900393169082e-07,4.121741949347779e-05,4.1217575926566496e-05,7e267c0bf303542b
2,day2_n8_topk_seed44,44,197,2,False,False,True,0.826,0.0,-0.000905814,-0.016362123,-6.987306022665507e-08,4.0685696149012074e-05,4.068575435667299e-05,7e267c0bf303542b
2,day2_n8_topk_seed44,44,197,3,False,False,True,0.826,0.0,-0.0101235835,-0.0065348465,-1.9252174965345148e-08,3.9762318920111284e-05,3.97623261960689e-05,7e267c0bf303542b
2,day2_n8_topk_seed44,44,197,4,False,False,True,0.8272,0.0,-0.061582547,-0.019645918,9.141325563177816e-08,4.047653783345595e-05,4.047663969686255e-05,7e267c0bf303542b
2,day2_n8_topk_seed44,44,197,5,False,False,True,0.826,0.0,0.01122006,-0.045815535,-5.37582351967103e-08,3.8648438930977136e-05,3.86484716727864e-05,7e267c0bf303542b
2,day2_n8_topk_seed44,44,197,6,False,False,True,0.8264,0.0,-0.04005876,-0.04568794,-1.3148257593798007e-08,3.9820621168473735e-05,3.982062480645254e-05,7e267c0bf303542b
2,day2_n8_topk_seed44,44,197,7,False,False,True,0.826,0.0,-0.06183276,0.16802932,5.497163613199518e-08,4.1620180127210915e-05,4.1620216506998986e-05,7e267c0bf303542b
2,day2_n8_topk_seed44,44,198,0,False,False,True,0.8262,0.0,-0.03346078,-0.0056770165,-9.131220934932571e-08,3.976406151195988e-05,3.9764167013345286e-05,7e267c0bf303542b
2,day2_n8_topk_seed44,44,198,1,False,False,True,0.8228,0.0,0.0038565306,0.17939991,5.85885153725485e-08,4.206745506962761e-05,4.2067491449415684e-05,7e267c0bf303542b
2,day2_n8_topk_seed44,44,198,2,False,False,True,0.8258,0.0,-0.043576468,-0.029503621,-7.591923179006699e-08,4.001704655820504e-05,4.001712295575999e-05,7e267c0bf303542b
2,day2_n8_topk_seed44,44,198,3,False,False,True,0.823,0.0,-0.031872276,0.00912641,-1.4196078979011872e-08,4.007769166491926e-05,4.0077695302898064e-05,7e267c0bf303542b
2,day2_n8_topk_seed44,44,198,4,False,False,True,0.8256,0.0,-0.059898905,-0.080651976,-8.187660682779097e-08,4.079421705682762e-05,4.079430436831899e-05,7e267c0bf303542b
2,day2_n8_topk_seed44,44,198,5,False,False,True,0.8254,0.0,-0.037926886,-0.027286446,-7.575778226964758e-08,3.944708805647679e-05,3.944716081605293e-05,7e267c0bf303542b
2,day2_n8_topk_seed44,44,198,6,False,False,True,0.8256,0.0,-0.03044293,-0.010812575,-6.720426881656749e-08,3.8873138691997156e-05,3.887319326167926e-05,7e267c0bf303542b
2,day2_n8_topk_seed44,44,198,7,False,False,True,0.8216,0.0,0.2333213,-0.03459446,1.4153337701827695e-07,5.373224485083483e-05,5.373243038775399e-05,7e267c0bf303542b
2,day2_n8_topk_seed44,44,199,0,False,False,True,0.825,0.0,0.060402203,0.034385998,-4.5329592524012696e-08,3.952257975470275e-05,3.952260158257559e-05,7e267c0bf303542b
2,day2_n8_topk_seed44,44,199,1,False,False,True,0.8238,0.0,0.12128989,0.07894713,4.097687522630622e-08,4.145619095652364e-05,4.1456212784396484e-05,7e267c0bf303542b
2,day2_n8_topk_seed44,44,199,2,False,False,True,0.828,0.0,-0.08072213,0.054121017,-4.101864448102788e-08,3.9810027374187484e-05,3.981004920206033e-05,7e267c0bf303542b
2,day2_n8_topk_seed44,44,199,3,False,False,True,0.8266,0.0,0.011722758,0.004890521,-9.371801468205376e-08,3.925924465875141e-05,3.925936107407324e-05,7e267c0bf303542b
2,day2_n8_topk_seed44,44,199,4,False,False,True,0.8256,0.0,-0.097783744,-0.032656915,-2.0012251411571924e-08,4.082946907146834e-05,4.082947634742595e-05,7e267c0bf303542b
2,day2_n8_topk_seed44,44,199,5,False,False,True,0.8274,0.0,-0.040036995,0.03415521,-3.9518781136393955e-08,3.910525992978364e-05,3.9105281757656485e-05,7e267c0bf303542b
2,day2_n8_topk_seed44,44,199,6,False,False,True,0.824,0.0,-0.0327048,-0.009796212,3.88459042710565e-08,3.8718102587154135e-05,3.871812441502698e-05,7e267c0bf303542b
2,day2_n8_topk_seed44,44,199,7,False,False,True,0.8248,0.0,0.057832815,-0.16404667,1.1298015323291111e-07,4.1380146285519004e-05,4.13802990806289e-05,7e267c0bf303542b
2,day2_n8_topk_seed44,44,200,0,False,False,True,0.826,0.0,0.04620084,-0.028111681,1.7029273990942784e-08,4.1284089093096554e-05,4.128409636905417e-05,7e267c0bf303542b
2,day2_n8_topk_seed44,44,200,1,False,False,True,0.8264,0.0,0.028102916,-0.03147596,3.8019827286461805e-08,4.2237043089699e-05,4.2237061279593036e-05,7e267c0bf303542b
2,day2_n8_topk_seed44,44,200,2,False,False,True,0.8238,0.0,0.021002067,-0.016989866,-5.580389128567731e-08,3.903248580172658e-05,3.903252218151465e-05,7e267c0bf303542b
2,day2_n8_topk_seed44,44,200,3,False,False,True,0.8236,0.0,-0.013871481,0.0075241346,-2.1037158148828894e-07,3.950633981730789e-05,3.950690006604418e-05,7e267c0bf303542b
2,day2_n8_topk_seed44,44,200,4,False,False,True,0.8272,0.0,-0.009699637,-0.13717856,-1.5643911055462922e-08,4.111068483325653e-05,4.1110688471235335e-05,7e267c0bf303542b
2,day2_n8_topk_seed44,44,200,5,False,False,True,0.8268,0.0,0.10701627,0.123681724,-2.156715908085971e-07,4.19867537857499e-05,4.1987306758528575e-05,7e267c0bf303542b
2,day2_n8_topk_seed44,44,200,6,False,False,True,0.8276,0.0,-0.014969058,0.010739932,-6.617877801318173e-08,3.968138844356872e-05,3.968144301325083e-05,7e267c0bf303542b
2,day2_n8_topk_seed44,44,200,7,False,False,True,0.825,0.0,-0.16378179,0.07181025,3.6153277704897846e-08,4.2558229324640706e-05,4.2558243876555935e-05,7e267c0bf303542b
