day,run_name,seed,epoch,worker_id,is_malicious,is_flagged,is_accepted,validation_acc,detector_score,projection_1,projection_2,update_mean,update_std,update_rms,config_hash
2,day2_n4_topk_seed44,44,1,0,False,False,True,0.1166,0.0,-154.89636,-105.60146,0.00025046750670298934,0.09045900404453278,0.09045935422182083,7e267c0bf303542b
2,day2_n4_topk_seed44,44,1,1,False,False,True,0.0974,0.0,-189.79434,-253.95888,0.0006876503466628492,0.08688446134328842,0.0868871733546257,7e267c0bf303542b
2,day2_n4_topk_seed44,44,1,2,False,False,True,0.1288,0.0,507.1645,-9.166249,0.0004402190388645977,0.127999946475029,0.12800069153308868,7e267c0bf303542b
2,day2_n4_topk_seed44,44,1,3,False,False,True,0.1388,0.0,-162.47386,368.72653,0.00034723823773674667,0.09830879420042038,0.09830939769744873,7e267c0bf303542b
2,day2_n4_topk_seed44,44,2,0,False,False,True,0.1348,0.0,67.11277,43.88798,-0.0001757125573931262,0.015104922465980053,0.01510594505816698,7e267c0bf303542b
2,day2_n4_topk_seed44,44,2,1,False,False,True,0.129,0.0,65.554726,-59.084457,-0.00012291938764974475,0.017383864149451256,0.017384298145771027,7e267c0bf303542b
2,day2_n4_topk_seed44,44,2,2,False,False,True,0.11,0.0,-191.70271,-0.12233709,0.0009405099553987384,0.05290895700454712,0.05291731283068657,7e267c0bf303542b
2,day2_n4_topk_seed44,44,2,3,False,False,True,0.1338,0.0,59.03612,15.318901,-0.0002054665528703481,0.011101544834673405,0.01110344659537077,7e267c0bf303542b
2,day2_n4_topk_seed44,44,3,0,False,False,True,0.1396,0.0,-0.56590277,7.048281,-6.535291322506964e-05,0.0043245842680335045,0.004325077868998051,7e267c0bf303542b
2,day2_n4_topk_seed44,44,3,1,False,False,True,0.163,0.0,6.970368,-2.320286,-5.627653808915056e-05,0.004292189609259367,0.004292558412998915,7e267c0bf303542b
2,day2_n4_topk_seed44,44,3,2,False,False,True,0.1686,0.0,2.564914,-1.9286076,-5.5245480325538665e-05,0.003988466691225767,0.003988849930465221,7e267c0bf303542b
2,day2_n4_topk_seed44,44,3,3,False,False,True,0.176,0.0,-8.969358,-2.7993746,-5.420035813585855e-05,0.004483520984649658,0.004483848810195923,7e267c0bf303542b
2,day2_n4_topk_seed44,44,4,0,False,False,True,0.2168,0.0,3.7743964,-2.2179775,-4.010412158095278e-05,0.003718213178217411,0.0037184294778853655,7e267c0bf303542b
2,day2_n4_topk_seed44,44,4,1,False,False,True,0.1918,0.0,-4.344723,-1.1445872,-5.596732080448419e-05,0.003807811765000224,0.003808222711086273,7e267c0bf303542b
2,day2_n4_topk_seed44,44,4,2,False,False,True,0.2024,0.0,-0.99621934,0.7293037,-4.878863546764478e-05,0.003681749803945422,0.0036820732057094574,7e267c0bf303542b
2,day2_n4_topk_seed44,44,4,3,False,False,True,0.2114,0.0,1.5665497,2.6332772,-4.652919960790314e-05,0.0036700100172311068,0.003670305013656616,7e267c0bf303542b
2,day2_n4_topk_seed44,44,5,0,False,False,True,0.2532,0.0,1.4889482,-1.6399963,-4.836842344957404e-05,0.0035229905042797327,0.0035233227536082268,7e267c0bf303542b
2,day2_n4_topk_seed44,44,5,1,False,False,True,0.2576,0.0,-1.3062085,1.0989132,-4.770554733113386e-05,0.0035043503157794476,0.0035046751145273447,7e267c0bf303542b
2,day2_n4_topk_seed44,44,5,2,False,False,True,0.2382,0.0,-1.6003412,-1.0305827,-4.905267633148469e-05,0.003498251084238291,0.0034985949750989676,7e267c0bf303542b
2,day2_n4_topk_seed44,44,5,3,False,False,True,0.2498,0.0,1.4176027,1.5716648,-4.9784997827373445e-05,0.00351326004602015,0.003513612784445286,7e267c0bf303542b
2,day2_n4_topk_seed44,44,6,0,False,False,True,0.288,0.0,1.6771972,-1.807126,-4.800906390300952e-05,0.003362796036526561,0.0033631387632340193,7e267c0bf303542b
2,day2_n4_topk_seed44,44,6,1,False,False,True,0.2728,0.0,-3.2429886,-0.42526203,-4.2664309148676693e-05,0.0034138711635023355,0.003414137987419963,7e267c0bf303542b
2,day2_n4_topk_seed44,44,6,2,False,False,True,0.2758,0.0,1.7633703,1.0672654,-4.533610990620218e-05,0.003362054703757167,0.0033623604103922844,7e267c0bf303542b
2,day2_n4_topk_seed44,44,6,3,False,False,True,0.2822,0.0,-0.19757292,1.1651272,-4.644417276722379e-05,0.003347729565575719,0.003348051803186536,7e267c0bf303542b
2,day2_n4_topk_seed44,44,7,0,False,False,True,0.2792,0.0,-1.0061466,-0.14375748,-4.146033097640611e-05,0.0032152666244655848,0.0032155339140444994,7e267c0bf303542b
2,day2_n4_topk_seed44,44,7,1,False,False,True,0.2956,0.0,-0.4173021,-1.9099752,-4.119089135201648e-05,0.003216011915355921,0.0032162757124751806,7e267c0bf303542b
2,day2_n4_topk_seed44,44,7,2,False,False,True,0.2948,0.0,2.3820338,0.30742985,-4.255142994225025e-05,0.0032308686058968306,0.003231148701161146,7e267c0bf303542b
2,day2_n4_topk_seed44,44,7,3,False,False,True,0.2772,0.0,-0.9585894,1.746301,-4.0651906601851806e-05,0.0032193465158343315,0.003219603095203638,7e267c0bf303542b
2,day2_n4_topk_seed44,44,8,0,False,False,True,0.318,0.0,-0.26549035,1.2373482,-4.110323789063841e-05,0.0030803903937339783,0.0030806646682322025,7e267c0bf303542b
2,day2_n4_topk_seed44,44,8,1,False,False,True,0.3,0.0,2.0322676,-1.1042553,-4.056337638758123e-05,0.0030955076217651367,0.0030957735143601894,7e267c0bf303542b
2,day2_n4_topk_seed44,44,8,2,False,False,True,0.3184,0.0,-1.8380562,-1.352372,-4.244525553076528e-05,0.0030981707386672497,0.003098461776971817,7e267c0bf303542b
2,day2_n4_topk_seed44,44,8,3,False,False,True,0.3032,0.0,0.07127961,1.2192818,-4.2077459511347115e-05,0.0030771514866501093,0.003077439032495022,7e267c0bf303542b
2,day2_n4_topk_seed44,44,9,0,False,False,True,0.3356,0.0,-0.91458815,-0.4870182,-3.900376395904459e-05,0.0029629268683493137,0.0029631834477186203,7e267c0bf303542b
2,day2_n4_topk_seed44,44,9,1,False,False,True,0.3144,0.0,0.17996429,2.0510197,-3.806074892054312e-05,0.002968535991385579,0.0029687797650694847,7e267c0bf303542b
2,day2_n4_topk_seed44,44,9,2,False,False,True,0.3348,0.0,1.9070656,-0.85995305,-3.808135079452768e-05,0.0029711523093283176,0.0029713965486735106,7e267c0bf303542b
2,day2_n4_topk_seed44,44,9,3,False,False,True,0.3136,0.0,-1.1724427,-0.7040473,-3.734153870027512e-05,0.0029651839286088943,0.002965418854728341,7e267c0bf303542b
2,day2_n4_topk_seed44,44,10,0,False,False,True,0.3542,0.0,0.3608098,1.9511733,-4.0500624891137704e-05,0.0028517907485365868,0.0028520782943814993,7e267c0bf303542b
2,day2_n4_topk_seed44,44,10,1,False,False,True,0.3136,0.0,-1.926024,-0.85040617,-3.921722964150831e-05,0.0028636569622904062,0.002863925648853183,7e267c0bf303542b
2,day2_n4_topk_seed44,44,10,2,False,False,True,0.334,0.0,1.8235211,-1.2615073,-3.763694257941097e-05,0.002863505855202675,0.0028637528885155916,7e267c0bf303542b
2,day2_n4_topk_seed44,44,10,3,False,False,True,0.3404,0.0,-0.2583039,0.16074193,-3.896324778907001e-05,0.002849527634680271,0.002849793992936611,7e267c0bf303542b
2,day2_n4_topk_seed44,44,11,0,False,False,True,0.3658,0.0,0.81798464,-0.63554376,-3.9102091250242665e-05,0.002753025386482477,0.0027533031534403563,7e267c0bf303542b
2,day2_n4_topk_seed44,44,11,1,False,False,True,0.348,0.0,0.8936904,-1.3723633,-3.837803888018243e-05,0.0027603793423622847,0.002760646166279912,7e267c0bf303542b
2,day2_n4_topk_seed44,44,11,2,False,False,True,0.3658,0.0,0.83770776,2.026889,-3.719482629094273e-05,0.0027630459517240524,0.0027632962446659803,7e267c0bf303542b
2,day2_n4_topk_seed44,44,11,3,False,False,True,0.348,0.0,-2.549374,-0.018981759,-3.691944948513992e-05,0.002756762783974409,0.0027570100501179695,7e267c0bf303542b
2,day2_n4_topk_seed44,44,12,0,False,False,True,0.3626,0.0,1.2189072,0.3800596,-3.630812352639623e-05,0.0026439784560352564,0.002644227584823966,7e267c0bf303542b
2,day2_n4_topk_seed44,44,12,1,False,False,True,0.362,0.0,1.4509937,0.066858895,-3.979378379881382e-05,0.002646907465532422,0.0026472066529095173,7e267c0bf303542b
2,day2_n4_topk_seed44,44,12,2,False,False,True,0.3796,0.0,-1.6438383,1.6491963,-3.512055627652444e-05,0.002652625786140561,0.0026528581511229277,7e267c0bf303542b
2,day2_n4_topk_seed44,44,12,3,False,False,True,0.3596,0.0,-1.0260614,-2.096116,-3.497131910989992e-05,0.002653083298355341,0.0026533138006925583,7e267c0bf303542b
2,day2_n4_topk_seed44,44,13,0,False,False,True,0.3826,0.0,-0.26699817,1.882628,-3.4895911085186526e-05,0.0025503423530608416,0.0025505810044705868,7e267c0bf303542b
2,day2_n4_topk_seed44,44,13,1,False,False,True,0.3884,0.0,-1.489734,-1.7938013,-3.734185520443134e-05,0.002558017848059535,0.00255829025991261,7e267c0bf303542b
2,day2_n4_topk_seed44,44,13,2,False,False,True,0.373,0.0,2.3234227,-0.7681242,-3.565619408618659e-05,0.0025577337946742773,0.002557982224971056,7e267c0bf303542b
2,day2_n4_topk_seed44,44,13,3,False,False,True,0.3798,0.0,-0.56669277,0.6792956,-3.648661368060857e-05,0.0025512997526675463,0.0025515605229884386,7e267c0bf303542b
2,day2_n4_topk_seed44,44,14,0,False,False,True,0.3732,0.0,-0.44171286,-1.9897668,-3.652266241260804e-05,0.002455592853948474,0.002455864567309618,7e267c0bf303542b
2,day2_n4_topk_seed44,44,14,1,False,False,True,0.3882,0.0,-1.7034875,0.345429,-3.3417483791708946e-05,0.0024513029493391514,0.002451530424878001,7e267c0bf303542b
2,day2_n4_topk_seed44,44,14,2,False,False,True,0.3714,0.0,2.1028514,-0.1747681,-3.193567317794077e-05,0.0024600629694759846,0.00246027042157948,7e267c0bf303542b
2,day2_n4_topk_seed44,44,14,3,False,False,True,0.3558,0.0,0.04234983,1.8191068,-3.40909136866685e-05,0.0024539842270314693,0.0024542210157960653,7e267c0bf303542b
2,day2_n4_topk_seed44,44,15,0,False,False,True,0.3908,0.0,1.7036318,1.6030818,-3.302509503555484e-05,0.0023640498984605074,0.0023642804007977247,7e267c0bf303542b
2,day2_n4_topk_seed44,44,15,1,False,False,True,0.3878,0.0,-0.76555777,-0.6121021,-3.431116419960745e-05,0.0023593595251441,0.002359609119594097,7e267c0bf303542b
2,day2_n4_topk_seed44,44,15,2,False,False,True,0.3912,0.0,-1.7961484,0.88512766,-3.444016329012811e-05,0.002365998225286603,0.0023662487510591745,7e267c0bf303542b
2,day2_n4_topk_seed44,44,15,3,False,False,True,0.3864,0.0,0.8580745,-1.8761075,-3.298656883998774e-05,0.0023624382447451353,0.0023626687470823526,7e267c0bf303542b
2,day2_n4_topk_seed44,44,16,0,False,False,True,0.3984,0.0,0.3126407,1.0345738,-3.26237604895141e-05,0.002276807324960828,0.0022770410869270563,7e267c0bf303542b
2,day2_n4_topk_seed44,44,16,1,False,False,True,0.3842,0.0,-2.2653883,-0.9463672,-3.258871947764419e-05,0.00228514289483428,0.0022853754926472902,7e267c0bf303542b
2,day2_n4_topk_seed44,44,16,2,False,False,True,0.3904,0.0,1.6775786,-1.7420518,-3.067957004532218e-05,0.0022819708101451397,0.0022821768652647734,7e267c0bf303542b
2,day2_n4_topk_seed44,44,16,3,False,False,True,0.4028,0.0,0.2751707,1.6538465,-3.2711413950892165e-05,0.002280829707160592,0.0022810641676187515,7e267c0bf303542b
2,day2_n4_topk_seed44,44,17,0,False,False,True,0.3944,0.0,-0.09431027,-1.5964904,-3.0616381991421804e-05,0.002201186725869775,0.002201399765908718,7e267c0bf303542b
2,day2_n4_topk_seed44,44,17,1,False,False,True,0.3948,0.0,1.6016201,-0.887427,-3.156162711093202e-05,0.002206919714808464,0.0022071453277021646,7e267c0bf303542b
2,day2_n4_topk_seed44,44,17,2,False,False,True,0.3876,0.0,0.88152826,2.202943,-2.9133656425983645e-05,0.002205875003710389,0.002206067554652691,7e267c0bf303542b
2,day2_n4_topk_seed44,44,17,3,False,False,True,0.347,0.0,-2.3888366,0.28097406,-3.128240132355131e-05,0.002211378188803792,0.002211599610745907,7e267c0bf303542b
2,day2_n4_topk_seed44,44,18,0,False,False,True,0.374,0.0,0.12562563,1.7134519,-2.9821407224517316e-05,0.002125292317941785,0.0021255016326904297,7e267c0bf303542b
2,day2_n4_topk_seed44,44,18,1,False,False,True,0.3976,0.0,1.0470593,0.9870314,-3.225551336072385e-05,0.0021265153773128986,0.002126759849488735,7e267c0bf303542b
2,day2_n4_topk_seed44,44,18,2,False,False,True,0.4202,0.0,1.3302205,-2.0891001,-3.122820271528326e-05,0.0021346916910260916,0.0021349203307181597,7e267c0bf303542b
2,day2_n4_topk_seed44,44,18,3,False,False,True,0.4166,0.0,-2.502906,-0.6113815,-3.069706144742668e-05,0.0021374730858951807,0.002137693576514721,7e267c0bf303542b
2,day2_n4_topk_seed44,44,19,0,False,False,True,0.4104,0.0,-1.9796594,-1.632247,-2.7778613002737984e-05,0.0020572806242853403,0.0020574682857841253,7e267c0bf303542b
2,day2_n4_topk_seed44,44,19,1,False,False,True,0.407,0.0,2.2982419,-1.1827323,-2.966013016703073e-05,0.0020605861209332943,0.002060799626633525,7e267c0bf303542b
2,day2_n4_topk_seed44,44,19,2,False,False,True,0.4172,0.0,-0.10660588,0.79361844,-2.7995412892778404e-05,0.002053690142929554,0.00205388106405735,7e267c0bf303542b
2,day2_n4_topk_seed44,44,19,3,False,False,True,0.4,0.0,-0.21197733,2.0213633,-2.974607741634827e-05,0.002055012620985508,0.002055227989330888,7e267c0bf303542b
2,day2_n4_topk_seed44,44,20,0,False,False,True,0.4132,0.0,-1.7694399,-1.9402909,-3.0111517844488844e-05,0.001986717339605093,0.0019869457464665174,7e267c0bf303542b
2,day2_n4_topk_seed44,44,20,1,False,False,True,0.4164,0.0,-0.8085048,2.0027437,-2.709067121031694e-05,0.0019871473778039217,0.0019873320125043392,7e267c0bf303542b
2,day2_n4_topk_seed44,44,20,2,False,False,True,0.404,0.0,0.19726841,0.7627144,-2.9144253858248703e-05,0.0019790586084127426,0.0019792732782661915,7e267c0bf303542b
2,day2_n4_topk_seed44,44,20,3,False,False,True,0.438,0.0,2.3806756,-0.8251692,-2.6920653908746317e-05,0.0019905746448785067,0.001990756718441844,7e267c0bf303542b
2,day2_n4_topk_seed44,44,21,0,False,False,True,0.397,0.0,2.413665,1.3483692,-2.77157796517713e-05,0.0019341101869940758,0.0019343086751177907,7e267c0bf303542b
2,day2_n4_topk_seed44,44,21,1,False,False,True,0.3878,0.0,0.0949468,-1.9215833,-2.9633851227117702e-05,0.001923872740007937,0.0019241010304540396,7e267c0bf303542b
2,day2_n4_topk_seed44,44,21,2,False,False,True,0.4282,0.0,-0.462823,-1.1998912,-3.09093993564602e-05,0.0019250221084803343,0.0019252701895311475,7e267c0bf303542b
2,day2_n4_topk_seed44,44,21,3,False,False,True,0.4242,0.0,-2.045789,1.7731057,-2.7124238840769976e-05,0.001930335070937872,0.0019305256428197026,7e267c0bf303542b
2,day2_n4_topk_seed44,44,22,0,False,False,True,0.4394,0.0,-1.939739,-1.713903,-2.434187445032876e-05,0.001874010544270277,0.001874168636277318,7e267c0bf303542b
2,day2_n4_topk_seed44,44,22,1,False,False,True,0.4172,0.0,-0.06378446,-0.2100697,-2.6772100682137534e-05,0.0018682582303881645,0.0018684499664232135,7e267c0bf303542b
2,day2_n4_topk_seed44,44,22,2,False,False,True,0.4168,0.0,-0.5805999,2.6257303,-2.482921991031617e-05,0.0018643033690750599,0.001864468795247376,7e267c0bf303542b
2,day2_n4_topk_seed44,44,22,3,False,False,True,0.4304,0.0,2.5841224,-0.7017567,-2.6219791834591888e-05,0.001872147317044437,0.001872330904006958,7e267c0bf303542b
2,day2_n4_topk_seed44,44,23,0,False,False,True,0.4488,0.0,-2.244008,1.667109,-2.6502710170461796e-05,0.0018170177936553955,0.0018172110430896282,7e267c0bf303542b
2,day2_n4_topk_seed44,44,23,1,False,False,True,0.4556,0.0,-0.6108745,-2.6607811,-2.6300956960767508e-05,0.0018160514300689101,0.0018162417691200972,7e267c0bf303542b
2,day2_n4_topk_seed44,44,23,2,False,False,True,0.404,0.0,0.5377064,0.10503658,-2.556564868427813e-05,0.001805876730941236,0.001806057756766677,7e267c0bf303542b
2,day2_n4_topk_seed44,44,23,3,False,False,True,0.4018,0.0,2.3171766,0.8886345,-2.672902337508276e-05,0.001818054006434977,0.001818250399082899,7e267c0bf303542b
2,day2_n4_topk_seed44,44,24,0,False,False,True,0.4462,0.0,2.7407286,-0.8174718,-2.2136353436508216e-05,0.0017632741946727037,0.001763413194566965,7e267c0bf303542b
2,day2_n4_topk_seed44,44,24,1,False,False,True,0.445,0.0,-0.4284768,2.8139057,-2.4406055672443472e-05,0.001759918755851686,0.0017600880237296224,7e267c0bf303542b
2,day2_n4_topk_seed44,44,24,2,False,False,True,0.453,0.0,-0.2696523,-0.35632524,-2.3319749743677676e-05,0.0017562700668349862,0.0017564250156283379,7e267c0bf303542b
2,day2_n4_topk_seed44,44,24,3,False,False,True,0.463,0.0,-2.042596,-1.6401075,-2.4820565158734098e-05,0.0017699913587421179,0.0017701653996482491,7e267c0bf303542b
2,day2_n4_topk_seed44,44,25,0,False,False,True,0.4204,0.0,1.2736478,0.40757722,-2.193988984799944e-05,0.0017137420363724232,0.0017138823168352246,7e267c0bf303542b
2,day2_n4_topk_seed44,44,25,1,False,False,True,0.4574,0.0,0.9675413,-2.6400208,-2.2967862605582923e-05,0.0017222517635673285,0.0017224050825461745,7e267c0bf303542b
2,day2_n4_topk_seed44,44,25,2,False,False,True,0.438,0.0,0.81095666,2.290635,-2.454175046295859e-05,0.001712082652375102,0.0017122584395110607,7e267c0bf303542b
2,day2_n4_topk_seed44,44,25,3,False,False,True,0.4406,0.0,-3.052146,-0.058192935,-2.2093799998401664e-05,0.0017217535059899092,0.0017218952998518944,7e267c0bf303542b
2,day2_n4_topk_seed44,44,26,0,False,False,True,0.4516,0.0,1.9355972,2.3190439,-2.522612521715928e-05,0.0016803755424916744,0.0016805650666356087,7e267c0bf303542b
2,day2_n4_topk_seed44,44,26,1,False,False,True,0.4612,0.0,0.81173795,-2.5591953,-2.3828080884413794e-05,0.001669964985921979,0.0016701349522918463,7e267c0bf303542b
2,day2_n4_topk_seed44,44,26,2,False,False,True,0.4744,0.0,0.23371707,-0.52738804,-2.326769936189521e-05,0.0016612090403214097,0.0016613720217719674,7e267c0bf303542b
2,day2_n4_topk_seed44,44,26,3,False,False,True,0.4624,0.0,-2.9810545,0.76754034,-2.1380739781307057e-05,0.0016783381579443812,0.0016784744802862406,7e267c0bf303542b
2,day2_n4_topk_seed44,44,27,0,False,False,True,0.4664,0.0,0.25013414,2.7102895,-2.2941358110983856e-05,0.0016333672683686018,0.0016335282707586884,7e267c0bf303542b
2,day2_n4_topk_seed44,44,27,1,False,False,True,0.4538,0.0,-0.938968,0.7505593,-2.3260026864591055e-05,0.0016293419757857919,0.001629508100450039,7e267c0bf303542b
2,day2_n4_topk_seed44,44,27,2,False,False,True,0.438,0.0,-2.2231343,-1.9677697,-2.1624035070999525e-05,0.0016283855075016618,0.0016285290475934744,7e267c0bf303542b
2,day2_n4_topk_seed44,44,27,3,False,False,True,0.462,0.0,2.9119678,-1.4930801,-2.635957207530737e-05,0.0016349675133824348,0.0016351798549294472,7e267c0bf303542b
2,day2_n4_topk_seed44,44,28,0,False,False,True,0.4608,0.0,-0.06056188,-0.9446512,-2.2643742340733297e-05,0.0015880765859037638,0.001588237937539816,7e267c0bf303542b
2,day2_n4_topk_seed44,44,28,1,False,False,True,0.4698,0.0,-1.6766354,-2.1209662,-2.2251879272516817e-05,0.001592555781826377,0.0015927113126963377,7e267c0bf303542b
2,day2_n4_topk_seed44,44,28,2,False,False,True,0.4364,0.0,-1.3942776,2.9195592,-2.0891238818876445e-05,0.0015910486690700054,0.0015911859227344394,7e267c0bf303542b
2,day2_n4_topk_seed44,44,28,3,False,False,True,0.4686,0.0,3.1314726,0.14605866,-2.4238837795564905e-05,0.0015995615394786,0.001599745126441121,7e267c0bf303542b
2,day2_n4_topk_seed44,44,29,0,False,False,True,0.498,0.0,-0.59307426,2.1184483,-2.291869168402627e-05,0.001555509865283966,0.0015556786675006151,7e267c0bf303542b
2,day2_n4_topk_seed44,44,29,1,False,False,True,0.469,0.0,-2.0448785,-2.6592765,-1.965430419659242e-05,0.001561756944283843,0.001561880693770945,7e267c0bf303542b
2,day2_n4_topk_seed44,44,29,2,False,False,True,0.416,0.0,-0.6033433,1.543572,-1.6389980373787694e-05,0.001551204826682806,0.0015512914396822453,7e267c0bf303542b
2,day2_n4_topk_seed44,44,29,3,False,False,True,0.4642,0.0,3.241295,-1.002746,-1.5736799468868412e-05,0.001555336406454444,0.0015554160345345736,7e267c0bf303542b
2,day2_n4_topk_seed44,44,30,0,False,False,True,0.4718,0.0,-3.0359998,-0.80837363,-1.9236862499383278e-05,0.0015204075025394559,0.0015205292729660869,7e267c0bf303542b
2,day2_n4_topk_seed44,44,30,1,False,False,True,0.465,0.0,2.1099336,-2.7507987,-1.890697421913501e-05,0.001530463108792901,0.0015305799897760153,7e267c0bf303542b
2,day2_n4_topk_seed44,44,30,2,False,False,True,0.4956,0.0,-0.6138324,0.9894374,-1.8358725355938077e-05,0.0015191063284873962,0.0015192171558737755,7e267c0bf303542b
2,day2_n4_topk_seed44,44,30,3,False,False,True,0.4854,0.0,1.5398985,2.569734,-1.639580113987904e-05,0.0015294100157916546,0.001529497792944312,7e267c0bf303542b
2,day2_n4_topk_seed44,44,31,0,False,False,True,0.4882,0.0,-0.57344353,3.1202674,-2.1850990378879942e-05,0.001500039710663259,0.0015001988504081964,7e267c0bf303542b
2,day2_n4_topk_seed44,44,31,1,False,False,True,0.4844,0.0,-0.15084459,0.37222812,-1.996843275264837e-05,0.0014889794401824474,0.0014891133178025484,7e267c0bf303542b
2,day2_n4_topk_seed44,44,31,2,False,False,True,0.4668,0.0,-2.4819252,-2.2930403,-1.8347212972003035e-05,0.0014928176533430815,0.0014929304597899318,7e267c0bf303542b
2,day2_n4_topk_seed44,44,31,3,False,False,True,0.4424,0.0,3.2062116,-1.1994556,-1.8761040337267332e-05,0.001494872267358005,0.001494989963248372,7e267c0bf303542b
2,day2_n4_topk_seed44,44,32,0,False,False,True,0.4978,0.0,-1.7716552,-1.9842905,-1.8388032913208008e-05,0.0014736377634108067,0.001473752548918128,7e267c0bf303542b
2,day2_n4_topk_seed44,44,32,1,False,False,True,0.5084,0.0,2.6207383,1.91928,-1.6725589375710115e-05,0.0014730916591361165,0.0014731866540387273,7e267c0bf303542b
2,day2_n4_topk_seed44,44,32,2,False,False,True,0.4932,0.0,-2.3450334,2.2501163,-1.5325182175729424e-05,0.0014739100588485599,0.0014739896869286895,7e267c0bf303542b
2,day2_n4_topk_seed44,44,32,3,False,False,True,0.4728,0.0,1.4959506,-2.185106,-1.681704270595219e-05,0.0014815698377788067,0.0014816652983427048,7e267c0bf303542b
2,day2_n4_topk_seed44,44,33,0,False,False,True,0.502,0.0,2.5683396,-1.6177044,-1.3977799426356796e-05,0.0014578630216419697,0.0014579299604520202,7e267c0bf303542b
2,day2_n4_topk_seed44,44,33,1,False,False,True,0.4974,0.0,-3.506995,-1.0931635,-1.946218435477931e-05,0.001459492021240294,0.0014596219407394528,7e267c0bf303542b
2,day2_n4_topk_seed44,44,33,2,False,False,True,0.4756,0.0,0.66957587,-1.0195796,-1.6923102521104738e-05,0.00144569284748286,0.0014457919169217348,7e267c0bf303542b
2,day2_n4_topk_seed44,44,33,3,False,False,True,0.4834,0.0,0.26907822,3.7304475,-1.672216967563145e-05,0.0014679298037663102,0.0014680250314995646,7e267c0bf303542b
2,day2_n4_topk_seed44,44,34,0,False,False,True,0.4686,0.0,3.7891366,0.048129626,-1.8399297914584167e-05,0.0014382409863173962,0.0014383586822077632,7e267c0bf303542b
2,day2_n4_topk_seed44,44,34,1,False,False,True,0.4912,0.0,-1.6403561,-2.8623726,-1.9343009626027197e-05,0.001428090501576662,0.0014282215852290392,7e267c0bf303542b
2,day2_n4_topk_seed44,44,34,2,False,False,True,0.503,0.0,-0.56489605,-0.41241577,-1.844822327257134e-05,0.0014266523066908121,0.001426771515980363,7e267c0bf303542b
2,day2_n4_topk_seed44,44,34,3,False,False,True,0.4992,0.0,-1.5838839,3.2266586,-1.7892743926495314e-05,0.0014352157013490796,0.0014353272272273898,7e267c0bf303542b
2,day2_n4_topk_seed44,44,35,0,False,False,True,0.5212,0.0,3.925027,-0.18955019,-1.4539028597937431e-05,0.0014395846519619226,0.0014396579936146736,7e267c0bf303542b
2,day2_n4_topk_seed44,44,35,1,False,False,True,0.5028,0.0,-1.5049708,-2.6038866,-1.1322268619551323e-05,0.0013994798064231873,0.0013995255576446652,7e267c0bf303542b
2,day2_n4_topk_seed44,44,35,2,False,False,True,0.5148,0.0,-1.1610484,3.4930325,-1.5391693523270078e-05,0.001403236179612577,0.0014033204643055797,7e267c0bf303542b
2,day2_n4_topk_seed44,44,35,3,False,False,True,0.5052,0.0,-1.2590082,-0.6995955,-1.3231046068540309e-05,0.0013951114378869534,0.001395174185745418,7e267c0bf303542b
2,day2_n4_topk_seed44,44,36,0,False,False,True,0.5236,0.0,2.0235882,2.204938,-1.702041299722623e-05,0.001405642251484096,0.0014057453954592347,7e267c0bf303542b
2,day2_n4_topk_seed44,44,36,1,False,False,True,0.5192,0.0,1.3253778,0.8408158,-1.2537499060272239e-05,0.0014036159263923764,0.0014036719221621752,7e267c0bf303542b
2,day2_n4_topk_seed44,44,36,2,False,False,True,0.503,0.0,0.60552484,-3.8641741,-1.610663275641855e-05,0.0014034842606633902,0.001403576578013599,7e267c0bf303542b
2,day2_n4_topk_seed44,44,36,3,False,False,True,0.5152,0.0,-3.9544873,0.8184207,-1.6112160665215924e-05,0.0014338368782773614,0.0014339274493977427,7e267c0bf303542b
2,day2_n4_topk_seed44,44,37,0,False,False,True,0.4874,0.0,3.312755,-1.7965829,-1.3986758858663961e-05,0.001391154364682734,0.0013912246795371175,7e267c0bf303542b
2,day2_n4_topk_seed44,44,37,1,False,False,True,0.5298,0.0,3.0816329,3.9140198,-1.4112607459537685e-05,0.0013999521033838391,0.0014000232331454754,7e267c0bf303542b
2,day2_n4_topk_seed44,44,37,2,False,False,True,0.4902,0.0,3.0122437,-2.095828,-1.6552843590034172e-05,0.0014025866985321045,0.0014026844874024391,7e267c0bf303542b
2,day2_n4_topk_seed44,44,37,3,False,False,True,0.464,0.0,-9.406598,-0.021604024,-2.1387495507951826e-06,0.0027084231842309237,0.0027084241155534983,7e267c0bf303542b
2,day2_n4_topk_seed44,44,38,0,False,False,True,0.4682,0.0,4.888173,0.4723301,-1.7294953067903407e-05,0.0015571092953905463,0.0015572053380310535,7e267c0bf303542b
2,day2_n4_topk_seed44,44,38,1,False,False,True,0.53,0.0,-1.276769,-3.6542437,-1.4831901353318244e-05,0.001398170948959887,0.0013982495293021202,7e267c0bf303542b
2,day2_n4_topk_seed44,44,38,2,False,False,True,0.539,0.0,-1.4397374,-0.08795623,-1.684854032646399e-05,0.0013720772694796324,0.0013721807627007365,7e267c0bf303542b
2,day2_n4_topk_seed44,44,38,3,False,False,True,0.4992,0.0,-2.1716752,3.2698672,-1.4917887710907962e-05,0.001417566672898829,0.0014176451368257403,7e267c0bf303542b
2,day2_n4_topk_seed44,44,39,0,False,False,True,0.51,0.0,1.542487,3.55429,-1.1988559890596662e-05,0.001389208948239684,0.001389260753057897,7e267c0bf303542b
2,day2_n4_topk_seed44,44,39,1,False,False,True,0.5304,0.0,1.2846295,-0.17909698,-1.2979496204934549e-05,0.0013578933430835605,0.0013579553924500942,7e267c0bf303542b
2,day2_n4_topk_seed44,44,39,2,False,False,True,0.5134,0.0,-4.395854,-0.0071114125,-1.126457573263906e-05,0.0014197209384292364,0.0014197655254974961,7e267c0bf303542b
2,day2_n4_topk_seed44,44,39,3,False,False,True,0.5322,0.0,1.568735,-3.3680854,-1.2530074855021667e-05,0.0013877666788175702,0.001387823256663978,7e267c0bf303542b
2,day2_n4_topk_seed44,44,40,0,False,False,True,0.5246,0.0,0.9596006,3.8338664,-1.1322657883283682e-05,0.0014219533186405897,0.0014219983713701367,7e267c0bf303542b
2,day2_n4_topk_seed44,44,40,1,False,False,True,0.5414,0.0,2.7589288,-3.3864233,-1.2552768566820305e-05,0.0014218214200809598,0.0014218768337741494,7e267c0bf303542b
2,day2_n4_topk_seed44,44,40,2,False,False,True,0.533,0.0,-4.5569243,-1.1193134,-5.58759620616911e-06,0.0014638913562521338,0.001463902066461742,7e267c0bf303542b
2,day2_n4_topk_seed44,44,40,3,False,False,True,0.5394,0.0,0.838395,0.6718685,-1.3277325706440024e-05,0.001392463338561356,0.001392526552081108,7e267c0bf303542b
2,day2_n4_topk_seed44,44,41,0,False,False,True,0.5352,0.0,1.0338956,-1.1380792,-1.3265311281429604e-05,0.0013841558247804642,0.0013842192711308599,7e267c0bf303542b
2,day2_n4_topk_seed44,44,41,1,False,False,True,0.5622,0.0,0.95622903,-3.4968982,-1.2733934454445262e-05,0.0013771007070317864,0.001377159496769309,7e267c0bf303542b
2,day2_n4_topk_seed44,44,41,2,False,False,True,0.4898,0.0,2.5190763,3.6168938,-1.5681176591897383e-05,0.0014114960795268416,0.0014115831581875682,7e267c0bf303542b
2,day2_n4_topk_seed44,44,41,3,False,False,True,0.5564,0.0,-4.5092015,1.0180823,-1.4560315321432427e-05,0.0014125282177701592,0.0014126033056527376,7e267c0bf303542b
2,day2_n4_topk_seed44,44,42,0,False,False,True,0.5336,0.0,-0.9544819,3.9994354,-1.0476578609086573e-05,0.0013958087656646967,0.0013958481140434742,7e267c0bf303542b
2,day2_n4_topk_seed44,44,42,1,False,False,True,0.5072,0.0,-3.1137986,-3.1433542,-1.1753103535738774e-05,0.001378340064547956,0.0013783902395516634,7e267c0bf303542b
2,day2_n4_topk_seed44,44,42,2,False,False,True,0.548,0.0,-0.21973157,0.51012444,-1.4206920241122134e-05,0.0013623298145830631,0.001362403854727745,7e267c0bf303542b
2,day2_n4_topk_seed44,44,42,3,False,False,True,0.5554,0.0,4.288011,-1.366203,-8.597703526902478e-06,0.0014167622430250049,0.001416788436472416,7e267c0bf303542b
2,day2_n4_topk_seed44,44,43,0,False,False,True,0.559,0.0,2.8386939,-4.5145392,-1.1188167263753712e-05,0.001440241583622992,0.0014402850065380335,7e267c0bf303542b
2,day2_n4_topk_seed44,44,43,1,False,False,True,0.5282,0.0,2.9389858,2.4794054,-9.276153832615819e-06,0.001378677785396576,0.0013787089847028255,7e267c0bf303542b
2,day2_n4_topk_seed44,44,43,2,False,False,True,0.5482,0.0,2.9532313,1.9939078,-9.174355909635779e-06,0.0013687250902876258,0.001368755823932588,7e267c0bf303542b
2,day2_n4_topk_seed44,44,43,3,False,False,True,0.2046,0.0,-8.730883,0.04123525,1.0853287676582113e-05,0.002452131360769272,0.002452155575156212,7e267c0bf303542b
2,day2_n4_topk_seed44,44,44,0,False,False,True,0.5476,0.0,-2.1482506,3.3253927,-1.5665529645048082e-05,0.0014263726770877838,0.001426458708010614,7e267c0bf303542b
2,day2_n4_topk_seed44,44,44,1,False,False,True,0.556,0.0,-2.5376732,-4.703008,-8.617884304840118e-06,0.0014904375420883298,0.001490462338551879,7e267c0bf303542b
2,day2_n4_topk_seed44,44,44,2,False,False,True,0.5448,0.0,-2.1514735,1.5808703,-1.228479504788993e-05,0.00137175596319139,0.0013718110276386142,7e267c0bf303542b
2,day2_n4_topk_seed44,44,44,3,False,False,True,0.5454,0.0,6.837376,-0.20325363,-1.4021263268659823e-05,0.0019023001659661531,0.0019023518543690443,7e267c0bf303542b
2,day2_n4_topk_seed44,44,45,0,False,False,True,0.544,0.0,-0.97176284,2.646948,-1.107728348870296e-05,0.0013563468819484115,0.0013563921675086021,7e267c0bf303542b
2,day2_n4_topk_seed44,44,45,1,False,False,True,0.5524,0.0,-0.9493279,2.793756,-1.0831305189640261e-05,0.00135700311511755,0.0013570464216172695,7e267c0bf303542b
2,day2_n4_topk_seed44,44,45,2,False,False,True,0.578,0.0,4.9582677,-1.4133027,-8.19528395368252e-06,0.0014798158081248403,0.0014798385091125965,7e267c0bf303542b
2,day2_n4_topk_seed44,44,45,3,False,False,True,0.5792,0.0,-3.0371754,-4.027403,-8.054946192714851e-06,0.001450263080187142,0.0014502854319289327,7e267c0bf303542b
2,day2_n4_topk_seed44,44,46,0,False,False,True,0.55,0.0,-1.8159045,3.9386303,-1.047939804266207e-05,0.001447318005375564,0.0014473560731858015,7e267c0bf303542b
2,day2_n4_topk_seed44,44,46,1,False,False,True,0.562,0.0,0.5372263,1.3218696,-1.178260845335899e-05,0.0014403428649529815,0.001440390944480896,7e267c0bf303542b
2,day2_n4_topk_seed44,44,46,2,False,False,True,0.5752,0.0,-3.3350577,-3.8638067,-7.570618890895275e-06,0.0014326674863696098,0.001432687509804964,7e267c0bf303542b
2,day2_n4_topk_seed44,44,46,3,False,False,True,0.5716,0.0,4.613735,-1.3966955,-8.695462383911945e-06,0.0014504235005006194,0.0014504495775327086,7e267c0bf303542b
2,day2_n4_topk_seed44,44,47,0,False,False,True,0.482,0.0,-4.3924003,3.12015,-8.540158887626603e-06,0.0015104905469343066,0.0015105147613212466,7e267c0bf303542b
2,day2_n4_topk_seed44,44,47,1,False,False,True,0.5818,0.0,0.13072538,-3.6923323,-1.1792574696301017e-05,0.0014381399378180504,0.0014381882501766086,7e267c0bf303542b
2,day2_n4_topk_seed44,44,47,2,False,False,True,0.5948,0.0,-0.3123135,-2.367945,-1.0183116501139011e-05,0.0014023379189893603,0.0014023750554770231,7e267c0bf303542b
2,day2_n4_topk_seed44,44,47,3,False,False,True,0.3774,0.0,4.5739875,2.9401228,-9.745587703946512e-06,0.0015127393417060375,0.0015127707738429308,7e267c0bf303542b
2,day2_n4_topk_seed44,44,48,0,False,False,True,0.58,0.0,1.1147879,-3.1138985,-9.746291652845684e-06,0.0014433689648285508,0.001443401793949306,7e267c0bf303542b
2,day2_n4_topk_seed44,44,48,1,False,False,True,0.5716,0.0,-5.929287,1.082541,-1.1419115253374912e-05,0.0016573017928749323,0.0016573412576690316,7e267c0bf303542b
2,day2_n4_topk_seed44,44,48,2,False,False,True,0.581,0.0,1.7237965,-2.6422648,-1.0488312000234146e-05,0.0014164750464260578,0.0014165138127282262,7e267c0bf303542b
2,day2_n4_topk_seed44,44,48,3,False,False,True,0.5364,0.0,3.0907013,4.6736183,-1.3435255823424086e-06,0.0015080408193171024,0.0015080414013937116,7e267c0bf303542b
2,day2_n4_topk_seed44,44,49,0,False,False,True,0.5758,0.0,1.9955304,-4.6790705,-1.2394025361572858e-05,0.0015692125307396054,0.0015692614251747727,7e267c0bf303542b
2,day2_n4_topk_seed44,44,49,1,False,False,True,0.5576,0.0,2.6881254,4.8938847,-3.021074917342048e-06,0.0015806725714355707,0.0015806753654032946,7e267c0bf303542b
2,day2_n4_topk_seed44,44,49,2,False,False,True,0.5852,0.0,1.6113029,-0.653959,-1.2965755558980163e-05,0.0014874569606035948,0.0014875134220346808,7e267c0bf303542b
2,day2_n4_topk_seed44,44,49,3,False,False,True,0.5634,0.0,-6.2949576,0.4391489,-7.960487891978119e-06,0.0017211796948686242,0.0017211980884894729,7e267c0bf303542b
2,day2_n4_topk_seed44,44,50,0,False,False,True,0.5308,0.0,9.97998,-0.16156408,-7.108315912773833e-06,0.0027778076473623514,0.002777816727757454,7e267c0bf303542b
2,day2_n4_topk_seed44,44,50,1,False,False,True,0.5778,0.0,-3.2912838,-0.95369893,-1.3459969522955362e-05,0.00144289992749691,0.0014429626753553748,7e267c0bf303542b
2,day2_n4_topk_seed44,44,50,2,False,False,True,0.584,0.0,-3.5787644,-4.1421747,-1.0900938832492102e-05,0.0015180747723206878,0.0015181138878688216,7e267c0bf303542b
2,day2_n4_topk_seed44,44,50,3,False,False,True,0.5578,0.0,-3.1099498,5.257434,-7.800453204254154e-06,0.0016232895432040095,0.0016233082860708237,7e267c0bf303542b
2,day2_n4_topk_seed44,44,51,0,False,False,True,0.6002,0.0,3.004781,4.7712955,-8.621188499091659e-06,0.00154581549577415,0.001545839593745768,7e267c0bf303542b
2,day2_n4_topk_seed44,44,51,1,False,False,True,0.5582,0.0,0.106008284,-0.6025868,-6.636971647822065e-06,0.0015094035770744085,0.0015094182454049587,7e267c0bf303542b
2,day2_n4_topk_seed44,44,51,2,False,False,True,0.6044,0.0,-5.578842,0.49512383,-9.998646419262514e-06,0.0015571456169709563,0.0015571777475997806,7e267c0bf303542b
2,day2_n4_topk_seed44,44,51,3,False,False,True,0.6006,0.0,2.468056,-4.663833,-9.334395144833252e-06,0.0015681632794439793,0.001568191102705896,7e267c0bf303542b
2,day2_n4_topk_seed44,44,52,0,False,False,True,0.6094,0.0,-1.557262,-3.7111337,-6.399512585630873e-06,0.001504067680798471,0.0015040813013911247,7e267c0bf303542b
2,day2_n4_topk_seed44,44,52,1,False,False,True,0.5492,0.0,-1.494806,-2.5205142,-9.834601769398432e-06,0.0014786323299631476,0.0014786649262532592,7e267c0bf303542b
2,day2_n4_topk_seed44,44,52,2,False,False,True,0.58,0.0,-3.702808,4.938082,-9.863032573775854e-06,0.0015986368525773287,0.0015986673533916473,7e267c0bf303542b
2,day2_n4_topk_seed44,44,52,3,False,False,True,0.5584,0.0,6.7548723,1.293566,-5.739127118431497e-06,0.001873059431090951,0.001873068162240088,7e267c0bf303542b
2,day2_n4_topk_seed44,44,53,0,False,False,True,0.5958,0.0,2.825735,5.0400505,-3.803312438321882e-06,0.001552059780806303,0.0015520643210038543,7e267c0bf303542b
2,day2_n4_topk_seed44,44,53,1,False,False,True,0.583,0.0,-6.152795,0.44475016,-1.1622954843915068e-05,0.0016680601984262466,0.0016681007109582424,7e267c0bf303542b
2,day2_n4_topk_seed44,44,53,2,False,False,True,0.573,0.0,2.4435606,-4.268791,-7.196407750598155e-06,0.0015218897024169564,0.001521906815469265,7e267c0bf303542b
2,day2_n4_topk_seed44,44,53,3,False,False,True,0.5634,0.0,0.8835013,-1.2160034,1.1777578947658185e-06,0.00148468604311347,0.0014846863923594356,7e267c0bf303542b
2,day2_n4_topk_seed44,44,54,0,False,False,True,0.5876,0.0,5.4961658,-1.7000024,-5.320215223036939e-06,0.001546918647363782,0.0015469278441742063,7e267c0bf303542b
2,day2_n4_topk_seed44,44,54,1,False,False,True,0.591,0.0,-3.848889,-4.2324286,-4.115695446671452e-06,0.001530942739918828,0.0015309482114389539,7e267c0bf303542b
2,day2_n4_topk_seed44,44,54,2,False,False,True,0.598,0.0,-1.4045902,4.7395773,-8.21636331238551e-06,0.001526583801023662,0.0015266059199348092,7e267c0bf303542b
2,day2_n4_topk_seed44,44,54,3,False,False,True,0.5868,0.0,-0.24268267,1.192861,-6.8193248807801865e-06,0.0015398849500343204,0.001539899967610836,7e267c0bf303542b
2,day2_n4_topk_seed44,44,55,0,False,False,True,0.5656,0.0,-3.4237385,3.4089992,-3.6823275877395645e-06,0.0015352248447015882,0.0015352292684838176,7e267c0bf303542b
2,day2_n4_topk_seed44,44,55,1,False,False,True,0.5882,0.0,-3.6777492,3.7082946,-1.4628828921559034e-06,0.001540557248517871,0.0015405579470098019,7e267c0bf303542b
2,day2_n4_topk_seed44,44,55,2,False,False,True,0.5704,0.0,-4.174906,-6.8322387,-1.4161485523800366e-05,0.0020013228058815002,0.002001372864469886,7e267c0bf303542b
2,day2_n4_topk_seed44,44,55,3,False,False,True,0.3534,0.0,11.276366,-0.28504407,-1.2785589206032455e-05,0.0030833452474325895,0.003083371790125966,7e267c0bf303542b
2,day2_n4_topk_seed44,44,56,0,False,False,True,0.576,0.0,0.4091925,3.4010818,-7.218465725600254e-06,0.0014760226476937532,0.001476040342822671,7e267c0bf303542b
2,day2_n4_topk_seed44,44,56,1,False,False,True,0.588,0.0,-5.215891,-2.118745,-6.934585599083221e-06,0.0014892899198457599,0.0014893061015754938,7e267c0bf303542b
2,day2_n4_topk_seed44,44,56,2,False,False,True,0.6024,0.0,3.7315772,-4.1650143,-9.702714123704936e-06,0.0014900000533089042,0.0014900316018611193,7e267c0bf303542b
2,day2_n4_topk_seed44,44,56,3,False,False,True,0.5428,0.0,1.0751218,2.8826795,-8.986647117126267e-06,0.001474460936151445,0.001474488410167396,7e267c0bf303542b
2,day2_n4_topk_seed44,44,57,0,False,False,True,0.6108,0.0,0.6935272,0.36183798,-9.907791536534205e-06,0.0014601900475099683,0.0014602235751226544,7e267c0bf303542b
2,day2_n4_topk_seed44,44,57,1,False,False,True,0.6218,0.0,2.4362407,4.5110292,-6.150068657007068e-06,0.0014647836796939373,0.00146479660179466,7e267c0bf303542b
2,day2_n4_topk_seed44,44,57,2,False,False,True,0.6084,0.0,-5.6074877,-0.10299321,-9.087197554435988e-07,0.0015032540541142225,0.0015032542869448662,7e267c0bf303542b
2,day2_n4_topk_seed44,44,57,3,False,False,True,0.6284,0.0,2.4777243,-4.769874,-6.304312137217494e-06,0.0015023623127490282,0.0015023755840957165,7e267c0bf303542b
2,day2_n4_topk_seed44,44,58,0,False,False,True,0.6124,0.0,0.91743606,0.9159506,-5.4140787142387126e-06,0.0014905534917488694,0.0014905633870512247,7e267c0bf303542b
2,day2_n4_topk_seed44,44,58,1,False,False,True,0.611,0.0,2.948938,-4.7286186,-6.072049473004881e-06,0.0015020255232229829,0.0015020378632470965,7e267c0bf303542b
2,day2_n4_topk_seed44,44,58,2,False,False,True,0.6144,0.0,1.8697977,4.5982585,-3.9873184505268e-06,0.0015059596626088023,0.0015059650177136064,7e267c0bf303542b
2,day2_n4_topk_seed44,44,58,3,False,False,True,0.6012,0.0,-5.736168,-0.7855904,-3.890869720635237e-06,0.0015279748477041721,0.0015279797371476889,7e267c0bf303542b
2,day2_n4_topk_seed44,44,59,0,False,False,True,0.6184,0.0,1.2528322,-1.2101675,-4.811487997358199e-06,0.0014988536713644862,0.0014988614711910486,7e267c0bf303542b
2,day2_n4_topk_seed44,44,59,1,False,False,True,0.6244,0.0,3.1905801,-3.4581003,-4.48644777861773e-06,0.0015077824937179685,0.0015077891293913126,7e267c0bf303542b
2,day2_n4_topk_seed44,44,59,2,False,False,True,0.627,0.0,1.30283,5.585763,-8.60521504364442e-06,0.001503631821833551,0.0015036563854664564,7e267c0bf303542b
2,day2_n4_topk_seed44,44,59,3,False,False,True,0.6146,0.0,-5.7462373,-0.9175009,-5.124445578985615e-06,0.0015440192073583603,0.0015440277056768537,7e267c0bf303542b
2,day2_n4_topk_seed44,44,60,0,False,False,True,0.6126,0.0,5.9680443,0.889697,-4.760654974234058e-06,0.0015705712139606476,0.0015705786645412445,7e267c0bf303542b
2,day2_n4_topk_seed44,44,60,1,False,False,True,0.6466,0.0,-1.3008837,-1.7753038,-4.509659447649028e-06,0.0015023809392005205,0.0015023876912891865,7e267c0bf303542b
2,day2_n4_topk_seed44,44,60,2,False,False,True,0.5892,0.0,-1.7371306,-4.211902,-2.779532906060922e-06,0.0015262194210663438,0.0015262218657881021,7e267c0bf303542b
2,day2_n4_topk_seed44,44,60,3,False,False,True,0.5904,0.0,-2.9300303,5.097503,-7.2973798523889855e-06,0.0015644647646695375,0.0015644817613065243,7e267c0bf303542b
2,day2_n4_topk_seed44,44,61,0,False,False,True,0.6184,0.0,5.615167,1.8202847,-8.21801950223744e-06,0.0015494072576984763,0.0015494291437789798,7e267c0bf303542b
2,day2_n4_topk_seed44,44,61,1,False,False,True,0.6424,0.0,-0.57081777,-0.8108289,-6.118184955994366e-06,0.0015154465800151229,0.0015154589200392365,7e267c0bf303542b
2,day2_n4_topk_seed44,44,61,2,False,False,True,0.6068,0.0,-1.0944622,-5.1380315,-2.6602922389429295e-06,0.0015271622687578201,0.0015271647134795785,7e267c0bf303542b
2,day2_n4_topk_seed44,44,61,3,False,False,True,0.6364,0.0,-3.949888,4.1285768,-5.795863671664847e-06,0.0015572324628010392,0.0015572431730106473,7e267c0bf303542b
2,day2_n4_topk_seed44,44,62,0,False,False,True,0.6434,0.0,-1.510072,-2.4700284,-4.644382897822652e-06,0.0015428619226440787,0.0015428689075633883,7e267c0bf303542b
2,day2_n4_topk_seed44,44,62,1,False,False,True,0.6484,0.0,-4.6215296,3.4825957,-3.7016302485426422e-06,0.0015578547026962042,0.0015578590100631118,7e267c0bf303542b
2,day2_n4_topk_seed44,44,62,2,False,False,True,0.6444,0.0,5.050488,3.3908865,-5.140097073308425e-06,0.0015835693338885903,0.00158357759937644,7e267c0bf303542b
2,day2_n4_topk_seed44,44,62,3,False,False,True,0.6462,0.0,1.0811151,-4.40345,-1.0787257451738697e-05,0.001544086611829698,0.0015441244468092918,7e267c0bf303542b
2,day2_n4_topk_seed44,44,63,0,False,False,True,0.6644,0.0,0.39098918,1.219073,-3.0358260119101033e-06,0.0015492122620344162,0.0015492152888327837,7e267c0bf303542b
2,day2_n4_topk_seed44,44,63,1,False,False,True,0.6166,0.0,4.713012,-3.7094939,-6.782845503039425e-06,0.0015749691519886255,0.001574983703903854,7e267c0bf303542b
2,day2_n4_topk_seed44,44,63,2,False,False,True,0.6362,0.0,0.3442765,5.27829,-2.67225027528184e-06,0.0015631990972906351,0.0015632014255970716,7e267c0bf303542b
2,day2_n4_topk_seed44,44,63,3,False,False,True,0.6382,0.0,-5.4482794,-2.7878628,-4.7685857680335175e-06,0.0015939269214868546,0.001593934022821486,7e267c0bf303542b
2,day2_n4_topk_seed44,44,64,0,False,False,True,0.6308,0.0,-0.3317943,0.015142415,-4.970996542397188e-06,0.0015199750196188688,0.0015199830522760749,7e267c0bf303542b
2,day2_n4_topk_seed44,44,64,1,False,False,True,0.627,0.0,5.0136437,3.054644,-3.3505107239761855e-06,0.0015879080165177584,0.0015879115089774132,7e267c0bf303542b
2,day2_n4_topk_seed44,44,64,2,False,False,True,0.6562,0.0,-5.0099225,2.67943,-3.6817848467762815e-06,0.0015729449223726988,0.0015729492297396064,7e267c0bf303542b
2,day2_n4_topk_seed44,44,64,3,False,False,True,0.6006,0.0,0.3280683,-5.749219,-3.0529677133017685e-06,0.0015489159850403666,0.0015489190118387341,7e267c0bf303542b
2,day2_n4_topk_seed44,44,65,0,False,False,True,0.6162,0.0,4.892115,-3.1646085,-4.504155640461249e-06,0.001578654395416379,0.0015786607982590795,7e267c0bf303542b
2,day2_n4_topk_seed44,44,65,1,False,False,True,0.6472,0.0,0.3993985,0.26855814,-2.62787398241926e-06,0.0015571418916806579,0.0015571442199870944,7e267c0bf303542b
2,day2_n4_topk_seed44,44,65,2,False,False,True,0.6274,0.0,0.02208835,5.7654777,-2.18639979721047e-06,0.001577659510076046,0.0015776610234752297,7e267c0bf303542b
2,day2_n4_topk_seed44,44,65,3,False,False,True,0.6452,0.0,-5.313605,-2.8694308,-3.295064516350976e-06,0.0016017196467146277,0.0016017230227589607,7e267c0bf303542b
2,day2_n4_topk_seed44,44,66,0,False,False,True,0.5718,0.0,-1.4448026,5.023259,-5.170060376258334e-06,0.0016039855545386672,0.001603993820026517,7e267c0bf303542b
2,day2_n4_topk_seed44,44,66,1,False,False,True,0.6304,0.0,-1.9610764,1.014523,-7.023187208687887e-06,0.001589583815075457,0.00158959929831326,7e267c0bf303542b
2,day2_n4_topk_seed44,44,66,2,False,False,True,0.6514,0.0,-2.894333,-5.1428814,-5.533695002668537e-06,0.0016077934997156262,0.001607803045772016,7e267c0bf303542b
2,day2_n4_topk_seed44,44,66,3,False,False,True,0.6372,0.0,6.3002086,-0.8948964,-3.2229715998255415e-06,0.0016166052082553506,0.00161660835146904,7e267c0bf303542b
2,day2_n4_topk_seed44,44,67,0,False,False,True,0.663,0.0,-0.42474815,-1.7364844,5.881992137801717e-07,0.0015816260129213333,0.0015816261293366551,7e267c0bf303542b
2,day2_n4_topk_seed44,44,67,1,False,False,True,0.6192,0.0,-0.6640957,-5.103163,1.3376138667808846e-06,0.0015944134211167693,0.0015944140031933784,7e267c0bf303542b
2,day2_n4_topk_seed44,44,67,2,False,False,True,0.6142,0.0,-4.654215,4.174847,-4.95743915962521e-06,0.0016202515689656138,0.0016202592523768544,7e267c0bf303542b
2,day2_n4_topk_seed44,44,67,3,False,False,True,0.642,0.0,5.743056,2.6647973,-2.7891353511222405e-06,0.0016211409820243716,0.0016211433103308082,7e267c0bf303542b
2,day2_n4_topk_seed44,44,68,0,False,False,True,0.663,0.0,-4.010731,4.396346,-2.3200475425255718e-06,0.001602174248546362,0.0016021758783608675,7e267c0bf303542b
2,day2_n4_topk_seed44,44,68,1,False,False,True,0.6552,0.0,-0.31328443,-0.12172852,-1.2926416275149677e-06,0.0015510671073570848,0.0015510676894336939,7e267c0bf303542b
2,day2_n4_topk_seed44,44,68,2,False,False,True,0.6344,0.0,-1.6111677,-5.693491,-2.0247189240762964e-06,0.0016138297505676746,0.001613830914720893,7e267c0bf303542b
2,day2_n4_topk_seed44,44,68,3,False,False,True,0.6298,0.0,5.9351826,1.4188721,-3.3493461160105653e-06,0.0015959331067278981,0.001595936599187553,7e267c0bf303542b
2,day2_n4_topk_seed44,44,69,0,False,False,True,0.5942,0.0,5.9682946,-1.9341682,-6.361609848681837e-06,0.0016382696339860559,0.0016382819740101695,7e267c0bf303542b
2,day2_n4_topk_seed44,44,69,1,False,False,True,0.632,0.0,-1.039667,6.0314302,-3.064567636101856e-06,0.0016249842010438442,0.00162498711142689,7e267c0bf303542b
2,day2_n4_topk_seed44,44,69,2,False,False,True,0.6728,0.0,-0.48715198,-0.09698419,6.942241839169583e-07,0.0015820924891158938,0.0015820926055312157,7e267c0bf303542b
2,day2_n4_topk_seed44,44,69,3,False,False,True,0.6482,0.0,-4.441471,-4.000278,-5.3921739890938625e-06,0.0016427243826910853,0.0016427332302555442,7e267c0bf303542b
2,day2_n4_topk_seed44,44,70,0,False,False,True,0.612,0.0,-0.22380258,1.1363864,-7.949425707920454e-06,0.0015949768712744117,0.0015949966618791223,7e267c0bf303542b
2,day2_n4_topk_seed44,44,70,1,False,False,True,0.6416,0.0,-5.0823207,-3.7119534,-7.3807905209832825e-06,0.0016479248879477382,0.0016479415353387594,7e267c0bf303542b
2,day2_n4_topk_seed44,44,70,2,False,False,True,0.6474,0.0,-0.28663203,5.615474,-5.378688911150675e-06,0.001614308450371027,0.0016143174143508077,7e267c0bf303542b
2,day2_n4_topk_seed44,44,70,3,False,False,True,0.6468,0.0,5.592749,-3.0399065,-3.864067821268691e-06,0.0016388916410505772,0.0016388962976634502,7e267c0bf303542b
2,day2_n4_topk_seed44,44,71,0,False,False,True,0.6756,0.0,2.6754982,3.8564794,-4.346835339674726e-06,0.0016367003554478288,0.0016367060597985983,7e267c0bf303542b
2,day2_n4_topk_seed44,44,71,1,False,False,True,0.674,0.0,1.5366043,2.2338035,-9.566502740199212e-06,0.0016270979540422559,0.0016271260101348162,7e267c0bf303542b
2,day2_n4_topk_seed44,44,71,2,False,False,True,0.6534,0.0,2.3437178,-6.0314627,-1.134622834797483e-05,0.0016295870300382376,0.001629626378417015,7e267c0bf303542b
2,day2_n4_topk_seed44,44,71,3,False,False,True,0.6378,0.0,-6.555823,-0.058813818,-7.152647867769701e-06,0.0016556436894461513,0.0016556590562686324,7e267c0bf303542b
2,day2_n4_topk_seed44,44,72,0,False,False,True,0.6252,0.0,-0.8046085,-5.343337,-6.497374670288991e-06,0.0016460331389680505,0.0016460458282381296,7e267c0bf303542b
2,day2_n4_topk_seed44,44,72,1,False,False,True,0.6386,0.0,-5.2614,3.9753072,-3.7706902276113397e-06,0.001651365077123046,0.0016513693844899535,7e267c0bf303542b
2,day2_n4_topk_seed44,44,72,2,False,False,True,0.6148,0.0,0.59676844,-1.8746811,-3.216993036403437e-06,0.001647378783673048,0.0016473818104714155,7e267c0bf303542b
2,day2_n4_topk_seed44,44,72,3,False,False,True,0.6674,0.0,5.46924,3.2427063,-5.93556251260452e-06,0.0016609622398391366,0.0016609730664640665,7e267c0bf303542b
2,day2_n4_topk_seed44,44,73,0,False,False,True,0.6492,0.0,2.6636167,1.5976542,-7.346199708990753e-06,0.0016481876373291016,0.0016482039354741573,7e267c0bf303542b
2,day2_n4_topk_seed44,44,73,1,False,False,True,0.633,0.0,2.7271874,3.6799994,-3.1803847377886996e-06,0.0016223127022385597,0.0016223159618675709,7e267c0bf303542b
2,day2_n4_topk_seed44,44,73,2,False,False,True,0.6678,0.0,1.1564622,-6.3405423,-9.422740276932018e-07,0.0016625317512080073,0.0016625318676233292,7e267c0bf303542b
2,day2_n4_topk_seed44,44,73,3,False,False,True,0.6494,0.0,-6.5472655,1.0628835,-4.36749041909934e-06,0.0016693758079782128,0.0016693816287443042,7e267c0bf303542b
2,day2_n4_topk_seed44,44,74,0,False,False,True,0.6708,0.0,-2.3434312,-3.9986866,-3.4318263715249486e-06,0.0016632381593808532,0.0016632418846711516,7e267c0bf303542b
2,day2_n4_topk_seed44,44,74,1,False,False,True,0.679,0.0,-1.6979548,-2.396618,-6.052223398000933e-06,0.001645408570766449,0.0016454196302220225,7e267c0bf303542b
2,day2_n4_topk_seed44,44,74,2,False,False,True,0.6558,0.0,-2.6906967,5.995442,-5.182812856219243e-06,0.001654579071328044,0.00165458710398525,7e267c0bf303542b
2,day2_n4_topk_seed44,44,74,3,False,False,True,0.6462,0.0,6.732082,0.39986342,-5.151424375071656e-06,0.0016970684519037604,0.001697076135315001,7e267c0bf303542b
2,day2_n4_topk_seed44,44,75,0,False,False,True,0.6368,0.0,0.97912663,5.707121,3.060491451378766e-07,0.0016680241096764803,0.001668024342507124,7e267c0bf303542b
2,day2_n4_topk_seed44,44,75,1,False,False,True,0.63,0.0,-6.513097,-1.8287882,-4.004152742709266e-06,0.0016893761930987239,0.0016893809661269188,7e267c0bf303542b
2,day2_n4_topk_seed44,44,75,2,False,False,True,0.6052,0.0,3.952348,-4.7938967,-5.598266739070823e-07,0.0016970850992947817,0.0016970853321254253,7e267c0bf303542b
2,day2_n4_topk_seed44,44,75,3,False,False,True,0.6696,0.0,1.5816242,0.91556853,-2.9057478059257846e-06,0.0016498694894835353,0.0016498720506206155,7e267c0bf303542b
2,day2_n4_topk_seed44,44,76,0,False,False,True,0.6722,0.0,-0.32459658,6.6410794,5.272733005767805e-07,0.0016652301419526339,0.001665230025537312,7e267c0bf303542b
2,day2_n4_topk_seed44,44,76,1,False,False,True,0.6828,0.0,-2.24892,-2.7994044,-1.3034351695750956e-06,0.0016543909441679716,0.001654391409829259,7e267c0bf303542b
2,day2_n4_topk_seed44,44,76,2,False,False,True,0.6668,0.0,6.3521986,-1.8415414,-3.211099738109624e-06,0.0016838209703564644,0.0016838241135701537,7e267c0bf303542b
2,day2_n4_topk_seed44,44,76,3,False,False,True,0.6652,0.0,-3.77868,-2.0001345,-1.0020587069448084e-05,0.0016641485271975398,0.001664178678765893,7e267c0bf303542b
2,day2_n4_topk_seed44,44,77,0,False,False,True,0.687,0.0,-5.0308156,-4.2931247,-1.7153749922727002e-06,0.0016909405821934342,0.0016909415135160089,7e267c0bf303542b
2,day2_n4_topk_seed44,44,77,1,False,False,True,0.647,0.0,5.8141494,-2.4553,-1.8521283209338435e-06,0.0016832581022754312,0.0016832590335980058,7e267c0bf303542b
2,day2_n4_topk_seed44,44,77,2,False,False,True,0.6814,0.0,0.5217457,0.81277406,-6.103728992457036e-06,0.0016639817040413618,0.0016639928799122572,7e267c0bf303542b
2,day2_n4_topk_seed44,44,77,3,False,False,True,0.6596,0.0,-1.3050818,5.9356475,-3.398729688797175e-07,0.001682642032392323,0.001682642032392323,7e267c0bf303542b
2,day2_n4_topk_seed44,44,78,0,False,False,True,0.6588,0.0,-4.065212,4.486861,-1.3055686167717795e-06,0.0016712798969820142,0.0016712802462279797,7e267c0bf303542b
2,day2_n4_topk_seed44,44,78,1,False,False,True,0.6826,0.0,6.3703527,2.3310878,1.1591559996304568e-06,0.00170904363039881,0.0017090440960600972,7e267c0bf303542b
2,day2_n4_topk_seed44,44,78,2,False,False,True,0.668,0.0,-2.0955317,-1.0398453,2.0819650217163144e-06,0.0016645117430016398,0.0016645131399855018,7e267c0bf303542b
2,day2_n4_topk_seed44,44,78,3,False,False,True,0.6862,0.0,-0.20961086,-5.7781014,-1.660127622926666e-06,0.0016923457151278853,0.0016923465300351381,7e267c0bf303542b
2,day2_n4_topk_seed44,44,79,0,False,False,True,0.628,0.0,-5.2194824,4.455455,-4.443090347194811e-06,0.0017216892447322607,0.0017216949490830302,7e267c0bf303542b
2,day2_n4_topk_seed44,44,79,1,False,False,True,0.6376,0.0,-0.29573298,-4.402257,-7.226035904750461e-06,0.0016952268779277802,0.0016952423611655831,7e267c0bf303542b
2,day2_n4_topk_seed44,44,79,2,False,False,True,0.667,0.0,-0.52453405,-3.3933017,-3.1001288789411774e-06,0.0016963900998234749,0.0016963928937911987,7e267c0bf303542b
2,day2_n4_topk_seed44,44,79,3,False,False,True,0.663,0.0,6.0397506,3.340101,-3.8099913126643514e-06,0.001723135937936604,0.0017231401288881898,7e267c0bf303542b
2,day2_n4_topk_seed44,44,80,0,False,False,True,0.7026,0.0,5.9006486,-0.36236608,1.0305371915819705e-06,0.001723025692626834,0.0017230261582881212,7e267c0bf303542b
2,day2_n4_topk_seed44,44,80,1,False,False,True,0.684,0.0,1.2529241,-0.41880658,-2.476107056281762e-06,0.0017003825632855296,0.001700384309515357,7e267c0bf303542b
2,day2_n4_topk_seed44,44,80,2,False,False,True,0.6698,0.0,-4.0689545,-5.153269,2.4079502054519253e-06,0.0016961885849013925,0.0016961903311312199,7e267c0bf303542b
2,day2_n4_topk_seed44,44,80,3,False,False,True,0.6754,0.0,-3.0846186,5.934442,-2.95250447379658e-06,0.0016944388626143336,0.001694441307336092,7e267c0bf303542b
2,day2_n4_topk_seed44,44,81,0,False,False,True,0.6676,0.0,-1.1135216,-1.8191328,-7.2451102823833935e-06,0.0016824568156152964,0.0016824722988530993,7e267c0bf303542b
2,day2_n4_topk_seed44,44,81,1,False,False,True,0.6466,0.0,6.706355,1.338209,-3.844016191578703e-06,0.001723152119666338,0.0017231564270332456,7e267c0bf303542b
2,day2_n4_topk_seed44,44,81,2,False,False,True,0.694,0.0,-1.8894125,-5.082172,-2.2629044451605296e-06,0.0016992524033412337,0.0016992539167404175,7e267c0bf303542b
2,day2_n4_topk_seed44,44,81,3,False,False,True,0.6654,0.0,-3.7034197,5.5630913,-6.549149020429468e-06,0.001716909115202725,0.0017169215716421604,7e267c0bf303542b
2,day2_n4_topk_seed44,44,82,0,False,False,True,0.6302,0.0,-4.09599,-4.9861207,7.844093943276675e-07,0.0017082291888073087,0.0017082291888073087,7e267c0bf303542b
2,day2_n4_topk_seed44,44,82,1,False,False,True,0.6568,0.0,-2.323708,6.148675,2.0706288239580317e-08,0.0017332083079963923,0.0017332081915810704,7e267c0bf303542b
2,day2_n4_topk_seed44,44,82,2,False,False,True,0.6902,0.0,-0.07030835,-0.21486412,2.1492687096724694e-07,0.0017033121548593044,0.0017033120384439826,7e267c0bf303542b
2,day2_n4_topk_seed44,44,82,3,False,False,True,0.6782,0.0,6.4900045,-0.947685,-6.309550826699706e-06,0.001745795481838286,0.001745806890539825,7e267c0bf303542b
2,day2_n4_topk_seed44,44,83,0,False,False,True,0.6962,0.0,-1.2243732,-3.241325,2.311977823410416e-06,0.0017211808590218425,0.0017211823724210262,7e267c0bf303542b
2,day2_n4_topk_seed44,44,83,1,False,False,True,0.6688,0.0,-0.1986191,-4.6474013,-2.4788630526018096e-06,0.001729298965074122,0.0017293008277192712,7e267c0bf303542b
2,day2_n4_topk_seed44,44,83,2,False,False,True,0.7,0.0,-4.9792,4.8673086,-2.8587953693204327e-06,0.0017566712340340018,0.0017566734459251165,7e267c0bf303542b
2,day2_n4_topk_seed44,44,83,3,False,False,True,0.6692,0.0,6.40219,3.0214114,-2.90603793473565e-06,0.0017691239481791854,0.001769126276485622,7e267c0bf303542b
2,day2_n4_topk_seed44,44,84,0,False,False,True,0.6258,0.0,5.4294825,-4.400203,-7.343618904087634e-07,0.0017655252013355494,0.0017655253177508712,7e267c0bf303542b
2,day2_n4_topk_seed44,44,84,1,False,False,True,0.6978,0.0,0.33560452,2.5456643,-4.387011813378194e-06,0.0017100294353440404,0.00171003513969481,7e267c0bf303542b
2,day2_n4_topk_seed44,44,84,2,False,False,True,0.6614,0.0,-6.1363916,-3.4340723,-7.368114438577322e-07,0.0017635015537962317,0.0017635016702115536,7e267c0bf303542b
2,day2_n4_topk_seed44,44,84,3,False,False,True,0.6712,0.0,0.37130517,5.288608,1.2912488500660402e-06,0.0017361217178404331,0.0017361221835017204,7e267c0bf303542b
2,day2_n4_topk_seed44,44,85,0,False,False,True,0.6856,0.0,-3.0134962,6.0043826,-4.316484137234511e-06,0.0017715059220790863,0.0017715111607685685,7e267c0bf303542b
2,day2_n4_topk_seed44,44,85,1,False,False,True,0.6204,0.0,-2.1929917,-1.3856027,-4.027548129670322e-06,0.0017268294468522072,0.0017268339870497584,7e267c0bf303542b
2,day2_n4_topk_seed44,44,85,2,False,False,True,0.7028,0.0,-1.9388099,-5.2903576,3.629943989835738e-07,0.0017587707843631506,0.0017587707843631506,7e267c0bf303542b
2,day2_n4_topk_seed44,44,85,3,False,False,True,0.6792,0.0,7.1452985,0.6715704,-5.4647184697387274e-06,0.0017946077277883887,0.0017946158768609166,7e267c0bf303542b
2,day2_n4_topk_seed44,44,86,0,False,False,True,0.704,0.0,6.9298897,-1.4624933,-2.3772263375576586e-06,0.0017787115648388863,0.00177871307823807,7e267c0bf303542b
2,day2_n4_topk_seed44,44,86,1,False,False,True,0.6732,0.0,-1.2167181,2.7726505,8.623587746114936e-07,0.0017503108829259872,0.001750311115756631,7e267c0bf303542b
2,day2_n4_topk_seed44,44,86,2,False,False,True,0.667,0.0,-3.7796636,-5.944933,3.846925210382324e-06,0.0017570964992046356,0.0017571006901562214,7e267c0bf303542b
2,day2_n4_topk_seed44,44,86,3,False,False,True,0.6882,0.0,-1.9335122,4.6347737,-2.0026441234222148e-06,0.0017541534034535289,0.0017541545676067472,7e267c0bf303542b
2,day2_n4_topk_seed44,44,87,0,False,False,True,0.7048,0.0,5.292912,2.3187127,-2.7292396680422826e-06,0.0017466397257521749,0.0017466419376432896,7e267c0bf303542b
2,day2_n4_topk_seed44,44,87,1,False,False,True,0.6668,0.0,2.261178,-0.50113565,-3.4825416150852107e-06,0.0017480392707511783,0.0017480426467955112,7e267c0bf303542b
2,day2_n4_topk_seed44,44,87,2,False,False,True,0.6618,0.0,-5.430376,4.536189,-6.2921367316448595e-06,0.0017758196918293834,0.0017758308677002788,7e267c0bf303542b
2,day2_n4_topk_seed44,44,87,3,False,False,True,0.6982,0.0,-2.1237195,-6.3537683,-2.1614462184516015e-06,0.0017562428256496787,0.0017562441062182188,7e267c0bf303542b
2,day2_n4_topk_seed44,44,88,0,False,False,True,0.6798,0.0,-0.9307465,5.9533353,-4.6855046775817755e-07,0.0017568059265613556,0.0017568058101460338,7e267c0bf303542b
2,day2_n4_topk_seed44,44,88,1,False,False,True,0.6962,0.0,-2.1245358,1.0354179,-4.1584639802749734e-06,0.0017559060361236334,0.001755911041982472,7e267c0bf303542b
2,day2_n4_topk_seed44,44,88,2,False,False,True,0.6702,0.0,-3.8577697,-5.204287,-4.976533091394231e-06,0.0017788729164749384,0.001778879901394248,7e267c0bf303542b
2,day2_n4_topk_seed44,44,88,3,False,False,True,0.6812,0.0,6.9130535,-1.7844664,-2.642129629748524e-06,0.0017764923395588994,0.0017764942022040486,7e267c0bf303542b
2,day2_n4_topk_seed44,44,89,0,False,False,True,0.6956,0.0,-5.219153,-4.8447137,-1.8451261212248937e-06,0.0017897303914651275,0.001789731439203024,7e267c0bf303542b
2,day2_n4_topk_seed44,44,89,1,False,False,True,0.71,0.0,6.3323445,-3.0977764,-2.0937889075867133e-06,0.0017770947888493538,0.0017770960694178939,7e267c0bf303542b
2,day2_n4_topk_seed44,44,89,2,False,False,True,0.6762,0.0,-0.030112969,2.785683,-8.986802981780784e-07,0.00175304408185184,0.0017530444310978055,7e267c0bf303542b
2,day2_n4_topk_seed44,44,89,3,False,False,True,0.7162,0.0,-1.0830799,5.1568093,4.601406999427127e-06,0.0017536012455821037,0.0017536072991788387,7e267c0bf303542b
2,day2_n4_topk_seed44,44,90,0,False,False,True,0.6748,0.0,3.3714077,6.1965113,-1.3834009848778805e-07,0.0018066160846501589,0.0018066162010654807,7e267c0bf303542b
2,day2_n4_topk_seed44,44,90,1,False,False,True,0.6894,0.0,3.283284,-5.4171658,-5.952011179033434e-06,0.0017927411245182157,0.0017927509034052491,7e267c0bf303542b
2,day2_n4_topk_seed44,44,90,2,False,False,True,0.683,0.0,0.34101608,-1.166319,-4.944901320413919e-06,0.0017760571790859103,0.00177606416400522,7e267c0bf303542b
2,day2_n4_topk_seed44,44,90,3,False,False,True,0.6906,0.0,-6.995711,0.38697132,-7.058732535369927e-06,0.001817604643292725,0.0018176183803007007,7e267c0bf303542b
2,day2_n4_topk_seed44,44,91,0,False,False,True,0.6952,0.0,-1.6558337,4.360325,-2.624415401442093e-06,0.0017934405477717519,0.0017934426432475448,7e267c0bf303542b
2,day2_n4_topk_seed44,44,91,1,False,False,True,0.6754,0.0,-3.5175655,-6.316662,-4.386331056593917e-06,0.001807376742362976,0.0018073820974677801,7e267c0bf303542b
2,day2_n4_topk_seed44,44,91,2,False,False,True,0.6806,0.0,-2.1109564,3.1132514,-1.8549009155321983e-06,0.0018003537552431226,0.0018003545701503754,7e267c0bf303542b
2,day2_n4_topk_seed44,44,91,3,False,False,True,0.6832,0.0,7.2843556,-1.1569135,-1.7428864111934672e-06,0.00183666602242738,0.0018366668373346329,7e267c0bf303542b
2,day2_n4_topk_seed44,44,92,0,False,False,True,0.6718,0.0,3.431178,-6.358111,1.4444202633967507e-06,0.0018056152621284127,0.0018056156113743782,7e267c0bf303542b
2,day2_n4_topk_seed44,44,92,1,False,False,True,0.7012,0.0,3.128581,3.6083295,-5.28221733020473e-07,0.0018128316150978208,0.0018128317315131426,7e267c0bf303542b
2,day2_n4_topk_seed44,44,92,2,False,False,True,0.6992,0.0,0.5499973,3.926644,-4.562097274174448e-06,0.0017999623669311404,0.0017999683041125536,7e267c0bf303542b
2,day2_n4_topk_seed44,44,92,3,False,False,True,0.701,0.0,-7.109748,-1.1768651,-2.8262434170756023e-06,0.0018290115986019373,0.001829013810493052,7e267c0bf303542b
2,day2_n4_topk_seed44,44,93,0,False,False,True,0.673,0.0,-3.037238,-5.865858,-2.321298325114185e-06,0.0018135219579562545,0.0018135233549401164,7e267c0bf303542b
2,day2_n4_topk_seed44,44,93,1,False,False,True,0.6946,0.0,-3.4418025,5.990946,-4.1044340832741e-06,0.0018084021285176277,0.0018084067851305008,7e267c0bf303542b
2,day2_n4_topk_seed44,44,93,2,False,False,True,0.688,0.0,-0.68860465,-0.470992,-1.2317600521782879e-06,0.001741508487612009,0.0017415088368579745,7e267c0bf303542b
2,day2_n4_topk_seed44,44,93,3,False,False,True,0.6692,0.0,7.167641,0.34590435,-9.048100650943525e-07,0.0018434601370245218,0.0018434602534398437,7e267c0bf303542b
2,day2_n4_topk_seed44,44,94,0,False,False,True,0.701,0.0,-2.8661451,-4.611741,3.851156179734971e-06,0.0017932403134182096,0.0017932442715391517,7e267c0bf303542b
2,day2_n4_topk_seed44,44,94,1,False,False,True,0.687,0.0,7.036791,1.1759769,1.5749031945233583e-06,0.0018179657636210322,0.0018179664621129632,7e267c0bf303542b
2,day2_n4_topk_seed44,44,94,2,False,False,True,0.6626,0.0,-0.49653578,-2.791327,4.255572093825322e-06,0.0017586288740858436,0.001758633996360004,7e267c0bf303542b
2,day2_n4_topk_seed44,44,94,3,False,False,True,0.6684,0.0,-3.6741078,6.227094,-2.3076413526723627e-06,0.0018049766076728702,0.0018049782374873757,7e267c0bf303542b
2,day2_n4_topk_seed44,44,95,0,False,False,True,0.6854,0.0,1.3330728,-4.7868567,-2.7612552457867423e-06,0.0017793818842619658,0.0017793839797377586,7e267c0bf303542b
2,day2_n4_topk_seed44,44,95,1,False,False,True,0.6834,0.0,-7.00818,2.1401904,-1.8525101950217504e-06,0.0018196019809693098,0.0018196030287072062,7e267c0bf303542b
2,day2_n4_topk_seed44,44,95,2,False,False,True,0.6862,0.0,1.2785965,-3.1251674,-6.374386884999694e-07,0.0017813629237934947,0.0017813629237934947,7e267c0bf303542b
2,day2_n4_topk_seed44,44,95,3,False,False,True,0.6878,0.0,4.396506,5.771833,-6.4513801589782815e-06,0.0018312138272449374,0.0018312251195311546,7e267c0bf303542b
2,day2_n4_topk_seed44,44,96,0,False,False,True,0.6662,0.0,-4.990874,-5.022466,-2.3431150566466385e-06,0.0018420754931867123,0.001842077006585896,7e267c0bf303542b
2,day2_n4_topk_seed44,44,96,1,False,False,True,0.6992,0.0,-1.0677474,6.1051755,-5.172389592189575e-06,0.0018039281712844968,0.0018039356218650937,7e267c0bf303542b
2,day2_n4_topk_seed44,44,96,2,False,False,True,0.7064,0.0,-0.8249859,1.4392679,3.652061877801316e-06,0.001770132570527494,0.0017701364122331142,7e267c0bf303542b
2,day2_n4_topk_seed44,44,96,3,False,False,True,0.7084,0.0,6.8836036,-2.5219836,-2.8293718514760258e-06,0.001843474106863141,0.0018434763187542558,7e267c0bf303542b
2,day2_n4_topk_seed44,44,97,0,False,False,True,0.6942,0.0,-1.9909654,4.1122413,1.6819014945212984e-06,0.0018068874487653375,0.0018068881472572684,7e267c0bf303542b
2,day2_n4_topk_seed44,44,97,1,False,False,True,0.6796,0.0,-1.7878958,3.4783926,-3.323509645269951e-07,0.001793772098608315,0.001793772098608315,7e267c0bf303542b
2,day2_n4_topk_seed44,44,97,2,False,False,True,0.7094,0.0,-3.63332,-6.3980355,5.0637165571743026e-08,0.0018253930611535907,0.0018253931775689125,7e267c0bf303542b
2,day2_n4_topk_seed44,44,97,3,False,False,True,0.6568,0.0,7.4121833,-1.1926011,-4.610330506693572e-06,0.0018781531834974885,0.0018781590042635798,7e267c0bf303542b
2,day2_n4_topk_seed44,44,98,0,False,False,True,0.6828,0.0,3.3393033,6.288151,1.5201146652543684e-06,0.0017967373132705688,0.001796737895347178,7e267c0bf303542b
2,day2_n4_topk_seed44,44,98,1,False,False,True,0.701,0.0,2.5522697,-5.1101627,-3.085034904870554e-06,0.0018129402305930853,0.0018129427917301655,7e267c0bf303542b
2,day2_n4_topk_seed44,44,98,2,False,False,True,0.6942,0.0,-7.2481914,0.7388246,-2.724635805861908e-06,0.0018296537455171347,0.0018296558409929276,7e267c0bf303542b
2,day2_n4_topk_seed44,44,98,3,False,False,True,0.673,0.0,1.3566229,-1.9168168,-4.167364295426523e-06,0.001789575326256454,0.0017895802156999707,7e267c0bf303542b
2,day2_n4_topk_seed44,44,99,0,False,False,True,0.702,0.0,-0.88046014,6.630925,-1.918889893204323e-06,0.0018247972475364804,0.0018247984116896987,7e267c0bf303542b
2,day2_n4_topk_seed44,44,99,1,False,False,True,0.6912,0.0,1.0695703,0.7364566,2.2337947029882343e-06,0.001792437513358891,0.001792438910342753,7e267c0bf303542b
2,day2_n4_topk_seed44,44,99,2,False,False,True,0.7026,0.0,5.879181,-3.3192675,-3.8115877032396384e-06,0.0018366057192906737,0.0018366096774116158,7e267c0bf303542b
2,day2_n4_topk_seed44,44,99,3,False,False,True,0.6838,0.0,-6.068288,-4.048118,-3.5511154692358105e-06,0.0018522274913266301,0.001852230867370963,7e267c0bf303542b
2,day2_n4_topk_seed44,44,100,0,False,False,True,0.6982,0.0,-1.0436882,6.4349127,1.2683299246418756e-06,0.0018241317011415958,0.001824132283218205,7e267c0bf303542b
2,day2_n4_topk_seed44,44,100,1,False,False,True,0.7304,0.0,6.8318734,-2.5220318,1.386184976581717e-06,0.001861118245869875,0.001861118827946484,7e267c0bf303542b
2,day2_n4_topk_seed44,44,100,2,False,False,True,0.6626,0.0,-5.0563636,-4.8751316,-2.9217135306680575e-06,0.0018396723316982388,0.0018396747764199972,7e267c0bf303542b
2,day2_n4_topk_seed44,44,100,3,False,False,True,0.69,0.0,-0.7318184,0.9622496,-3.1289200705941767e-06,0.00181201146915555,0.001812014146707952,7e267c0bf303542b
2,day2_n4_topk_seed44,44,101,0,False,False,True,0.804,0.0,0.21219228,-0.18851681,-6.469106779150025e-07,0.00023955214419402182,0.00023955301730893552,7e267c0bf303542b
2,day2_n4_topk_seed44,44,101,1,False,False,True,0.8054,0.0,0.5495476,0.46970853,-2.2720905157314064e-09,0.0002401906967861578,0.0002401906967861578,7e267c0bf303542b
2,day2_n4_topk_seed44,44,101,2,False,False,True,0.8068,0.0,-0.70006865,0.36884034,-4.041867214255035e-07,0.00024831367773003876,0.0002483139978721738,7e267c0bf303542b
2,day2_n4_topk_seed44,44,101,3,False,False,True,0.807,0.0,-0.06167116,-0.6500321,-4.600513250352378e-07,0.0002421487297397107,0.00024214918084908277,7e267c0bf303542b
2,day2_n4_topk_seed44,44,102,0,False,False,True,0.8112,0.0,-0.45773885,-0.6008766,-2.903406084442395e-07,0.0002183186006732285,0.00021831877529621124,7e267c0bf303542b
2,day2_n4_topk_seed44,44,102,1,False,False,True,0.8016,0.0,0.79286605,-0.054227818,3.1313243198383134e-07,0.00022437807638198137,0.0002243782946607098,7e267c0bf303542b
2,day2_n4_topk_seed44,44,102,2,False,False,True,0.808,0.0,-0.3132506,0.7472105,-2.155310028228996e-07,0.0002196929999627173,0.00021969308727420866,7e267c0bf303542b
2,day2_n4_topk_seed44,44,102,3,False,False,True,0.8118,0.0,-0.021877367,-0.092106365,1.0574646580607805e-07,0.0002169461513403803,0.00021694618044421077,7e267c0bf303542b
2,day2_n4_topk_seed44,44,103,0,False,False,True,0.8112,0.0,0.851859,0.105013974,1.2654132319767086e-07,0.00021765862766187638,0.00021765867131762207,7e267c0bf303542b
2,day2_n4_topk_seed44,44,103,1,False,False,True,0.8116,0.0,-0.112599574,0.15729247,7.628242997270718e-07,0.00022168118448462337,0.00022168250870890915,7e267c0bf303542b
2,day2_n4_topk_seed44,44,103,2,False,False,True,0.8126,0.0,-0.24645187,-0.81594473,-6.357599602324626e-08,0.00022660396643914282,0.00022660396643914282,7e267c0bf303542b
2,day2_n4_topk_seed44,44,103,3,False,False,True,0.8074,0.0,-0.49280766,0.55363816,-5.3350060369439234e-08,0.00021888416085857898,0.00021888416085857898,7e267c0bf303542b
2,day2_n4_topk_seed44,44,104,0,False,False,True,0.8184,0.0,0.07381298,-0.15090768,2.5886629728688604e-08,0.00022098702902439982,0.00022098702902439982,7e267c0bf303542b
2,day2_n4_topk_seed44,44,104,1,False,False,True,0.819,0.0,0.6688946,0.5545262,3.959450509682938e-07,0.00022335212270263582,0.0002233524719486013,7e267c0bf303542b
2,day2_n4_topk_seed44,44,104,2,False,False,True,0.814,0.0,-0.81190294,0.37663433,-3.188125106134976e-07,0.00022517418256029487,0.0002251744008390233,7e267c0bf303542b
2,day2_n4_topk_seed44,44,104,3,False,False,True,0.812,0.0,0.06919569,-0.7802523,5.00322755669913e-07,0.00022632635955233127,0.00022632691252510995,7e267c0bf303542b
2,day2_n4_topk_seed44,44,105,0,False,False,True,0.8162,0.0,0.35265878,0.19181667,-1.6659687673836743e-07,0.00022318157425615937,0.00022318161791190505,7e267c0bf303542b
2,day2_n4_topk_seed44,44,105,1,False,False,True,0.8144,0.0,-0.92981195,0.004651535,1.8596149686800345e-07,0.0002280230837641284,0.00022802315652370453,7e267c0bf303542b
2,day2_n4_topk_seed44,44,105,2,False,False,True,0.8178,0.0,0.29308355,-0.8331544,2.6480472925527465e-08,0.0002334930468350649,0.0002334930468350649,7e267c0bf303542b
2,day2_n4_topk_seed44,44,105,3,False,False,True,0.81,0.0,0.2840694,0.63668615,-3.146173241930228e-07,0.00023410077847074717,0.00023410098219756037,7e267c0bf303542b
2,day2_n4_topk_seed44,44,106,0,False,False,True,0.8192,0.0,-0.3724374,0.46152478,3.259176537540043e-07,0.00022971141152083874,0.0002297116443514824,7e267c0bf303542b
2,day2_n4_topk_seed44,44,106,1,False,False,True,0.8186,0.0,0.843936,-0.39421895,6.141289077277179e-07,0.00023843815142754465,0.00023843893723096699,7e267c0bf303542b
2,day2_n4_topk_seed44,44,106,2,False,False,True,0.8178,0.0,-0.6116234,-0.6837608,4.263960420303192e-07,0.00023467007849831134,0.0002346704714000225,7e267c0bf303542b
2,day2_n4_topk_seed44,44,106,3,False,False,True,0.8202,0.0,0.1401246,0.61645436,6.134184786787955e-07,0.00023947756562847644,0.000239478365983814,7e267c0bf303542b
2,day2_n4_topk_seed44,44,107,0,False,False,True,0.8174,0.0,0.0054004537,-0.114463404,3.763410632018349e-07,0.00022944815282244235,0.00022944845841266215,7e267c0bf303542b
2,day2_n4_topk_seed44,44,107,1,False,False,True,0.8216,0.0,-0.89436406,-0.21141744,1.1355330542528463e-07,0.00024526892229914665,0.0002452689514029771,7e267c0bf303542b
2,day2_n4_topk_seed44,44,107,2,False,False,True,0.8198,0.0,0.664475,-0.59461635,-6.360637598845642e-07,0.00024404529540333897,0.00024404612486250699,7e267c0bf303542b
2,day2_n4_topk_seed44,44,107,3,False,False,True,0.8214,0.0,0.2244892,0.9204974,3.194333260125859e-07,0.0002384476101724431,0.00023844779934734106,7e267c0bf303542b
2,day2_n4_topk_seed44,44,108,0,False,False,True,0.8232,0.0,0.07642795,-0.2208465,2.407362273970648e-07,0.00023569530458189547,0.0002356954209972173,7e267c0bf303542b
2,day2_n4_topk_seed44,44,108,1,False,False,True,0.811,0.0,0.87671804,0.30086896,1.2934228266203718e-07,0.0002394366019871086,0.00023943661653902382,7e267c0bf303542b
2,day2_n4_topk_seed44,44,108,2,False,False,True,0.82,0.0,-0.6661126,0.7119029,-3.328997308926773e-07,0.000244610826484859,0.00024461105931550264,7e267c0bf303542b
2,day2_n4_topk_seed44,44,108,3,False,False,True,0.8168,0.0,-0.2870331,-0.7919255,-1.5971704669937026e-07,0.00023925270943436772,0.00023925276764202863,7e267c0bf303542b
2,day2_n4_topk_seed44,44,109,0,False,False,True,0.8228,0.0,0.32440454,-0.189388,3.2426927987216914e-07,0.0002366352709941566,0.00023663550382480025,7e267c0bf303542b
2,day2_n4_topk_seed44,44,109,1,False,False,True,0.8208,0.0,0.1596949,0.9628911,6.855486844870029e-07,0.00024591083638370037,0.00024591179681010544,7e267c0bf303542b
2,day2_n4_topk_seed44,44,109,2,False,False,True,0.8134,0.0,-0.988918,-0.19959891,6.609004543634e-08,0.0002474719367455691,0.0002474719367455691,7e267c0bf303542b
2,day2_n4_topk_seed44,44,109,3,False,False,True,0.817,0.0,0.5048183,-0.5739045,5.437486834125593e-07,0.00024351876345463097,0.00024351937463507056,7e267c0bf303542b
2,day2_n4_topk_seed44,44,110,0,False,False,True,0.821,0.0,-0.04342383,-0.13014714,-5.097580668689261e-08,0.000239975459408015,0.000239975459408015,7e267c0bf303542b
2,day2_n4_topk_seed44,44,110,1,False,False,True,0.8192,0.0,-0.94461375,0.25514555,4.5768283030156454e-07,0.00025362736778333783,0.0002536277752369642,7e267c0bf303542b
2,day2_n4_topk_seed44,44,110,2,False,False,True,0.8212,0.0,0.67687297,0.7499338,-8.024693443076103e-08,0.0002563461021054536,0.0002563461021054536,7e267c0bf303542b
2,day2_n4_topk_seed44,44,110,3,False,False,True,0.816,0.0,0.31116405,-0.87493235,1.0210665379872808e-07,0.0002530667115934193,0.00025306674069724977,7e267c0bf303542b
2,day2_n4_topk_seed44,44,111,0,False,False,True,0.8172,0.0,-0.11300246,-0.22954696,-1.8157304282340192e-07,0.00024483358720317483,0.0002448336745146662,7e267c0bf303542b
2,day2_n4_topk_seed44,44,111,1,False,False,True,0.8186,0.0,1.0283825,0.08908086,1.2005125427094754e-06,0.00026295313728041947,0.00026295590214431286,7e267c0bf303542b
2,day2_n4_topk_seed44,44,111,2,False,False,True,0.822,0.0,-0.42535442,-0.75330484,-5.653878787370559e-08,0.0002527203760109842,0.0002527203760109842,7e267c0bf303542b
2,day2_n4_topk_seed44,44,111,3,False,False,True,0.8214,0.0,-0.49002507,0.8937706,2.1347794643133966e-07,0.00025959883350878954,0.0002595989208202809,7e267c0bf303542b
2,day2_n4_topk_seed44,44,112,0,False,False,True,0.8198,0.0,0.26149553,-0.68298686,3.6289088711782824e-07,0.0002526156895328313,0.0002526159514673054,7e267c0bf303542b
2,day2_n4_topk_seed44,44,112,1,False,False,True,0.8236,0.0,-1.055619,0.1445301,1.377336502628168e-06,0.00026524424902163446,0.0002652477996889502,7e267c0bf303542b
2,day2_n4_topk_seed44,44,112,2,False,False,True,0.8236,0.0,0.30529365,-0.37024054,-2.518640629389779e-09,0.00024877730174921453,0.0002487772726453841,7e267c0bf303542b
2,day2_n4_topk_seed44,44,112,3,False,False,True,0.8202,0.0,0.48883063,0.90869683,4.4494643702819303e-07,0.0002552767691668123,0.0002552771766204387,7e267c0bf303542b
2,day2_n4_topk_seed44,44,113,0,False,False,True,0.8252,0.0,0.050148915,1.0518987,-6.546962794118372e-08,0.0002607385104056448,0.0002607385104056448,7e267c0bf303542b
2,day2_n4_topk_seed44,44,113,1,False,False,True,0.816,0.0,0.7931903,-0.48016247,-1.0361917190948589e-07,0.00025914094294421375,0.0002591409720480442,7e267c0bf303542b
2,day2_n4_topk_seed44,44,113,2,False,False,True,0.8178,0.0,-0.945486,-0.3689362,-4.6702311351509707e-07,0.00025558596826158464,0.0002555864048190415,7e267c0bf303542b
2,day2_n4_topk_seed44,44,113,3,False,False,True,0.8264,0.0,0.102146596,-0.20280111,5.353275582820061e-07,0.00026048594736494124,0.0002604865003377199,7e267c0bf303542b
2,day2_n4_topk_seed44,44,114,0,False,False,True,0.8206,0.0,-0.5790437,-0.19152367,1.306909496179287e-07,0.00025856998399831355,0.000258570013102144,7e267c0bf303542b
2,day2_n4_topk_seed44,44,114,1,False,False,True,0.826,0.0,0.34522438,1.0248761,5.4553389361444715e-08,0.0002647147048264742,0.00026471473393030465,7e267c0bf303542b
2,day2_n4_topk_seed44,44,114,2,False,False,True,0.8254,0.0,0.8596749,-0.6639181,-7.008029569988139e-07,0.0002654290874488652,0.0002654300187714398,7e267c0bf303542b
2,day2_n4_topk_seed44,44,114,3,False,False,True,0.8226,0.0,-0.6258556,-0.16943397,3.1726436588996876e-08,0.00026000378420576453,0.00026000378420576453,7e267c0bf303542b
2,day2_n4_topk_seed44,44,115,0,False,False,True,0.8254,0.0,-0.17511714,-0.089239806,-5.2734794309117206e-08,0.00026925603742711246,0.00026925603742711246,7e267c0bf303542b
2,day2_n4_topk_seed44,44,115,1,False,False,True,0.814,0.0,-0.6764358,-0.69517606,4.292631672342395e-07,0.00026921555399894714,0.00026921587414108217,7e267c0bf303542b
2,day2_n4_topk_seed44,44,115,2,False,False,True,0.829,0.0,-0.20499542,1.0420904,-2.4144699750650034e-07,0.00026575621450319886,0.0002657563309185207,7e267c0bf303542b
2,day2_n4_topk_seed44,44,115,3,False,False,True,0.8228,0.0,1.0565487,-0.2576748,-7.61524745485076e-08,0.0002721358323469758,0.00027213586145080626,7e267c0bf303542b
2,day2_n4_topk_seed44,44,116,0,False,False,True,0.8264,0.0,0.2742245,0.5846448,-4.76030407980943e-07,0.00026961101684719324,0.00026961142430081964,7e267c0bf303542b
2,day2_n4_topk_seed44,44,116,1,False,False,True,0.8198,0.0,0.9524907,-0.21461165,3.539439603628125e-07,0.00027920305728912354,0.00027920326101593673,7e267c0bf303542b
2,day2_n4_topk_seed44,44,116,2,False,False,True,0.8218,0.0,-0.7288201,0.6068886,5.1768740405577773e-08,0.00027155407587997615,0.00027155407587997615,7e267c0bf303542b
2,day2_n4_topk_seed44,44,116,3,False,False,True,0.8256,0.0,-0.4978951,-0.97692144,-9.71489555467997e-08,0.0002804648538585752,0.0002804648829624057,7e267c0bf303542b
2,day2_n4_topk_seed44,44,117,0,False,False,True,0.8228,0.0,0.21744348,1.0443434,1.9042398946567118e-07,0.0002727688988670707,0.0002727689570747316,7e267c0bf303542b
2,day2_n4_topk_seed44,44,117,1,False,False,True,0.8248,0.0,0.7112269,-0.76265913,4.886435931439337e-07,0.000284114241367206,0.00028411467792466283,7e267c0bf303542b
2,day2_n4_topk_seed44,44,117,2,False,False,True,0.8212,0.0,-1.1144708,-0.28276792,-1.3512506313873018e-07,0.00028718216344714165,0.0002871821925509721,7e267c0bf303542b
2,day2_n4_topk_seed44,44,117,3,False,False,True,0.8204,0.0,0.18580003,0.0010836766,2.0149403212599282e-07,0.000273976445896551,0.0002739765332080424,7e267c0bf303542b
2,day2_n4_topk_seed44,44,118,0,False,False,True,0.827,0.0,-0.036741655,0.08314245,1.2880664712611178e-07,0.0002691881963983178,0.0002691881963983178,7e267c0bf303542b
2,day2_n4_topk_seed44,44,118,1,False,False,True,0.8292,0.0,1.0175561,-0.48860434,9.174856927529618e-07,0.0002867666189558804,0.00028676807414740324,7e267c0bf303542b
2,day2_n4_topk_seed44,44,118,2,False,False,True,0.8232,0.0,-0.90164983,-0.64722884,1.8368486109920923e-07,0.00028846797067672014,0.00028846802888438106,7e267c0bf303542b
2,day2_n4_topk_seed44,44,118,3,False,False,True,0.8236,0.0,-0.07916531,1.0526911,8.370510045097035e-07,0.0002833416510839015,0.0002833428734447807,7e267c0bf303542b
2,day2_n4_topk_seed44,44,119,0,False,False,True,0.8234,0.0,-0.23704751,-0.32534802,5.711177664124989e-08,0.00028135586762800813,0.00028135583852417767,7e267c0bf303542b
2,day2_n4_topk_seed44,44,119,1,False,False,True,0.8288,0.0,0.8802993,0.8044035,1.6204947428377636e-07,0.0002876492217183113,0.00028764925082214177,7e267c0bf303542b
2,day2_n4_topk_seed44,44,119,2,False,False,True,0.8264,0.0,0.33698553,-0.95263124,-1.0398046015325235e-06,0.0002926089509855956,0.0002926108136307448,7e267c0bf303542b
2,day2_n4_topk_seed44,44,119,3,False,False,True,0.8194,0.0,-0.9802374,0.4735747,-3.6729372254740156e-07,0.00029430442373268306,0.0002943046565633267,7e267c0bf303542b
2,day2_n4_topk_seed44,44,120,0,False,False,True,0.8302,0.0,-0.28085694,-0.79479504,2.867714385956788e-07,0.0002918687532655895,0.00029186889878474176,7e267c0bf303542b
2,day2_n4_topk_seed44,44,120,1,False,False,True,0.827,0.0,-0.6538105,1.0180719,4.281590690879966e-07,0.0002918761456385255,0.0002918764657806605,7e267c0bf303542b
2,day2_n4_topk_seed44,44,120,2,False,False,True,0.8214,0.0,-0.28049967,-0.47719228,-2.3461996079277014e-07,0.0002879481471609324,0.0002879482344724238,7e267c0bf303542b
2,day2_n4_topk_seed44,44,120,3,False,False,True,0.8246,0.0,1.2151672,0.2539156,5.060424541625252e-07,0.00030917220283299685,0.00030917261028662324,7e267c0bf303542b
2,day2_n4_topk_seed44,44,121,0,False,False,True,0.8238,0.0,-0.32313177,0.16371378,5.517283696576669e-08,0.00029040416120551527,0.0002904041321016848,7e267c0bf303542b
2,day2_n4_topk_seed44,44,121,1,False,False,True,0.8228,0.0,1.2166243,-0.27154294,2.6670815600482456e-07,0.0003021834709215909,0.00030218358733691275,7e267c0bf303542b
2,day2_n4_topk_seed44,44,121,2,False,False,True,0.8266,0.0,-0.66521287,-0.9335108,3.5255246189080935e-07,0.0003037304268218577,0.00030373060144484043,7e267c0bf303542b
2,day2_n4_topk_seed44,44,121,3,False,False,True,0.8278,0.0,-0.22828011,1.0413394,4.161271363045671e-07,0.0003076413122471422,0.00030764160328544676,7e267c0bf303542b
2,day2_n4_topk_seed44,44,122,0,False,False,True,0.8266,0.0,-0.19649427,-0.25754938,-5.818166073368047e-07,0.00029411393916234374,0.0002941144921351224,7e267c0bf303542b
2,day2_n4_topk_seed44,44,122,1,False,False,True,0.8224,0.0,-0.47877342,-0.88776255,-7.685186886874362e-08,0.0002965523744933307,0.0002965523744933307,7e267c0bf303542b
2,day2_n4_topk_seed44,44,122,2,False,False,True,0.825,0.0,-0.5502164,1.0582893,-5.650625780617702e-07,0.00029669536161236465,0.0002966958563774824,7e267c0bf303542b
2,day2_n4_topk_seed44,44,122,3,False,False,True,0.8212,0.0,1.2254832,0.087022185,5.32833212218975e-07,0.00030062266159802675,0.00030062312725931406,7e267c0bf303542b
2,day2_n4_topk_seed44,44,123,0,False,False,True,0.8314,0.0,0.16189262,0.107075304,-3.7625414961439674e-07,0.00029649853240698576,0.0002964987652376294,7e267c0bf303542b
2,day2_n4_topk_seed44,44,123,1,False,False,True,0.8274,0.0,0.8774837,0.70718634,8.88120098352374e-07,0.0003105678770225495,0.0003105690993834287,7e267c0bf303542b
2,day2_n4_topk_seed44,44,123,2,False,False,True,0.8256,0.0,-1.1718315,0.40637302,7.318258443689274e-09,0.0003068445366807282,0.0003068445366807282,7e267c0bf303542b
2,day2_n4_topk_seed44,44,123,3,False,False,True,0.8208,0.0,0.13245443,-1.2206347,6.113876338531554e-07,0.0003127592499367893,0.00031275986111722887,7e267c0bf303542b
2,day2_n4_topk_seed44,44,124,0,False,False,True,0.8302,0.0,-0.005717391,-0.8531658,4.1516116766615596e-07,0.0003051048261113465,0.0003051050880458206,7e267c0bf303542b
2,day2_n4_topk_seed44,44,124,1,False,False,True,0.818,0.0,0.2797952,-0.6042707,1.4658880331808177e-07,0.00030566935311071575,0.0003056693822145462,7e267c0bf303542b
2,day2_n4_topk_seed44,44,124,2,False,False,True,0.8186,0.0,0.9084084,0.9027684,-2.2025452039997617e-07,0.0003160248452331871,0.000316024903440848,7e267c0bf303542b
2,day2_n4_topk_seed44,44,124,3,False,False,True,0.8248,0.0,-1.1824857,0.5546688,-3.284825709215511e-07,0.00032470907899551094,0.0003247092245146632,7e267c0bf303542b
2,day2_n4_topk_seed44,44,125,0,False,False,True,0.822,0.0,0.20964925,0.30542368,-3.120380753784957e-08,0.0003014635876752436,0.00030146355857141316,7e267c0bf303542b
2,day2_n4_topk_seed44,44,125,1,False,False,True,0.8278,0.0,-1.230972,-0.41284254,1.307435724129391e-07,0.00031992231379263103,0.0003199223428964615,7e267c0bf303542b
2,day2_n4_topk_seed44,44,125,2,False,False,True,0.8292,0.0,0.82876754,-0.931942,4.579887615818734e-07,0.00031976104946807027,0.0003197613696102053,7e267c0bf303542b
2,day2_n4_topk_seed44,44,125,3,False,False,True,0.82,0.0,0.19255476,1.0393611,8.401984246120264e-07,0.00031221608514897525,0.00031221722019836307,7e267c0bf303542b
2,day2_n4_topk_seed44,44,126,0,False,False,True,0.8302,0.0,0.38649514,-0.2572044,-5.6605256304465e-07,0.00031454721465706825,0.000314547709422186,7e267c0bf303542b
2,day2_n4_topk_seed44,44,126,1,False,False,True,0.8206,0.0,1.0424346,-0.044625167,-2.58277964348963e-07,0.00031525580561719835,0.0003152558929286897,7e267c0bf303542b
2,day2_n4_topk_seed44,44,126,2,False,False,True,0.822,0.0,-0.5415006,1.1961428,-6.36563697753445e-07,0.0003170584386680275,0.00031705907895229757,7e267c0bf303542b
2,day2_n4_topk_seed44,44,126,3,False,False,True,0.8268,0.0,-0.88742816,-0.8943133,6.05070965775667e-07,0.0003219126083422452,0.0003219131613150239,7e267c0bf303542b
2,day2_n4_topk_seed44,44,127,0,False,False,True,0.8284,0.0,-0.10915421,0.024034387,-3.0887210300534207e-07,0.0003103345225099474,0.0003103346680290997,7e267c0bf303542b
2,day2_n4_topk_seed44,44,127,1,False,False,True,0.826,0.0,1.2787201,-0.15249692,5.170267627363501e-07,0.0003272108733654022,0.00032721125171519816,7e267c0bf303542b
2,day2_n4_topk_seed44,44,127,2,False,False,True,0.8256,0.0,-0.45694944,1.1310365,-4.183340251984191e-07,0.00032142639975063503,0.0003214266907889396,7e267c0bf303542b
2,day2_n4_topk_seed44,44,127,3,False,False,True,0.8206,0.0,-0.7126158,-1.0025749,6.145262432255549e-07,0.00031944052898325026,0.00031944114016368985,7e267c0bf303542b
2,day2_n4_topk_seed44,44,128,0,False,False,True,0.8304,0.0,-0.14734302,-0.053556845,7.802000823176058e-08,0.00031366769690066576,0.00031366769690066576,7e267c0bf303542b
2,day2_n4_topk_seed44,44,128,1,False,False,True,0.83,0.0,-1.1806134,-0.36484128,5.982528961112621e-08,0.0003303289704490453,0.0003303289704490453,7e267c0bf303542b
2,day2_n4_topk_seed44,44,128,2,False,False,True,0.828,0.0,0.32628018,1.2699611,-8.82672281932173e-08,0.00033521585282869637,0.00033521585282869637,7e267c0bf303542b
2,day2_n4_topk_seed44,44,128,3,False,False,True,0.8266,0.0,1.0016766,-0.85156286,-3.4246090763190296e-07,0.00033689642441459,0.0003368965699337423,7e267c0bf303542b
2,day2_n4_topk_seed44,44,129,0,False,False,True,0.8324,0.0,-0.039412543,-0.23594105,-2.980401347940642e-07,0.0003162568318657577,0.00031625697738491,7e267c0bf303542b
2,day2_n4_topk_seed44,44,129,1,False,False,True,0.828,0.0,0.19867304,-1.1997849,3.3147605904559896e-07,0.00033133383840322495,0.0003313340130262077,7e267c0bf303542b
2,day2_n4_topk_seed44,44,129,2,False,False,True,0.8312,0.0,-1.2254152,0.5680128,2.9054052674837294e-07,0.0003485600755084306,0.0003485601919237524,7e267c0bf303542b
2,day2_n4_topk_seed44,44,129,3,False,False,True,0.8288,0.0,1.0661552,0.8677134,7.588386097268085e-07,0.00034546616370789707,0.00034546697861514986,7e267c0bf303542b
2,day2_n4_topk_seed44,44,130,0,False,False,True,0.8268,0.0,-0.14125095,0.12234856,-3.950028428789665e-07,0.00033772358438000083,0.0003377238172106445,7e267c0bf303542b
2,day2_n4_topk_seed44,44,130,1,False,False,True,0.8256,0.0,-0.48430777,-1.270542,2.9786198751935444e-07,0.0003440877189859748,0.0003440878354012966,7e267c0bf303542b
2,day2_n4_topk_seed44,44,130,2,False,False,True,0.8218,0.0,1.3827468,0.12680167,-3.8550692238459305e-07,0.00034831895027309656,0.00034831915399990976,7e267c0bf303542b
2,day2_n4_topk_seed44,44,130,3,False,False,True,0.8316,0.0,-0.757189,1.0213909,4.656897374388791e-07,0.0003481107414700091,0.0003481110616121441,7e267c0bf303542b
2,day2_n4_topk_seed44,44,131,0,False,False,True,0.824,0.0,-0.15327021,0.09401263,-4.523265886291483e-07,0.0003284359991084784,0.000328436290146783,7e267c0bf303542b
2,day2_n4_topk_seed44,44,131,1,False,False,True,0.8242,0.0,1.3030729,0.5100083,6.206525426932785e-07,0.00035437438054941595,0.00035437490441836417,7e267c0bf303542b
2,day2_n4_topk_seed44,44,131,2,False,False,True,0.8252,0.0,-1.0399735,0.7703191,-4.212086235355628e-09,0.00035152421332895756,0.00035152421332895756,7e267c0bf303542b
2,day2_n4_topk_seed44,44,131,3,False,False,True,0.8182,0.0,-0.10982957,-1.37434,2.0993616089981515e-07,0.00034824188333004713,0.00034824194153770804,7e267c0bf303542b
2,day2_n4_topk_seed44,44,132,0,False,False,True,0.8282,0.0,0.29703075,-0.021597851,-2.787822666050488e-07,0.00033428901224397123,0.00033428912865929306,7e267c0bf303542b
2,day2_n4_topk_seed44,44,132,1,False,False,True,0.8252,0.0,0.50554043,-1.1905088,-1.821624238118602e-07,0.0003449002397246659,0.00034490026882849634,7e267c0bf303542b
2,day2_n4_topk_seed44,44,132,2,False,False,True,0.826,0.0,-1.437092,0.077640764,-2.620264183406107e-07,0.00035141021362505853,0.00035141027183271945,7e267c0bf303542b
2,day2_n4_topk_seed44,44,132,3,False,False,True,0.8264,0.0,0.6345209,1.1344662,-2.801128005103237e-07,0.00034837028943002224,0.00034837040584534407,7e267c0bf303542b
2,day2_n4_topk_seed44,44,133,0,False,False,True,0.8294,0.0,-0.19753939,-0.29108667,-1.1930102346013882e-06,0.0003399217966943979,0.0003399238921701908,7e267c0bf303542b
2,day2_n4_topk_seed44,44,133,1,False,False,True,0.8294,0.0,1.3700155,0.4762671,5.028736040912918e-07,0.00035942471004091203,0.0003594250592868775,7e267c0bf303542b
2,day2_n4_topk_seed44,44,133,2,False,False,True,0.824,0.0,-0.21862663,-1.2059343,-1.410354570907657e-07,0.0003537959710229188,0.0003537960001267493,7e267c0bf303542b
2,day2_n4_topk_seed44,44,133,3,False,False,True,0.8272,0.0,-0.9538487,1.0207535,-2.9820949976056e-07,0.0003526756481733173,0.00035267576458863914,7e267c0bf303542b
2,day2_n4_topk_seed44,44,134,0,False,False,True,0.8306,0.0,0.054491088,-0.10780696,-3.0412778073696245e-07,0.00033902330324053764,0.00033902341965585947,7e267c0bf303542b
2,day2_n4_topk_seed44,44,134,1,False,False,True,0.8248,0.0,-0.9743769,-0.99481434,2.0408526779647218e-07,0.00035875593312084675,0.00035875599132850766,7e267c0bf303542b
2,day2_n4_topk_seed44,44,134,2,False,False,True,0.822,0.0,1.3580899,-0.26737106,-1.0370847576268716e-06,0.00036517850821837783,0.00036517996340990067,7e267c0bf303542b
2,day2_n4_topk_seed44,44,134,3,False,False,True,0.8212,0.0,-0.43820423,1.3699926,7.858714070607675e-07,0.00036260587512515485,0.0003626067191362381,7e267c0bf303542b
2,day2_n4_topk_seed44,44,135,0,False,False,True,0.8306,0.0,0.31916037,-0.4809763,-3.9046565802891564e-07,0.00034985397360287607,0.00034985417732968926,7e267c0bf303542b
2,day2_n4_topk_seed44,44,135,1,False,False,True,0.823,0.0,0.33363277,-1.1063076,3.4298196283089055e-07,0.0003598049806896597,0.000359805126208812,7e267c0bf303542b
2,day2_n4_topk_seed44,44,135,2,False,False,True,0.8204,0.0,0.8607432,1.2319614,5.84328859076777e-07,0.00037724393769167364,0.0003772443742491305,7e267c0bf303542b
2,day2_n4_topk_seed44,44,135,3,False,False,True,0.8198,0.0,-1.5135359,0.35532245,1.497936068517447e-07,0.0003844566526822746,0.00038445668178610504,7e267c0bf303542b
2,day2_n4_topk_seed44,44,136,0,False,False,True,0.8232,0.0,-0.47215018,-0.1432554,-1.0038330628958647e-06,0.0003574888105504215,0.0003574902075342834,7e267c0bf303542b
2,day2_n4_topk_seed44,44,136,1,False,False,True,0.8272,0.0,-0.6239019,-1.15739,6.740746698596922e-07,0.0003730317112058401,0.00037303229328244925,7e267c0bf303542b
2,day2_n4_topk_seed44,44,136,2,False,False,True,0.8284,0.0,1.5906855,-0.07020258,3.9567615317537275e-07,0.0003970995603594929,0.00039709973498247564,7e267c0bf303542b
2,day2_n4_topk_seed44,44,136,3,False,False,True,0.8238,0.0,-0.49463272,1.3708466,1.244522763954592e-06,0.0003840175922960043,0.00038401957135647535,7e267c0bf303542b
2,day2_n4_topk_seed44,44,137,0,False,False,True,0.833,0.0,0.38068688,0.684337,-6.29317810307839e-07,0.000364368170266971,0.0003643686941359192,7e267c0bf303542b
2,day2_n4_topk_seed44,44,137,1,False,False,True,0.8122,0.0,0.46916217,0.87582904,-2.987578398006008e-07,0.0003621277865022421,0.0003621279029175639,7e267c0bf303542b
2,day2_n4_topk_seed44,44,137,2,False,False,True,0.8248,0.0,-1.5512594,-0.18773043,-7.418499308187165e-07,0.00037860075826756656,0.00037860142765566707,7e267c0bf303542b
2,day2_n4_topk_seed44,44,137,3,False,False,True,0.8274,0.0,0.70141107,-1.3724371,4.261978148178969e-08,0.00038005554233677685,0.0003800555132329464,7e267c0bf303542b
2,day2_n4_topk_seed44,44,138,0,False,False,True,0.818,0.0,0.4854469,-0.15201595,-6.489427164524386e-07,0.00035692538949660957,0.0003569259715732187,7e267c0bf303542b
2,day2_n4_topk_seed44,44,138,1,False,False,True,0.8242,0.0,0.4997899,-1.2081293,-2.1819832340952416e-07,0.0003724869748111814,0.00037248703301884234,7e267c0bf303542b
2,day2_n4_topk_seed44,44,138,2,False,False,True,0.8292,0.0,0.5879232,1.3036667,-3.3003456678670773e-07,0.00037615594919770956,0.00037615609471686184,7e267c0bf303542b
2,day2_n4_topk_seed44,44,138,3,False,False,True,0.8154,0.0,-1.5731596,0.056478493,2.448082057071588e-07,0.0003819228440988809,0.0003819229023065418,7e267c0bf303542b
2,day2_n4_topk_seed44,44,139,0,False,False,True,0.8288,0.0,0.068589345,0.42379335,-1.0339740583731327e-06,0.0003657318593468517,0.00036573331453837454,7e267c0bf303542b
2,day2_n4_topk_seed44,44,139,1,False,False,True,0.8216,0.0,0.76324123,1.0511541,-4.044391346269549e-07,0.0003747399023268372,0.0003747401060536504,7e267c0bf303542b
2,day2_n4_topk_seed44,44,139,2,False,False,True,0.826,0.0,-1.4978398,-0.06977162,6.35368792245572e-07,0.000377778138499707,0.0003777786623686552,7e267c0bf303542b
2,day2_n4_topk_seed44,44,139,3,False,False,True,0.8224,0.0,0.6660081,-1.4051759,7.302388098651136e-07,0.0003827276814263314,0.0003827284090220928,7e267c0bf303542b
2,day2_n4_topk_seed44,44,140,0,False,False,True,0.8318,0.0,0.33078438,-0.35811368,-1.4858676422591088e-06,0.00036828394513577223,0.00036828694283030927,7e267c0bf303542b
2,day2_n4_topk_seed44,44,140,1,False,False,True,0.833,0.0,0.8600569,-0.9319256,5.176004265194933e-07,0.0003832716029137373,0.0003832719230558723,7e267c0bf303542b
2,day2_n4_topk_seed44,44,140,2,False,False,True,0.8286,0.0,0.38162056,1.5088944,-9.519833952253975e-07,0.0003807653265539557,0.0003807665198110044,7e267c0bf303542b
2,day2_n4_topk_seed44,44,140,3,False,False,True,0.822,0.0,-1.5724608,-0.21885592,-8.373088178359467e-08,0.00039640991599299014,0.00039640991599299014,7e267c0bf303542b
2,day2_n4_topk_seed44,44,141,0,False,False,True,0.83,0.0,-0.3847048,-0.057768777,-9.195632060254866e-07,0.00037940984475426376,0.0003794109506998211,7e267c0bf303542b
2,day2_n4_topk_seed44,44,141,1,False,False,True,0.832,0.0,-0.6936851,-1.2737715,1.6336969110852806e-07,0.00039742543594911695,0.00039742543594911695,7e267c0bf303542b
2,day2_n4_topk_seed44,44,141,2,False,False,True,0.8236,0.0,-0.5757215,1.393978,-9.770755582394486e-08,0.0003983479109592736,0.00039834794006310403,7e267c0bf303542b
2,day2_n4_topk_seed44,44,141,3,False,False,True,0.824,0.0,1.6541117,-0.06243695,1.1856993751280243e-06,0.0004098974750377238,0.0004098992212675512,7e267c0bf303542b
2,day2_n4_topk_seed44,44,142,0,False,False,True,0.8218,0.0,-0.13893777,0.244078,-6.418690645659808e-07,0.00037620647344738245,0.00037620702642016113,7e267c0bf303542b
2,day2_n4_topk_seed44,44,142,1,False,False,True,0.8158,0.0,-0.4328663,1.4170126,-1.4854170160560898e-07,0.00040432511013932526,0.0004043251392431557,7e267c0bf303542b
2,day2_n4_topk_seed44,44,142,2,False,False,True,0.8286,0.0,1.6007355,-0.40379882,8.784761575952871e-07,0.00041818615864031017,0.0004181870608590543,7e267c0bf303542b
2,day2_n4_topk_seed44,44,142,3,False,False,True,0.8244,0.0,-1.028931,-1.2572898,1.4870938684907742e-06,0.00041741819586604834,0.0004174208443146199,7e267c0bf303542b
2,day2_n4_topk_seed44,44,143,0,False,False,True,0.8316,0.0,0.050863203,-0.28033972,-1.5534689055130002e-06,0.0003772113414015621,0.00037721454282291234,7e267c0bf303542b
2,day2_n4_topk_seed44,44,143,1,False,False,True,0.8174,0.0,-1.4923759,0.45193586,-5.795519655293901e-07,0.0003937621368095279,0.00039376254426315427,7e267c0bf303542b
2,day2_n4_topk_seed44,44,143,2,False,False,True,0.8214,0.0,0.39317048,-1.3257722,-8.098814419099654e-07,0.0003811909118667245,0.0003811917849816382,7e267c0bf303542b
2,day2_n4_topk_seed44,44,143,3,False,False,True,0.8216,0.0,1.0483423,1.1541756,-1.9704467035808193e-07,0.0003875623515341431,0.000387562409741804,7e267c0bf303542b
2,day2_n4_topk_seed44,44,144,0,False,False,True,0.8286,0.0,0.0778501,0.46521705,-5.775548856945534e-07,0.0003721342363860458,0.00037213467294350266,7e267c0bf303542b
2,day2_n4_topk_seed44,44,144,1,False,False,True,0.8322,0.0,0.15171264,1.2882303,-4.243779017087945e-07,0.0003889146901201457,0.0003889148938469589,7e267c0bf303542b
2,day2_n4_topk_seed44,44,144,2,False,False,True,0.8252,0.0,-1.4414203,-0.7135592,9.255795703211334e-07,0.00040224651456810534,0.0004022475332021713,7e267c0bf303542b
2,day2_n4_topk_seed44,44,144,3,False,False,True,0.8214,0.0,1.2118578,-1.0398883,8.438336749350128e-07,0.0003940851311199367,0.0003940860624425113,7e267c0bf303542b
2,day2_n4_topk_seed44,44,145,0,False,False,True,0.8292,0.0,0.3175714,0.6016159,-6.973666017984215e-07,0.00038247849442996085,0.0003824791347142309,7e267c0bf303542b
2,day2_n4_topk_seed44,44,145,1,False,False,True,0.8316,0.0,0.41066635,1.1548337,-5.480982281369506e-07,0.00039641710463911295,0.00039641745388507843,7e267c0bf303542b
2,day2_n4_topk_seed44,44,145,2,False,False,True,0.8242,0.0,-1.678166,-0.3817193,2.3976070906428504e-07,0.00042778762872330844,0.00042778768693096936,7e267c0bf303542b
2,day2_n4_topk_seed44,44,145,3,False,False,True,0.8178,0.0,0.9499293,-1.3747292,-5.065829782324727e-07,0.00041126509313471615,0.0004112653841730207,7e267c0bf303542b
2,day2_n4_topk_seed44,44,146,0,False,False,True,0.8176,0.0,-0.0832234,-0.45287746,-5.275123271530902e-07,0.0003935788990929723,0.0003935792774427682,7e267c0bf303542b
2,day2_n4_topk_seed44,44,146,1,False,False,True,0.829,0.0,-0.41365072,-1.3986084,2.3256191639120516e-07,0.0004169037565588951,0.000416903814766556,7e267c0bf303542b
2,day2_n4_topk_seed44,44,146,2,False,False,True,0.8326,0.0,-1.1545362,1.3092864,1.0458790029588272e-06,0.000437149457866326,0.0004371507093310356,7e267c0bf303542b
2,day2_n4_topk_seed44,44,146,3,False,False,True,0.8208,0.0,1.6514105,0.5421991,2.586815561755884e-08,0.0004375196003820747,0.0004375196003820747,7e267c0bf303542b
2,day2_n4_topk_seed44,44,147,0,False,False,True,0.8312,0.0,-0.15897924,0.87571895,-1.1666984391922597e-06,0.0003982059715781361,0.0003982076596003026,7e267c0bf303542b
2,day2_n4_topk_seed44,44,147,1,False,False,True,0.8268,0.0,-0.36159208,1.0119193,1.101516922119572e-08,0.00039733981247991323,0.00039733981247991323,7e267c0bf303542b
2,day2_n4_topk_seed44,44,147,2,False,False,True,0.812,0.0,1.6133255,-0.575594,1.1025539379261318e-06,0.0004156043578404933,0.0004156057839281857,7e267c0bf303542b
2,day2_n4_topk_seed44,44,147,3,False,False,True,0.8318,0.0,-1.0927557,-1.3120441,7.603167091474461e-07,0.0004206361772958189,0.0004206368757877499,7e267c0bf303542b
2,day2_n4_topk_seed44,44,148,0,False,False,True,0.8298,0.0,0.2852621,0.22152464,-1.2813609373552026e-06,0.00038932301686145365,0.00038932511233724654,7e267c0bf303542b
2,day2_n4_topk_seed44,44,148,1,False,False,True,0.8264,0.0,0.43843564,1.3995931,-3.118111990829675e-08,0.0004077418416272849,0.00040774181252345443,7e267c0bf303542b
2,day2_n4_topk_seed44,44,148,2,False,False,True,0.8284,0.0,-1.6599531,-0.32391694,-5.067865416208406e-08,0.00041882411460392177,0.00041882411460392177,7e267c0bf303542b
2,day2_n4_topk_seed44,44,148,3,False,False,True,0.8268,0.0,0.93625534,-1.2972009,9.413826091986266e-07,0.0004074930038768798,0.00040749410982243717,7e267c0bf303542b
2,day2_n4_topk_seed44,44,149,0,False,False,True,0.824,0.0,-0.26059803,0.024768777,-1.2054988474119455e-06,0.0003967092779930681,0.0003967110824305564,7e267c0bf303542b
2,day2_n4_topk_seed44,44,149,1,False,False,True,0.8294,0.0,-0.08157384,1.6167442,-6.944500796635111e-08,0.0004208131576888263,0.0004208131576888263,7e267c0bf303542b
2,day2_n4_topk_seed44,44,149,2,False,False,True,0.8214,0.0,-1.2414157,-0.9691382,-2.2672678312574135e-07,0.00041892254375852644,0.00041892260196618736,7e267c0bf303542b
2,day2_n4_topk_seed44,44,149,3,False,False,True,0.8264,0.0,1.5835891,-0.6723744,1.533412955723179e-06,0.0004312409146223217,0.00043124365038238466,7e267c0bf303542b
2,day2_n4_topk_seed44,44,150,0,False,False,True,0.829,0.0,-0.13479975,0.23575617,-9.87585053735529e-07,0.000391606503399089,0.00039160772575996816,7e267c0bf303542b
2,day2_n4_topk_seed44,44,150,1,False,False,True,0.8188,0.0,-0.6788206,1.3382562,-1.0098178790940437e-06,0.00040601592627353966,0.00040601714863441885,7e267c0bf303542b
2,day2_n4_topk_seed44,44,150,2,False,False,True,0.8288,0.0,1.6675024,-0.16015162,-2.2453498615959688e-07,0.00042321684304624796,0.00042321690125390887,7e267c0bf303542b
2,day2_n4_topk_seed44,44,150,3,False,False,True,0.8158,0.0,-0.8538818,-1.4138607,3.086733784130047e-07,0.0004129320732317865,0.0004129321896471083,7e267c0bf303542b
2,day2_n4_topk_seed44,44,151,0,False,False,True,0.851,0.0,-0.008193403,0.0053969836,-1.4978242290908383e-07,4.531614467850886e-05,4.5316392061067745e-05,7e267c0bf303542b
2,day2_n4_topk_seed44,44,151,1,False,False,True,0.8492,0.0,-0.13852902,0.11574144,-2.9181258298649482e-08,5.4018961236579344e-05,5.401896487455815e-05,7e267c0bf303542b
2,day2_n4_topk_seed44,44,151,2,False,False,True,0.8474,0.0,-0.03384731,-0.17699958,-1.2886954436908127e-07,5.051871630712412e-05,5.051888001617044e-05,7e267c0bf303542b
2,day2_n4_topk_seed44,44,151,3,False,False,True,0.8464,0.0,0.18056951,0.05586112,1.1144187794798199e-07,5.31872792635113e-05,5.318739567883313e-05,7e267c0bf303542b
2,day2_n4_topk_seed44,44,152,0,False,False,True,0.8496,0.0,0.043381624,-0.022777336,-1.7675232300007337e-07,4.146180799580179e-05,4.146218270761892e-05,7e267c0bf303542b
2,day2_n4_topk_seed44,44,152,1,False,False,True,0.848,0.0,0.06298506,-0.1490271,-1.177676338670608e-07,4.6320128603838384e-05,4.6320277760969475e-05,7e267c0bf303542b
2,day2_n4_topk_seed44,44,152,2,False,False,True,0.8478,0.0,0.091899134,0.15314585,-1.421314976823851e-07,4.706748222815804e-05,4.706769323092885e-05,7e267c0bf303542b
2,day2_n4_topk_seed44,44,152,3,False,False,True,0.849,0.0,-0.19826578,0.018658623,-6.982708633529455e-09,5.04701238241978e-05,5.04701238241978e-05,7e267c0bf303542b
2,day2_n4_topk_seed44,44,153,0,False,False,True,0.8502,0.0,-0.018902602,-0.004926956,-2.3865894149821543e-07,4.08134947065264e-05,4.081419319845736e-05,7e267c0bf303542b
2,day2_n4_topk_seed44,44,153,1,False,False,True,0.8492,0.0,-0.07753786,-0.15852587,1.6233778765695206e-08,4.73159525427036e-05,4.7315956180682406e-05,7e267c0bf303542b
2,day2_n4_topk_seed44,44,153,2,False,False,True,0.848,0.0,-0.096135475,0.15192316,-1.1215608708425862e-07,4.6437413402600214e-05,4.643754436983727e-05,7e267c0bf303542b
2,day2_n4_topk_seed44,44,153,3,False,False,True,0.8494,0.0,0.1925759,0.011529582,2.0215601637119107e-08,4.859907494392246e-05,4.859907494392246e-05,7e267c0bf303542b
2,day2_n4_topk_seed44,44,154,0,False,False,True,0.8498,0.0,-0.009640038,0.011482664,-2.897864987971843e-07,4.051654468639754e-05,4.051757787237875e-05,7e267c0bf303542b
2,day2_n4_topk_seed44,44,154,1,False,False,True,0.8508,0.0,-0.079047665,0.15700002,-1.2790042092092335e-07,4.69882033939939e-05,4.698837437899783e-05,7e267c0bf303542b
2,day2_n4_topk_seed44,44,154,2,False,False,True,0.8492,0.0,-0.099982075,-0.15350237,-6.108628980427966e-08,4.7444726078538224e-05,4.7444762458326295e-05,7e267c0bf303542b
2,day2_n4_topk_seed44,44,154,3,False,False,True,0.8492,0.0,0.1886699,-0.01498015,1.0684718176889874e-07,4.747476850752719e-05,4.7474884922849014e-05,7e267c0bf303542b
2,day2_n4_topk_seed44,44,155,0,False,False,True,0.8526,0.0,-0.0084772315,0.030028382,-1.616576525975688e-07,3.979891334893182e-05,3.979923712904565e-05,7e267c0bf303542b
2,day2_n4_topk_seed44,44,155,1,False,False,True,0.8514,0.0,-0.043027524,0.16526346,-1.15277432044536e-08,4.597579754772596e-05,4.597580118570477e-05,7e267c0bf303542b
2,day2_n4_topk_seed44,44,155,2,False,False,True,0.849,0.0,-0.13375828,-0.13649805,-7.686652736538235e-08,4.870861448580399e-05,4.870867633144371e-05,7e267c0bf303542b
2,day2_n4_topk_seed44,44,155,3,False,False,True,0.8474,0.0,0.18526305,-0.058793698,2.9099407328203597e-09,4.885235466645099e-05,4.8852351028472185e-05,7e267c0bf303542b
2,day2_n4_topk_seed44,44,156,0,False,False,True,0.851,0.0,-0.03856262,-0.0507866,-2.801970993004943e-07,4.061494109919295e-05,4.0615905163576826e-05,7e267c0bf303542b
2,day2_n4_topk_seed44,44,156,1,False,False,True,0.8502,0.0,-0.052599493,-0.14750187,-1.406955618676875e-07,4.63630240119528e-05,4.6363235014723614e-05,7e267c0bf303542b
2,day2_n4_topk_seed44,44,156,2,False,False,True,0.8476,0.0,-0.1070994,0.16056399,-7.970877646812369e-08,4.8839854571269825e-05,4.8839916416909546e-05,7e267c0bf303542b
2,day2_n4_topk_seed44,44,156,3,False,False,True,0.8462,0.0,0.1982614,0.037724555,9.270536005523411e-10,5.0403345085214823e-05,5.0403345085214823e-05,7e267c0bf303542b
2,day2_n4_topk_seed44,44,157,0,False,False,True,0.8502,0.0,-0.016778383,-0.04589296,-1.270483949156187e-07,4.109883593628183e-05,4.109903602511622e-05,7e267c0bf303542b
2,day2_n4_topk_seed44,44,157,1,False,False,True,0.8494,0.0,-0.03978805,-0.16647805,-1.988351527870691e-08,4.673792500398122e-05,4.673792500398122e-05,7e267c0bf303542b
2,day2_n4_topk_seed44,44,157,2,False,False,True,0.8474,0.0,-0.13753442,0.1465925,2.2524210052665694e-08,5.112596772960387e-05,5.112597136758268e-05,7e267c0bf303542b
2,day2_n4_topk_seed44,44,157,3,False,False,True,0.8486,0.0,0.19410086,0.065778494,8.492733627463167e-08,5.196726488065906e-05,5.1967334002256393e-05,7e267c0bf303542b
2,day2_n4_topk_seed44,44,158,0,False,False,True,0.8498,0.0,-0.006844153,0.048351012,-1.5939615138904628e-07,4.1654704546090215e-05,4.165501013631001e-05,7e267c0bf303542b
2,day2_n4_topk_seed44,44,158,1,False,False,True,0.8468,0.0,0.02736185,0.16744399,-1.6863374696640676e-07,4.649885158869438e-05,4.6499157178914174e-05,7e267c0bf303542b
2,day2_n4_topk_seed44,44,158,2,False,False,True,0.8488,0.0,0.16187415,-0.1266749,-5.597447128025124e-08,5.1700288167921826e-05,5.1700313633773476e-05,7e267c0bf303542b
2,day2_n4_topk_seed44,44,158,3,False,False,True,0.8518,0.0,-0.18239176,-0.0891199,8.042855625944867e-08,5.1949980843346566e-05,5.195003905100748e-05,7e267c0bf303542b
2,day2_n4_topk_seed44,44,159,0,False,False,True,0.85,0.0,-0.0271634,-0.043963727,-1.2786095737737924e-07,4.175947833573446e-05,4.175967114861123e-05,7e267c0bf303542b
2,day2_n4_topk_seed44,44,159,1,False,False,True,0.8478,0.0,-0.07294954,-0.15366505,-7.677407865003261e-08,4.783489930559881e-05,4.7834957513259724e-05,7e267c0bf303542b
2,day2_n4_topk_seed44,44,159,2,False,False,True,0.848,0.0,-0.10596183,0.17026947,-8.48534256192579e-08,5.018930460209958e-05,5.018937372369692e-05,7e267c0bf303542b
2,day2_n4_topk_seed44,44,159,3,False,False,True,0.848,0.0,0.20607479,0.027359376,-8.699740305928572e-08,5.142236841493286e-05,5.14224375365302e-05,7e267c0bf303542b
2,day2_n4_topk_seed44,44,160,0,False,False,True,0.8534,0.0,-0.01585454,-0.023223422,-1.4343375198677677e-07,4.175550566287711e-05,4.175574940745719e-05,7e267c0bf303542b
2,day2_n4_topk_seed44,44,160,1,False,False,True,0.8508,0.0,-0.045458395,-0.1811101,-2.0562655578260092e-08,4.9854999815579504e-05,4.985500345355831e-05,7e267c0bf303542b
2,day2_n4_topk_seed44,44,160,2,False,False,True,0.8458,0.0,-0.14232203,0.1451355,-1.030482081887385e-07,5.0907994591398165e-05,5.090809645480476e-05,7e267c0bf303542b
2,day2_n4_topk_seed44,44,160,3,False,False,True,0.8486,0.0,0.20363487,0.05919813,1.3448415359107457e-07,5.2839259296888486e-05,5.283942664391361e-05,7e267c0bf303542b
2,day2_n4_topk_seed44,44,161,0,False,False,True,0.8512,0.0,-0.02993,-0.04426843,-2.5913595891324803e-07,4.2485840822337195e-05,4.248662662575953e-05,7e267c0bf303542b
2,day2_n4_topk_seed44,44,161,1,False,False,True,0.8484,0.0,-0.042309906,-0.16716444,-3.73599462477614e-09,4.786813951795921e-05,4.786813951795921e-05,7e267c0bf303542b
2,day2_n4_topk_seed44,44,161,2,False,False,True,0.8506,0.0,-0.13133326,0.15359442,-1.6163103566668724e-07,5.103150033392012e-05,5.103175499243662e-05,7e267c0bf303542b
2,day2_n4_topk_seed44,44,161,3,False,False,True,0.8492,0.0,0.20357324,0.05783858,4.43153851392708e-08,5.291677007335238e-05,5.291678826324642e-05,7e267c0bf303542b
2,day2_n4_topk_seed44,44,162,0,False,False,True,0.8528,0.0,0.028800162,0.027237965,-1.8187219552601164e-07,4.227067984174937e-05,4.227106910548173e-05,7e267c0bf303542b
2,day2_n4_topk_seed44,44,162,1,False,False,True,0.851,0.0,0.09399942,0.15859914,-1.2540191107746068e-07,4.985599298379384e-05,4.9856149416882545e-05,7e267c0bf303542b
2,day2_n4_topk_seed44,44,162,2,False,False,True,0.8482,0.0,0.089675784,-0.18261881,-1.20632094535722e-07,5.060480907559395e-05,5.060495459474623e-05,7e267c0bf303542b
2,day2_n4_topk_seed44,44,162,3,False,False,True,0.8502,0.0,-0.21247527,-0.0032182743,1.1737194682837071e-07,5.375762702897191e-05,5.375775435823016e-05,7e267c0bf303542b
2,day2_n4_topk_seed44,44,163,0,False,False,True,0.8492,0.0,-0.03343676,-0.038267724,-1.2505638835591526e-07,4.192241613054648e-05,4.192260166746564e-05,7e267c0bf303542b
2,day2_n4_topk_seed44,44,163,1,False,False,True,0.852,0.0,-0.07492221,-0.16505708,3.574987061938373e-08,4.895590973319486e-05,4.895592064713128e-05,7e267c0bf303542b
2,day2_n4_topk_seed44,44,163,2,False,False,True,0.8502,0.0,-0.111773305,0.17596664,6.31345216106638e-08,5.238786980044097e-05,5.238790618022904e-05,7e267c0bf303542b
2,day2_n4_topk_seed44,44,163,3,False,False,True,0.8472,0.0,0.22013225,0.02735802,1.579366681880856e-07,5.6328120990656316e-05,5.632833926938474e-05,7e267c0bf303542b
2,day2_n4_topk_seed44,44,164,0,False,False,True,0.8498,0.0,0.050481766,-0.046152174,-1.2753278610944108e-07,4.4072057789890096e-05,4.407223968883045e-05,7e267c0bf303542b
2,day2_n4_topk_seed44,44,164,1,False,False,True,0.8506,0.0,0.071810134,-0.14889471,-9.974908010690342e-08,4.7305999032687396e-05,4.73061045340728e-05,7e267c0bf303542b
2,day2_n4_topk_seed44,44,164,2,False,False,True,0.8492,0.0,0.09859072,0.17561533,5.449259377066085e-10,4.986601561540738e-05,4.986601561540738e-05,7e267c0bf303542b
2,day2_n4_topk_seed44,44,164,3,False,False,True,0.8522,0.0,-0.22088258,0.019431334,1.9882089929978974e-07,5.6065695389406756e-05,5.606604099739343e-05,7e267c0bf303542b
2,day2_n4_topk_seed44,44,165,0,False,False,True,0.8528,0.0,0.045358956,-0.034639508,-1.8076137564548844e-07,4.4676220568362623e-05,4.467658800422214e-05,7e267c0bf303542b
2,day2_n4_topk_seed44,44,165,1,False,False,True,0.8522,0.0,0.07371695,-0.1590656,-3.547062377151633e-08,4.758918294101022e-05,4.758919385494664e-05,7e267c0bf303542b
2,day2_n4_topk_seed44,44,165,2,False,False,True,0.85,0.0,0.100256644,0.17454548,4.2755495144319866e-08,5.102643990539946e-05,5.102645081933588e-05,7e267c0bf303542b
2,day2_n4_topk_seed44,44,165,3,False,False,True,0.8466,0.0,-0.21933237,0.019159509,1.3502769036222162e-07,5.3706833568867296e-05,5.370700091589242e-05,7e267c0bf303542b
2,day2_n4_topk_seed44,44,166,0,False,False,True,0.8514,0.0,-0.030182341,-0.051031526,-2.482315721863415e-07,4.3753079808084294e-05,4.375378193799406e-05,7e267c0bf303542b
2,day2_n4_topk_seed44,44,166,1,False,False,True,0.8512,0.0,-0.06515397,-0.16212705,-7.138325042177485e-09,4.8304005758836865e-05,4.8304005758836865e-05,7e267c0bf303542b
2,day2_n4_topk_seed44,44,166,2,False,False,True,0.848,0.0,-0.122342065,0.1720587,-1.0326264288096354e-07,5.276938099996187e-05,5.2769486501347274e-05,7e267c0bf303542b
2,day2_n4_topk_seed44,44,166,3,False,False,True,0.8496,0.0,0.21767837,0.041099846,6.657609930016406e-08,5.567248081206344e-05,5.5672513553872705e-05,7e267c0bf303542b
2,day2_n4_topk_seed44,44,167,0,False,False,True,0.8496,0.0,0.034801137,0.030605607,-1.2579026531511772e-07,4.3127216486027464e-05,4.3127402022946626e-05,7e267c0bf303542b
2,day2_n4_topk_seed44,44,167,1,False,False,True,0.8512,0.0,0.073122874,0.17083304,7.325390960488676e-09,4.8461846745340154e-05,4.8461846745340154e-05,7e267c0bf303542b
2,day2_n4_topk_seed44,44,167,2,False,False,True,0.852,0.0,0.1140147,-0.17342876,1.2084426792569047e-08,5.314679947332479e-05,5.314679947332479e-05,7e267c0bf303542b
2,day2_n4_topk_seed44,44,167,3,False,False,True,0.8496,0.0,-0.22193874,-0.028010039,1.9486191149553633e-07,5.6049771956168115e-05,5.605010301223956e-05,7e267c0bf303542b
2,day2_n4_topk_seed44,44,168,0,False,False,True,0.85,0.0,-0.03820578,-0.049607623,-5.886402121291212e-08,4.510575672611594e-05,4.510579674388282e-05,7e267c0bf303542b
2,day2_n4_topk_seed44,44,168,1,False,False,True,0.8514,0.0,-0.08678799,-0.15377852,4.750711468659574e-08,4.8245550715364516e-05,4.824557254323736e-05,7e267c0bf303542b
2,day2_n4_topk_seed44,44,168,2,False,False,True,0.8482,0.0,-0.102115504,0.18659669,-8.940546081248613e-08,5.2182134822942317e-05,5.218220758251846e-05,7e267c0bf303542b
2,day2_n4_topk_seed44,44,168,3,False,False,True,0.8504,0.0,0.2271093,0.016789215,1.7931614593180711e-07,5.712106576538645e-05,5.7121342251775786e-05,7e267c0bf303542b
2,day2_n4_topk_seed44,44,169,0,False,False,True,0.851,0.0,-0.0018292246,0.060653128,-1.7887354886170215e-07,4.471184729482047e-05,4.471220381674357e-05,7e267c0bf303542b
2,day2_n4_topk_seed44,44,169,1,False,False,True,0.8486,0.0,-0.025676401,0.1724441,-1.5970441324952844e-07,4.820526737603359e-05,4.820553294848651e-05,7e267c0bf303542b
2,day2_n4_topk_seed44,44,169,2,False,False,True,0.8494,0.0,0.19413902,-0.0950822,-9.24945382507758e-08,5.399520159699023e-05,5.399527799454518e-05,7e267c0bf303542b
2,day2_n4_topk_seed44,44,169,3,False,False,True,0.8466,0.0,-0.16663335,-0.1380147,2.3245833702389973e-08,5.305834929458797e-05,5.3058356570545584e-05,7e267c0bf303542b
2,day2_n4_topk_seed44,44,170,0,False,False,True,0.8512,0.0,-0.04201453,0.021323578,-9.933487632451943e-08,4.4240267015993595e-05,4.424037615535781e-05,7e267c0bf303542b
2,day2_n4_topk_seed44,44,170,1,False,False,True,0.8516,0.0,-0.07424081,0.17467181,-5.929093660483886e-08,5.0222526624565944e-05,5.0222563004354015e-05,7e267c0bf303542b
2,day2_n4_topk_seed44,44,170,2,False,False,True,0.8488,0.0,-0.10727643,-0.17434534,-2.752773475833692e-08,5.138462802278809e-05,5.138463529874571e-05,7e267c0bf303542b
2,day2_n4_topk_seed44,44,170,3,False,False,True,0.848,0.0,0.22353172,-0.02165007,1.1891142293052326e-07,5.5629596317885444e-05,5.5629720009164885e-05,7e267c0bf303542b
2,day2_n4_topk_seed44,44,171,0,False,False,True,0.8484,0.0,-0.042253878,-0.06302708,-1.8815089219970105e-07,4.369591988506727e-05,4.3696323700714856e-05,7e267c0bf303542b
2,day2_n4_topk_seed44,44,171,1,False,False,True,0.849,0.0,-0.07048907,-0.15544303,-6.105423722146952e-08,4.917463593301363e-05,4.9174672312801704e-05,7e267c0bf303542b
2,day2_n4_topk_seed44,44,171,2,False,False,True,0.8468,0.0,-0.11338113,0.18562752,-1.0562137831016116e-08,5.4603755415882915e-05,5.460375905386172e-05,7e267c0bf303542b
2,day2_n4_topk_seed44,44,171,3,False,False,True,0.8514,0.0,0.22612393,0.03284254,1.665548694518293e-07,5.77154423808679e-05,5.771567884949036e-05,7e267c0bf303542b
2,day2_n4_topk_seed44,44,172,0,False,False,True,0.851,0.0,-0.018162148,-0.071067944,-2.551018098984059e-07,4.6529115934390575e-05,4.6529814426321536e-05,7e267c0bf303542b
2,day2_n4_topk_seed44,44,172,1,False,False,True,0.847,0.0,-0.02900681,-0.16676328,-2.0869137529189175e-08,4.881540371570736e-05,4.881540735368617e-05,7e267c0bf303542b
2,day2_n4_topk_seed44,44,172,2,False,False,True,0.8474,0.0,-0.16094156,0.15071906,-1.2441527985629364e-07,5.476686419569887e-05,5.476700243889354e-05,7e267c0bf303542b
2,day2_n4_topk_seed44,44,172,3,False,False,True,0.8496,0.0,0.2081102,0.08711223,4.518547758181057e-09,5.530754788196646e-05,5.530754060600884e-05,7e267c0bf303542b
2,day2_n4_topk_seed44,44,173,0,False,False,True,0.8506,0.0,-0.03320326,0.035297375,-2.0285392565710936e-07,4.3893880501855165e-05,4.389434616314247e-05,7e267c0bf303542b
2,day2_n4_topk_seed44,44,173,1,False,False,True,0.8496,0.0,-0.04653602,0.1838515,-8.02974327029915e-08,5.137521293363534e-05,5.137527477927506e-05,7e267c0bf303542b
2,day2_n4_topk_seed44,44,173,2,False,False,True,0.846,0.0,-0.14145476,-0.16049172,-2.1661641369519202e-08,5.513944779522717e-05,5.513945143320598e-05,7e267c0bf303542b
2,day2_n4_topk_seed44,44,173,3,False,False,True,0.8478,0.0,0.22119404,-0.058657154,1.1366095975517965e-07,5.5253451137105e-05,5.525356755242683e-05,7e267c0bf303542b
2,day2_n4_topk_seed44,44,174,0,False,False,True,0.8494,0.0,-0.034334023,-0.072922565,-1.5295253774638695e-07,4.676022217608988e-05,4.6760469558648765e-05,7e267c0bf303542b
2,day2_n4_topk_seed44,44,174,1,False,False,True,0.8494,0.0,-0.04180535,-0.1626243,-1.1947750522267597e-07,4.987487773178145e-05,4.987501597497612e-05,7e267c0bf303542b
2,day2_n4_topk_seed44,44,174,2,False,False,True,0.8488,0.0,-0.14337458,0.16811801,-1.346314064676335e-07,5.526930544874631e-05,5.526946915779263e-05,7e267c0bf303542b
2,day2_n4_topk_seed44,44,174,3,False,False,True,0.8486,0.0,0.21951383,0.06742879,4.424498101229801e-08,5.6565630075056106e-05,5.656564098899253e-05,7e267c0bf303542b
2,day2_n4_topk_seed44,44,175,0,False,False,True,0.847,0.0,-0.029341144,-0.06974006,-2.414943480744114e-07,4.524332325672731e-05,4.5243963540997356e-05,7e267c0bf303542b
2,day2_n4_topk_seed44,44,175,1,False,False,True,0.8508,0.0,-0.037676264,-0.17373523,-1.8160699255531654e-07,5.05359421367757e-05,5.0536265916889533e-05,7e267c0bf303542b
2,day2_n4_topk_seed44,44,175,2,False,False,True,0.8476,0.0,-0.15814112,0.16543831,-3.2172732034041474e-08,5.7528137404005975e-05,5.752814467996359e-05,7e267c0bf303542b
2,day2_n4_topk_seed44,44,175,3,False,False,True,0.8482,0.0,0.22515862,0.078036785,5.426137761332939e-08,5.8886238548438996e-05,5.8886264014290646e-05,7e267c0bf303542b
2,day2_n4_topk_seed44,44,176,0,False,False,True,0.8502,0.0,-0.016000358,-0.059668105,-1.143031198580502e-07,4.6484306949423626e-05,4.6484445192618296e-05,7e267c0bf303542b
2,day2_n4_topk_seed44,44,176,1,False,False,True,0.8474,0.0,-0.023707006,-0.18296887,-7.733441265145302e-08,4.9993872380582616e-05,4.999393058824353e-05,7e267c0bf303542b
2,day2_n4_topk_seed44,44,176,2,False,False,True,0.8488,0.0,-0.16805148,0.14821917,-6.618925851853419e-08,5.6440239859512076e-05,5.644027623930015e-05,7e267c0bf303542b
2,day2_n4_topk_seed44,44,176,3,False,False,True,0.8492,0.0,0.20775878,0.09441767,2.5528963831789042e-08,5.6339456932619214e-05,5.633946057059802e-05,7e267c0bf303542b
2,day2_n4_topk_seed44,44,177,0,False,False,True,0.849,0.0,-0.0044827685,0.047384746,-7.77645894345369e-08,4.6141485654516146e-05,4.614155477611348e-05,7e267c0bf303542b
2,day2_n4_topk_seed44,44,177,1,False,False,True,0.8492,0.0,0.021658758,0.19464469,-5.026888771908489e-08,5.2879124268656597e-05,5.287914245855063e-05,7e267c0bf303542b
2,day2_n4_topk_seed44,44,177,2,False,False,True,0.8502,0.0,0.18622462,-0.13662432,2.7533173962979163e-08,5.756198152084835e-05,5.7561985158827156e-05,7e267c0bf303542b
2,day2_n4_topk_seed44,44,177,3,False,False,True,0.8486,0.0,-0.20340075,-0.10540506,9.616772445042443e-08,5.620010051643476e-05,5.6200180551968515e-05,7e267c0bf303542b
2,day2_n4_topk_seed44,44,178,0,False,False,True,0.8488,0.0,-0.022566626,-0.07619355,-1.6909808664422599e-07,4.815988359041512e-05,4.8160178266698495e-05,7e267c0bf303542b
2,day2_n4_topk_seed44,44,178,1,False,False,True,0.8502,0.0,-0.030214844,-0.17303196,1.1520703502299057e-08,5.072604835731909e-05,5.072604835731909e-05,7e267c0bf303542b
2,day2_n4_topk_seed44,44,178,2,False,False,True,0.8496,0.0,-0.16644956,0.15968,7.140643276670744e-08,5.699308530893177e-05,5.6993125326698646e-05,7e267c0bf303542b
2,day2_n4_topk_seed44,44,178,3,False,False,True,0.8474,0.0,0.2192308,0.08954535,2.3314136399221752e-07,5.767433685832657e-05,5.7674806157592684e-05,7e267c0bf303542b
2,day2_n4_topk_seed44,44,179,0,False,False,True,0.8478,0.0,-0.055260148,0.0849478,-1.2950388850185846e-07,4.865678783971816e-05,4.8656958824722096e-05,7e267c0bf303542b
2,day2_n4_topk_seed44,44,179,1,False,False,True,0.8482,0.0,-0.08704728,0.13130136,-9.707209613907253e-08,4.9520196625962853e-05,4.952029121341184e-05,7e267c0bf303542b
2,day2_n4_topk_seed44,44,179,2,False,False,True,0.8458,0.0,-0.10003724,-0.20015784,-8.932771855540977e-09,5.4118107073009014e-05,5.4118107073009014e-05,7e267c0bf303542b
2,day2_n4_topk_seed44,44,179,3,False,False,True,0.8484,0.0,0.24234459,-0.01609105,2.288660638782858e-08,6.117793236626312e-05,6.117793236626312e-05,7e267c0bf303542b
2,day2_n4_topk_seed44,44,180,0,False,False,True,0.8476,0.0,0.036064804,-0.106334865,-5.877036457491158e-08,4.9603102524997666e-05,4.960313526680693e-05,7e267c0bf303542b
2,day2_n4_topk_seed44,44,180,1,False,False,True,0.8486,0.0,0.055346183,-0.13826522,-1.20228818900614e-07,4.989915032638237e-05,4.989929584553465e-05,7e267c0bf303542b
2,day2_n4_topk_seed44,44,180,2,False,False,True,0.8474,0.0,0.13850062,0.18382613,-3.455929942219882e-08,5.6062683142954484e-05,5.60626904189121e-05,7e267c0bf303542b
2,day2_n4_topk_seed44,44,180,3,False,False,True,0.851,0.0,-0.22991154,0.060773965,4.786831908631939e-08,5.7633485994301736e-05,5.7633500546216965e-05,7e267c0bf303542b
2,day2_n4_topk_seed44,44,181,0,False,False,True,0.8486,0.0,-0.007652201,0.081630625,-7.89446374938052e-08,4.80773342133034e-05,4.807739969692193e-05,7e267c0bf303542b
2,day2_n4_topk_seed44,44,181,1,False,False,True,0.848,0.0,0.017843189,0.17260517,-1.0426308705291376e-07,5.017570219933987e-05,5.017581133870408e-05,7e267c0bf303542b
2,day2_n4_topk_seed44,44,181,2,False,False,True,0.847,0.0,0.18970317,-0.13674474,-8.722314959186406e-08,5.7789999118540436e-05,5.7790064602158964e-05,7e267c0bf303542b
2,day2_n4_topk_seed44,44,181,3,False,False,True,0.8482,0.0,-0.1998941,-0.117490895,1.7533895402266353e-07,5.64509209652897e-05,5.645119381370023e-05,7e267c0bf303542b
2,day2_n4_topk_seed44,44,182,0,False,False,True,0.8494,0.0,-0.034811936,-0.08776753,-1.1913250119732766e-07,4.824167626793496e-05,4.824182178708725e-05,7e267c0bf303542b
2,day2_n4_topk_seed44,44,182,1,False,False,True,0.8494,0.0,-0.044673793,-0.15638676,-1.259228952221747e-07,5.128736302140169e-05,5.1287515816511586e-05,7e267c0bf303542b
2,day2_n4_topk_seed44,44,182,2,False,False,True,0.8474,0.0,-0.14347936,0.17596011,6.853130063433355e-09,5.65561895200517e-05,5.65561895200517e-05,7e267c0bf303542b
2,day2_n4_topk_seed44,44,182,3,False,False,True,0.8514,0.0,0.22296497,0.068194106,5.57925972088924e-08,5.6145527196349576e-05,5.614555630018003e-05,7e267c0bf303542b
2,day2_n4_topk_seed44,44,183,0,False,False,True,0.8482,0.0,-0.0013228217,-0.095922425,-6.017752696152456e-08,4.8270820116158575e-05,4.827085285796784e-05,7e267c0bf303542b
2,day2_n4_topk_seed44,44,183,1,False,False,True,0.851,0.0,-0.0013666374,-0.16123663,2.2864975690595202e-08,5.190764932194725e-05,5.1907652959926054e-05,7e267c0bf303542b
2,day2_n4_topk_seed44,44,183,2,False,False,True,0.8486,0.0,-0.19642565,0.1303316,5.868166397249297e-08,5.8837831602431834e-05,5.883786070626229e-05,7e267c0bf303542b
2,day2_n4_topk_seed44,44,183,3,False,False,True,0.8468,0.0,0.19911496,0.1268274,2.6361565375054852e-08,5.621488526230678e-05,5.621488526230678e-05,7e267c0bf303542b
2,day2_n4_topk_seed44,44,184,0,False,False,True,0.8518,0.0,0.010180161,-0.068864115,-3.3841988766880604e-08,4.8993792006513104e-05,4.8993802920449525e-05,7e267c0bf303542b
2,day2_n4_topk_seed44,44,184,1,False,False,True,0.8484,0.0,0.024874898,-0.18482871,-9.780230669775847e-08,5.236288779997267e-05,5.236297511146404e-05,7e267c0bf303542b
2,day2_n4_topk_seed44,44,184,2,False,False,True,0.8462,0.0,0.17778747,0.15179394,7.776724153529813e-09,5.711210542358458e-05,5.711209450964816e-05,7e267c0bf303542b
2,day2_n4_topk_seed44,44,184,3,False,False,True,0.8506,0.0,-0.21284261,0.10189884,1.4278828786018494e-08,5.8429312048247084e-05,5.8429312048247084e-05,7e267c0bf303542b
2,day2_n4_topk_seed44,44,185,0,False,False,True,0.8492,0.0,0.010296893,-0.08918586,-1.0732278354907976e-07,4.921197978546843e-05,4.9212096200790256e-05,7e267c0bf303542b
2,day2_n4_topk_seed44,44,185,1,False,False,True,0.852,0.0,0.04562362,-0.16420972,-1.0117506832330037e-07,5.3023006330477074e-05,5.302310091792606e-05,7e267c0bf303542b
2,day2_n4_topk_seed44,44,185,2,False,False,True,0.8478,0.0,0.16319354,0.16722831,-1.1061273674783934e-08,5.758688348578289e-05,5.7586879847804084e-05,7e267c0bf303542b
2,day2_n4_topk_seed44,44,185,3,False,False,True,0.8502,0.0,-0.21911411,0.08616699,8.831731790337471e-09,5.6486547691747546e-05,5.6486547691747546e-05,7e267c0bf303542b
2,day2_n4_topk_seed44,44,186,0,False,False,True,0.848,0.0,-0.011481992,0.07762216,-1.2482719569106848e-07,4.8906025767792016e-05,4.890618220088072e-05,7e267c0bf303542b
2,day2_n4_topk_seed44,44,186,1,False,False,True,0.8488,0.0,-0.021411965,0.17619814,-5.808702141507638e-08,5.188212526263669e-05,5.1882158004445955e-05,7e267c0bf303542b
2,day2_n4_topk_seed44,44,186,2,False,False,True,0.8504,0.0,0.2138393,-0.10452174,-7.56030971160726e-08,5.9141872043255717e-05,5.91419156990014e-05,7e267c0bf303542b
2,day2_n4_topk_seed44,44,186,3,False,False,True,0.8486,0.0,-0.18094534,-0.1492985,-6.711838551609617e-08,5.639715163852088e-05,5.639718801830895e-05,7e267c0bf303542b
2,day2_n4_topk_seed44,44,187,0,False,False,True,0.8492,0.0,0.006696993,-0.091012545,-1.2158608342360822e-07,5.0259928684681654e-05,5.026007420383394e-05,7e267c0bf303542b
2,day2_n4_topk_seed44,44,187,1,False,False,True,0.8492,0.0,-0.0039390116,-0.17184284,-1.3733031778428995e-07,5.168710777070373e-05,5.1687293307622895e-05,7e267c0bf303542b
2,day2_n4_topk_seed44,44,187,2,False,False,True,0.8462,0.0,0.19634458,0.13217394,2.233407059293313e-08,5.8141617046203464e-05,5.8141617046203464e-05,7e267c0bf303542b
2,day2_n4_topk_seed44,44,187,3,False,False,True,0.8484,0.0,-0.19910261,0.13068144,3.564785444609697e-08,5.749890624429099e-05,5.7498917158227414e-05,7e267c0bf303542b
2,day2_n4_topk_seed44,44,188,0,False,False,True,0.8482,0.0,0.013198948,-0.08870424,-3.403821935421547e-08,4.911148062092252e-05,4.911149153485894e-05,7e267c0bf303542b
2,day2_n4_topk_seed44,44,188,1,False,False,True,0.847,0.0,0.014567687,-0.17296946,2.4725256508872917e-08,5.1273043936816975e-05,5.127304757479578e-05,7e267c0bf303542b
2,day2_n4_topk_seed44,44,188,2,False,False,True,0.8494,0.0,0.18756706,0.14901383,3.7764550597785274e-08,5.93504446442239e-05,5.935045919613913e-05,7e267c0bf303542b
2,day2_n4_topk_seed44,44,188,3,False,False,True,0.8494,0.0,-0.21533385,0.11266,3.1914247244912985e-08,6.036295599187724e-05,6.036296326783486e-05,7e267c0bf303542b
2,day2_n4_topk_seed44,44,189,0,False,False,True,0.8454,0.0,0.013981897,-0.06424303,-3.72388031522064e-09,4.9035468691727147e-05,4.9035468691727147e-05,7e267c0bf303542b
2,day2_n4_topk_seed44,44,189,1,False,False,True,0.8502,0.0,0.021583095,-0.18683413,-1.437971963724749e-08,5.323512959876098e-05,5.323512959876098e-05,7e267c0bf303542b
2,day2_n4_topk_seed44,44,189,2,False,False,True,0.8462,0.0,0.17811006,0.14951971,5.157146176770766e-08,5.720933768316172e-05,5.7209355873055756e-05,7e267c0bf303542b
2,day2_n4_topk_seed44,44,189,3,False,False,True,0.848,0.0,-0.21367496,0.101557374,1.1570826075057994e-07,5.7628883951110765e-05,5.7628996728453785e-05,7e267c0bf303542b
2,day2_n4_topk_seed44,44,190,0,False,False,True,0.851,0.0,0.016466467,0.097495176,-5.7457999247390035e-08,5.029772728448734e-05,5.02977600262966e-05,7e267c0bf303542b
2,day2_n4_topk_seed44,44,190,1,False,False,True,0.847,0.0,-0.0051081157,0.16556779,-2.1124438376318722e-07,5.194886398385279e-05,5.194928962737322e-05,7e267c0bf303542b
2,day2_n4_topk_seed44,44,190,2,False,False,True,0.8496,0.0,-0.2059263,-0.12590429,-2.7722460771428814e-08,5.9608111769193783e-05,5.96081190451514e-05,7e267c0bf303542b
2,day2_n4_topk_seed44,44,190,3,False,False,True,0.8466,0.0,0.19456792,-0.13715857,4.751488802412496e-08,5.684372445102781e-05,5.6843742640921846e-05,7e267c0bf303542b
2,day2_n4_topk_seed44,44,191,0,False,False,True,0.848,0.0,-0.009318104,0.07429872,-1.021375197751695e-07,4.9018097342923284e-05,4.901819920632988e-05,7e267c0bf303542b
2,day2_n4_topk_seed44,44,191,1,False,False,True,0.847,0.0,-0.015121097,0.18360823,-1.0592771104711574e-07,5.280789628159255e-05,5.280800542095676e-05,7e267c0bf303542b
2,day2_n4_topk_seed44,44,191,2,False,False,True,0.8468,0.0,0.21218234,-0.11239984,6.69632811423071e-08,5.817573764943518e-05,5.817577039124444e-05,7e267c0bf303542b
2,day2_n4_topk_seed44,44,191,3,False,False,True,0.8478,0.0,-0.18774319,-0.14550696,-3.881259758031774e-09,5.855406925547868e-05,5.855407289345749e-05,7e267c0bf303542b
2,day2_n4_topk_seed44,44,192,0,False,False,True,0.847,0.0,-0.0049561146,0.07389545,-8.211736712837592e-08,4.960293153999373e-05,4.960299702361226e-05,7e267c0bf303542b
2,day2_n4_topk_seed44,44,192,1,False,False,True,0.849,0.0,-0.016565269,0.18798426,-1.5487464111174631e-07,5.5396125389961526e-05,5.539633639273234e-05,7e267c0bf303542b
2,day2_n4_topk_seed44,44,192,2,False,False,True,0.847,0.0,0.21344393,-0.11540268,-2.56173553481176e-08,6.001099609420635e-05,6.001100337016396e-05,7e267c0bf303542b
2,day2_n4_topk_seed44,44,192,3,False,False,True,0.8522,0.0,-0.1919226,-0.14647698,-8.840145682142975e-08,5.781662548542954e-05,5.781669096904807e-05,7e267c0bf303542b
2,day2_n4_topk_seed44,44,193,0,False,False,True,0.8512,0.0,-0.00012429748,-0.08294321,-1.6508747080479225e-07,5.224990673013963e-05,5.225016866461374e-05,7e267c0bf303542b
2,day2_n4_topk_seed44,44,193,1,False,False,True,0.85,0.0,0.003312576,-0.18508506,-2.0430624658729357e-07,5.5274987971642986e-05,5.5275362683460116e-05,7e267c0bf303542b
2,day2_n4_topk_seed44,44,193,2,False,False,True,0.8488,0.0,-0.20897283,0.1315305,-4.071783976655752e-08,6.0710539401043206e-05,6.0710553952958435e-05,7e267c0bf303542b
2,day2_n4_topk_seed44,44,193,3,False,False,True,0.8488,0.0,0.20578435,0.13649774,3.682838922713927e-08,5.89243027206976e-05,5.892431363463402e-05,7e267c0bf303542b
2,day2_n4_topk_seed44,44,194,0,False,False,True,0.8514,0.0,0.010975106,-0.0906726,-5.844838923962925e-08,5.0626502343220636e-05,5.062653144705109e-05,7e267c0bf303542b
2,day2_n4_topk_seed44,44,194,1,False,False,True,0.8492,0.0,0.012536986,-0.18074276,-1.4440144013860845e-07,5.383100142353214e-05,5.3831197874387726e-05,7e267c0bf303542b
2,day2_n4_topk_seed44,44,194,2,False,False,True,0.847,0.0,0.19569294,0.15125832,5.845973305440566e-08,6.193931039888412e-05,6.193933950271457e-05,7e267c0bf303542b
2,day2_n4_topk_seed44,44,194,3,False,False,True,0.8464,0.0,-0.21920528,0.12015712,8.607013768369143e-08,6.111163384048268e-05,6.11116920481436e-05,7e267c0bf303542b
2,day2_n4_topk_seed44,44,195,0,False,False,True,0.8466,0.0,-0.0069831684,0.08468954,-1.3345025706712477e-07,4.998407166567631e-05,4.998424628865905e-05,7e267c0bf303542b
2,day2_n4_topk_seed44,44,195,1,False,False,True,0.8496,0.0,-0.022902211,0.18975104,-1.279757100292045e-07,5.539053017855622e-05,5.5390672059729695e-05,7e267c0bf303542b
2,day2_n4_topk_seed44,44,195,2,False,False,True,0.849,0.0,0.22559005,-0.11576738,5.8453764495425276e-08,6.32529117865488e-05,6.325293361442164e-05,7e267c0bf303542b
2,day2_n4_topk_seed44,44,195,3,False,False,True,0.8492,0.0,-0.19570474,-0.15867311,1.7176292033127538e-07,6.250287697184831e-05,6.250310252653435e-05,7e267c0bf303542b
2,day2_n4_topk_seed44,44,196,0,False,False,True,0.8504,0.0,-0.0037733212,0.11798646,-1.9206544266126002e-07,5.199186853133142e-05,5.199222141527571e-05,7e267c0bf303542b
2,day2_n4_topk_seed44,44,196,1,False,False,True,0.848,0.0,-0.009967152,0.15856816,-1.3192708081533056e-07,5.268984386930242e-05,5.269000757834874e-05,7e267c0bf303542b
2,day2_n4_topk_seed44,44,196,2,False,False,True,0.8498,0.0,-0.20713463,-0.14744918,2.0076672768709614e-08,6.258420762605965e-05,6.258420762605965e-05,7e267c0bf303542b
2,day2_n4_topk_seed44,44,196,3,False,False,True,0.8476,0.0,0.22087514,-0.12910534,7.290083914313072e-08,6.169484549900517e-05,6.169488915475085e-05,7e267c0bf303542b
2,day2_n4_topk_seed44,44,197,0,False,False,True,0.8464,0.0,-0.008746495,0.087151594,-8.649129057403115e-08,4.987230204278603e-05,4.987237116438337e-05,7e267c0bf303542b
2,day2_n4_topk_seed44,44,197,1,False,False,True,0.847,0.0,0.0066715865,0.18332428,-1.2670312798945815e-08,5.3954561735736206e-05,5.3954561735736206e-05,7e267c0bf303542b
2,day2_n4_topk_seed44,44,197,2,False,False,True,0.8486,0.0,0.21325472,-0.13566253,5.1228408182169005e-08,6.169205153128132e-05,6.169207335915416e-05,7e267c0bf303542b
2,day2_n4_topk_seed44,44,197,3,False,False,True,0.8474,0.0,-0.21118014,-0.13481331,3.022281447329078e-08,6.150941044325009e-05,6.15094177192077e-05,7e267c0bf303542b
2,day2_n4_topk_seed44,44,198,0,False,False,True,0.848,0.0,-0.025638718,-0.11610433,-6.216566106331811e-08,5.357978807296604e-05,5.35798208147753e-05,7e267c0bf303542b
2,day2_n4_topk_seed44,44,198,1,False,False,True,0.8486,0.0,-0.03901651,-0.15435769,-2.561830036995616e-08,5.460893225972541e-05,5.460893953568302e-05,7e267c0bf303542b
2,day2_n4_topk_seed44,44,198,2,False,False,True,0.8478,0.0,0.23168881,0.090732284,-4.1725755295374256e-08,6.051719901734032e-05,6.0517213569255546e-05,7e267c0bf303542b
2,day2_n4_topk_seed44,44,198,3,False,False,True,0.8504,0.0,-0.16703373,0.17972969,7.732487716793912e-08,5.830260488437489e-05,5.830264854012057e-05,7e267c0bf303542b
2,day2_n4_topk_seed44,44,199,0,False,False,True,0.8504,0.0,0.01589941,-0.07499684,-1.523303723161007e-07,5.1274597353767604e-05,5.127482290845364e-05,7e267c0bf303542b
2,day2_n4_topk_seed44,44,199,1,False,False,True,0.8506,0.0,0.017579876,-0.19068402,7.218281439236307e-08,5.460565080284141e-05,5.46056980965659e-05,7e267c0bf303542b
2,day2_n4_topk_seed44,44,199,2,False,False,True,0.8514,0.0,0.1910379,0.15447886,1.9146759200339147e-07,6.075517012504861e-05,6.075546480133198e-05,7e267c0bf303542b
2,day2_n4_topk_seed44,44,199,3,False,False,True,0.8496,0.0,-0.22451681,0.11120199,-7.01010378634237e-08,6.031394877936691e-05,6.031398515915498e-05,7e267c0bf303542b
2,day2_n4_topk_seed44,44,200,0,False,False,True,0.8506,0.0,0.008240446,-0.09546292,-1.6617023845810763e-07,5.20523390150629e-05,5.2052604587515816e-05,7e267c0bf303542b
2,day2_n4_topk_seed44,44,200,1,False,False,True,0.8494,0.0,0.027840909,-0.17404227,-2.0152603497081145e-07,5.315539237926714e-05,5.3155774367041886e-05,7e267c0bf303542b
2,day2_n4_topk_seed44,44,200,2,False,False,True,0.8474,0.0,0.18943948,0.16004221,3.027888340056961e-08,6.0102065617684275e-05,6.010206925566308e-05,7e267c0bf303542b
2,day2_n4_topk_seed44,44,200,3,False,False,True,0.8478,0.0,-0.22552083,0.10946289,5.991951468331536e-08,6.156368181109428e-05,6.156371091492474e-05,7e267c0bf303542b
