day,run_name,seed,epoch,worker_id,is_malicious,is_flagged,is_accepted,validation_acc,detector_score,projection_1,projection_2,update_mean,update_std,update_rms,config_hash
2,day2_n4_softmax_seed43,43,1,0,False,False,True,0.097,0.0,-358.56482,-93.36973,-2.4312712412211113e-05,0.07972371578216553,0.07972371578216553,7e267c0bf303542b
2,day2_n4_softmax_seed43,43,1,1,False,False,True,0.0962,0.0,1164.7192,10.901386,0.0004258819099050015,0.3143748939037323,0.3143751919269562,7e267c0bf303542b
2,day2_n4_softmax_seed43,43,1,2,False,False,True,0.1272,0.0,-419.02966,446.69482,0.0010033022845163941,0.12605734169483185,0.126061350107193,7e267c0bf303542b
2,day2_n4_softmax_seed43,43,1,3,False,False,True,0.1246,0.0,-387.12717,-364.22705,0.00023692697868682444,0.10969849675893784,0.10969875007867813,7e267c0bf303542b
2,day2_n4_softmax_seed43,43,2,0,False,False,True,0.1072,0.0,29.368868,23.489616,-0.0001483636733610183,0.012629272416234016,0.012630144134163857,7e267c0bf303542b
2,day2_n4_softmax_seed43,43,2,1,False,False,True,0.1492,0.0,20.153648,20.100576,-0.00024293968454003334,0.012204060330986977,0.012206478044390678,7e267c0bf303542b
2,day2_n4_softmax_seed43,43,2,2,False,False,True,0.1496,0.0,21.033897,-45.53444,-0.0002677610900718719,0.012856784276664257,0.012859572656452656,7e267c0bf303542b
2,day2_n4_softmax_seed43,43,2,3,False,False,True,0.1704,0.0,-70.55621,1.9444988,-0.0002945813466794789,0.020143795758485794,0.020145948976278305,7e267c0bf303542b
2,day2_n4_softmax_seed43,43,3,0,False,False,True,0.2166,0.0,10.664519,-15.941135,-9.529790986562148e-05,0.005705672316253185,0.005706468131393194,7e267c0bf303542b
2,day2_n4_softmax_seed43,43,3,1,False,False,True,0.0904,0.0,8.579791,12.05526,-7.054422167129815e-05,0.005242069251835346,0.005242543760687113,7e267c0bf303542b
2,day2_n4_softmax_seed43,43,3,2,False,False,True,0.1908,0.0,9.35836,4.6816654,-4.110346344532445e-05,0.00494220107793808,0.004942371975630522,7e267c0bf303542b
2,day2_n4_softmax_seed43,43,3,3,False,False,True,0.1786,0.0,-28.602552,-0.7957381,-8.977732068160549e-05,0.008773506619036198,0.008773965761065483,7e267c0bf303542b
2,day2_n4_softmax_seed43,43,4,0,False,False,True,0.1252,0.0,15.859085,-0.27022853,-4.677227934735129e-06,0.0055513703264296055,0.005551372654736042,7e267c0bf303542b
2,day2_n4_softmax_seed43,43,4,1,False,False,True,0.2202,0.0,-5.127225,-6.792025,-5.143784437677823e-05,0.004105440340936184,0.004105762578547001,7e267c0bf303542b
2,day2_n4_softmax_seed43,43,4,2,False,False,True,0.2342,0.0,-4.453029,7.560555,-2.9117943995515816e-05,0.004193286877125502,0.004193387925624847,7e267c0bf303542b
2,day2_n4_softmax_seed43,43,4,3,False,False,True,0.225,0.0,-6.27889,-0.49829084,-6.884270260343328e-05,0.004129975568503141,0.004130548797547817,7e267c0bf303542b
2,day2_n4_softmax_seed43,43,5,0,False,False,True,0.2858,0.0,-1.0826848,-2.387959,-4.815914508071728e-05,0.0036521577276289463,0.0036524750757962465,7e267c0bf303542b
2,day2_n4_softmax_seed43,43,5,1,False,False,True,0.2404,0.0,-5.95462,4.351365,-4.099178477190435e-05,0.003922611474990845,0.003922825679183006,7e267c0bf303542b
2,day2_n4_softmax_seed43,43,5,2,False,False,True,0.2696,0.0,-2.4410655,-3.5182416,-4.9023081373889e-05,0.0037159330677241087,0.0037162567023187876,7e267c0bf303542b
2,day2_n4_softmax_seed43,43,5,3,False,False,True,0.2682,0.0,9.4783325,1.5548165,-5.3047035180497915e-05,0.004162025637924671,0.004162363242357969,7e267c0bf303542b
2,day2_n4_softmax_seed43,43,6,0,False,False,True,0.3072,0.0,-2.4961028,-2.594757,-4.17496012232732e-05,0.0034973991569131613,0.003497648285701871,7e267c0bf303542b
2,day2_n4_softmax_seed43,43,6,1,False,False,True,0.3212,0.0,-1.2082454,2.9646337,-4.814897692995146e-05,0.0034587979316711426,0.0034591329749673605,7e267c0bf303542b
2,day2_n4_softmax_seed43,43,6,2,False,False,True,0.3298,0.0,3.8317504,-0.7430609,-3.6087720218347386e-05,0.0035121098626405,0.003512295428663492,7e267c0bf303542b
2,day2_n4_softmax_seed43,43,6,3,False,False,True,0.3214,0.0,-0.12740561,0.37318778,-4.588320734910667e-05,0.0034400976728647947,0.0034404038451611996,7e267c0bf303542b
2,day2_n4_softmax_seed43,43,7,0,False,False,True,0.3288,0.0,-0.4544213,1.4740596,-4.286577313905582e-05,0.0032889079302549362,0.0032891875598579645,7e267c0bf303542b
2,day2_n4_softmax_seed43,43,7,1,False,False,True,0.3366,0.0,-1.980644,1.1266284,-4.371576142148115e-05,0.0032940562814474106,0.0032943463884294033,7e267c0bf303542b
2,day2_n4_softmax_seed43,43,7,2,False,False,True,0.3498,0.0,-0.9315426,-2.7120485,-4.578033622237854e-05,0.003298023482784629,0.0032983412966132164,7e267c0bf303542b
2,day2_n4_softmax_seed43,43,7,3,False,False,True,0.3358,0.0,3.3666022,0.11136017,-4.583608460961841e-05,0.0033397111110389233,0.0033400256652384996,7e267c0bf303542b
2,day2_n4_softmax_seed43,43,8,0,False,False,True,0.3498,0.0,-0.26405612,0.75682604,-4.341875319369137e-05,0.0031589341815561056,0.0031592324376106262,7e267c0bf303542b
2,day2_n4_softmax_seed43,43,8,1,False,False,True,0.3394,0.0,1.9180708,-2.0122988,-4.3941709009232e-05,0.0031634734477847815,0.003163778455927968,7e267c0bf303542b
2,day2_n4_softmax_seed43,43,8,2,False,False,True,0.3782,0.0,-2.5044918,-0.89176005,-4.3754491343861446e-05,0.0031656106002628803,0.003165912814438343,7e267c0bf303542b
2,day2_n4_softmax_seed43,43,8,3,False,False,True,0.374,0.0,0.85047656,2.1472323,-4.377236109576188e-05,0.003160959342494607,0.0031612624879926443,7e267c0bf303542b
2,day2_n4_softmax_seed43,43,9,0,False,False,True,0.3638,0.0,2.8622248,-0.026777074,-4.262048241798766e-05,0.0030523797031491995,0.003052677260711789,7e267c0bf303542b
2,day2_n4_softmax_seed43,43,9,1,False,False,True,0.3496,0.0,-1.2301967,1.3653258,-4.465695019462146e-05,0.0030421235132962465,0.003042451571673155,7e267c0bf303542b
2,day2_n4_softmax_seed43,43,9,2,False,False,True,0.3698,0.0,-0.983442,-2.6521766,-4.300737055018544e-05,0.0030437156092375517,0.00304401945322752,7e267c0bf303542b
2,day2_n4_softmax_seed43,43,9,3,False,False,True,0.348,0.0,-0.6485864,1.3136274,-4.5258700993144885e-05,0.003040904412046075,0.0030412410851567984,7e267c0bf303542b
2,day2_n4_softmax_seed43,43,10,0,False,False,True,0.3764,0.0,0.6667429,0.1905777,-3.894979818142019e-05,0.0029208650812506676,0.0029211246874183416,7e267c0bf303542b
2,day2_n4_softmax_seed43,43,10,1,False,False,True,0.3942,0.0,-2.6061823,-1.19055,-3.914321132469922e-05,0.0029370798729360104,0.0029373406432569027,7e267c0bf303542b
2,day2_n4_softmax_seed43,43,10,2,False,False,True,0.3308,0.0,-0.03263157,2.5948346,-3.864703103317879e-05,0.0029263740871101618,0.0029266292694956064,7e267c0bf303542b
2,day2_n4_softmax_seed43,43,10,3,False,False,True,0.3546,0.0,1.9720733,-1.5948613,-3.6860463296761736e-05,0.0029329461976885796,0.002933178097009659,7e267c0bf303542b
2,day2_n4_softmax_seed43,43,11,0,False,False,True,0.3736,0.0,2.6057565,-1.2879512,-3.8837100873934105e-05,0.002826002426445484,0.0028262692503631115,7e267c0bf303542b
2,day2_n4_softmax_seed43,43,11,1,False,False,True,0.4024,0.0,0.07303125,2.3771193,-3.853897578665055e-05,0.0028187045827507973,0.0028189681470394135,7e267c0bf303542b
2,day2_n4_softmax_seed43,43,11,2,False,False,True,0.3974,0.0,-0.6341316,0.6774148,-3.779941107495688e-05,0.002817339962348342,0.002817593514919281,7e267c0bf303542b
2,day2_n4_softmax_seed43,43,11,3,False,False,True,0.3838,0.0,-2.0446558,-1.7665821,-3.639452188508585e-05,0.002824506489560008,0.002824741182848811,7e267c0bf303542b
2,day2_n4_softmax_seed43,43,12,0,False,False,True,0.4012,0.0,0.44999355,2.1691725,-3.912127795047127e-05,0.002723163925111294,0.0027234454173594713,7e267c0bf303542b
2,day2_n4_softmax_seed43,43,12,1,False,False,True,0.3946,0.0,-0.14723636,1.249255,-3.804778680205345e-05,0.002717795316129923,0.0027180614415556192,7e267c0bf303542b
2,day2_n4_softmax_seed43,43,12,2,False,False,True,0.385,0.0,-2.626456,-1.4446442,-3.75520066882018e-05,0.0027261197101324797,0.002726378384977579,7e267c0bf303542b
2,day2_n4_softmax_seed43,43,12,3,False,False,True,0.3942,0.0,2.3237,-1.9737798,-3.8023903471184894e-05,0.0027306326664984226,0.0027308971621096134,7e267c0bf303542b
2,day2_n4_softmax_seed43,43,13,0,False,False,True,0.393,0.0,0.7159698,2.9949422,-3.5515222407411784e-05,0.00263225007802248,0.0026324896607548,7e267c0bf303542b
2,day2_n4_softmax_seed43,43,13,1,False,False,True,0.4142,0.0,2.6643536,-1.6627878,-3.511465547489934e-05,0.002638363977894187,0.0026385977398604155,7e267c0bf303542b
2,day2_n4_softmax_seed43,43,13,2,False,False,True,0.3842,0.0,-1.6160996,-0.43375194,-3.588138133636676e-05,0.002630963921546936,0.0026312086265534163,7e267c0bf303542b
2,day2_n4_softmax_seed43,43,13,3,False,False,True,0.4168,0.0,-1.7642226,-0.89840186,-3.5880773793905973e-05,0.002632694784551859,0.0026329392567276955,7e267c0bf303542b
2,day2_n4_softmax_seed43,43,14,0,False,False,True,0.4364,0.0,-0.44508597,0.9263605,-3.1185041734715924e-05,0.002541012829169631,0.0025412042159587145,7e267c0bf303542b
2,day2_n4_softmax_seed43,43,14,1,False,False,True,0.4262,0.0,-2.4931843,-1.999519,-3.4372536902083084e-05,0.0025512943975627422,0.002551525831222534,7e267c0bf303542b
2,day2_n4_softmax_seed43,43,14,2,False,False,True,0.3904,0.0,0.007792033,2.6406329,-3.6841502151219174e-05,0.0025484622456133366,0.002548728371039033,7e267c0bf303542b
2,day2_n4_softmax_seed43,43,14,3,False,False,True,0.4122,0.0,2.930475,-1.5674717,-3.684348121169023e-05,0.002562106354162097,0.002562371315434575,7e267c0bf303542b
2,day2_n4_softmax_seed43,43,15,0,False,False,True,0.427,0.0,0.42951056,3.2320194,-3.6810255551245064e-05,0.002461880212649703,0.0024621551856398582,7e267c0bf303542b
2,day2_n4_softmax_seed43,43,15,1,False,False,True,0.4342,0.0,-2.473911,-0.7006558,-3.668936915346421e-05,0.00246291421353817,0.002463187323883176,7e267c0bf303542b
2,day2_n4_softmax_seed43,43,15,2,False,False,True,0.431,0.0,-0.74961233,-1.1149921,-3.323324926896021e-05,0.0024596177972853184,0.0024598422460258007,7e267c0bf303542b
2,day2_n4_softmax_seed43,43,15,3,False,False,True,0.4332,0.0,2.7940137,-1.4163704,-3.331602056277916e-05,0.0024655291344970465,0.0024657542817294598,7e267c0bf303542b
2,day2_n4_softmax_seed43,43,16,0,False,False,True,0.4232,0.0,-0.5127217,2.9603772,-3.307014048914425e-05,0.0023803305812180042,0.0023805603850632906,7e267c0bf303542b
2,day2_n4_softmax_seed43,43,16,1,False,False,True,0.4188,0.0,-2.1058629,-0.3793323,-3.51228954968974e-05,0.0023806500248610973,0.002380909165367484,7e267c0bf303542b
2,day2_n4_softmax_seed43,43,16,2,False,False,True,0.4462,0.0,-0.5191961,-2.411223,-3.4711505577433854e-05,0.0023808334954082966,0.002381086815148592,7e267c0bf303542b
2,day2_n4_softmax_seed43,43,16,3,False,False,True,0.4166,0.0,3.1377816,-0.16982365,-3.3822791010607034e-05,0.0023801897186785936,0.0023804299999028444,7e267c0bf303542b
2,day2_n4_softmax_seed43,43,17,0,False,False,True,0.423,0.0,3.114602,1.4855995,-3.2834959711181e-05,0.002312516560778022,0.002312749857082963,7e267c0bf303542b
2,day2_n4_softmax_seed43,43,17,1,False,False,True,0.4492,0.0,-2.2648544,2.2632816,-3.247562199248932e-05,0.0023081365507096052,0.002308364724740386,7e267c0bf303542b
2,day2_n4_softmax_seed43,43,17,2,False,False,True,0.442,0.0,0.21989918,-2.722685,-3.069476952077821e-05,0.002309429459273815,0.002309633418917656,7e267c0bf303542b
2,day2_n4_softmax_seed43,43,17,3,False,False,True,0.4592,0.0,-1.069648,-1.0261942,-3.5381486668484285e-05,0.0023104134015738964,0.002310684183612466,7e267c0bf303542b
2,day2_n4_softmax_seed43,43,18,0,False,False,True,0.4434,0.0,0.55593413,-0.71253943,-2.9990651455591433e-05,0.0022370368242263794,0.0022372379899024963,7e267c0bf303542b
2,day2_n4_softmax_seed43,43,18,1,False,False,True,0.4656,0.0,1.3218132,-2.680364,-3.209673741366714e-05,0.0022434284910559654,0.002243658294901252,7e267c0bf303542b
2,day2_n4_softmax_seed43,43,18,2,False,False,True,0.449,0.0,1.7137814,3.039364,-2.942001083283685e-05,0.0022468131501227617,0.0022470057010650635,7e267c0bf303542b
2,day2_n4_softmax_seed43,43,18,3,False,False,True,0.467,0.0,-3.5915282,0.3535375,-3.133291829726659e-05,0.0022506024688482285,0.0022508203983306885,7e267c0bf303542b
2,day2_n4_softmax_seed43,43,19,0,False,False,True,0.453,0.0,-0.7591911,-2.938387,-3.184542219969444e-05,0.0021816061343997717,0.0021818389650434256,7e267c0bf303542b
2,day2_n4_softmax_seed43,43,19,1,False,False,True,0.4636,0.0,-1.7769651,3.0466797,-3.009362262673676e-05,0.0021851607598364353,0.002185368211939931,7e267c0bf303542b
2,day2_n4_softmax_seed43,43,19,2,False,False,True,0.4738,0.0,-1.247882,-0.7140094,-2.93634020636091e-05,0.002173346234485507,0.0021735446061939,7e267c0bf303542b
2,day2_n4_softmax_seed43,43,19,3,False,False,True,0.4604,0.0,3.7840374,0.60571444,-2.7323980248183943e-05,0.0022038992028683424,0.0022040687035769224,7e267c0bf303542b
2,day2_n4_softmax_seed43,43,20,0,False,False,True,0.4376,0.0,1.0739565,-0.42383048,-3.0316525226226076e-05,0.0021135564893484116,0.0021137739531695843,7e267c0bf303542b
2,day2_n4_softmax_seed43,43,20,1,False,False,True,0.4366,0.0,2.2277358,-2.1707892,-2.9994560463819653e-05,0.002118351636454463,0.0021185639780014753,7e267c0bf303542b
2,day2_n4_softmax_seed43,43,20,2,False,False,True,0.4808,0.0,0.4066537,3.6240253,-2.649124689924065e-05,0.0021200745832175016,0.0021202401258051395,7e267c0bf303542b
2,day2_n4_softmax_seed43,43,20,3,False,False,True,0.4638,0.0,-3.7083473,-1.0294056,-2.8301741622271948e-05,0.0021349850576370955,0.0021351727191358805,7e267c0bf303542b
2,day2_n4_softmax_seed43,43,21,0,False,False,True,0.4982,0.0,1.9291261,2.111309,-2.911957199103199e-05,0.0020708697848021984,0.00207107444293797,7e267c0bf303542b
2,day2_n4_softmax_seed43,43,21,1,False,False,True,0.484,0.0,2.595095,-1.4613901,-2.79192317975685e-05,0.0020692392718046904,0.0020694276317954063,7e267c0bf303542b
2,day2_n4_softmax_seed43,43,21,2,False,False,True,0.4618,0.0,-2.5959644,2.297034,-2.537665750423912e-05,0.0020699938759207726,0.0020701494067907333,7e267c0bf303542b
2,day2_n4_softmax_seed43,43,21,3,False,False,True,0.488,0.0,-1.9282568,-2.946953,-2.7995494747301564e-05,0.0020767999812960625,0.0020769888069480658,7e267c0bf303542b
2,day2_n4_softmax_seed43,43,22,0,False,False,True,0.4554,0.0,-2.2577164,0.23876409,-2.749248051259201e-05,0.0020266585052013397,0.0020268450025469065,7e267c0bf303542b
2,day2_n4_softmax_seed43,43,22,1,False,False,True,0.4812,0.0,-0.3704332,-3.792437,-2.4295406547025777e-05,0.002026266185566783,0.0020264119375497103,7e267c0bf303542b
2,day2_n4_softmax_seed43,43,22,2,False,False,True,0.4722,0.0,-1.3736448,2.8066285,-2.312835567863658e-05,0.0020333242136985064,0.002033455763012171,7e267c0bf303542b
2,day2_n4_softmax_seed43,43,22,3,False,False,True,0.4846,0.0,4.0017915,0.74704707,-2.5577619453542866e-05,0.0020354879088699818,0.002035648562014103,7e267c0bf303542b
2,day2_n4_softmax_seed43,43,23,0,False,False,True,0.4924,0.0,3.8535438,-1.5435797,-2.492344174243044e-05,0.001998891355469823,0.00199904665350914,7e267c0bf303542b
2,day2_n4_softmax_seed43,43,23,1,False,False,True,0.4764,0.0,-1.2294273,-1.7619857,-2.4982955437735654e-05,0.0019799466244876385,0.0019801040180027485,7e267c0bf303542b
2,day2_n4_softmax_seed43,43,23,2,False,False,True,0.5028,0.0,-2.8873253,-0.92427814,-2.5633657060097903e-05,0.001982947112992406,0.0019831128884106874,7e267c0bf303542b
2,day2_n4_softmax_seed43,43,23,3,False,False,True,0.4974,0.0,0.26320744,4.2298446,-2.193331420130562e-05,0.0019900603219866753,0.0019901811610907316,7e267c0bf303542b
2,day2_n4_softmax_seed43,43,24,0,False,False,True,0.5158,0.0,-3.945149,1.4767759,-2.5557365006534383e-05,0.0019512410508468747,0.00195140833966434,7e267c0bf303542b
2,day2_n4_softmax_seed43,43,24,1,False,False,True,0.4892,0.0,0.34922203,-4.214164,-2.1423249563667923e-05,0.00193935283459723,0.001939471228979528,7e267c0bf303542b
2,day2_n4_softmax_seed43,43,24,2,False,False,True,0.4858,0.0,0.33700353,0.5555088,-2.226337164756842e-05,0.0019273494835942984,0.0019274781225249171,7e267c0bf303542b
2,day2_n4_softmax_seed43,43,24,3,False,False,True,0.5272,0.0,3.2589226,2.1818783,-2.5119221390923485e-05,0.0019509491976350546,0.0019511108985170722,7e267c0bf303542b
2,day2_n4_softmax_seed43,43,25,0,False,False,True,0.513,0.0,4.464695,1.4663438,-2.6357885872130282e-05,0.001956317573785782,0.0019564952235668898,7e267c0bf303542b
2,day2_n4_softmax_seed43,43,25,1,False,False,True,0.5108,0.0,-0.51941013,-1.4848187,-2.37699114222778e-05,0.0018877362599596381,0.0018878858536481857,7e267c0bf303542b
2,day2_n4_softmax_seed43,43,25,2,False,False,True,0.53,0.0,-0.90420145,-3.398327,-2.4268298147944734e-05,0.0019028702517971396,0.0019030249677598476,7e267c0bf303542b
2,day2_n4_softmax_seed43,43,25,3,False,False,True,0.5186,0.0,-3.0410817,3.4168043,-2.3108957975637168e-05,0.0019286725437268615,0.0019288110779598355,7e267c0bf303542b
2,day2_n4_softmax_seed43,43,26,0,False,False,True,0.5246,0.0,4.0027423,0.44014508,-2.142984521924518e-05,0.0018819241086021066,0.0018820461118593812,7e267c0bf303542b
2,day2_n4_softmax_seed43,43,26,1,False,False,True,0.5454,0.0,0.8464012,0.0344811,-2.566752846178133e-05,0.0018648597178980708,0.0018650362035259604,7e267c0bf303542b
2,day2_n4_softmax_seed43,43,26,2,False,False,True,0.5138,0.0,-2.815748,3.5227723,-2.3199916540761478e-05,0.0018814702052623034,0.0018816131632775068,7e267c0bf303542b
2,day2_n4_softmax_seed43,43,26,3,False,False,True,0.485,0.0,-2.0333893,-3.9973974,-2.3294252969208173e-05,0.0018785024294629693,0.0018786469008773565,7e267c0bf303542b
2,day2_n4_softmax_seed43,43,27,0,False,False,True,0.5352,0.0,-1.7680107,3.1974034,-2.204084739787504e-05,0.0018599218456074595,0.0018600523471832275,7e267c0bf303542b
2,day2_n4_softmax_seed43,43,27,1,False,False,True,0.5354,0.0,0.2072336,1.9718153,-2.361983024457004e-05,0.0018478618003427982,0.0018480127910152078,7e267c0bf303542b
2,day2_n4_softmax_seed43,43,27,2,False,False,True,0.5254,0.0,-2.8626344,-3.8580554,-2.2668775272904895e-05,0.0018741971580311656,0.001874334178864956,7e267c0bf303542b
2,day2_n4_softmax_seed43,43,27,3,False,False,True,0.5054,0.0,4.4234066,-1.3111581,-1.9444987628958188e-05,0.0018604084616526961,0.001860510092228651,7e267c0bf303542b
2,day2_n4_softmax_seed43,43,28,0,False,False,True,0.527,0.0,-2.5713818,-4.0644717,-1.9952003640355542e-05,0.0018198624020442367,0.0018199719488620758,7e267c0bf303542b
2,day2_n4_softmax_seed43,43,28,1,False,False,True,0.5456,0.0,-2.558283,3.5424545,-1.9680330296978354e-05,0.0018120203167200089,0.001812127185985446,7e267c0bf303542b
2,day2_n4_softmax_seed43,43,28,2,False,False,True,0.539,0.0,1.0449868,1.1583385,-1.7597094483789988e-05,0.0018099760636687279,0.0018100615125149488,7e267c0bf303542b
2,day2_n4_softmax_seed43,43,28,3,False,False,True,0.561,0.0,4.084676,-0.6363195,-2.009266427194234e-05,0.0018217111937701702,0.0018218221375718713,7e267c0bf303542b
2,day2_n4_softmax_seed43,43,29,0,False,False,True,0.5642,0.0,4.007633,2.3070118,-1.6358098946511745e-05,0.0017931738402694464,0.0017932485789060593,7e267c0bf303542b
2,day2_n4_softmax_seed43,43,29,1,False,False,True,0.522,0.0,0.48573443,-0.63888097,-1.7462798496126197e-05,0.0017677778378129005,0.0017678639851510525,7e267c0bf303542b
2,day2_n4_softmax_seed43,43,29,2,False,False,True,0.5542,0.0,-0.4448316,-4.353524,-1.891319152491633e-05,0.0017913859337568283,0.001791485701687634,7e267c0bf303542b
2,day2_n4_softmax_seed43,43,29,3,False,False,True,0.5532,0.0,-4.0485377,2.685392,-1.8067561541101895e-05,0.0018055414548143744,0.0018056317931041121,7e267c0bf303542b
2,day2_n4_softmax_seed43,43,30,0,False,False,True,0.55,0.0,2.0693662,4.7110596,-2.316310565220192e-05,0.001787127461284399,0.0017872777534648776,7e267c0bf303542b
2,day2_n4_softmax_seed43,43,30,1,False,False,True,0.4944,0.0,-5.8393426,0.11055404,-2.4634107830934227e-05,0.0019575385376811028,0.0019576936028897762,7e267c0bf303542b
2,day2_n4_softmax_seed43,43,30,2,False,False,True,0.5606,0.0,1.8621998,-2.0896986,-1.865625563368667e-05,0.0017546704038977623,0.0017547695897519588,7e267c0bf303542b
2,day2_n4_softmax_seed43,43,30,3,False,False,True,0.5488,0.0,1.9077802,-2.7319186,-1.8926413758890703e-05,0.0017639548750594258,0.001764056389220059,7e267c0bf303542b
2,day2_n4_softmax_seed43,43,31,0,False,False,True,0.5358,0.0,-4.2550325,-3.903375,-2.135676004400011e-05,0.0019082685466855764,0.0019083881052210927,7e267c0bf303542b
2,day2_n4_softmax_seed43,43,31,1,False,False,True,0.5556,0.0,4.4415097,-0.38561317,-2.0795632735826075e-05,0.0018101359019055963,0.0018102554604411125,7e267c0bf303542b
2,day2_n4_softmax_seed43,43,31,2,False,False,True,0.5482,0.0,2.3099399,-0.8715912,-1.6993553799693473e-05,0.0017616042168810964,0.0017616861732676625,7e267c0bf303542b
2,day2_n4_softmax_seed43,43,31,3,False,False,True,0.5526,0.0,-2.4964168,5.160579,-2.213777588622179e-05,0.0018860222771763802,0.001886152196675539,7e267c0bf303542b
2,day2_n4_softmax_seed43,43,32,0,False,False,True,0.5472,0.0,1.3365111,1.0139589,-1.3086890248814598e-05,0.001754401600919664,0.0017544504953548312,7e267c0bf303542b
2,day2_n4_softmax_seed43,43,32,1,False,False,True,0.4622,0.0,-5.882524,-1.1610593,-2.334288183192257e-05,0.0019162115640938282,0.0019163537072017789,7e267c0bf303542b
2,day2_n4_softmax_seed43,43,32,2,False,False,True,0.5504,0.0,3.2179413,-4.434414,-1.5993364286259748e-05,0.001836623763665557,0.0018366933800280094,7e267c0bf303542b
2,day2_n4_softmax_seed43,43,32,3,False,False,True,0.5726,0.0,1.3280678,4.5815134,-1.883371987787541e-05,0.0018167960224673152,0.0018168935785070062,7e267c0bf303542b
2,day2_n4_softmax_seed43,43,33,0,False,False,True,0.5732,0.0,0.8769907,5.499938,-2.057792153209448e-05,0.0017796247266232967,0.0017797438194975257,7e267c0bf303542b
2,day2_n4_softmax_seed43,43,33,1,False,False,True,0.5676,0.0,2.274492,-2.6018424,-1.5826639355509542e-05,0.0017765277298167348,0.001776598277501762,7e267c0bf303542b
2,day2_n4_softmax_seed43,43,33,2,False,False,True,0.5418,0.0,2.4915237,-1.8758913,-1.5763705960125662e-05,0.0017772726714611053,0.0017773425206542015,7e267c0bf303542b
2,day2_n4_softmax_seed43,43,33,3,False,False,True,0.5854,0.0,-5.6430106,-1.0222028,-1.8267186533194035e-05,0.00181055988650769,0.0018106522038578987,7e267c0bf303542b
2,day2_n4_softmax_seed43,43,34,0,False,False,True,0.5462,0.0,5.835088,-2.1346745,-1.8201406419393606e-05,0.0018777380464598536,0.0018778261728584766,7e267c0bf303542b
2,day2_n4_softmax_seed43,43,34,1,False,False,True,0.5386,0.0,-1.5393718,1.7439269,-1.4941035260562785e-05,0.0017522363923490047,0.001752300187945366,7e267c0bf303542b
2,day2_n4_softmax_seed43,43,34,2,False,False,True,0.6044,0.0,-0.33241838,4.5964622,-1.6812105968710966e-05,0.0017695670248940587,0.001769646885804832,7e267c0bf303542b
2,day2_n4_softmax_seed43,43,34,3,False,False,True,0.5916,0.0,-3.9633048,-4.2057114,-1.4098045539867599e-05,0.0018204450607299805,0.0018204996595159173,7e267c0bf303542b
2,day2_n4_softmax_seed43,43,35,0,False,False,True,0.5686,0.0,1.7936269,5.3312106,-1.6112675439217128e-05,0.0017611049115657806,0.001761178602464497,7e267c0bf303542b
2,day2_n4_softmax_seed43,43,35,1,False,False,True,0.5402,0.0,-0.7553833,-0.5670619,-1.301054271607427e-05,0.0017098027747124434,0.0017098522512242198,7e267c0bf303542b
2,day2_n4_softmax_seed43,43,35,2,False,False,True,0.5952,0.0,-5.030008,-1.0005558,-1.154598703578813e-05,0.0017615590477362275,0.0017615967663004994,7e267c0bf303542b
2,day2_n4_softmax_seed43,43,35,3,False,False,True,0.5334,0.0,3.9917645,-3.7635877,-1.5710793377365917e-05,0.0017340434715151787,0.0017341147176921368,7e267c0bf303542b
2,day2_n4_softmax_seed43,43,36,0,False,False,True,0.5912,0.0,6.047091,-2.3981197,-1.8134958736482076e-05,0.0019123838283121586,0.0019124698592349887,7e267c0bf303542b
2,day2_n4_softmax_seed43,43,36,1,False,False,True,0.5936,0.0,-0.8140969,2.7578936,-1.8068438293994404e-05,0.0017203640891239047,0.0017204589676111937,7e267c0bf303542b
2,day2_n4_softmax_seed43,43,36,2,False,False,True,0.5874,0.0,-4.435417,-4.5246363,-2.048351598205045e-05,0.001877502305433154,0.0018776139477267861,7e267c0bf303542b
2,day2_n4_softmax_seed43,43,36,3,False,False,True,0.5514,0.0,-0.79757905,4.1648636,-1.3874037904315628e-05,0.0017395815812051296,0.0017396369948983192,7e267c0bf303542b
2,day2_n4_softmax_seed43,43,37,0,False,False,True,0.539,0.0,3.6544898,-4.7697573,-1.760144550644327e-05,0.0018132633995264769,0.0018133489647880197,7e267c0bf303542b
2,day2_n4_softmax_seed43,43,37,1,False,False,True,0.6204,0.0,0.8161315,4.6227174,-1.3613591363537125e-05,0.0017569717019796371,0.001757024321705103,7e267c0bf303542b
2,day2_n4_softmax_seed43,43,37,2,False,False,True,0.5754,0.0,-6.190404,-1.6947014,-2.218459667346906e-05,0.0018761305836960673,0.0018762617837637663,7e267c0bf303542b
2,day2_n4_softmax_seed43,43,37,3,False,False,True,0.597,0.0,1.7197856,1.8417429,-1.0434556315885857e-05,0.001703004352748394,0.0017030363669618964,7e267c0bf303542b
2,day2_n4_softmax_seed43,43,38,0,False,False,True,0.5914,0.0,2.6099174,-0.51533127,-1.0150864909519441e-05,0.001759716309607029,0.0017597455298528075,7e267c0bf303542b
2,day2_n4_softmax_seed43,43,38,1,False,False,True,0.5696,0.0,1.3548881,5.7326508,-1.4860392184345983e-05,0.0017997421091422439,0.0017998033436015248,7e267c0bf303542b
2,day2_n4_softmax_seed43,43,38,2,False,False,True,0.4604,0.0,-6.642139,-0.80974114,-1.9991772205685265e-05,0.0019201586255803704,0.0019202627008780837,7e267c0bf303542b
2,day2_n4_softmax_seed43,43,38,3,False,False,True,0.5924,0.0,2.6773305,-4.407575,-5.597136805590708e-06,0.0017824205569922924,0.0017824294045567513,7e267c0bf303542b
2,day2_n4_softmax_seed43,43,39,0,False,False,True,0.5772,0.0,-1.8052561,-4.7867227,-1.771655479387846e-05,0.0017662685131654143,0.0017663574544712901,7e267c0bf303542b
2,day2_n4_softmax_seed43,43,39,1,False,False,True,0.5966,0.0,-4.1005764,5.4735622,-1.1631496818154119e-05,0.001907199970446527,0.0019072352442890406,7e267c0bf303542b
2,day2_n4_softmax_seed43,43,39,2,False,False,True,0.6128,0.0,-1.233328,-2.234341,-1.4168498637445737e-05,0.0017022360116243362,0.0017022951506078243,7e267c0bf303542b
2,day2_n4_softmax_seed43,43,39,3,False,False,True,0.597,0.0,7.1391525,1.5474994,-1.8032123989542015e-05,0.002044263295829296,0.0020443429239094257,7e267c0bf303542b
2,day2_n4_softmax_seed43,43,40,0,False,False,True,0.5796,0.0,0.6541156,-0.76012564,-9.580253390595317e-06,0.0016694816295057535,0.0016695089871063828,7e267c0bf303542b
2,day2_n4_softmax_seed43,43,40,1,False,False,True,0.5444,0.0,4.0953965,4.21297,-6.998293883953011e-06,0.0017391263972967863,0.0017391404835507274,7e267c0bf303542b
2,day2_n4_softmax_seed43,43,40,2,False,False,True,0.6108,0.0,-5.8538876,1.8601413,-1.5779698514961638e-05,0.001781295402906835,0.001781365368515253,7e267c0bf303542b
2,day2_n4_softmax_seed43,43,40,3,False,False,True,0.6148,0.0,1.1043731,-5.3129864,-1.246454212378012e-05,0.0017155177192762494,0.00171556300483644,7e267c0bf303542b
2,day2_n4_softmax_seed43,43,41,0,False,False,True,0.6366,0.0,1.3403587,3.3395412,-1.3935922652308363e-05,0.001677712774835527,0.0016777708660811186,7e267c0bf303542b
2,day2_n4_softmax_seed43,43,41,1,False,False,True,0.5852,0.0,1.4532455,3.4189537,-1.151916785602225e-05,0.0016845184145495296,0.0016845578793436289,7e267c0bf303542b
2,day2_n4_softmax_seed43,43,41,2,False,False,True,0.5736,0.0,3.740158,-5.217403,-1.4870083759888075e-05,0.0017636166885495186,0.0017636794364079833,7e267c0bf303542b
2,day2_n4_softmax_seed43,43,41,3,False,False,True,0.5846,0.0,-6.53376,-1.5410944,-6.806741566833807e-06,0.0018737086793407798,0.0018737211357802153,7e267c0bf303542b
2,day2_n4_softmax_seed43,43,42,0,False,False,True,0.605,0.0,5.961991,2.2163026,-1.729598625388462e-05,0.0017650444060564041,0.0017651290399953723,7e267c0bf303542b
2,day2_n4_softmax_seed43,43,42,1,False,False,True,0.6206,0.0,-1.1825745,-1.064965,-1.346346198261017e-05,0.0016533510060980916,0.001653405837714672,7e267c0bf303542b
2,day2_n4_softmax_seed43,43,42,2,False,False,True,0.578,0.0,-0.5283754,-5.2025533,-1.4779850062041078e-05,0.0016698495019227266,0.0016699149273335934,7e267c0bf303542b
2,day2_n4_softmax_seed43,43,42,3,False,False,True,0.6042,0.0,-4.251046,4.0512094,-1.400323071720777e-05,0.001726769027300179,0.0017268258379772305,7e267c0bf303542b
2,day2_n4_softmax_seed43,43,43,0,False,False,True,0.4152,0.0,-1.3965049,5.0513716,-8.929920113587286e-06,0.0017561109270900488,0.001756133628077805,7e267c0bf303542b
2,day2_n4_softmax_seed43,43,43,1,False,False,True,0.6356,0.0,-1.1897916,2.2264109,-8.635350241092965e-06,0.0016890091355890036,0.0016890311380848289,7e267c0bf303542b
2,day2_n4_softmax_seed43,43,43,2,False,False,True,0.5562,0.0,-4.406742,-5.3156333,-1.511681875854265e-05,0.0018678815104067326,0.0018679428612813354,7e267c0bf303542b
2,day2_n4_softmax_seed43,43,43,3,False,False,True,0.6266,0.0,6.9930363,-1.9621518,-5.322367996996036e-06,0.0019782395102083683,0.0019782467279583216,7e267c0bf303542b
2,day2_n4_softmax_seed43,43,44,0,False,False,True,0.6446,0.0,-1.2908931,3.595247,-8.725017323740758e-06,0.0016929052071645856,0.0016929275589063764,7e267c0bf303542b
2,day2_n4_softmax_seed43,43,44,1,False,False,True,0.6142,0.0,-3.136359,-5.466115,-1.109252934838878e-05,0.0017176573164761066,0.0017176931723952293,7e267c0bf303542b
2,day2_n4_softmax_seed43,43,44,2,False,False,True,0.623,0.0,-1.9211584,2.9481158,-1.0596993888611905e-05,0.0016976315528154373,0.0016976646147668362,7e267c0bf303542b
2,day2_n4_softmax_seed43,43,44,3,False,False,True,0.617,0.0,6.348413,-1.0772493,-1.275183149118675e-05,0.001758679049089551,0.0017587252659723163,7e267c0bf303542b
2,day2_n4_softmax_seed43,43,45,0,False,False,True,0.6356,0.0,0.45798078,-4.8740926,-1.0362034117861185e-05,0.0017376450123265386,0.0017376759788021445,7e267c0bf303542b
2,day2_n4_softmax_seed43,43,45,1,False,False,True,0.639,0.0,-6.0260906,3.4298406,-1.2953459190612193e-05,0.0018550283275544643,0.001855073613114655,7e267c0bf303542b
2,day2_n4_softmax_seed43,43,45,2,False,False,True,0.628,0.0,0.06051417,-2.7439287,-1.1469789569673594e-05,0.0016879644244909286,0.0016880034236237407,7e267c0bf303542b
2,day2_n4_softmax_seed43,43,45,3,False,False,True,0.6304,0.0,5.507599,4.18818,-1.7985210433835164e-05,0.0018564272904768586,0.001856514485552907,7e267c0bf303542b
2,day2_n4_softmax_seed43,43,46,0,False,False,True,0.6488,0.0,-3.0355659,-4.038894,-9.021433470479678e-06,0.001722793560475111,0.0017228171927854419,7e267c0bf303542b
2,day2_n4_softmax_seed43,43,46,1,False,False,True,0.6008,0.0,7.0577326,-0.57702595,-1.9501800124999136e-05,0.0018788417801260948,0.0018789429450407624,7e267c0bf303542b
2,day2_n4_softmax_seed43,43,46,2,False,False,True,0.6492,0.0,-2.1509705,-1.606485,-7.991859092726372e-06,0.0016874108696356416,0.0016874298453330994,7e267c0bf303542b
2,day2_n4_softmax_seed43,43,46,3,False,False,True,0.634,0.0,-1.8711966,6.222401,-8.167787200363819e-06,0.001744028995744884,0.0017440480878576636,7e267c0bf303542b
2,day2_n4_softmax_seed43,43,47,0,False,False,True,0.6248,0.0,-0.7480593,-5.1432824,-1.2524108569778036e-05,0.0017238460713997483,0.0017238915897905827,7e267c0bf303542b
2,day2_n4_softmax_seed43,43,47,1,False,False,True,0.6172,0.0,-5.364236,4.287724,-1.6161638995981775e-05,0.0017991572385653853,0.0017992297653108835,7e267c0bf303542b
2,day2_n4_softmax_seed43,43,47,2,False,False,True,0.6356,0.0,-0.01632289,-2.263567,-5.757769940828439e-06,0.0016761048464104533,0.0016761147417128086,7e267c0bf303542b
2,day2_n4_softmax_seed43,43,47,3,False,False,True,0.6376,0.0,6.128615,3.1191285,-7.525859928136924e-06,0.0018470031209290028,0.001847018487751484,7e267c0bf303542b
2,day2_n4_softmax_seed43,43,48,0,False,False,True,0.618,0.0,6.4032,2.1694176,-6.507789748866344e-06,0.0017784454394131899,0.0017784573137760162,7e267c0bf303542b
2,day2_n4_softmax_seed43,43,48,1,False,False,True,0.6432,0.0,-0.58650744,-2.5111113,-1.0638875210133847e-05,0.001694948528893292,0.0016949819400906563,7e267c0bf303542b
2,day2_n4_softmax_seed43,43,48,2,False,False,True,0.6346,0.0,-1.4408773,-4.7253995,-6.659043265244691e-06,0.0017145245801657438,0.0017145375022664666,7e267c0bf303542b
2,day2_n4_softmax_seed43,43,48,3,False,False,True,0.6496,0.0,-4.3758235,5.067097,-8.304916264023632e-06,0.0017558905528858304,0.0017559102270752192,7e267c0bf303542b
2,day2_n4_softmax_seed43,43,49,0,False,False,True,0.6528,0.0,1.8335228,5.964326,-8.97827612789115e-06,0.0017589436611160636,0.0017589663621038198,7e267c0bf303542b
2,day2_n4_softmax_seed43,43,49,1,False,False,True,0.61,0.0,3.2748444,-5.004579,-1.240383517142618e-05,0.0017552130157127976,0.0017552569042891264,7e267c0bf303542b
2,day2_n4_softmax_seed43,43,49,2,False,False,True,0.629,0.0,1.7109116,-0.12792672,-1.0561505405348726e-05,0.0017195914406329393,0.001719623920507729,7e267c0bf303542b
2,day2_n4_softmax_seed43,43,49,3,False,False,True,0.6218,0.0,-6.819278,-0.83181316,-1.1777236068155617e-05,0.0017911752220243216,0.001791213871911168,7e267c0bf303542b
2,day2_n4_softmax_seed43,43,50,0,False,False,True,0.6766,0.0,1.4437469,-4.904516,-7.711684702371713e-06,0.0017886071000248194,0.0017886237474158406,7e267c0bf303542b
2,day2_n4_softmax_seed43,43,50,1,False,False,True,0.5878,0.0,-6.919169,1.4107771,-1.7936292351805605e-05,0.0018116496503353119,0.0018117385916411877,7e267c0bf303542b
2,day2_n4_softmax_seed43,43,50,2,False,False,True,0.6262,0.0,1.8447989,-2.328272,-9.582606253388803e-06,0.0017878402722999454,0.001787866116501391,7e267c0bf303542b
2,day2_n4_softmax_seed43,43,50,3,False,False,True,0.6494,0.0,3.630618,5.822005,-8.284227988042403e-06,0.0017891984898597002,0.0017892176983878016,7e267c0bf303542b
2,day2_n4_softmax_seed43,43,51,0,False,False,True,0.6242,0.0,-1.8726127,0.15016194,-7.047607596177841e-06,0.0017341802595183253,0.0017341946950182319,7e267c0bf303542b
2,day2_n4_softmax_seed43,43,51,1,False,False,True,0.679,0.0,-1.6120731,6.2140474,-1.194420110550709e-05,0.0018124488415196538,0.0018124880734831095,7e267c0bf303542b
2,day2_n4_softmax_seed43,43,51,2,False,False,True,0.6062,0.0,7.379052,-1.2849557,-7.60044122216641e-06,0.0019629544112831354,0.0019629693124443293,7e267c0bf303542b
2,day2_n4_softmax_seed43,43,51,3,False,False,True,0.6452,0.0,-3.894366,-5.079247,-1.2839699593314435e-05,0.001788717694580555,0.0017887637950479984,7e267c0bf303542b
2,day2_n4_softmax_seed43,43,52,0,False,False,True,0.6658,0.0,-0.32010022,4.290577,-1.157431961473776e-05,0.0017747856909409165,0.0017748235259205103,7e267c0bf303542b
2,day2_n4_softmax_seed43,43,52,1,False,False,True,0.6648,0.0,0.2964987,3.7963448,-8.228003935073502e-06,0.0017402346711605787,0.001740253996104002,7e267c0bf303542b
2,day2_n4_softmax_seed43,43,52,2,False,False,True,0.6492,0.0,5.7717004,-4.013662,-9.847323781286832e-06,0.001810120651498437,0.0018101474270224571,7e267c0bf303542b
2,day2_n4_softmax_seed43,43,52,3,False,False,True,0.651,0.0,-5.7480955,-4.073255,-1.049537786457222e-05,0.0018059283029288054,0.001805958803743124,7e267c0bf303542b
2,day2_n4_softmax_seed43,43,53,0,False,False,True,0.646,0.0,1.6268476,4.7935658,-7.789058145135641e-06,0.0017876883503049612,0.0017877054633572698,7e267c0bf303542b
2,day2_n4_softmax_seed43,43,53,1,False,False,True,0.633,0.0,1.5880402,2.7288642,-5.164576123206643e-06,0.0017525359289720654,0.0017525434959679842,7e267c0bf303542b
2,day2_n4_softmax_seed43,43,53,2,False,False,True,0.6196,0.0,-7.1233034,-1.5653764,-5.948955276835477e-06,0.0018684391397982836,0.0018684485694393516,7e267c0bf303542b
2,day2_n4_softmax_seed43,43,53,3,False,False,True,0.6532,0.0,3.9084122,-5.9570494,-7.829703463357873e-06,0.001818941906094551,0.001818958786316216,7e267c0bf303542b
2,day2_n4_softmax_seed43,43,54,0,False,False,True,0.6928,0.0,-0.061515074,1.5688416,-5.583634447248187e-06,0.001758983009494841,0.0017589918570593,7e267c0bf303542b
2,day2_n4_softmax_seed43,43,54,1,False,False,True,0.6594,0.0,-5.9989867,-3.5233386,-4.277895641280338e-06,0.0018086963100358844,0.001808701315894723,7e267c0bf303542b
2,day2_n4_softmax_seed43,43,54,2,False,False,True,0.6568,0.0,0.34191626,5.991984,-9.205087735608686e-06,0.0017883001128211617,0.0017883237451314926,7e267c0bf303542b
2,day2_n4_softmax_seed43,43,54,3,False,False,True,0.6624,0.0,5.718591,-4.0374827,-1.0379623745393474e-05,0.0018095740815624595,0.0018096037674695253,7e267c0bf303542b
2,day2_n4_softmax_seed43,43,55,0,False,False,True,0.6568,0.0,6.962003,-1.8579121,-8.84237488207873e-06,0.0018214414594694972,0.0018214628798887134,7e267c0bf303542b
2,day2_n4_softmax_seed43,43,55,1,False,False,True,0.6344,0.0,-0.7495969,4.643889,-3.782110525207827e-06,0.0017881188541650772,0.0017881229287013412,7e267c0bf303542b
2,day2_n4_softmax_seed43,43,55,2,False,False,True,0.67,0.0,-3.9827201,-5.820755,-2.665917918420746e-06,0.0018088477663695812,0.0018088497454300523,7e267c0bf303542b
2,day2_n4_softmax_seed43,43,55,3,False,False,True,0.6596,0.0,-2.2296844,3.034779,-7.63910520618083e-06,0.0017810722347348928,0.0017810886492952704,7e267c0bf303542b
2,day2_n4_softmax_seed43,43,56,0,False,False,True,0.6662,0.0,-5.943287,2.3331528,-7.851266673242208e-06,0.0017989937914535403,0.0017990109045058489,7e267c0bf303542b
2,day2_n4_softmax_seed43,43,56,1,False,False,True,0.6674,0.0,-0.6428551,1.1913072,-6.457823474192992e-06,0.0017690019449219108,0.0017690138192847371,7e267c0bf303542b
2,day2_n4_softmax_seed43,43,56,2,False,False,True,0.6374,0.0,5.766313,3.5423021,-3.8478915485029574e-06,0.0018131379038095474,0.0018131420947611332,7e267c0bf303542b
2,day2_n4_softmax_seed43,43,56,3,False,False,True,0.6646,0.0,0.81983626,-7.066766,-8.695667929714546e-06,0.0018136779544875026,0.0018136989092454314,7e267c0bf303542b
2,day2_n4_softmax_seed43,43,57,0,False,False,True,0.6452,0.0,-3.906697,6.0617766,-1.1080661352025345e-05,0.0018264454556629062,0.0018264790996909142,7e267c0bf303542b
2,day2_n4_softmax_seed43,43,57,1,False,False,True,0.6904,0.0,-1.4784726,-2.6594265,-8.462750884064008e-06,0.0018014718079939485,0.0018014917150139809,7e267c0bf303542b
2,day2_n4_softmax_seed43,43,57,2,False,False,True,0.6864,0.0,-1.7964557,-4.921322,-8.224527846323326e-06,0.0018024942837655544,0.0018025131430476904,7e267c0bf303542b
2,day2_n4_softmax_seed43,43,57,3,False,False,True,0.6708,0.0,7.181628,1.5189729,-1.1637590432655998e-05,0.0018503686878830194,0.001850405242294073,7e267c0bf303542b
2,day2_n4_softmax_seed43,43,58,0,False,False,True,0.6698,0.0,7.7882757,-0.048536967,-2.802456947392784e-06,0.0019681828562170267,0.0019681849516928196,7e267c0bf303542b
2,day2_n4_softmax_seed43,43,58,1,False,False,True,0.6844,0.0,-2.5561554,-4.2933264,-2.217651172031765e-06,0.0018191162962466478,0.0018191176932305098,7e267c0bf303542b
2,day2_n4_softmax_seed43,43,58,2,False,False,True,0.6564,0.0,-2.6975424,-2.5058868,-6.14150258115842e-06,0.0018226016545668244,0.001822612015530467,7e267c0bf303542b
2,day2_n4_softmax_seed43,43,58,3,False,False,True,0.63,0.0,-2.5345752,6.8477464,-1.2404012522893026e-05,0.0018281217198818922,0.0018281638622283936,7e267c0bf303542b
2,day2_n4_softmax_seed43,43,59,0,False,False,True,0.6438,0.0,-6.137411,-4.11173,-1.0808135812112596e-05,0.0018442173022776842,0.0018442488508298993,7e267c0bf303542b
2,day2_n4_softmax_seed43,43,59,1,False,False,True,0.6234,0.0,5.6976395,-3.857346,-7.436513897118857e-06,0.0018381731351837516,0.0018381881527602673,7e267c0bf303542b
2,day2_n4_softmax_seed43,43,59,2,False,False,True,0.6572,0.0,1.4428742,1.9363097,-4.234679636283545e-06,0.0018062337767332792,0.0018062387825921178,7e267c0bf303542b
2,day2_n4_softmax_seed43,43,59,3,False,False,True,0.6658,0.0,-1.0031022,6.032762,-6.390899216057733e-06,0.0018291843589395285,0.001829195418395102,7e267c0bf303542b
2,day2_n4_softmax_seed43,43,60,0,False,False,True,0.6634,0.0,-2.5137904,-3.3301094,-2.4511737137800083e-06,0.001836993033066392,0.0018369946628808975,7e267c0bf303542b
2,day2_n4_softmax_seed43,43,60,1,False,False,True,0.608,0.0,7.703899,0.40995473,-1.3377671166381333e-05,0.0019275869708508253,0.0019276333041489124,7e267c0bf303542b
2,day2_n4_softmax_seed43,43,60,2,False,False,True,0.6862,0.0,-2.227518,-3.9154851,-4.1278990465798415e-06,0.0018328160513192415,0.0018328205915167928,7e267c0bf303542b
2,day2_n4_softmax_seed43,43,60,3,False,False,True,0.674,0.0,-2.9626005,6.835642,-7.796351383149158e-06,0.001842108671553433,0.0018421252025291324,7e267c0bf303542b
2,day2_n4_softmax_seed43,43,61,0,False,False,True,0.6768,0.0,6.2789416,3.643834,-3.6237338463251945e-06,0.0018573298584669828,0.0018573334673419595,7e267c0bf303542b
2,day2_n4_softmax_seed43,43,61,1,False,False,True,0.6608,0.0,1.3853718,-4.626443,-9.869826499198098e-06,0.0018394975923001766,0.0018395240185782313,7e267c0bf303542b
2,day2_n4_softmax_seed43,43,61,2,False,False,True,0.6968,0.0,-2.3920763,-3.9197617,-6.395123364200117e-06,0.001830695429816842,0.0018307064892724156,7e267c0bf303542b
2,day2_n4_softmax_seed43,43,61,3,False,False,True,0.6684,0.0,-5.2722383,4.902367,-9.660318937676493e-06,0.0018493829993531108,0.0018494082614779472,7e267c0bf303542b
2,day2_n4_softmax_seed43,43,62,0,False,False,True,0.6542,0.0,4.9433503,5.2691183,-6.726758783770492e-06,0.0018742699176073074,0.0018742820248007774,7e267c0bf303542b
2,day2_n4_softmax_seed43,43,62,1,False,False,True,0.6762,0.0,0.830338,-1.1520673,-4.462150172912516e-06,0.001819579629227519,0.001819585100747645,7e267c0bf303542b
2,day2_n4_softmax_seed43,43,62,2,False,False,True,0.68,0.0,-7.1712427,2.2566385,-1.110177095142717e-06,0.0019024177454411983,0.0019024180946871638,7e267c0bf303542b
2,day2_n4_softmax_seed43,43,62,3,False,False,True,0.6782,0.0,1.3975557,-6.3736916,-6.489759925898397e-06,0.0018451501382514834,0.0018451616633683443,7e267c0bf303542b
2,day2_n4_softmax_seed43,43,63,0,False,False,True,0.6824,0.0,-2.592147,6.8943605,-5.673395662597613e-06,0.0018708074931055307,0.0018708162242546678,7e267c0bf303542b
2,day2_n4_softmax_seed43,43,63,1,False,False,True,0.6944,0.0,-4.283556,-5.269347,-5.151917775947368e-06,0.001873111817985773,0.0018731189193204045,7e267c0bf303542b
2,day2_n4_softmax_seed43,43,63,2,False,False,True,0.6894,0.0,7.294728,-0.6976193,-7.354238732659724e-06,0.0018960570450872183,0.0018960712477564812,7e267c0bf303542b
2,day2_n4_softmax_seed43,43,63,3,False,False,True,0.6648,0.0,-0.4190211,-0.92739624,-4.348106358520454e-06,0.0018386446172371507,0.001838649739511311,7e267c0bf303542b
2,day2_n4_softmax_seed43,43,64,0,False,False,True,0.6844,0.0,5.0039577,3.9312432,-1.648331931392022e-06,0.0018855909584090114,0.0018855917733162642,7e267c0bf303542b
2,day2_n4_softmax_seed43,43,64,1,False,False,True,0.6906,0.0,-4.1819324,4.876059,-7.95351206761552e-06,0.001886820769868791,0.0018868374172598124,7e267c0bf303542b
2,day2_n4_softmax_seed43,43,64,2,False,False,True,0.6782,0.0,-4.6544085,-4.061905,-2.13695784623269e-06,0.0018911813385784626,0.0018911827355623245,7e267c0bf303542b
2,day2_n4_softmax_seed43,43,64,3,False,False,True,0.7064,0.0,3.832387,-4.745395,-1.2933460311614908e-06,0.0018850780325010419,0.0018850784981623292,7e267c0bf303542b
2,day2_n4_softmax_seed43,43,65,0,False,False,True,0.6806,0.0,-0.014653283,1.5648528,-5.693778803106397e-06,0.0018658777698874474,0.0018658865010365844,7e267c0bf303542b
2,day2_n4_softmax_seed43,43,65,1,False,False,True,0.683,0.0,-6.618402,-3.3531675,-3.2127563827089034e-06,0.001889289589598775,0.0018892923835664988,7e267c0bf303542b
2,day2_n4_softmax_seed43,43,65,2,False,False,True,0.669,0.0,0.794505,6.4652185,-7.6452461144072e-06,0.0018715937621891499,0.0018716092454269528,7e267c0bf303542b
2,day2_n4_softmax_seed43,43,65,3,False,False,True,0.6628,0.0,5.838551,-4.6769013,-2.2452602479461348e-06,0.0018834383226931095,0.0018834397196769714,7e267c0bf303542b
2,day2_n4_softmax_seed43,43,66,0,False,False,True,0.6816,0.0,0.5538926,7.1108713,-4.348202764958842e-06,0.0018843525322154164,0.0018843576544895768,7e267c0bf303542b
2,day2_n4_softmax_seed43,43,66,1,False,False,True,0.6808,0.0,6.257458,-4.0455136,-6.550475518452004e-06,0.0019082482904195786,0.0019082595827057958,7e267c0bf303542b
2,day2_n4_softmax_seed43,43,66,2,False,False,True,0.6824,0.0,-0.4297338,0.30478343,-4.432899459061446e-06,0.001870986190624535,0.0018709915457293391,7e267c0bf303542b
2,day2_n4_softmax_seed43,43,66,3,False,False,True,0.6682,0.0,-6.381613,-3.370143,-6.49092589810607e-06,0.001902074902318418,0.0019020860781893134,7e267c0bf303542b
2,day2_n4_softmax_seed43,43,67,0,False,False,True,0.6884,0.0,-3.097258,6.764758,-5.633589353237767e-06,0.0019079501507803798,0.0019079584162682295,7e267c0bf303542b
2,day2_n4_softmax_seed43,43,67,1,False,False,True,0.6542,0.0,7.9490476,0.2702815,-4.867920779361157e-06,0.0019783806055784225,0.0019783866591751575,7e267c0bf303542b
2,day2_n4_softmax_seed43,43,67,2,False,False,True,0.7054,0.0,-2.0222301,-1.3654633,-1.643102564230503e-06,0.0018670250428840518,0.001867025624960661,7e267c0bf303542b
2,day2_n4_softmax_seed43,43,67,3,False,False,True,0.6764,0.0,-2.8295624,-5.6695814,-5.047324521001428e-06,0.001893821288831532,0.001893828040920198,7e267c0bf303542b
2,day2_n4_softmax_seed43,43,68,0,False,False,True,0.6308,0.0,7.3683624,-0.88644964,-4.249030098435469e-06,0.0019186391727998853,0.0019186438294127584,7e267c0bf303542b
2,day2_n4_softmax_seed43,43,68,1,False,False,True,0.667,0.0,-2.4005587,7.263355,1.744521682667255e-06,0.0019119144417345524,0.0019119152566418052,7e267c0bf303542b
2,day2_n4_softmax_seed43,43,68,2,False,False,True,0.6628,0.0,-0.3079841,-1.3206838,-1.093582113753655e-06,0.0018857114482671022,0.001885711681097746,7e267c0bf303542b
2,day2_n4_softmax_seed43,43,68,3,False,False,True,0.6866,0.0,-4.6598167,-5.0562162,-5.993578724883264e-06,0.0019136016489937901,0.00191361119505018,7e267c0bf303542b
2,day2_n4_softmax_seed43,43,69,0,False,False,True,0.672,0.0,-2.8579788,1.1038946,-4.043672106490703e-06,0.001908866805024445,0.0019088711123913527,7e267c0bf303542b
2,day2_n4_softmax_seed43,43,69,1,False,False,True,0.7028,0.0,-2.9667282,5.406476,-7.180185548349982e-06,0.0019074088195338845,0.0019074223237112164,7e267c0bf303542b
2,day2_n4_softmax_seed43,43,69,2,False,False,True,0.6952,0.0,7.874355,0.5895301,-5.532766863325378e-06,0.0019383711041882634,0.0019383790204301476,7e267c0bf303542b
2,day2_n4_softmax_seed43,43,69,3,False,False,True,0.6774,0.0,-2.0496461,-7.099897,-2.267398031108314e-06,0.001911378582008183,0.001911379978992045,7e267c0bf303542b
2,day2_n4_softmax_seed43,43,70,0,False,False,True,0.6704,0.0,3.9511094,5.9843817,4.124472525290912e-06,0.0019395254785194993,0.0019395301351323724,7e267c0bf303542b
2,day2_n4_softmax_seed43,43,70,1,False,False,True,0.6684,0.0,1.6409807,-0.16647796,-8.689589776622597e-07,0.0019155878107994795,0.001915588160045445,7e267c0bf303542b
2,day2_n4_softmax_seed43,43,70,2,False,False,True,0.723,0.0,-7.844225,1.0171056,-2.091091346301255e-06,0.0019621013198047876,0.001962102483958006,7e267c0bf303542b
2,day2_n4_softmax_seed43,43,70,3,False,False,True,0.6914,0.0,2.2521338,-6.8350067,-2.998340050908155e-06,0.001930714352056384,0.0019307166803628206,7e267c0bf303542b
2,day2_n4_softmax_seed43,43,71,0,False,False,True,0.662,0.0,-4.0105233,4.7983346,-7.238443799906236e-07,0.0019315278623253107,0.0019315280951559544,7e267c0bf303542b
2,day2_n4_softmax_seed43,43,71,1,False,False,True,0.6382,0.0,-2.5333214,-7.406045,-6.536323780892417e-06,0.0019253157079219818,0.0019253268837928772,7e267c0bf303542b
2,day2_n4_softmax_seed43,43,71,2,False,False,True,0.6622,0.0,7.892666,0.43275422,-2.6252469069731887e-06,0.0019789051730185747,0.0019789068028330803,7e267c0bf303542b
2,day2_n4_softmax_seed43,43,71,3,False,False,True,0.706,0.0,-1.348824,2.1749587,-3.1859885893936735e-06,0.0019094021990895271,0.0019094048766419291,7e267c0bf303542b
2,day2_n4_softmax_seed43,43,72,0,False,False,True,0.7096,0.0,-5.9312887,-3.4289334,-2.6059799438371556e-06,0.0019519530469551682,0.0019519547931849957,7e267c0bf303542b
2,day2_n4_softmax_seed43,43,72,1,False,False,True,0.6864,0.0,-0.34390324,-2.2371035,-9.555342330713756e-06,0.0019238083623349667,0.0019238322274759412,7e267c0bf303542b
2,day2_n4_softmax_seed43,43,72,2,False,False,True,0.6842,0.0,6.986299,-2.2186973,-8.544046977476683e-06,0.0019516306929290295,0.0019516494357958436,7e267c0bf303542b
2,day2_n4_softmax_seed43,43,72,3,False,False,True,0.7082,0.0,-0.71110284,7.8847313,-5.132113074068911e-06,0.0019315894460305572,0.0019315961981192231,7e267c0bf303542b
2,day2_n4_softmax_seed43,43,73,0,False,False,True,0.704,0.0,4.7402573,5.8586454,-3.5200960155634675e-06,0.001974652986973524,0.0019746562466025352,7e267c0bf303542b
2,day2_n4_softmax_seed43,43,73,1,False,False,True,0.696,0.0,0.3608739,0.04621062,1.7888388583742199e-06,0.0019097066251561046,0.0019097073236480355,7e267c0bf303542b
2,day2_n4_softmax_seed43,43,73,2,False,False,True,0.6912,0.0,-7.6900473,1.2161714,-6.639521416218486e-06,0.0019884640350937843,0.001988474978134036,7e267c0bf303542b
2,day2_n4_softmax_seed43,43,73,3,False,False,True,0.649,0.0,2.5889165,-7.121026,-1.8521909623814281e-06,0.001967713702470064,0.001967714400961995,7e267c0bf303542b
2,day2_n4_softmax_seed43,43,74,0,False,False,True,0.686,0.0,-2.366308,3.664673,-3.994145117758308e-06,0.001967806601896882,0.0019678110256791115,7e267c0bf303542b
2,day2_n4_softmax_seed43,43,74,1,False,False,True,0.691,0.0,-3.2480786,-7.373486,-3.1926153951644665e-06,0.001972247613593936,0.001972250174731016,7e267c0bf303542b
2,day2_n4_softmax_seed43,43,74,2,False,False,True,0.705,0.0,-2.5364776,4.258115,-8.861333071763511e-07,0.0019549475982785225,0.001954947831109166,7e267c0bf303542b
2,day2_n4_softmax_seed43,43,74,3,False,False,True,0.6802,0.0,8.1508665,-0.54930484,1.0293770174030215e-06,0.0020001549273729324,0.002000155160203576,7e267c0bf303542b
2,day2_n4_softmax_seed43,43,75,0,False,False,True,0.7058,0.0,0.18679595,-0.09916696,-4.413184797158465e-06,0.0019422927871346474,0.0019422979094088078,7e267c0bf303542b
2,day2_n4_softmax_seed43,43,75,1,False,False,True,0.691,0.0,6.7781143,3.5388625,-1.6960616449068766e-06,0.0019840116146951914,0.0019840123131871223,7e267c0bf303542b
2,day2_n4_softmax_seed43,43,75,2,False,False,True,0.6966,0.0,-6.5545707,4.130655,5.065082405053545e-06,0.0019811198581010103,0.0019811263773590326,7e267c0bf303542b
2,day2_n4_softmax_seed43,43,75,3,False,False,True,0.6886,0.0,-0.41033578,-7.5703526,-1.5685836842749268e-06,0.001963509013876319,0.0019635094795376062,7e267c0bf303542b
2,day2_n4_softmax_seed43,43,76,0,False,False,True,0.7026,0.0,4.5785513,-6.306239,1.6001165477064205e-06,0.001984665170311928,0.0019846658688038588,7e267c0bf303542b
2,day2_n4_softmax_seed43,43,76,1,False,False,True,0.6584,0.0,-7.9749823,-1.9227346,-5.62192053621402e-06,0.002009558491408825,0.002009566407650709,7e267c0bf303542b
2,day2_n4_softmax_seed43,43,76,2,False,False,True,0.7174,0.0,1.7907832,1.7654752,1.7416185755791957e-06,0.0019468339160084724,0.0019468346145004034,7e267c0bf303542b
2,day2_n4_softmax_seed43,43,76,3,False,False,True,0.703,0.0,1.6056437,6.463497,-8.864162168720213e-07,0.0019684855360537767,0.0019684857688844204,7e267c0bf303542b
2,day2_n4_softmax_seed43,43,77,0,False,False,True,0.645,0.0,-2.9883187,6.0011883,-4.8291062739735935e-06,0.002009775023907423,0.002009781077504158,7e267c0bf303542b
2,day2_n4_softmax_seed43,43,77,1,False,False,True,0.694,0.0,-2.4557533,1.365719,-1.1010002936018282e-06,0.0020034871995449066,0.0020034874323755503,7e267c0bf303542b
2,day2_n4_softmax_seed43,43,77,2,False,False,True,0.6522,0.0,8.430718,-0.06262441,-1.3408835002337582e-06,0.0020671007223427296,0.002067101188004017,7e267c0bf303542b
2,day2_n4_softmax_seed43,43,77,3,False,False,True,0.7128,0.0,-2.9866445,-7.3042855,-3.122664793409058e-06,0.0020082038827240467,0.002008206443861127,7e267c0bf303542b
2,day2_n4_softmax_seed43,43,78,0,False,False,True,0.6774,0.0,-1.1715559,7.7338877,2.0875684185739374e-06,0.0019931280985474586,0.001993129262700677,7e267c0bf303542b
2,day2_n4_softmax_seed43,43,78,1,False,False,True,0.7064,0.0,7.7300367,-2.2113817,-3.784631871894817e-06,0.0019997276831418276,0.0019997311756014824,7e267c0bf303542b
2,day2_n4_softmax_seed43,43,78,2,False,False,True,0.696,0.0,-1.4199955,-0.5977,-5.248386059975019e-06,0.001978963613510132,0.0019789705984294415,7e267c0bf303542b
2,day2_n4_softmax_seed43,43,78,3,False,False,True,0.6978,0.0,-5.138481,-4.9248047,-1.2802538549294695e-06,0.0019993435125797987,0.001999343978241086,7e267c0bf303542b
2,day2_n4_softmax_seed43,43,79,0,False,False,True,0.7176,0.0,1.8365386,-0.08355636,2.591979182398063e-07,0.0019613865297287703,0.001961386762559414,7e267c0bf303542b
2,day2_n4_softmax_seed43,43,79,1,False,False,True,0.6774,0.0,4.3570123,-5.9044385,-2.388707343925489e-06,0.0020181378349661827,0.0020181394647806883,7e267c0bf303542b
2,day2_n4_softmax_seed43,43,79,2,False,False,True,0.6554,0.0,-8.1572695,-1.3951579,-7.242604624480009e-06,0.0020326722878962755,0.0020326850935816765,7e267c0bf303542b
2,day2_n4_softmax_seed43,43,79,3,False,False,True,0.6852,0.0,1.9637251,7.3831544,6.9162933868938126e-06,0.002017647959291935,0.0020176598336547613,7e267c0bf303542b
2,day2_n4_softmax_seed43,43,80,0,False,False,True,0.688,0.0,-2.9157622,-6.471339,-4.736231403512647e-06,0.0020118707325309515,0.002011876320466399,7e267c0bf303542b
2,day2_n4_softmax_seed43,43,80,1,False,False,True,0.672,0.0,8.41307,0.23888345,-4.154070666118059e-06,0.002060979139059782,0.002060983330011368,7e267c0bf303542b
2,day2_n4_softmax_seed43,43,80,2,False,False,True,0.6618,0.0,-2.2651737,-0.7596039,-6.917525752214715e-06,0.0020019488874822855,0.002001960761845112,7e267c0bf303542b
2,day2_n4_softmax_seed43,43,80,3,False,False,True,0.6784,0.0,-3.2321327,6.9920583,-7.323613317566924e-06,0.002026850124821067,0.002026863396167755,7e267c0bf303542b
2,day2_n4_softmax_seed43,43,81,0,False,False,True,0.6974,0.0,7.815901,-2.751626,-1.3460221452987753e-06,0.0020569039043039083,0.0020569043699651957,7e267c0bf303542b
2,day2_n4_softmax_seed43,43,81,1,False,False,True,0.6746,0.0,-0.62826043,8.03739,3.230836398415704e-08,0.0020355945453047752,0.0020355945453047752,7e267c0bf303542b
2,day2_n4_softmax_seed43,43,81,2,False,False,True,0.6862,0.0,-1.6026183,-0.7445468,-6.388580004568212e-06,0.0020299663301557302,0.002029976574704051,7e267c0bf303542b
2,day2_n4_softmax_seed43,43,81,3,False,False,True,0.7094,0.0,-5.5850215,-4.5412164,-6.139208380773198e-06,0.0020432753954082727,0.002043284708634019,7e267c0bf303542b
2,day2_n4_softmax_seed43,43,82,0,False,False,True,0.6948,0.0,-2.5579593,5.04362,-1.5313818266804446e-06,0.00199699099175632,0.001996991690248251,7e267c0bf303542b
2,day2_n4_softmax_seed43,43,82,1,False,False,True,0.7088,0.0,-1.317174,3.58909,-4.6683967411809135e-06,0.0019732436630874872,0.001973249251022935,7e267c0bf303542b
2,day2_n4_softmax_seed43,43,82,2,False,False,True,0.7062,0.0,-4.3399453,-7.0527277,-3.79520110982412e-06,0.0020197618287056684,0.0020197653211653233,7e267c0bf303542b
2,day2_n4_softmax_seed43,43,82,3,False,False,True,0.701,0.0,8.2150755,-1.5799751,-5.898576546314871e-06,0.002064545638859272,0.0020645540207624435,7e267c0bf303542b
2,day2_n4_softmax_seed43,43,83,0,False,False,True,0.7102,0.0,0.58361405,-1.0343231,-7.715960350651585e-07,0.002000839449465275,0.0020008396822959185,7e267c0bf303542b
2,day2_n4_softmax_seed43,43,83,1,False,False,True,0.694,0.0,5.6256275,5.8278785,4.4726448322762735e-06,0.0020584184676408768,0.0020584233570843935,7e267c0bf303542b
2,day2_n4_softmax_seed43,43,83,2,False,False,True,0.6888,0.0,-7.895834,2.5147147,2.5103061034315033e-06,0.0020842256490141153,0.002084227278828621,7e267c0bf303542b
2,day2_n4_softmax_seed43,43,83,3,False,False,True,0.703,0.0,1.6865897,-7.308268,-7.011751677055145e-07,0.0020437664352357388,0.0020437666680663824,7e267c0bf303542b
2,day2_n4_softmax_seed43,43,84,0,False,False,True,0.7142,0.0,5.2133007,-6.5614533,3.133343170702574e-06,0.0020619721617549658,0.0020619744900614023,7e267c0bf303542b
2,day2_n4_softmax_seed43,43,84,1,False,False,True,0.6964,0.0,2.0719674,6.2370896,9.031749073074025e-07,0.002052119467407465,0.0020521197002381086,7e267c0bf303542b
2,day2_n4_softmax_seed43,43,84,2,False,False,True,0.6862,0.0,-8.038738,-2.3929574,-3.2735913464421174e-06,0.0020672627724707127,0.002067265333607793,7e267c0bf303542b
2,day2_n4_softmax_seed43,43,84,3,False,False,True,0.6984,0.0,0.7534695,2.7173169,1.3447088349494152e-06,0.0020328874234110117,0.002032887889072299,7e267c0bf303542b
2,day2_n4_softmax_seed43,43,85,0,False,False,True,0.698,0.0,0.7970367,7.8768063,-8.090846677077934e-06,0.002058557001873851,0.002058573067188263,7e267c0bf303542b
2,day2_n4_softmax_seed43,43,85,1,False,False,True,0.674,0.0,5.086451,-5.1930156,-4.874435035162605e-06,0.0020508221350610256,0.002050827955827117,7e267c0bf303542b
2,day2_n4_softmax_seed43,43,85,2,False,False,True,0.703,0.0,2.1746073,-0.14564806,-9.84687176242005e-06,0.0020289085805416107,0.002028932562097907,7e267c0bf303542b
2,day2_n4_softmax_seed43,43,85,3,False,False,True,0.7202,0.0,-8.058098,-2.5381474,-1.174084673039033e-06,0.0020690462552011013,0.002069046488031745,7e267c0bf303542b
2,day2_n4_softmax_seed43,43,86,0,False,False,True,0.7082,0.0,2.2882528,6.7238607,-1.3973583463666728e-06,0.002074115676805377,0.0020741161424666643,7e267c0bf303542b
2,day2_n4_softmax_seed43,43,86,1,False,False,True,0.7068,0.0,4.0938063,0.3492011,-6.510420462291222e-06,0.002077559707686305,0.002077569719403982,7e267c0bf303542b
2,day2_n4_softmax_seed43,43,86,2,False,False,True,0.6852,0.0,2.1392186,-7.2310877,-1.4563157719749142e-06,0.002074215095490217,0.0020742155611515045,7e267c0bf303542b
2,day2_n4_softmax_seed43,43,86,3,False,False,True,0.7224,0.0,-8.521281,0.15802504,6.065587854209298e-08,0.0020961626432836056,0.0020961626432836056,7e267c0bf303542b
2,day2_n4_softmax_seed43,43,87,0,False,False,True,0.7078,0.0,-4.0052333,7.493651,2.379143097641645e-06,0.0020657675340771675,0.002065769163891673,7e267c0bf303542b
2,day2_n4_softmax_seed43,43,87,1,False,False,True,0.6866,0.0,-1.9089398,-4.0077434,-2.2537787458531966e-07,0.002035436686128378,0.002035436686128378,7e267c0bf303542b
2,day2_n4_softmax_seed43,43,87,2,False,False,True,0.6752,0.0,-2.520906,-4.725012,1.9114229417027673e-06,0.0020511059556156397,0.0020511068869382143,7e267c0bf303542b
2,day2_n4_softmax_seed43,43,87,3,False,False,True,0.6972,0.0,8.435082,1.2391063,6.026518235557887e-07,0.002083493396639824,0.002083493396639824,7e267c0bf303542b
2,day2_n4_softmax_seed43,43,88,0,False,False,True,0.7232,0.0,-0.9252936,0.85248786,2.5902002107613953e-06,0.002026729052886367,0.0020267306827008724,7e267c0bf303542b
2,day2_n4_softmax_seed43,43,88,1,False,False,True,0.7148,0.0,-2.841208,-7.586575,-2.946885899746121e-07,0.0020565830636769533,0.0020565830636769533,7e267c0bf303542b
2,day2_n4_softmax_seed43,43,88,2,False,False,True,0.6928,0.0,8.194299,0.71707267,-3.371703542143223e-06,0.002062962157651782,0.002062964951619506,7e267c0bf303542b
2,day2_n4_softmax_seed43,43,88,3,False,False,True,0.7056,0.0,-4.4277954,6.017023,-9.930392934620613e-07,0.002044580178335309,0.0020445804111659527,7e267c0bf303542b
2,day2_n4_softmax_seed43,43,89,0,False,False,True,0.6864,0.0,-5.507243,6.3140945,2.5102579002123093e-06,0.0020965998992323875,0.0020966012962162495,7e267c0bf303542b
2,day2_n4_softmax_seed43,43,89,1,False,False,True,0.6984,0.0,-1.2462091,-2.3749607,-1.0643766472639982e-06,0.0020495171193033457,0.0020495173521339893,7e267c0bf303542b
2,day2_n4_softmax_seed43,43,89,2,False,False,True,0.6712,0.0,-1.413462,-6.678662,-5.495416644407669e-06,0.0020695882849395275,0.0020695955026894808,7e267c0bf303542b
2,day2_n4_softmax_seed43,43,89,3,False,False,True,0.682,0.0,8.166922,2.7395287,-4.088586592843058e-06,0.002108987420797348,0.00210899137891829,7e267c0bf303542b
2,day2_n4_softmax_seed43,43,90,0,False,False,True,0.7178,0.0,-1.2585018,5.8575907,-7.016639642642986e-07,0.0020495576318353415,0.002049557864665985,7e267c0bf303542b
2,day2_n4_softmax_seed43,43,90,1,False,False,True,0.6962,0.0,-5.1352825,1.5806792,-1.1243180324527202e-06,0.002067085588350892,0.0020670858211815357,7e267c0bf303542b
2,day2_n4_softmax_seed43,43,90,2,False,False,True,0.693,0.0,-1.7897776,-7.6564674,1.053881604207163e-07,0.0020552852656692266,0.0020552852656692266,7e267c0bf303542b
2,day2_n4_softmax_seed43,43,90,3,False,False,True,0.7004,0.0,8.183562,0.21819821,-5.478471393871587e-06,0.0020871225278824568,0.00208712974563241,7e267c0bf303542b
2,day2_n4_softmax_seed43,43,91,0,False,False,True,0.7028,0.0,0.5268333,8.358077,-1.3389717423706315e-06,0.0021122624166309834,0.0021122628822922707,7e267c0bf303542b
2,day2_n4_softmax_seed43,43,91,1,False,False,True,0.6982,0.0,7.365322,-4.1492686,3.021230895683402e-06,0.0021306967828422785,0.0021306988783180714,7e267c0bf303542b
2,day2_n4_softmax_seed43,43,91,2,False,False,True,0.6854,0.0,-6.8500843,-3.7485282,-4.358611931820633e-06,0.0021204883232712746,0.002120492747053504,7e267c0bf303542b
2,day2_n4_softmax_seed43,43,91,3,False,False,True,0.7166,0.0,-1.0420613,-0.4602908,-1.9615422388596926e-06,0.002101358724758029,0.0021013596560806036,7e267c0bf303542b
2,day2_n4_softmax_seed43,43,92,0,False,False,True,0.7138,0.0,8.157894,-2.795106,1.1546328693157193e-07,0.0021149907261133194,0.0021149904932826757,7e267c0bf303542b
2,day2_n4_softmax_seed43,43,92,1,False,False,True,0.7082,0.0,-2.2060578,5.060958,1.5401739119624835e-06,0.0020907071884721518,0.002090707654133439,7e267c0bf303542b
2,day2_n4_softmax_seed43,43,92,2,False,False,True,0.6892,0.0,-0.56368357,4.5099773,-3.436282440816285e-06,0.0020858789794147015,0.0020858817733824253,7e267c0bf303542b
2,day2_n4_softmax_seed43,43,92,3,False,False,True,0.692,0.0,-5.388149,-6.775823,-3.821394329861505e-06,0.002098711906000972,0.0020987153984606266,7e267c0bf303542b
2,day2_n4_softmax_seed43,43,93,0,False,False,True,0.6842,0.0,4.9600487,7.0954404,-4.753343091579154e-06,0.002104287501424551,0.002104292856529355,7e267c0bf303542b
2,day2_n4_softmax_seed43,43,93,1,False,False,True,0.7028,0.0,-8.338558,2.314683,-1.1622074680417427e-07,0.0021098447032272816,0.002109844470396638,7e267c0bf303542b
2,day2_n4_softmax_seed43,43,93,2,False,False,True,0.7148,0.0,1.148436,-4.708273,-5.665827757184161e-06,0.0020900224335491657,0.0020900298841297626,7e267c0bf303542b
2,day2_n4_softmax_seed43,43,93,3,False,False,True,0.727,0.0,2.2300682,-4.701852,-6.583828962902771e-06,0.002081181388348341,0.0020811918657273054,7e267c0bf303542b
2,day2_n4_softmax_seed43,43,94,0,False,False,True,0.6782,0.0,-1.4414847,2.8817856,2.536432475608308e-06,0.0020658301655203104,0.002065831795334816,7e267c0bf303542b
2,day2_n4_softmax_seed43,43,94,1,False,False,True,0.7054,0.0,-4.0517144,5.072591,3.4086190225934843e-06,0.0020845814142376184,0.0020845842082053423,7e267c0bf303542b
2,day2_n4_softmax_seed43,43,94,2,False,False,True,0.7212,0.0,8.518661,0.05553408,-2.0759271137649193e-06,0.002106238855049014,0.0021062397863715887,7e267c0bf303542b
2,day2_n4_softmax_seed43,43,94,3,False,False,True,0.6894,0.0,-3.0254593,-8.009911,-2.508261104594567e-06,0.0020813418086618185,0.0020813432056456804,7e267c0bf303542b
2,day2_n4_softmax_seed43,43,95,0,False,False,True,0.7284,0.0,7.5261793,-3.816321,-5.21047695656307e-06,0.002129416447132826,0.0021294227335602045,7e267c0bf303542b
2,day2_n4_softmax_seed43,43,95,1,False,False,True,0.679,0.0,0.19309537,2.1004312,-2.7546095680008875e-06,0.0020905700512230396,0.002090571681037545,7e267c0bf303542b
2,day2_n4_softmax_seed43,43,95,2,False,False,True,0.7386,0.0,-6.6320567,-5.4433045,-6.307812327577267e-06,0.002115025883540511,0.002115035429596901,7e267c0bf303542b
2,day2_n4_softmax_seed43,43,95,3,False,False,True,0.729,0.0,-1.0872128,7.1591988,-3.883168574247975e-06,0.002098667435348034,0.0020986709278076887,7e267c0bf303542b
2,day2_n4_softmax_seed43,43,96,0,False,False,True,0.705,0.0,-0.5244005,1.7055844,9.416422130925639e-07,0.0020695978309959173,0.002069598063826561,7e267c0bf303542b
2,day2_n4_softmax_seed43,43,96,1,False,False,True,0.7142,0.0,0.072815016,7.596014,9.097076514308355e-08,0.0021279058419167995,0.0021279058419167995,7e267c0bf303542b
2,day2_n4_softmax_seed43,43,96,2,False,False,True,0.6754,0.0,7.530613,-4.483681,-3.006581891895621e-06,0.0021700968500226736,0.0021700989454984665,7e267c0bf303542b
2,day2_n4_softmax_seed43,43,96,3,False,False,True,0.6926,0.0,-7.0790267,-4.8179193,1.0542853488004766e-06,0.002173768822103739,0.0021737690549343824,7e267c0bf303542b
2,day2_n4_softmax_seed43,43,97,0,False,False,True,0.6926,0.0,8.776076,0.2763757,-2.9114291919540847e-06,0.002171444706618786,0.002171446569263935,7e267c0bf303542b
2,day2_n4_softmax_seed43,43,97,1,False,False,True,0.7204,0.0,-3.2747333,8.218717,3.366601958987303e-06,0.0021528052166104317,0.002152807777747512,7e267c0bf303542b
2,day2_n4_softmax_seed43,43,97,2,False,False,True,0.6668,0.0,-3.9483843,-4.7156944,-3.866992301482242e-06,0.002130749635398388,0.0021307531278580427,7e267c0bf303542b
2,day2_n4_softmax_seed43,43,97,3,False,False,True,0.7082,0.0,-1.5529561,-3.7793977,-3.634104132288485e-06,0.0021116596180945635,0.002111662644892931,7e267c0bf303542b
2,day2_n4_softmax_seed43,43,98,0,False,False,True,0.648,0.0,-0.12834798,2.0585074,6.262142449031671e-08,0.0021122621838003397,0.0021122621838003397,7e267c0bf303542b
2,day2_n4_softmax_seed43,43,98,1,False,False,True,0.6982,0.0,-8.109686,0.88916254,1.1446379488688763e-07,0.002133504021912813,0.0021335037890821695,7e267c0bf303542b
2,day2_n4_softmax_seed43,43,98,2,False,False,True,0.6082,0.0,5.551012,5.375516,-1.533004592602083e-06,0.0021438966505229473,0.0021438971161842346,7e267c0bf303542b
2,day2_n4_softmax_seed43,43,98,3,False,False,True,0.7088,0.0,2.6870124,-8.323194,2.0213872176100267e-07,0.002137086121365428,0.0021370858885347843,7e267c0bf303542b
2,day2_n4_softmax_seed43,43,99,0,False,False,True,0.723,0.0,7.9046493,2.8840117,-1.5868616856096196e-06,0.002167102647945285,0.002167103346437216,7e267c0bf303542b
2,day2_n4_softmax_seed43,43,99,1,False,False,True,0.7138,0.0,-0.6298375,-8.694112,-8.867320957506308e-07,0.0021395899821072817,0.0021395899821072817,7e267c0bf303542b
2,day2_n4_softmax_seed43,43,99,2,False,False,True,0.7186,0.0,-6.501987,4.151181,-5.68804637168796e-07,0.00215458357706666,0.0021545838098973036,7e267c0bf303542b
2,day2_n4_softmax_seed43,43,99,3,False,False,True,0.712,0.0,-0.7728284,1.6589096,-4.171400178165641e-06,0.0021260734647512436,0.0021260776557028294,7e267c0bf303542b
2,day2_n4_softmax_seed43,43,100,0,False,False,True,0.6756,0.0,4.7630057,7.467253,3.0566664577236224e-07,0.0021513989195227623,0.0021513989195227623,7e267c0bf303542b
2,day2_n4_softmax_seed43,43,100,1,False,False,True,0.7254,0.0,-8.722782,1.7561141,2.53890880230756e-06,0.0021813618950545788,0.0021813632920384407,7e267c0bf303542b
2,day2_n4_softmax_seed43,43,100,2,False,False,True,0.7272,0.0,2.7226992,-5.9492598,6.094068112361128e-07,0.002151279943063855,0.002151280175894499,7e267c0bf303542b
2,day2_n4_softmax_seed43,43,100,3,False,False,True,0.7012,0.0,1.2370787,-3.274114,-3.901770469383337e-06,0.002134073292836547,0.0021340767852962017,7e267c0bf303542b
2,day2_n4_softmax_seed43,43,101,0,False,False,True,0.834,0.0,0.09345369,-0.17630276,-1.969672211998841e-06,0.00023790285922586918,0.0002379110228503123,7e267c0bf303542b
2,day2_n4_softmax_seed43,43,101,1,False,False,True,0.8338,0.0,0.5576969,0.52916896,-2.179866896767635e-06,0.0002392443420831114,0.00023925426648929715,7e267c0bf303542b
2,day2_n4_softmax_seed43,43,101,2,False,False,True,0.826,0.0,-0.7291367,0.31113127,-2.5793342501856387e-06,0.00023803689691703767,0.00023805083765182644,7e267c0bf303542b
2,day2_n4_softmax_seed43,43,101,3,False,False,True,0.8332,0.0,0.07798595,-0.6639971,-1.0523663149797358e-06,0.0002385632978985086,0.00023856561165302992,7e267c0bf303542b
2,day2_n4_softmax_seed43,43,102,0,False,False,True,0.8376,0.0,-0.30979937,0.8425628,-1.937769553705948e-07,0.0002314540761290118,0.00023145414888858795,7e267c0bf303542b
2,day2_n4_softmax_seed43,43,102,1,False,False,True,0.8358,0.0,0.8741758,0.04648815,-4.4956922806704824e-07,0.0002362169761909172,0.0002362173836445436,7e267c0bf303542b
2,day2_n4_softmax_seed43,43,102,2,False,False,True,0.8346,0.0,-0.5384679,-0.38503343,-1.4173413092066767e-06,0.00023199710994958878,0.0002320014318684116,7e267c0bf303542b
2,day2_n4_softmax_seed43,43,102,3,False,False,True,0.8322,0.0,-0.025908712,-0.5040177,-6.488199346676993e-07,0.00023122924903873354,0.00023123016580939293,7e267c0bf303542b
2,day2_n4_softmax_seed43,43,103,0,False,False,True,0.8384,0.0,0.12621859,0.9097276,-5.371885549720901e-07,0.00023828502162359655,0.0002382856182521209,7e267c0bf303542b
2,day2_n4_softmax_seed43,43,103,1,False,False,True,0.8336,0.0,-0.95230395,-0.2173177,-6.45033537693962e-07,0.00024114188272505999,0.0002411427558399737,7e267c0bf303542b
2,day2_n4_softmax_seed43,43,103,2,False,False,True,0.8366,0.0,0.47978204,-0.61428106,-6.119835802564921e-07,0.0002384322287980467,0.00023843301460146904,7e267c0bf303542b
2,day2_n4_softmax_seed43,43,103,3,False,False,True,0.8362,0.0,0.34630316,-0.07812829,-1.1552877765552694e-07,0.00023901347594801337,0.00023901350505184382,7e267c0bf303542b
2,day2_n4_softmax_seed43,43,104,0,False,False,True,0.8446,0.0,-0.00616045,0.7519519,7.7498079065208e-08,0.00024207212845794857,0.0002420721430098638,7e267c0bf303542b
2,day2_n4_softmax_seed43,43,104,1,False,False,True,0.8364,0.0,0.904165,-0.4504849,-2.0695509306278836e-07,0.0002475930959917605,0.00024759318330325186,7e267c0bf303542b
2,day2_n4_softmax_seed43,43,104,2,False,False,True,0.835,0.0,-0.7228636,-0.6557077,-7.573459015475237e-07,0.0002468761522322893,0.0002468773163855076,7e267c0bf303542b
2,day2_n4_softmax_seed43,43,104,3,False,False,True,0.837,0.0,-0.17514129,0.35424063,-6.256109230662332e-08,0.00024149678938556463,0.00024149680393747985,7e267c0bf303542b
2,day2_n4_softmax_seed43,43,105,0,False,False,True,0.8396,0.0,0.3580983,0.58343744,3.3560658607711957e-07,0.0002484335855115205,0.00024843381834216416,7e267c0bf303542b
2,day2_n4_softmax_seed43,43,105,1,False,False,True,0.841,0.0,-0.2618748,0.59626234,-3.977166898039286e-07,0.00024871170171536505,0.0002487120218575001,7e267c0bf303542b
2,day2_n4_softmax_seed43,43,105,2,False,False,True,0.8438,0.0,-0.83206034,-0.51998603,-4.309265193569445e-07,0.0002510422491468489,0.00025104262749664485,7e267c0bf303542b
2,day2_n4_softmax_seed43,43,105,3,False,False,True,0.8396,0.0,0.7358364,-0.6597142,-5.993284730720916e-07,0.00025051331613212824,0.00025051404372788966,7e267c0bf303542b
2,day2_n4_softmax_seed43,43,106,0,False,False,True,0.844,0.0,-0.8816958,0.46987596,4.4167606461087416e-07,0.000262121029663831,0.0002621213789097965,7e267c0bf303542b
2,day2_n4_softmax_seed43,43,106,1,False,False,True,0.8412,0.0,0.82908005,0.68667674,-3.4300916240681545e-07,0.0002614325494505465,0.0002614327531773597,7e267c0bf303542b
2,day2_n4_softmax_seed43,43,106,2,False,False,True,0.842,0.0,0.23714602,-0.87375313,-6.733241093570541e-07,0.0002573868550825864,0.0002573877281975001,7e267c0bf303542b
2,day2_n4_softmax_seed43,43,106,3,False,False,True,0.8348,0.0,-0.18452995,-0.2827992,2.5603377196148358e-08,0.00025305032613687217,0.00025305035524070263,7e267c0bf303542b
2,day2_n4_softmax_seed43,43,107,0,False,False,True,0.8398,0.0,0.9473957,0.31338885,1.6357918752873957e-07,0.00026405820972286165,0.0002640582388266921,7e267c0bf303542b
2,day2_n4_softmax_seed43,43,107,1,False,False,True,0.8428,0.0,-0.23269102,-1.0193013,2.093836570793428e-07,0.00026092701591551304,0.00026092707412317395,7e267c0bf303542b
2,day2_n4_softmax_seed43,43,107,2,False,False,True,0.8368,0.0,-0.81294405,0.66225266,-1.2737373822346854e-07,0.0002642774488776922,0.0002642774779815227,7e267c0bf303542b
2,day2_n4_softmax_seed43,43,107,3,False,False,True,0.8388,0.0,0.09823837,0.043659568,1.234041633324523e-07,0.00025725775049068034,0.0002572577795945108,7e267c0bf303542b
2,day2_n4_softmax_seed43,43,108,0,False,False,True,0.8462,0.0,0.1931179,1.0582901,4.3256650883449765e-07,0.0002709885302465409,0.00027098885038867593,7e267c0bf303542b
2,day2_n4_softmax_seed43,43,108,1,False,False,True,0.8442,0.0,0.7347326,-0.6890403,9.472542927824179e-08,0.0002710208063945174,0.0002710208063945174,7e267c0bf303542b
2,day2_n4_softmax_seed43,43,108,2,False,False,True,0.8414,0.0,-1.0702096,-0.2923148,-1.597562544475295e-07,0.00027384451823309064,0.0002738445473369211,7e267c0bf303542b
2,day2_n4_softmax_seed43,43,108,3,False,False,True,0.8456,0.0,0.1423591,-0.07693603,9.382383581169051e-08,0.00026690016966313124,0.00026690016966313124,7e267c0bf303542b
2,day2_n4_softmax_seed43,43,109,0,False,False,True,0.8426,0.0,-0.8037125,0.5823837,-1.012345052231467e-08,0.00027444266015663743,0.00027444266015663743,7e267c0bf303542b
2,day2_n4_softmax_seed43,43,109,1,False,False,True,0.8416,0.0,-0.4661386,-0.4478876,-2.2223886730898812e-07,0.00027439455152489245,0.00027439460973255336,7e267c0bf303542b
2,day2_n4_softmax_seed43,43,109,2,False,False,True,0.8398,0.0,0.41309038,-0.84414595,-5.691171622856928e-07,0.00027548481011763215,0.0002754853921942413,7e267c0bf303542b
2,day2_n4_softmax_seed43,43,109,3,False,False,True,0.8424,0.0,0.8567604,0.7096499,3.8696316551067866e-07,0.0002745980164036155,0.0002745982783380896,7e267c0bf303542b
2,day2_n4_softmax_seed43,43,110,0,False,False,True,0.8434,0.0,1.1442822,-0.13376895,1.0479972161192563e-06,0.0002864788402803242,0.0002864807320293039,7e267c0bf303542b
2,day2_n4_softmax_seed43,43,110,1,False,False,True,0.8488,0.0,-0.60353047,-0.9995307,-4.383551654996154e-08,0.00028563043451868,0.00028563043451868,7e267c0bf303542b
2,day2_n4_softmax_seed43,43,110,2,False,False,True,0.8442,0.0,-0.48689458,0.8986321,-2.6701493993641634e-07,0.00028480260516516864,0.00028480272158049047,7e267c0bf303542b
2,day2_n4_softmax_seed43,43,110,3,False,False,True,0.839,0.0,-0.053857155,0.23466787,-1.6639545208363415e-07,0.000277492159511894,0.00027749218861572444,7e267c0bf303542b
2,day2_n4_softmax_seed43,43,111,0,False,False,True,0.8436,0.0,1.1591308,-0.12155957,3.045450398531102e-07,0.0002890747273340821,0.0002890748728532344,7e267c0bf303542b
2,day2_n4_softmax_seed43,43,111,1,False,False,True,0.8402,0.0,-0.6954706,-0.21758996,4.294313384889392e-07,0.0002882496337406337,0.00028824995388276875,7e267c0bf303542b
2,day2_n4_softmax_seed43,43,111,2,False,False,True,0.8424,0.0,-0.26795608,-0.77437186,-2.8021545972478634e-07,0.00028566454420797527,0.00028566468972712755,7e267c0bf303542b
2,day2_n4_softmax_seed43,43,111,3,False,False,True,0.8382,0.0,-0.19570488,1.1135217,5.199594284022169e-07,0.000285820453427732,0.0002858209190890193,7e267c0bf303542b
2,day2_n4_softmax_seed43,43,112,0,False,False,True,0.8448,0.0,1.166399,0.12818927,3.9036694943206385e-07,0.00029705153428949416,0.00029705179622396827,7e267c0bf303542b
2,day2_n4_softmax_seed43,43,112,1,False,False,True,0.8428,0.0,-0.08235318,0.31408244,2.8695970399894577e-07,0.0002913991629611701,0.00029139930848032236,7e267c0bf303542b
2,day2_n4_softmax_seed43,43,112,2,False,False,True,0.837,0.0,-0.34953314,-1.1650207,-1.254876593748122e-07,0.00029179747798480093,0.0002917975070886314,7e267c0bf303542b
2,day2_n4_softmax_seed43,43,112,3,False,False,True,0.8412,0.0,-0.7345121,0.72274834,8.167185150398382e-09,0.0002943545114248991,0.0002943545114248991,7e267c0bf303542b
2,day2_n4_softmax_seed43,43,113,0,False,False,True,0.842,0.0,1.0845991,-0.51603675,1.8871003248932539e-07,0.0003000848228111863,0.0003000848810188472,7e267c0bf303542b
2,day2_n4_softmax_seed43,43,113,1,False,False,True,0.8438,0.0,0.1791646,0.7399948,-1.3976547563743225e-07,0.00029482171521522105,0.0002948217443190515,7e267c0bf303542b
2,day2_n4_softmax_seed43,43,113,2,False,False,True,0.8438,0.0,-0.81657946,-0.88512886,-1.4334669629079144e-07,0.0002974291273858398,0.00029742918559350073,7e267c0bf303542b
2,day2_n4_softmax_seed43,43,113,3,False,False,True,0.8384,0.0,-0.447184,0.6611722,7.379123534434484e-09,0.00029537800583057106,0.0002953780349344015,7e267c0bf303542b
2,day2_n4_softmax_seed43,43,114,0,False,False,True,0.8468,0.0,0.31672853,0.94135976,3.7079334447298606e-07,0.000300984742352739,0.00030098497518338263,7e267c0bf303542b
2,day2_n4_softmax_seed43,43,114,1,False,False,True,0.8486,0.0,0.86011696,-0.92296517,-4.985556643077871e-07,0.000304870744002983,0.0003048711805604398,7e267c0bf303542b
2,day2_n4_softmax_seed43,43,114,2,False,False,True,0.8452,0.0,-1.1430398,-0.44632664,-6.200216375873424e-07,0.00030199202592484653,0.0003019926662091166,7e267c0bf303542b
2,day2_n4_softmax_seed43,43,114,3,False,False,True,0.8312,0.0,-0.03380569,0.42793187,1.874298476423064e-07,0.00029800008633174,0.00029800014453940094,7e267c0bf303542b
2,day2_n4_softmax_seed43,43,115,0,False,False,True,0.8466,0.0,-1.0405486,-0.046371855,1.8135926893592114e-07,0.00030905113089829683,0.00030905118910595775,7e267c0bf303542b
2,day2_n4_softmax_seed43,43,115,1,False,False,True,0.849,0.0,1.0494561,0.30127496,-1.4471149256678473e-07,0.0003092273254878819,0.00030922735459171236,7e267c0bf303542b
2,day2_n4_softmax_seed43,43,115,2,False,False,True,0.8454,0.0,0.1744435,-1.149159,-1.1415953622417874e-06,0.0003083082556258887,0.00030831038020551205,7e267c0bf303542b
2,day2_n4_softmax_seed43,43,115,3,False,False,True,0.838,0.0,-0.18335238,0.894256,6.081467631702253e-07,0.00030530896037817,0.0003053095715586096,7e267c0bf303542b
2,day2_n4_softmax_seed43,43,116,0,False,False,True,0.8486,0.0,1.2530752,0.007384027,8.875231287674978e-07,0.00031942050554789603,0.0003194217279087752,7e267c0bf303542b
2,day2_n4_softmax_seed43,43,116,1,False,False,True,0.841,0.0,-0.67236495,1.007503,2.7013766157324426e-07,0.00031413219403475523,0.00031413231045007706,7e267c0bf303542b
2,day2_n4_softmax_seed43,43,116,2,False,False,True,0.845,0.0,-0.5909751,-1.1286255,3.748909875866957e-07,0.0003139546897727996,0.0003139548934996128,7e267c0bf303542b
2,day2_n4_softmax_seed43,43,116,3,False,False,True,0.8422,0.0,0.010263991,0.11373851,4.2542637856968213e-07,0.000311513984343037,0.0003115142753813416,7e267c0bf303542b
2,day2_n4_softmax_seed43,43,117,0,False,False,True,0.8468,0.0,1.210671,-0.5967492,-3.5359624916964094e-07,0.00032559855026192963,0.00032559872488491237,7e267c0bf303542b
2,day2_n4_softmax_seed43,43,117,1,False,False,True,0.8442,0.0,-0.9610622,-0.9400185,5.695364961866289e-07,0.0003227803681511432,0.00032278092112392187,7e267c0bf303542b
2,day2_n4_softmax_seed43,43,117,2,False,False,True,0.8446,0.0,-0.24545048,0.72343504,-3.7510386619032943e-07,0.000317427737172693,0.0003174279408995062,7e267c0bf303542b
2,day2_n4_softmax_seed43,43,117,3,False,False,True,0.846,0.0,-0.0041578,0.8133336,-6.140422925682287e-08,0.00031814281828701496,0.0003181428473908454,7e267c0bf303542b
2,day2_n4_softmax_seed43,43,118,0,False,False,True,0.8482,0.0,0.37039036,1.1963229,7.250712741324605e-08,0.0003267893916927278,0.00032678936258889735,7e267c0bf303542b
2,day2_n4_softmax_seed43,43,118,1,False,False,True,0.8458,0.0,0.2747759,0.012167028,2.625604906825174e-07,0.00031941334600560367,0.00031941343331709504,7e267c0bf303542b
2,day2_n4_softmax_seed43,43,118,2,False,False,True,0.8428,0.0,-1.3589287,-0.20076567,-3.8260120049926627e-07,0.0003332718333695084,0.0003332720370963216,7e267c0bf303542b
2,day2_n4_softmax_seed43,43,118,3,False,False,True,0.8432,0.0,0.7137628,-1.0077238,-2.1525225690766092e-07,0.00032500468660146,0.0003250047448091209,7e267c0bf303542b
2,day2_n4_softmax_seed43,43,119,0,False,False,True,0.8438,0.0,0.49269524,0.98265207,2.685979154648521e-07,0.0003315696376375854,0.00033156972494907677,7e267c0bf303542b
2,day2_n4_softmax_seed43,43,119,1,False,False,True,0.8314,0.0,0.6973945,-1.1851952,-6.364021487570426e-07,0.00033367457217536867,0.00033367518335580826,7e267c0bf303542b
2,day2_n4_softmax_seed43,43,119,2,False,False,True,0.8422,0.0,-1.3730139,-0.19624843,-2.858117795767612e-07,0.00033649246324785054,0.00033649257966317236,7e267c0bf303542b
2,day2_n4_softmax_seed43,43,119,3,False,False,True,0.842,0.0,0.18292397,0.39879146,-7.162742576838355e-08,0.00032447409466840327,0.00032447409466840327,7e267c0bf303542b
2,day2_n4_softmax_seed43,43,120,0,False,False,True,0.8484,0.0,0.43390614,-1.0407416,7.920663591676202e-08,0.0003388018812984228,0.0003388018812984228,7e267c0bf303542b
2,day2_n4_softmax_seed43,43,120,1,False,False,True,0.8382,0.0,-1.3706952,0.31754062,-4.45209451527262e-07,0.00034199669607914984,0.0003419969871174544,7e267c0bf303542b
2,day2_n4_softmax_seed43,43,120,2,False,False,True,0.8416,0.0,0.8187589,1.1437753,-5.788276666862657e-07,0.0003386916941963136,0.0003386921889614314,7e267c0bf303542b
2,day2_n4_softmax_seed43,43,120,3,False,False,True,0.8402,0.0,0.11803127,-0.42057508,-2.5212486320924654e-07,0.0003350990009494126,0.00033509908826090395,7e267c0bf303542b
2,day2_n4_softmax_seed43,43,121,0,False,False,True,0.8434,0.0,-0.34098646,-0.49309778,-4.19167378140628e-07,0.000345044449204579,0.00034504468203522265,7e267c0bf303542b
2,day2_n4_softmax_seed43,43,121,1,False,False,True,0.8412,0.0,1.4742924,0.06634497,7.380793931588414e-07,0.00035722789471037686,0.00035722865140996873,7e267c0bf303542b
2,day2_n4_softmax_seed43,43,121,2,False,False,True,0.8448,0.0,-0.5558257,-0.9010505,3.0857387400828884e-07,0.0003466591297183186,0.00034665921702980995,7e267c0bf303542b
2,day2_n4_softmax_seed43,43,121,3,False,False,True,0.841,0.0,-0.5774792,1.3278034,-4.75812775846407e-08,0.00034727269667200744,0.000347272667568177,7e267c0bf303542b
2,day2_n4_softmax_seed43,43,122,0,False,False,True,0.8444,0.0,-0.15853713,-0.8669808,2.3706294882686052e-07,0.0003548071545083076,0.00035480724181979895,7e267c0bf303542b
2,day2_n4_softmax_seed43,43,122,1,False,False,True,0.843,0.0,1.455582,0.38372713,-1.1334357452597033e-07,0.0003646329278126359,0.00036463295691646636,7e267c0bf303542b
2,day2_n4_softmax_seed43,43,122,2,False,False,True,0.8412,0.0,-0.8431853,1.2243357,-4.906993922304537e-08,0.0003583733341656625,0.0003583733341656625,7e267c0bf303542b
2,day2_n4_softmax_seed43,43,122,3,False,False,True,0.8428,0.0,-0.45385978,-0.7410814,6.669051231256162e-07,0.0003528108063619584,0.000352811417542398,7e267c0bf303542b
2,day2_n4_softmax_seed43,43,123,0,False,False,True,0.8448,0.0,0.8184424,1.1706407,3.1207525807985803e-07,0.00035828258842229843,0.0003582827339414507,7e267c0bf303542b
2,day2_n4_softmax_seed43,43,123,1,False,False,True,0.842,0.0,-1.472322,0.3524849,4.731056151285884e-07,0.0003643077507149428,0.0003643080417532474,7e267c0bf303542b
2,day2_n4_softmax_seed43,43,123,2,False,False,True,0.8412,0.0,0.2488702,-1.1384016,-5.042351745032647e-07,0.0003525775973685086,0.00035257794661447406,7e267c0bf303542b
2,day2_n4_softmax_seed43,43,123,3,False,False,True,0.8458,0.0,0.40501016,-0.38472322,-3.126787362361938e-07,0.0003543678030837327,0.00035436791949905455,7e267c0bf303542b
2,day2_n4_softmax_seed43,43,124,0,False,False,True,0.8442,0.0,0.25768745,-0.63267463,6.155533469609509e-07,0.0003613200387917459,0.0003613205626606941,7e267c0bf303542b
2,day2_n4_softmax_seed43,43,124,1,False,False,True,0.8424,0.0,0.7811928,1.3126478,1.5694533317400783e-07,0.00036707325489260256,0.000367073283996433,7e267c0bf303542b
2,day2_n4_softmax_seed43,43,124,2,False,False,True,0.8434,0.0,-1.5093662,0.27400017,9.823006763554076e-08,0.0003683313843794167,0.0003683313843794167,7e267c0bf303542b
2,day2_n4_softmax_seed43,43,124,3,False,False,True,0.8436,0.0,0.47048634,-0.95397425,-3.503570766838493e-08,0.00036416828515939415,0.0003641682560555637,7e267c0bf303542b
2,day2_n4_softmax_seed43,43,125,0,False,False,True,0.8472,0.0,-0.5922527,-0.5994086,8.178472512554436e-07,0.00036470912164077163,0.0003647100238595158,7e267c0bf303542b
2,day2_n4_softmax_seed43,43,125,1,False,False,True,0.8394,0.0,1.5538608,0.19279996,9.243518661605776e-07,0.0003786942979786545,0.00037869540392421186,7e267c0bf303542b
2,day2_n4_softmax_seed43,43,125,2,False,False,True,0.8452,0.0,-0.28107685,-0.9459809,2.1342001943480682e-08,0.000364164006896317,0.000364164006896317,7e267c0bf303542b
2,day2_n4_softmax_seed43,43,125,3,False,False,True,0.837,0.0,-0.6805316,1.3525884,6.482072194557986e-07,0.00036650351830758154,0.0003665041003841907,7e267c0bf303542b
2,day2_n4_softmax_seed43,43,126,0,False,False,True,0.844,0.0,0.41126442,1.3658645,2.4245184704341227e-07,0.00037907762452960014,0.00037907768273726106,7e267c0bf303542b
2,day2_n4_softmax_seed43,43,126,1,False,False,True,0.8384,0.0,-1.514635,-0.35948858,-1.6739140562549437e-07,0.00038180022966116667,0.0003818002878688276,7e267c0bf303542b
2,day2_n4_softmax_seed43,43,126,2,False,False,True,0.8424,0.0,0.9725372,-1.1578393,-6.629680910918978e-07,0.0003808981564361602,0.00038089873851276934,7e267c0bf303542b
2,day2_n4_softmax_seed43,43,126,3,False,False,True,0.8388,0.0,0.13083231,0.15146296,-1.1415772860345896e-06,0.0003665113472379744,0.0003665130934678018,7e267c0bf303542b
2,day2_n4_softmax_seed43,43,127,0,False,False,True,0.8414,0.0,1.5873829,0.27561557,3.963246797411557e-07,0.00038621737621724606,0.00038621757994405925,7e267c0bf303542b
2,day2_n4_softmax_seed43,43,127,1,False,False,True,0.8464,0.0,-0.32417768,-1.2213402,-5.5051241787396066e-08,0.0003800269914790988,0.00038002702058292925,7e267c0bf303542b
2,day2_n4_softmax_seed43,43,127,2,False,False,True,0.8334,0.0,-0.48968005,-0.35898444,-6.737015496582899e-07,0.00037781946593895555,0.0003778200480155647,7e267c0bf303542b
2,day2_n4_softmax_seed43,43,127,3,False,False,True,0.8452,0.0,-0.77352524,1.30471,1.233749031825937e-07,0.0003804363659583032,0.0003804363659583032,7e267c0bf303542b
2,day2_n4_softmax_seed43,43,128,0,False,False,True,0.8376,0.0,1.3578291,-0.76845086,3.354524835685879e-07,0.00038949408917687833,0.00038949420559220016,7e267c0bf303542b
2,day2_n4_softmax_seed43,43,128,1,False,False,True,0.8372,0.0,-0.0638383,1.4577652,-1.6088523580037872e-07,0.00038676781696267426,0.0003867678460665047,7e267c0bf303542b
2,day2_n4_softmax_seed43,43,128,2,False,False,True,0.843,0.0,-1.295746,-0.87683654,-4.723858353372634e-07,0.0003888432402163744,0.00038884353125467896,7e267c0bf303542b
2,day2_n4_softmax_seed43,43,128,3,False,False,True,0.842,0.0,0.0017542822,0.18752185,-4.528571651007951e-07,0.00037957585300318897,0.0003795760858338326,7e267c0bf303542b
2,day2_n4_softmax_seed43,43,129,0,False,False,True,0.8444,0.0,-0.21550912,1.23299,2.5473090659033915e-07,0.0003927839861717075,0.0003927840734831989,7e267c0bf303542b
2,day2_n4_softmax_seed43,43,129,1,False,False,True,0.8452,0.0,-1.0548146,-1.2367435,6.358852999710507e-08,0.00039755753823556006,0.00039755753823556006,7e267c0bf303542b
2,day2_n4_softmax_seed43,43,129,2,False,False,True,0.8396,0.0,1.5797809,-0.54924375,-5.182773179512878e-07,0.00040149234700948,0.000401492667151615,7e267c0bf303542b
2,day2_n4_softmax_seed43,43,129,3,False,False,True,0.8374,0.0,-0.30945915,0.55299556,-3.3265615684285876e-07,0.0003900675510521978,0.00039006766746751964,7e267c0bf303542b
2,day2_n4_softmax_seed43,43,130,0,False,False,True,0.8432,0.0,-0.27546206,-0.028577961,3.381397277735232e-07,0.00039658992318436503,0.00039659003959968686,7e267c0bf303542b
2,day2_n4_softmax_seed43,43,130,1,False,False,True,0.8424,0.0,-0.36471766,1.5356643,3.732820914592594e-07,0.0004021440399810672,0.0004021442146040499,7e267c0bf303542b
2,day2_n4_softmax_seed43,43,130,2,False,False,True,0.8396,0.0,1.6361558,-0.36047265,-7.47347769447515e-07,0.0004068767302669585,0.000406877399655059,7e267c0bf303542b
2,day2_n4_softmax_seed43,43,130,3,False,False,True,0.8376,0.0,-0.99597734,-1.1466138,-2.893150394811528e-07,0.0004036485916003585,0.0004036486498080194,7e267c0bf303542b
2,day2_n4_softmax_seed43,43,131,0,False,False,True,0.8426,0.0,0.053990856,1.4373467,5.348125569071271e-07,0.00040705487481318414,0.00040705519495531917,7e267c0bf303542b
2,day2_n4_softmax_seed43,43,131,1,False,False,True,0.846,0.0,-1.5284111,-0.7661512,2.58357403026821e-07,0.0004116120107937604,0.00041161206900142133,7e267c0bf303542b
2,day2_n4_softmax_seed43,43,131,2,False,False,True,0.8402,0.0,1.2627045,-1.0528135,-5.071510145171487e-08,0.00041081089875660837,0.0004108108696527779,7e267c0bf303542b
2,day2_n4_softmax_seed43,43,131,3,False,False,True,0.8314,0.0,0.21171601,0.38161913,-5.63580215384718e-07,0.00040524505311623216,0.0004052454314660281,7e267c0bf303542b
2,day2_n4_softmax_seed43,43,132,0,False,False,True,0.8486,0.0,0.43616125,1.5958259,-1.3940590903871453e-08,0.00041369241080246866,0.0004136923816986382,7e267c0bf303542b
2,day2_n4_softmax_seed43,43,132,1,False,False,True,0.8414,0.0,-1.6152375,-0.35884818,-5.504342084350355e-07,0.0004187838640064001,0.0004187842132523656,7e267c0bf303542b
2,day2_n4_softmax_seed43,43,132,2,False,False,True,0.8432,0.0,1.110205,-1.1432168,-5.199995598559326e-07,0.00041070429142564535,0.0004107045824639499,7e267c0bf303542b
2,day2_n4_softmax_seed43,43,132,3,False,False,True,0.8426,0.0,0.068871155,-0.09376144,-9.028748877426551e-07,0.0004078050551470369,0.0004078060737811029,7e267c0bf303542b
2,day2_n4_softmax_seed43,43,133,0,False,False,True,0.842,0.0,-1.5345021,-0.8467498,7.769464218654321e-07,0.00042638147715479136,0.0004263821756467223,7e267c0bf303542b
2,day2_n4_softmax_seed43,43,133,1,False,False,True,0.8444,0.0,-0.08901111,1.6477664,3.901708467424214e-08,0.0004243015428073704,0.0004243015428073704,7e267c0bf303542b
2,day2_n4_softmax_seed43,43,133,2,False,False,True,0.8422,0.0,1.3379643,-0.8779239,-4.777363642460841e-07,0.00042593450052663684,0.00042593476246111095,7e267c0bf303542b
2,day2_n4_softmax_seed43,43,133,3,False,False,True,0.8384,0.0,0.28554922,0.07690737,4.022298014660919e-07,0.00041409311234019697,0.0004140932869631797,7e267c0bf303542b
2,day2_n4_softmax_seed43,43,134,0,False,False,True,0.8414,0.0,-0.19769856,1.4401753,5.381791083891585e-07,0.00042206665966659784,0.00042206697980873287,7e267c0bf303542b
2,day2_n4_softmax_seed43,43,134,1,False,False,True,0.8394,0.0,-1.3957068,-1.0931326,-8.574838261665718e-07,0.0004285415052436292,0.0004285423783585429,7e267c0bf303542b
2,day2_n4_softmax_seed43,43,134,2,False,False,True,0.8432,0.0,1.5199136,-0.84032714,-9.720146181280143e-07,0.00043083238415420055,0.000430833431892097,7e267c0bf303542b
2,day2_n4_softmax_seed43,43,134,3,False,False,True,0.842,0.0,0.07349179,0.49328378,8.955804560173419e-07,0.0004164701094850898,0.0004164710408076644,7e267c0bf303542b
2,day2_n4_softmax_seed43,43,135,0,False,False,True,0.8376,0.0,-0.0683329,1.2923537,1.0287351415172452e-06,0.0004245215968694538,0.00042452281923033297,7e267c0bf303542b
2,day2_n4_softmax_seed43,43,135,1,False,False,True,0.8372,0.0,-1.3977289,-1.1096853,-8.356399803233217e-07,0.00043052653199993074,0.00043052731780335307,7e267c0bf303542b
2,day2_n4_softmax_seed43,43,135,2,False,False,True,0.8352,0.0,1.5482234,-0.9063739,-7.700245987507515e-07,0.0004313371318858117,0.0004313378012739122,7e267c0bf303542b
2,day2_n4_softmax_seed43,43,135,3,False,False,True,0.8354,0.0,-0.08216109,0.72370577,8.361482173313561e-07,0.0004210874321870506,0.0004210882761981338,7e267c0bf303542b
2,day2_n4_softmax_seed43,43,136,0,False,False,True,0.839,0.0,1.7357341,-0.5820084,2.248501260737612e-07,0.0004444527148734778,0.00044445277308113873,7e267c0bf303542b
2,day2_n4_softmax_seed43,43,136,1,False,False,True,0.846,0.0,-1.1685001,-1.3365759,8.001189257811347e-07,0.00043675946653820574,0.00043676019413396716,7e267c0bf303542b
2,day2_n4_softmax_seed43,43,136,2,False,False,True,0.8328,0.0,-0.29170832,1.418651,-9.202967135024664e-07,0.0004313453391660005,0.0004313462704885751,7e267c0bf303542b
2,day2_n4_softmax_seed43,43,136,3,False,False,True,0.838,0.0,-0.2755262,0.499934,-6.792501494601311e-07,0.0004250946512911469,0.0004250951751600951,7e267c0bf303542b
2,day2_n4_softmax_seed43,43,137,0,False,False,True,0.8338,0.0,0.2407156,0.56467426,-2.5482037813162606e-07,0.00043616321636363864,0.0004361632454674691,7e267c0bf303542b
2,day2_n4_softmax_seed43,43,137,1,False,False,True,0.843,0.0,-1.799128,0.115969874,5.904607860429678e-07,0.0004454379086382687,0.0004454382578842342,7e267c0bf303542b
2,day2_n4_softmax_seed43,43,137,2,False,False,True,0.842,0.0,0.56414247,-1.7424134,-1.0705148270062637e-06,0.0004399853351060301,0.00043998664477840066,7e267c0bf303542b
2,day2_n4_softmax_seed43,43,137,3,False,False,True,0.8358,0.0,0.9942711,1.061771,-1.4535965320305877e-08,0.00043886853381991386,0.00043886853381991386,7e267c0bf303542b
2,day2_n4_softmax_seed43,43,138,0,False,False,True,0.8402,0.0,0.43160048,0.63025606,-5.175980390959012e-07,0.0004445227386895567,0.0004445230297278613,7e267c0bf303542b
2,day2_n4_softmax_seed43,43,138,1,False,False,True,0.838,0.0,-1.873146,-0.29171214,-1.1671011179714696e-06,0.0004561192181427032,0.00045612070243805647,7e267c0bf303542b
2,day2_n4_softmax_seed43,43,138,2,False,False,True,0.8346,0.0,0.9209299,-1.6042037,-3.1581149073645065e-07,0.00044809450628235936,0.00044809459359385073,7e267c0bf303542b
2,day2_n4_softmax_seed43,43,138,3,False,False,True,0.8358,0.0,0.52061456,1.2656596,-2.6608464054334036e-07,0.00044501465163193643,0.0004450147389434278,7e267c0bf303542b
2,day2_n4_softmax_seed43,43,139,0,False,False,True,0.8438,0.0,1.4717649,0.67747056,5.731766918870562e-07,0.0004509305872488767,0.0004509309073910117,7e267c0bf303542b
2,day2_n4_softmax_seed43,43,139,1,False,False,True,0.8374,0.0,-1.5106205,1.0652411,-1.6359688714828735e-08,0.000448537030024454,0.00044853700092062354,7e267c0bf303542b
2,day2_n4_softmax_seed43,43,139,2,False,False,True,0.8462,0.0,-0.34417745,-1.7596201,-2.7551163839234505e-07,0.00044674021773971617,0.00044674030505120754,7e267c0bf303542b
2,day2_n4_softmax_seed43,43,139,3,False,False,True,0.8388,0.0,0.3830338,0.016908757,3.323956434542197e-07,0.00043988050310872495,0.0004398806195240468,7e267c0bf303542b
2,day2_n4_softmax_seed43,43,140,0,False,False,True,0.831,0.0,-0.19076583,0.15725312,1.1434885891503654e-06,0.00044649955816566944,0.00044650104246102273,7e267c0bf303542b
2,day2_n4_softmax_seed43,43,140,1,False,False,True,0.8298,0.0,-1.5047454,-0.9937416,-7.339609737755382e-07,0.00046271845349110663,0.0004627190064638853,7e267c0bf303542b
2,day2_n4_softmax_seed43,43,140,2,False,False,True,0.838,0.0,1.6628964,-0.9155548,-7.441608431690838e-07,0.0004660726117435843,0.0004660731938201934,7e267c0bf303542b
2,day2_n4_softmax_seed43,43,140,3,False,False,True,0.8284,0.0,0.032615475,1.7520429,1.3124756037541374e-07,0.00045722670620307326,0.00045722670620307326,7e267c0bf303542b
2,day2_n4_softmax_seed43,43,141,0,False,False,True,0.8374,0.0,-0.07937634,0.690154,7.351580393333279e-07,0.0004558380169328302,0.0004558386281132698,7e267c0bf303542b
2,day2_n4_softmax_seed43,43,141,1,False,False,True,0.8384,0.0,1.4983324,-1.2426461,-1.756977070499488e-07,0.00046956317964941263,0.0004695632087532431,7e267c0bf303542b
2,day2_n4_softmax_seed43,43,141,2,False,False,True,0.8336,0.0,-1.6809648,-0.91196394,-5.169819701222877e-07,0.00046897350694052875,0.0004689737979788333,7e267c0bf303542b
2,day2_n4_softmax_seed43,43,141,3,False,False,True,0.8398,0.0,0.26200828,1.4644558,-2.642227343585546e-07,0.000459036702523008,0.0004590368189383298,7e267c0bf303542b
2,day2_n4_softmax_seed43,43,142,0,False,False,True,0.8402,0.0,-0.11506921,0.5312608,-2.0685966717337578e-07,0.0004612976626958698,0.0004612977209035307,7e267c0bf303542b
2,day2_n4_softmax_seed43,43,142,1,False,False,True,0.8428,0.0,0.37896392,1.5769365,5.804721467939089e-07,0.0004682164581026882,0.00046821683645248413,7e267c0bf303542b
2,day2_n4_softmax_seed43,43,142,2,False,False,True,0.8346,0.0,1.4612572,-1.30976,-4.38844210748357e-07,0.0004717509145848453,0.0004717511183116585,7e267c0bf303542b
2,day2_n4_softmax_seed43,43,142,3,False,False,True,0.8352,0.0,-1.7251519,-0.7984376,7.671140451748215e-07,0.00047556328354403377,0.0004755639238283038,7e267c0bf303542b
2,day2_n4_softmax_seed43,43,143,0,False,False,True,0.8342,0.0,0.14781676,0.21743612,-2.1967397856315074e-07,0.0004568233562167734,0.0004568234144244343,7e267c0bf303542b
2,day2_n4_softmax_seed43,43,143,1,False,False,True,0.8336,0.0,-1.8911928,-0.49470064,-3.543481739143317e-07,0.00048449428868480027,0.0004844943468924612,7e267c0bf303542b
2,day2_n4_softmax_seed43,43,143,2,False,False,True,0.8424,0.0,1.2563525,-1.4333934,-5.378239507081162e-07,0.0004779940063599497,0.00047799432650208473,7e267c0bf303542b
2,day2_n4_softmax_seed43,43,143,3,False,False,True,0.839,0.0,0.48702475,1.7106566,3.419212930566573e-07,0.0004717331612482667,0.0004717332776635885,7e267c0bf303542b
2,day2_n4_softmax_seed43,43,144,0,False,False,True,0.8346,0.0,-0.2497384,-0.9526707,4.0375172716267116e-07,0.0004770800587721169,0.0004770802042912692,7e267c0bf303542b
2,day2_n4_softmax_seed43,43,144,1,False,False,True,0.8362,0.0,-1.439724,1.4401392,-1.7253655926197098e-07,0.000492335413582623,0.000492335413582623,7e267c0bf303542b
2,day2_n4_softmax_seed43,43,144,2,False,False,True,0.8366,0.0,1.8790904,0.84257334,-1.0131883954045406e-07,0.000495186832267791,0.000495186832267791,7e267c0bf303542b
2,day2_n4_softmax_seed43,43,144,3,False,False,True,0.846,0.0,-0.18962793,-1.3300408,-1.0250342796780387e-07,0.0004753110697492957,0.00047531109885312617,7e267c0bf303542b
2,day2_n4_softmax_seed43,43,145,0,False,False,True,0.8346,0.0,-0.676144,0.9531572,5.485412657435518e-07,0.00048295955639332533,0.00048295981832779944,7e267c0bf303542b
2,day2_n4_softmax_seed43,43,145,1,False,False,True,0.8402,0.0,2.0576074,-0.0050908527,2.5516541768411116e-07,0.000495858199428767,0.0004958582576364279,7e267c0bf303542b
2,day2_n4_softmax_seed43,43,145,2,False,False,True,0.8302,0.0,-0.6907617,-1.9138396,-2.0639356534957187e-07,0.0004878632607869804,0.00048786328989081085,7e267c0bf303542b
2,day2_n4_softmax_seed43,43,145,3,False,False,True,0.8372,0.0,-0.690702,0.965773,-9.634016606696605e-08,0.0004818597517441958,0.0004818597517441958,7e267c0bf303542b
2,day2_n4_softmax_seed43,43,146,0,False,False,True,0.8386,0.0,0.6300422,0.16636157,6.803102081676116e-08,0.00047978133079595864,0.00047978133079595864,7e267c0bf303542b
2,day2_n4_softmax_seed43,43,146,1,False,False,True,0.8354,0.0,-2.0803337,0.050147757,-1.369608497725494e-07,0.0005009117885492742,0.0005009117885492742,7e267c0bf303542b
2,day2_n4_softmax_seed43,43,146,2,False,False,True,0.8366,0.0,0.67795247,-1.7663734,-5.804780585094704e-07,0.0004876469902228564,0.0004876473103649914,7e267c0bf303542b
2,day2_n4_softmax_seed43,43,146,3,False,False,True,0.8288,0.0,0.77234197,1.5498644,-6.124371907390014e-07,0.00048736712778918445,0.0004873675061389804,7e267c0bf303542b
2,day2_n4_softmax_seed43,43,147,0,False,False,True,0.84,0.0,-0.019423768,-1.403508,4.454234669992729e-08,0.0004825318756047636,0.0004825318756047636,7e267c0bf303542b
2,day2_n4_softmax_seed43,43,147,1,False,False,True,0.8312,0.0,1.8281761,0.9252938,8.396776962626973e-08,0.0004927240079268813,0.0004927239497192204,7e267c0bf303542b
2,day2_n4_softmax_seed43,43,147,2,False,False,True,0.8368,0.0,-1.4696023,1.377037,-6.362895419442793e-07,0.0004884541849605739,0.0004884545342065394,7e267c0bf303542b
2,day2_n4_softmax_seed43,43,147,3,False,False,True,0.8402,0.0,-0.33915022,-0.8988221,-4.530045600859012e-07,0.0004792204999830574,0.0004792207037098706,7e267c0bf303542b
2,day2_n4_softmax_seed43,43,148,0,False,False,True,0.8396,0.0,-0.53348994,2.0097682,9.797345228435006e-07,0.0005013455520384014,0.0005013465415686369,7e267c0bf303542b
2,day2_n4_softmax_seed43,43,148,1,False,False,True,0.8366,0.0,-0.3290759,-0.4979004,-6.63014887436475e-08,0.0005017003859393299,0.0005017003859393299,7e267c0bf303542b
2,day2_n4_softmax_seed43,43,148,2,False,False,True,0.8314,0.0,-1.1811079,-1.239808,-3.1742226269670937e-07,0.0005049286992289126,0.0005049288156442344,7e267c0bf303542b
2,day2_n4_softmax_seed43,43,148,3,False,False,True,0.8366,0.0,2.0436733,-0.27206033,2.4286904931614117e-07,0.0005059536197222769,0.0005059536779299378,7e267c0bf303542b
2,day2_n4_softmax_seed43,43,149,0,False,False,True,0.8412,0.0,0.5695935,1.7873667,1.8134326040808446e-08,0.0004964179242961109,0.0004964179242961109,7e267c0bf303542b
2,day2_n4_softmax_seed43,43,149,1,False,False,True,0.8344,0.0,1.1163954,-1.574931,3.187014954164624e-07,0.000503065122757107,0.0005030651809647679,7e267c0bf303542b
2,day2_n4_softmax_seed43,43,149,2,False,False,True,0.8352,0.0,-2.0788517,-0.33322254,-1.6563818689974141e-06,0.0005133517552167177,0.0005133543745614588,7e267c0bf303542b
2,day2_n4_softmax_seed43,43,149,3,False,False,True,0.8336,0.0,0.39286208,0.12078777,2.2883675399043568e-07,0.0004888939438387752,0.0004888939438387752,7e267c0bf303542b
2,day2_n4_softmax_seed43,43,150,0,False,False,True,0.8396,0.0,-0.76388407,1.8185909,-4.427234614468034e-07,0.0004996771458536386,0.0004996773204766214,7e267c0bf303542b
2,day2_n4_softmax_seed43,43,150,1,False,False,True,0.8352,0.0,2.1077957,-0.01710813,3.010249542967358e-07,0.000511136488057673,0.0005111365462653339,7e267c0bf303542b
2,day2_n4_softmax_seed43,43,150,2,False,False,True,0.8338,0.0,-0.83944553,-1.5417845,-9.585505722498056e-07,0.0004959525540471077,0.0004959534271620214,7e267c0bf303542b
2,day2_n4_softmax_seed43,43,150,3,False,False,True,0.8344,0.0,-0.5044659,-0.2596978,-7.593214377266122e-07,0.0004877949832007289,0.00048779553617350757,7e267c0bf303542b
2,day2_n4_softmax_seed43,43,151,0,False,False,True,0.8636,0.0,-0.004843313,0.042478763,-6.876840075165092e-08,5.0344951887382194e-05,5.034499554312788e-05,7e267c0bf303542b
2,day2_n4_softmax_seed43,43,151,1,False,False,True,0.8606,0.0,0.031293683,-0.20650288,-5.3875041317041905e-08,5.32979829586111e-05,5.3298004786483943e-05,7e267c0bf303542b
2,day2_n4_softmax_seed43,43,151,2,False,False,True,0.865,0.0,-0.18384327,0.056114286,-1.2504341384556028e-07,5.29720782651566e-05,5.2972220146330073e-05,7e267c0bf303542b
2,day2_n4_softmax_seed43,43,151,3,False,False,True,0.8592,0.0,0.15739292,0.10790962,-6.490923709634444e-08,5.257698649074882e-05,5.2577022870536894e-05,7e267c0bf303542b
2,day2_n4_softmax_seed43,43,152,0,False,False,True,0.8666,0.0,-0.06585901,-0.1262579,-4.718681889670506e-09,4.913503653369844e-05,4.913503289571963e-05,7e267c0bf303542b
2,day2_n4_softmax_seed43,43,152,1,False,False,True,0.8618,0.0,0.19483477,0.061932515,-4.823019494892833e-08,5.1288228860357776e-05,5.128825068823062e-05,7e267c0bf303542b
2,day2_n4_softmax_seed43,43,152,2,False,False,True,0.8636,0.0,-0.12692744,0.16215737,-1.0258943916596763e-07,5.010423774365336e-05,5.010434324503876e-05,7e267c0bf303542b
2,day2_n4_softmax_seed43,43,152,3,False,False,True,0.8588,0.0,-0.0020482831,-0.09783213,-1.0238310466093026e-07,4.834821083932184e-05,4.8348312702728435e-05,7e267c0bf303542b
2,day2_n4_softmax_seed43,43,153,0,False,False,True,0.8594,0.0,-0.0074145924,-0.03898824,4.647598750295856e-09,4.883207657258026e-05,4.8832072934601456e-05,7e267c0bf303542b
2,day2_n4_softmax_seed43,43,153,1,False,False,True,0.8632,0.0,-0.19310413,0.05608291,1.2349579137094224e-08,5.0922692025778815e-05,5.092268838780001e-05,7e267c0bf303542b
2,day2_n4_softmax_seed43,43,153,2,False,False,True,0.863,0.0,0.13787946,0.15432636,-1.089764367634416e-07,5.0512095185695216e-05,5.051221160101704e-05,7e267c0bf303542b
2,day2_n4_softmax_seed43,43,153,3,False,False,True,0.8612,0.0,0.062639184,-0.17142098,-9.931267186402692e-08,4.9435759137850255e-05,4.9435857363278046e-05,7e267c0bf303542b
2,day2_n4_softmax_seed43,43,154,0,False,False,True,0.8632,0.0,0.04669483,0.05472702,-1.6710170314127026e-07,4.922081279801205e-05,4.9221096560359e-05,7e267c0bf303542b
2,day2_n4_softmax_seed43,43,154,1,False,False,True,0.8632,0.0,-0.21211472,-0.007767172,-1.5028832933694503e-07,5.1222334150224924e-05,5.122255606693216e-05,7e267c0bf303542b
2,day2_n4_softmax_seed43,43,154,2,False,False,True,0.8634,0.0,0.083680384,-0.18780527,-9.58747747858979e-08,5.0159742386313155e-05,5.015983333578333e-05,7e267c0bf303542b
2,day2_n4_softmax_seed43,43,154,3,False,False,True,0.8604,0.0,0.08173943,0.14084527,-1.1351255579938879e-07,4.968893699697219e-05,4.9689064326230437e-05,7e267c0bf303542b
2,day2_n4_softmax_seed43,43,155,0,False,False,True,0.8684,0.0,0.12510958,0.17020866,-5.3591296733657146e-08,5.073232750874013e-05,5.073235297459178e-05,7e267c0bf303542b
2,day2_n4_softmax_seed43,43,155,1,False,False,True,0.8654,0.0,-0.20619853,0.05809974,-4.8894364113039046e-08,5.1526600145734847e-05,5.152661833562888e-05,7e267c0bf303542b
2,day2_n4_softmax_seed43,43,155,2,False,False,True,0.8642,0.0,0.042017717,-0.13384616,-1.2415343064731132e-07,5.005086859455332e-05,5.005102138966322e-05,7e267c0bf303542b
2,day2_n4_softmax_seed43,43,155,3,False,False,True,0.8646,0.0,0.039071232,-0.094462045,2.947726507329662e-08,4.941651422996074e-05,4.9416521505918354e-05,7e267c0bf303542b
2,day2_n4_softmax_seed43,43,156,0,False,False,True,0.8652,0.0,-0.13299932,0.16846588,-3.1819556767231916e-08,5.101636998006143e-05,5.101637725601904e-05,7e267c0bf303542b
2,day2_n4_softmax_seed43,43,156,1,False,False,True,0.8624,0.0,0.20426868,0.06573361,-5.566607441664928e-08,5.129154305905104e-05,5.1291572162881494e-05,7e267c0bf303542b
2,day2_n4_softmax_seed43,43,156,2,False,False,True,0.8644,0.0,-0.0153865395,-0.101471566,-2.0592448635170513e-08,5.061379852122627e-05,5.061380215920508e-05,7e267c0bf303542b
2,day2_n4_softmax_seed43,43,156,3,False,False,True,0.8622,0.0,-0.055882953,-0.13272806,-7.515907896049612e-08,5.0451679271645844e-05,5.045173020334914e-05,7e267c0bf303542b
2,day2_n4_softmax_seed43,43,157,0,False,False,True,0.863,0.0,0.091756865,0.17560385,-1.3564054768266942e-07,5.068433529231697e-05,5.068451355327852e-05,7e267c0bf303542b
2,day2_n4_softmax_seed43,43,157,1,False,False,True,0.8628,0.0,-0.21102293,0.035683088,-4.8457966528303587e-08,5.2195071475580335e-05,5.219509330345318e-05,7e267c0bf303542b
2,day2_n4_softmax_seed43,43,157,2,False,False,True,0.8604,0.0,0.099961005,-0.05584207,-1.1535534838458261e-07,4.994467963115312e-05,4.994480696041137e-05,7e267c0bf303542b
2,day2_n4_softmax_seed43,43,157,3,False,False,True,0.8676,0.0,0.019305158,-0.1554449,-1.3740006465923216e-07,4.959620855515823e-05,4.9596397730056196e-05,7e267c0bf303542b
2,day2_n4_softmax_seed43,43,158,0,False,False,True,0.86,0.0,0.20369112,-0.006092101,1.8173896165762926e-08,5.239827441982925e-05,5.239827441982925e-05,7e267c0bf303542b
2,day2_n4_softmax_seed43,43,158,1,False,False,True,0.8646,0.0,-0.1097688,0.17010418,-3.95620105564376e-08,5.154069003765471e-05,5.154070458956994e-05,7e267c0bf303542b
2,day2_n4_softmax_seed43,43,158,2,False,False,True,0.8608,0.0,-0.108342856,-0.18147253,-1.6984053274882172e-07,5.160052023711614e-05,5.160080036148429e-05,7e267c0bf303542b
2,day2_n4_softmax_seed43,43,158,3,False,False,True,0.8598,0.0,0.014420537,0.017460374,-8.489131175792863e-08,5.024914935347624e-05,5.0249218475073576e-05,7e267c0bf303542b
2,day2_n4_softmax_seed43,43,159,0,False,False,True,0.8642,0.0,0.0471073,-0.057085708,-1.0826058627344537e-07,5.0447761168470606e-05,5.0447873945813626e-05,7e267c0bf303542b
2,day2_n4_softmax_seed43,43,159,1,False,False,True,0.86,0.0,0.08883961,0.19434538,-4.880437032284135e-08,5.2179308113409206e-05,5.217932994128205e-05,7e267c0bf303542b
2,day2_n4_softmax_seed43,43,159,2,False,False,True,0.8606,0.0,-0.21906951,0.010480178,-8.098193404748599e-08,5.252294067759067e-05,5.252300252323039e-05,7e267c0bf303542b
2,day2_n4_softmax_seed43,43,159,3,False,False,True,0.8596,0.0,0.08312261,-0.14773992,-6.2892830499095e-08,5.1619270379887894e-05,5.161930312169716e-05,7e267c0bf303542b
2,day2_n4_softmax_seed43,43,160,0,False,False,True,0.8648,0.0,0.099661104,0.19185205,-3.7277619213682556e-08,5.231828254181892e-05,5.231829345575534e-05,7e267c0bf303542b
2,day2_n4_softmax_seed43,43,160,1,False,False,True,0.8632,0.0,-0.22195101,0.0269698,-7.39660634963002e-08,5.3068964916747063e-05,5.306901948642917e-05,7e267c0bf303542b
2,day2_n4_softmax_seed43,43,160,2,False,False,True,0.8622,0.0,0.057540316,-0.14348514,-1.6331061658547696e-07,5.180348307476379e-05,5.1803737733280286e-05,7e267c0bf303542b
2,day2_n4_softmax_seed43,43,160,3,False,False,True,0.862,0.0,0.0647496,-0.075336814,-6.568384947058803e-08,5.128259363118559e-05,5.128263364895247e-05,7e267c0bf303542b
2,day2_n4_softmax_seed43,43,161,0,False,False,True,0.866,0.0,0.047553185,0.0775759,-1.3246450691895006e-07,5.2038660214748234e-05,5.203882756177336e-05,7e267c0bf303542b
2,day2_n4_softmax_seed43,43,161,1,False,False,True,0.8624,0.0,-0.033211198,-0.2222232,2.984435809594288e-08,5.347145997802727e-05,5.3471463616006076e-05,7e267c0bf303542b
2,day2_n4_softmax_seed43,43,161,2,False,False,True,0.862,0.0,0.17281078,0.04445408,-1.5729459335034335e-07,5.2921557653462514e-05,5.2921783208148554e-05,7e267c0bf303542b
2,day2_n4_softmax_seed43,43,161,3,False,False,True,0.8636,0.0,-0.18715288,0.10019311,1.3535074394610547e-08,5.3284329624148086e-05,5.3284329624148086e-05,7e267c0bf303542b
2,day2_n4_softmax_seed43,43,162,0,False,False,True,0.8644,0.0,0.2246984,0.022701036,4.095167316364723e-09,5.392576349549927e-05,5.392575985752046e-05,7e267c0bf303542b
2,day2_n4_softmax_seed43,43,162,1,False,False,True,0.8654,0.0,-0.06062236,-0.17580149,-8.218350444622047e-08,5.238178709987551e-05,5.238184894551523e-05,7e267c0bf303542b
2,day2_n4_softmax_seed43,43,162,2,False,False,True,0.8622,0.0,-0.0968493,0.18451923,-6.756336290436593e-08,5.289112959872e-05,5.289116961648688e-05,7e267c0bf303542b
2,day2_n4_softmax_seed43,43,162,3,False,False,True,0.861,0.0,-0.06722668,-0.031418666,-1.2313041963807336e-07,5.1952683861600235e-05,5.195282574277371e-05,7e267c0bf303542b
2,day2_n4_softmax_seed43,43,163,0,False,False,True,0.8658,0.0,-0.07054443,0.1810023,4.587653634757771e-08,5.2721348765771836e-05,5.272137059364468e-05,7e267c0bf303542b
2,day2_n4_softmax_seed43,43,163,1,False,False,True,0.8596,0.0,-0.149593,-0.17100467,-1.1434237023877358e-07,5.471001713885926e-05,5.4710133554181084e-05,7e267c0bf303542b
2,day2_n4_softmax_seed43,43,163,2,False,False,True,0.862,0.0,0.20684136,-0.06551165,-8.795534967021013e-08,5.4635129345115274e-05,5.4635202104691416e-05,7e267c0bf303542b
2,day2_n4_softmax_seed43,43,163,3,False,False,True,0.8604,0.0,0.0132961795,0.05551389,-1.5778199724536535e-07,5.066875019110739e-05,5.066899393568747e-05,7e267c0bf303542b
2,day2_n4_softmax_seed43,43,164,0,False,False,True,0.8624,0.0,0.01694837,0.21775001,4.636098793753263e-08,5.36278348590713e-05,5.362784941098653e-05,7e267c0bf303542b
2,day2_n4_softmax_seed43,43,164,1,False,False,True,0.8626,0.0,0.20343745,-0.099839486,-3.0971531117529594e-08,5.4475549404742196e-05,5.447555668069981e-05,7e267c0bf303542b
2,day2_n4_softmax_seed43,43,164,2,False,False,True,0.8626,0.0,-0.06605175,-0.017863665,-8.730166456416555e-08,5.287252861307934e-05,5.2872597734676674e-05,7e267c0bf303542b
2,day2_n4_softmax_seed43,43,164,3,False,False,True,0.8602,0.0,-0.15433405,-0.10004697,-6.61752963537765e-08,5.346684338292107e-05,5.346688340068795e-05,7e267c0bf303542b
2,day2_n4_softmax_seed43,43,165,0,False,False,True,0.8642,0.0,-0.044211768,-0.112682946,1.0189348254030506e-09,5.307130777509883e-05,5.307131141307764e-05,7e267c0bf303542b
2,day2_n4_softmax_seed43,43,165,1,False,False,True,0.8636,0.0,-0.14308107,0.17762502,-1.554894453192901e-07,5.410336234490387e-05,5.41035806236323e-05,7e267c0bf303542b
2,day2_n4_softmax_seed43,43,165,2,False,False,True,0.8618,0.0,-0.031003578,-0.13882671,-1.7177720224026416e-07,5.34130958840251e-05,5.341336873243563e-05,7e267c0bf303542b
2,day2_n4_softmax_seed43,43,165,3,False,False,True,0.8624,0.0,0.21829635,0.07388461,-5.12420506026956e-08,5.498008613358252e-05,5.498010796145536e-05,7e267c0bf303542b
2,day2_n4_softmax_seed43,43,166,0,False,False,True,0.8644,0.0,0.042220306,0.016200937,-1.064261638816788e-07,5.252496339380741e-05,5.252506889519282e-05,7e267c0bf303542b
2,day2_n4_softmax_seed43,43,166,1,False,False,True,0.8652,0.0,-0.22883815,0.004605855,-6.891453097068734e-08,5.535357558983378e-05,5.535361560760066e-05,7e267c0bf303542b
2,day2_n4_softmax_seed43,43,166,2,False,False,True,0.8602,0.0,0.08696214,-0.19249886,-8.585185895526593e-08,5.343883822206408e-05,5.3438903705682606e-05,7e267c0bf303542b
2,day2_n4_softmax_seed43,43,166,3,False,False,True,0.864,0.0,0.09965578,0.17169203,-7.719405203943097e-08,5.311626955517568e-05,5.311632776283659e-05,7e267c0bf303542b
2,day2_n4_softmax_seed43,43,167,0,False,False,True,0.8636,0.0,-0.022518108,-0.17738415,-3.6929133528929015e-08,5.3928946726955473e-05,5.39289612788707e-05,7e267c0bf303542b
2,day2_n4_softmax_seed43,43,167,1,False,False,True,0.863,0.0,-0.18976764,0.1347201,-3.6938732961289134e-08,5.5250948207685724e-05,5.5250959121622145e-05,7e267c0bf303542b
2,day2_n4_softmax_seed43,43,167,2,False,False,True,0.8632,0.0,0.018936997,-0.076383285,-3.5356254812768384e-08,5.336325193638913e-05,5.3363262850325555e-05,7e267c0bf303542b
2,day2_n4_softmax_seed43,43,167,3,False,False,True,0.8632,0.0,0.1933485,0.119047396,-1.4132860215454457e-08,5.5487817007815465e-05,5.5487817007815465e-05,7e267c0bf303542b
2,day2_n4_softmax_seed43,43,168,0,False,False,True,0.8646,0.0,0.2231905,0.06812323,1.0779861447929306e-08,5.602716191788204e-05,5.602715827990323e-05,7e267c0bf303542b
2,day2_n4_softmax_seed43,43,168,1,False,False,True,0.8634,0.0,-0.02047302,-0.08554407,2.7887246289992618e-08,5.4218977311393246e-05,5.421898094937205e-05,7e267c0bf303542b
2,day2_n4_softmax_seed43,43,168,2,False,False,True,0.8624,0.0,-0.057328325,-0.16378497,-1.4688868077428197e-07,5.4470860050059855e-05,5.4471060138894245e-05,7e267c0bf303542b
2,day2_n4_softmax_seed43,43,168,3,False,False,True,0.863,0.0,-0.14538905,0.18120565,-5.0779512150711525e-08,5.5174703447846696e-05,5.5174728913698345e-05,7e267c0bf303542b
2,day2_n4_softmax_seed43,43,169,0,False,False,True,0.8644,0.0,0.23077069,0.029319685,9.083496621542508e-09,5.681368929799646e-05,5.681368929799646e-05,7e267c0bf303542b
2,day2_n4_softmax_seed43,43,169,1,False,False,True,0.86,0.0,-0.06956332,-0.21792562,-1.8008624591558942e-09,5.566468826145865e-05,5.566468462347984e-05,7e267c0bf303542b
2,day2_n4_softmax_seed43,43,169,2,False,False,True,0.8604,0.0,-0.1354877,0.15555418,-5.234101507767264e-08,5.59979525860399e-05,5.599797441391274e-05,7e267c0bf303542b
2,day2_n4_softmax_seed43,43,169,3,False,False,True,0.86,0.0,-0.025719667,0.033051785,-9.144343238176589e-08,5.41998706466984e-05,5.419994704425335e-05,7e267c0bf303542b
2,day2_n4_softmax_seed43,43,170,0,False,False,True,0.8622,0.0,-0.05614099,-0.027089747,-1.8177651384121418e-08,5.3610376198776066e-05,5.3610376198776066e-05,7e267c0bf303542b
2,day2_n4_softmax_seed43,43,170,1,False,False,True,0.8624,0.0,0.008031052,0.22985992,-1.1575001401809004e-08,5.609462459688075e-05,5.609462459688075e-05,7e267c0bf303542b
2,day2_n4_softmax_seed43,43,170,2,False,False,True,0.86,0.0,-0.16364767,-0.10540947,-1.2845261210259196e-07,5.528791371034458e-05,5.5288062867475674e-05,7e267c0bf303542b
2,day2_n4_softmax_seed43,43,170,3,False,False,True,0.8634,0.0,0.21175759,-0.09736069,-3.8203847196882634e-08,5.613561370410025e-05,5.613562461803667e-05,7e267c0bf303542b
2,day2_n4_softmax_seed43,43,171,0,False,False,True,0.8628,0.0,0.036389697,0.17687511,-7.235392729398882e-08,5.636216883431189e-05,5.636221249005757e-05,7e267c0bf303542b
2,day2_n4_softmax_seed43,43,171,1,False,False,True,0.8608,0.0,-0.23359387,-0.05618337,-2.2031953150758454e-08,5.7185301557183266e-05,5.7185301557183266e-05,7e267c0bf303542b
2,day2_n4_softmax_seed43,43,171,2,False,False,True,0.862,0.0,0.12802789,-0.19050482,-9.755984109460769e-08,5.687259545084089e-05,5.6872675486374646e-05,7e267c0bf303542b
2,day2_n4_softmax_seed43,43,171,3,False,False,True,0.8584,0.0,0.069176376,0.06981289,-1.3720392644245294e-07,5.533930016099475e-05,5.5339471145998687e-05,7e267c0bf303542b
2,day2_n4_softmax_seed43,43,172,0,False,False,True,0.8636,0.0,0.21693687,-0.09933969,6.237505800754661e-08,5.754642916144803e-05,5.7546461903257295e-05,7e267c0bf303542b
2,day2_n4_softmax_seed43,43,172,1,False,False,True,0.8638,0.0,-0.16819228,-0.13484299,-2.6864631408329842e-08,5.639381561195478e-05,5.6393819249933586e-05,7e267c0bf303542b
2,day2_n4_softmax_seed43,43,172,2,False,False,True,0.8608,0.0,-0.0010403465,0.21520665,-3.108224788661573e-08,5.592926754616201e-05,5.5929271184140816e-05,7e267c0bf303542b
2,day2_n4_softmax_seed43,43,172,3,False,False,True,0.8624,0.0,-0.04770389,0.018976131,-6.828921783608166e-08,5.296549716149457e-05,5.296554081724025e-05,7e267c0bf303542b
2,day2_n4_softmax_seed43,43,173,0,False,False,True,0.861,0.0,-0.08151126,0.2151728,1.2627211276594608e-08,5.586314364336431e-05,5.58631400053855e-05,7e267c0bf303542b
2,day2_n4_softmax_seed43,43,173,1,False,False,True,0.86,0.0,-0.04924461,-0.15448308,-2.0558334767883935e-07,5.623338438454084e-05,5.623375909635797e-05,7e267c0bf303542b
2,day2_n4_softmax_seed43,43,173,2,False,False,True,0.8636,0.0,-0.10759624,-0.070522375,-1.1185323245399559e-07,5.64127549296245e-05,5.6412860431009904e-05,7e267c0bf303542b
2,day2_n4_softmax_seed43,43,173,3,False,False,True,0.8614,0.0,0.23835196,0.009832528,-5.578952055884656e-08,5.665426215273328e-05,5.6654283980606124e-05,7e267c0bf303542b
2,day2_n4_softmax_seed43,43,174,0,False,False,True,0.8638,0.0,0.050725862,-0.063953266,7.028259574326512e-08,5.595795300905593e-05,5.595799666480161e-05,7e267c0bf303542b
2,day2_n4_softmax_seed43,43,174,1,False,False,True,0.8608,0.0,0.15323167,0.16864347,1.5152632926174192e-08,5.6494180171284825e-05,5.649418380926363e-05,7e267c0bf303542b
2,day2_n4_softmax_seed43,43,174,2,False,False,True,0.86,0.0,-0.22412343,0.08386058,-7.115669120594248e-08,5.626684651360847e-05,5.626688653137535e-05,7e267c0bf303542b
2,day2_n4_softmax_seed43,43,174,3,False,False,True,0.859,0.0,0.020165976,-0.18855077,-6.614325975817792e-09,5.5967077059904113e-05,5.5967077059904113e-05,7e267c0bf303542b
2,day2_n4_softmax_seed43,43,175,0,False,False,True,0.8594,0.0,-0.1833433,0.15142854,-9.557403757298744e-08,5.8471166994422674e-05,5.8471239753998816e-05,7e267c0bf303542b
2,day2_n4_softmax_seed43,43,175,1,False,False,True,0.8618,0.0,0.21756959,0.11209046,-3.9381323091447484e-08,5.880453682038933e-05,5.880454773432575e-05,7e267c0bf303542b
2,day2_n4_softmax_seed43,43,175,2,False,False,True,0.8644,0.0,-0.0085128825,-0.1976711,-9.30053367653727e-09,5.685620635631494e-05,5.6856202718336135e-05,7e267c0bf303542b
2,day2_n4_softmax_seed43,43,175,3,False,False,True,0.8578,0.0,-0.025713423,-0.065847985,-7.943738467020012e-08,5.5623440857743844e-05,5.562349906540476e-05,7e267c0bf303542b
2,day2_n4_softmax_seed43,43,176,0,False,False,True,0.8644,0.0,-0.051658843,0.16615127,-2.0731146577190884e-08,5.614331166725606e-05,5.6143315305234864e-05,7e267c0bf303542b
2,day2_n4_softmax_seed43,43,176,1,False,False,True,0.8622,0.0,0.23478018,-0.055117626,5.786675139063391e-09,5.7672790717333555e-05,5.7672790717333555e-05,7e267c0bf303542b
2,day2_n4_softmax_seed43,43,176,2,False,False,True,0.8612,0.0,-0.13184525,-0.19648129,-1.1086817153227457e-07,5.6917459005489945e-05,5.691756450687535e-05,7e267c0bf303542b
2,day2_n4_softmax_seed43,43,176,3,False,False,True,0.86,0.0,-0.051276162,0.08544742,-1.2481502942307543e-08,5.4885858844500035e-05,5.4885858844500035e-05,7e267c0bf303542b
2,day2_n4_softmax_seed43,43,177,0,False,False,True,0.8618,0.0,0.004028206,0.24716122,1.078651656882812e-08,5.922447599004954e-05,5.922447599004954e-05,7e267c0bf303542b
2,day2_n4_softmax_seed43,43,177,1,False,False,True,0.8608,0.0,-0.15558273,-0.10765157,2.716822145032438e-08,5.887053703190759e-05,5.887053703190759e-05,7e267c0bf303542b
2,day2_n4_softmax_seed43,43,177,2,False,False,True,0.8628,0.0,0.23329899,-0.092522115,-1.429573188715949e-07,6.011361620039679e-05,6.0113787185400724e-05,7e267c0bf303542b
2,day2_n4_softmax_seed43,43,177,3,False,False,True,0.8584,0.0,-0.08174439,-0.046987634,7.900111675951393e-09,5.830775262438692e-05,5.8307748986408114e-05,7e267c0bf303542b
2,day2_n4_softmax_seed43,43,178,0,False,False,True,0.8646,0.0,0.03585674,0.05429008,6.391049822696004e-08,5.7456411013845354e-05,5.745644375565462e-05,7e267c0bf303542b
2,day2_n4_softmax_seed43,43,178,1,False,False,True,0.8634,0.0,-0.2461438,0.010326236,3.936358794476291e-08,5.9998703363817185e-05,5.99987106397748e-05,7e267c0bf303542b
2,day2_n4_softmax_seed43,43,178,2,False,False,True,0.8622,0.0,0.08615203,-0.226844,-1.5976110034898738e-07,5.851028981851414e-05,5.851050445926376e-05,7e267c0bf303542b
2,day2_n4_softmax_seed43,43,178,3,False,False,True,0.8586,0.0,0.124135084,0.1622277,8.342712298770039e-09,5.7928700698539615e-05,5.792869706056081e-05,7e267c0bf303542b
2,day2_n4_softmax_seed43,43,179,0,False,False,True,0.865,0.0,0.04131022,0.00045716163,-1.0080873913409505e-08,5.734132355428301e-05,5.7341316278325394e-05,7e267c0bf303542b
2,day2_n4_softmax_seed43,43,179,1,False,False,True,0.8624,0.0,0.115076184,0.19577065,-6.597027635280028e-08,5.890809916309081e-05,5.8908131904900074e-05,7e267c0bf303542b
2,day2_n4_softmax_seed43,43,179,2,False,False,True,0.8604,0.0,-0.248246,0.013295912,-8.778819449162256e-08,5.955807137070224e-05,5.9558136854320765e-05,7e267c0bf303542b
2,day2_n4_softmax_seed43,43,179,3,False,False,True,0.8596,0.0,0.09185958,-0.2095238,2.3481765420996226e-09,5.8678800996858627e-05,5.8678800996858627e-05,7e267c0bf303542b
2,day2_n4_softmax_seed43,43,180,0,False,False,True,0.8626,0.0,0.04492423,0.10366157,6.4410690114868885e-09,5.8087578509002924e-05,5.8087578509002924e-05,7e267c0bf303542b
2,day2_n4_softmax_seed43,43,180,1,False,False,True,0.8626,0.0,0.19720629,-0.13921823,-9.053635063871468e-10,5.909272294957191e-05,5.909272294957191e-05,7e267c0bf303542b
2,day2_n4_softmax_seed43,43,180,2,False,False,True,0.8616,0.0,-0.20573866,-0.14226286,-6.590477141799056e-08,5.985190000501461e-05,5.985193274682388e-05,7e267c0bf303542b
2,day2_n4_softmax_seed43,43,180,3,False,False,True,0.862,0.0,-0.03639175,0.17781958,-1.2447836184037442e-07,5.8340097893960774e-05,5.834022522321902e-05,7e267c0bf303542b
2,day2_n4_softmax_seed43,43,181,0,False,False,True,0.862,0.0,-0.0054486943,-0.16732313,-3.418001170985008e-08,5.8307959989178926e-05,5.830797090311535e-05,7e267c0bf303542b
2,day2_n4_softmax_seed43,43,181,1,False,False,True,0.8604,0.0,0.22766955,0.11301037,-6.871182023360234e-08,6.118040619185194e-05,6.118044257164001e-05,7e267c0bf303542b
2,day2_n4_softmax_seed43,43,181,2,False,False,True,0.8608,0.0,-0.18147969,0.17356983,-6.831390919614932e-08,6.043106986908242e-05,6.043110624887049e-05,7e267c0bf303542b
2,day2_n4_softmax_seed43,43,181,3,False,False,True,0.8608,0.0,-0.040741283,-0.11925705,-5.7179583734523476e-08,5.737813626183197e-05,5.737816172768362e-05,7e267c0bf303542b
2,day2_n4_softmax_seed43,43,182,0,False,False,True,0.8598,0.0,-0.018889736,0.1972454,-1.936972005012194e-08,5.848502041772008e-05,5.848502041772008e-05,7e267c0bf303542b
2,day2_n4_softmax_seed43,43,182,1,False,False,True,0.8614,0.0,-0.20784542,-0.13869356,-1.1398139321272538e-07,5.976291868137196e-05,5.976302418275736e-05,7e267c0bf303542b
2,day2_n4_softmax_seed43,43,182,2,False,False,True,0.8588,0.0,0.20112734,-0.13446662,-1.134255782631044e-07,5.930261249886826e-05,5.930272163823247e-05,7e267c0bf303542b
2,day2_n4_softmax_seed43,43,182,3,False,False,True,0.861,0.0,0.025607722,0.0759147,-9.45817575370711e-08,5.739038169849664e-05,5.739045809605159e-05,7e267c0bf303542b
2,day2_n4_softmax_seed43,43,183,0,False,False,True,0.8638,0.0,-0.061326828,0.24256542,-6.066766644607924e-08,5.983782830298878e-05,5.983785740681924e-05,7e267c0bf303542b
2,day2_n4_softmax_seed43,43,183,1,False,False,True,0.8582,0.0,-0.17878293,-0.14639233,-5.348649523284621e-09,6.01453757553827e-05,6.01453757553827e-05,7e267c0bf303542b
2,day2_n4_softmax_seed43,43,183,2,False,False,True,0.8602,0.0,0.011807005,-0.04923855,-5.5620564154423846e-08,5.944174699834548e-05,5.9441765188239515e-05,7e267c0bf303542b
2,day2_n4_softmax_seed43,43,183,3,False,False,True,0.8618,0.0,0.22830284,-0.04693468,2.230119378054951e-08,6.042149107088335e-05,6.0421494708862156e-05,7e267c0bf303542b
2,day2_n4_softmax_seed43,43,184,0,False,False,True,0.861,0.0,0.0072605293,0.018634817,-1.0126667149279456e-07,5.856809366378002e-05,5.8568173699313775e-05,7e267c0bf303542b
2,day2_n4_softmax_seed43,43,184,1,False,False,True,0.861,0.0,-0.2414885,-0.05287913,-1.5097681682618713e-07,6.13744487054646e-05,6.137463788036257e-05,7e267c0bf303542b
2,day2_n4_softmax_seed43,43,184,2,False,False,True,0.859,0.0,0.15868558,-0.18632838,9.256694077919292e-09,6.040595690137707e-05,6.040595326339826e-05,7e267c0bf303542b
2,day2_n4_softmax_seed43,43,184,3,False,False,True,0.859,0.0,0.07554264,0.22057249,-1.3670437226664944e-07,6.022713569109328e-05,6.022728848620318e-05,7e267c0bf303542b
2,day2_n4_softmax_seed43,43,185,0,False,False,True,0.8624,0.0,-0.07499225,-0.18062109,2.1317562826084213e-08,5.95855999563355e-05,5.95855999563355e-05,7e267c0bf303542b
2,day2_n4_softmax_seed43,43,185,1,False,False,True,0.8618,0.0,0.26167816,0.009875131,3.537933324082587e-08,6.27676781732589e-05,6.276768544921651e-05,7e267c0bf303542b
2,day2_n4_softmax_seed43,43,185,2,False,False,True,0.861,0.0,-0.09403641,0.22335023,-8.366124859549018e-08,6.042949462425895e-05,6.0429552831919864e-05,7e267c0bf303542b
2,day2_n4_softmax_seed43,43,185,3,False,False,True,0.8614,0.0,-0.09264976,-0.05260417,-1.3417734123777336e-07,5.9106849221279845e-05,5.9106998378410935e-05,7e267c0bf303542b
2,day2_n4_softmax_seed43,43,186,0,False,False,True,0.8622,0.0,-0.20827013,0.14060913,-7.385144940030841e-09,6.083869084250182e-05,6.083868720452301e-05,7e267c0bf303542b
2,day2_n4_softmax_seed43,43,186,1,False,False,True,0.862,0.0,-0.008920548,-0.21586667,-1.2025030571294337e-07,6.0176818806212395e-05,6.017693522153422e-05,7e267c0bf303542b
2,day2_n4_softmax_seed43,43,186,2,False,False,True,0.8622,0.0,0.004772849,-0.054771267,-7.183960093470887e-08,5.954729567747563e-05,5.954733569524251e-05,7e267c0bf303542b
2,day2_n4_softmax_seed43,43,186,3,False,False,True,0.8598,0.0,0.21241802,0.13002875,-1.600989492089866e-07,6.049323928891681e-05,6.0493446653708816e-05,7e267c0bf303542b
2,day2_n4_softmax_seed43,43,187,0,False,False,True,0.8626,0.0,-0.08448691,0.23585948,-1.2365109114398365e-07,6.013251550029963e-05,6.0132635553600267e-05,7e267c0bf303542b
2,day2_n4_softmax_seed43,43,187,1,False,False,True,0.8624,0.0,0.25620887,-0.011853909,-3.084320354673764e-08,6.206192483659834e-05,6.206192483659834e-05,7e267c0bf303542b
2,day2_n4_softmax_seed43,43,187,2,False,False,True,0.8612,0.0,-0.048607484,-0.061930016,-6.311195477337606e-08,5.8844583691097796e-05,5.8844609156949446e-05,7e267c0bf303542b
2,day2_n4_softmax_seed43,43,187,3,False,False,True,0.8596,0.0,-0.12311455,-0.16207546,-3.059474451561073e-08,6.074458360671997e-05,6.074459452065639e-05,7e267c0bf303542b
2,day2_n4_softmax_seed43,43,188,0,False,False,True,0.8644,0.0,-0.07150698,0.23452857,7.925637035555155e-09,6.051618038327433e-05,6.051617310731672e-05,7e267c0bf303542b
2,day2_n4_softmax_seed43,43,188,1,False,False,True,0.8622,0.0,0.202169,-0.07893852,-3.339355103548769e-08,6.12291187280789e-05,6.12291187280789e-05,7e267c0bf303542b
2,day2_n4_softmax_seed43,43,188,2,False,False,True,0.8614,0.0,-0.1991711,-0.16209151,-1.0690194329754377e-07,6.129858229542151e-05,6.12986768828705e-05,7e267c0bf303542b
2,day2_n4_softmax_seed43,43,188,3,False,False,True,0.8588,0.0,0.06850923,0.0065014553,-1.584158582090822e-08,5.941314157098532e-05,5.941314157098532e-05,7e267c0bf303542b
2,day2_n4_softmax_seed43,43,189,0,False,False,True,0.8608,0.0,0.023660244,0.0940664,-3.05242124909455e-08,6.042425229679793e-05,6.0424259572755545e-05,7e267c0bf303542b
2,day2_n4_softmax_seed43,43,189,1,False,False,True,0.862,0.0,0.19009131,-0.17656131,-6.418686382403394e-08,6.254113395698369e-05,6.254117033677176e-05,7e267c0bf303542b
2,day2_n4_softmax_seed43,43,189,2,False,False,True,0.8622,0.0,0.02337045,0.19539317,2.461894910155138e-09,6.10716815572232e-05,6.10716815572232e-05,7e267c0bf303542b
2,day2_n4_softmax_seed43,43,189,3,False,False,True,0.8588,0.0,-0.23712185,-0.11289852,4.5298971684815115e-08,6.289890734478831e-05,6.289892189670354e-05,7e267c0bf303542b
2,day2_n4_softmax_seed43,43,190,0,False,False,True,0.8618,0.0,-0.029380506,-0.0023829571,-3.5383116880893795e-08,5.820163642056286e-05,5.820164369652048e-05,7e267c0bf303542b
2,day2_n4_softmax_seed43,43,190,1,False,False,True,0.8604,0.0,-0.06708435,0.22783068,-8.471507584317806e-08,6.025527909514494e-05,6.0255337302805856e-05,7e267c0bf303542b
2,day2_n4_softmax_seed43,43,190,2,False,False,True,0.86,0.0,0.24560095,-0.04663506,-5.212956466493779e-08,6.114256393630058e-05,6.114258576417342e-05,7e267c0bf303542b
2,day2_n4_softmax_seed43,43,190,3,False,False,True,0.8596,0.0,-0.14913651,-0.17881252,-1.616466960285834e-08,6.011311779730022e-05,6.011311779730022e-05,7e267c0bf303542b
2,day2_n4_softmax_seed43,43,191,0,False,False,True,0.8594,0.0,-0.0054732603,0.257056,2.4768362916205433e-09,6.129840767243877e-05,6.129840767243877e-05,7e267c0bf303542b
2,day2_n4_softmax_seed43,43,191,1,False,False,True,0.864,0.0,0.24735472,-0.080128595,-5.0824681352423795e-08,6.20703722233884e-05,6.207039405126125e-05,7e267c0bf303542b
2,day2_n4_softmax_seed43,43,191,2,False,False,True,0.86,0.0,-0.12448684,-0.064406455,-4.799494135454552e-08,6.109176320023835e-05,6.109177775215358e-05,7e267c0bf303542b
2,day2_n4_softmax_seed43,43,191,3,False,False,True,0.8624,0.0,-0.117394805,-0.11252087,3.53252822549166e-08,6.04294691584073e-05,6.0429476434364915e-05,7e267c0bf303542b
2,day2_n4_softmax_seed43,43,192,0,False,False,True,0.8624,0.0,-0.14324813,0.12651503,-3.1487118690165516e-08,6.15179815213196e-05,6.151798879727721e-05,7e267c0bf303542b
2,day2_n4_softmax_seed43,43,192,1,False,False,True,0.8612,0.0,-0.09135146,-0.24338616,-5.056873586539723e-09,6.160413613542914e-05,6.160413613542914e-05,7e267c0bf303542b
2,day2_n4_softmax_seed43,43,192,2,False,False,True,0.8618,0.0,0.2520807,-0.0076702368,-9.844723791729848e-08,6.24162785243243e-05,6.241635128390044e-05,7e267c0bf303542b
2,day2_n4_softmax_seed43,43,192,3,False,False,True,0.8618,0.0,-0.01748115,0.1245413,-5.2620205082121174e-08,6.102315819589421e-05,6.1023180023767054e-05,7e267c0bf303542b
2,day2_n4_softmax_seed43,43,193,0,False,False,True,0.8622,0.0,-0.16508722,-0.11002139,-6.541637009860324e-09,6.299791130004451e-05,6.299791130004451e-05,7e267c0bf303542b
2,day2_n4_softmax_seed43,43,193,1,False,False,True,0.8598,0.0,0.2533488,-0.042860974,-8.494917547174907e-10,6.348060560412705e-05,6.348059832816944e-05,7e267c0bf303542b
2,day2_n4_softmax_seed43,43,193,2,False,False,True,0.861,0.0,-0.042614583,-0.107406445,6.3740128730671586e-09,6.20863211224787e-05,6.20863211224787e-05,7e267c0bf303542b
2,day2_n4_softmax_seed43,43,193,3,False,False,True,0.8598,0.0,-0.045647122,0.26028857,2.2243842323632634e-08,6.244699761737138e-05,6.244699761737138e-05,7e267c0bf303542b
2,day2_n4_softmax_seed43,43,194,0,False,False,True,0.8632,0.0,0.17514524,0.18094261,-9.204419626485105e-08,6.231738370843232e-05,6.231744919205084e-05,7e267c0bf303542b
2,day2_n4_softmax_seed43,43,194,1,False,False,True,0.864,0.0,-0.2366542,0.11172803,-1.3048760649780888e-07,6.31261063972488e-05,6.312623736448586e-05,7e267c0bf303542b
2,day2_n4_softmax_seed43,43,194,2,False,False,True,0.858,0.0,-0.019485759,-0.18366231,-6.143777397937811e-08,6.119105819379911e-05,6.119108729762957e-05,7e267c0bf303542b
2,day2_n4_softmax_seed43,43,194,3,False,False,True,0.8602,0.0,0.080994815,-0.10900847,-4.854467761106207e-08,6.085528002586216e-05,6.0855294577777386e-05,7e267c0bf303542b
2,day2_n4_softmax_seed43,43,195,0,False,False,True,0.8636,0.0,0.034050886,0.20466232,1.0569792863179828e-07,6.205204408615828e-05,6.205213139764965e-05,7e267c0bf303542b
2,day2_n4_softmax_seed43,43,195,1,False,False,True,0.86,0.0,-0.26205775,-0.07868409,-1.2068502641682244e-08,6.552047852892429e-05,6.552047852892429e-05,7e267c0bf303542b
2,day2_n4_softmax_seed43,43,195,2,False,False,True,0.863,0.0,0.16118662,-0.2031534,-6.689578668783724e-08,6.378372927429155e-05,6.3783758378122e-05,7e267c0bf303542b
2,day2_n4_softmax_seed43,43,195,3,False,False,True,0.8632,0.0,0.0668205,0.077175364,-8.021429920290757e-08,6.094359923736192e-05,6.094364289310761e-05,7e267c0bf303542b
2,day2_n4_softmax_seed43,43,196,0,False,False,True,0.8626,0.0,-0.021915438,-0.02922371,-8.070778534374767e-08,6.26661058049649e-05,6.26661567366682e-05,7e267c0bf303542b
2,day2_n4_softmax_seed43,43,196,1,False,False,True,0.8608,0.0,0.2498536,-0.07061857,1.2951778316505624e-08,6.395952368620783e-05,6.395952368620783e-05,7e267c0bf303542b
2,day2_n4_softmax_seed43,43,196,2,False,False,True,0.8624,0.0,-0.1825269,-0.15707757,-8.96802205829772e-08,6.449298962252215e-05,6.449304783018306e-05,7e267c0bf303542b
2,day2_n4_softmax_seed43,43,196,3,False,False,True,0.8598,0.0,-0.04541109,0.25692004,7.400517088029801e-09,6.392212526407093e-05,6.392212526407093e-05,7e267c0bf303542b
2,day2_n4_softmax_seed43,43,197,0,False,False,True,0.862,0.0,0.23891827,-0.0595135,-1.392581197023901e-07,6.431715155486017e-05,6.431730434997007e-05,7e267c0bf303542b
2,day2_n4_softmax_seed43,43,197,1,False,False,True,0.857,0.0,-0.09696051,-0.21482268,-9.10865409764483e-08,6.375593511620536e-05,6.375599332386628e-05,7e267c0bf303542b
2,day2_n4_softmax_seed43,43,197,2,False,False,True,0.859,0.0,-0.17175327,0.07335425,-1.1373718855622883e-08,6.28228735877201e-05,6.28228735877201e-05,7e267c0bf303542b
2,day2_n4_softmax_seed43,43,197,3,False,False,True,0.8598,0.0,0.029795585,0.20098217,2.958208611403279e-08,6.321226101135835e-05,6.321226828731596e-05,7e267c0bf303542b
2,day2_n4_softmax_seed43,43,198,0,False,False,True,0.8594,0.0,0.24675702,-0.09782206,-1.9409220897159685e-08,6.352484342642128e-05,6.352484342642128e-05,7e267c0bf303542b
2,day2_n4_softmax_seed43,43,198,1,False,False,True,0.8576,0.0,-0.1795905,-0.18889889,-1.3614136484818573e-08,6.334885256364942e-05,6.33488452876918e-05,7e267c0bf303542b
2,day2_n4_softmax_seed43,43,198,2,False,False,True,0.8594,0.0,-0.03482932,0.206411,-4.1305149522941065e-08,6.237381603568792e-05,6.237382331164554e-05,7e267c0bf303542b
2,day2_n4_softmax_seed43,43,198,3,False,False,True,0.858,0.0,-0.03233727,0.0803099,-1.4863636543793746e-08,6.149719411041588e-05,6.149719411041588e-05,7e267c0bf303542b
2,day2_n4_softmax_seed43,43,199,0,False,False,True,0.863,0.0,-0.035815377,-0.15531611,-4.6697106625970264e-08,6.308862793957815e-05,6.308864249149337e-05,7e267c0bf303542b
2,day2_n4_softmax_seed43,43,199,1,False,False,True,0.8592,0.0,-0.22461383,0.14619216,-3.66626089487454e-08,6.455897528212517e-05,6.455898255808279e-05,7e267c0bf303542b
2,day2_n4_softmax_seed43,43,199,2,False,False,True,0.8592,0.0,0.21174881,0.16453181,-4.002659537150066e-08,6.467405910370871e-05,6.467406637966633e-05,7e267c0bf303542b
2,day2_n4_softmax_seed43,43,199,3,False,False,True,0.859,0.0,0.048680454,-0.15540795,-6.492700066473844e-08,6.27119661658071e-05,6.271200254559517e-05,7e267c0bf303542b
2,day2_n4_softmax_seed43,43,200,0,False,False,True,0.8608,0.0,0.26609704,-0.06258912,-1.7720806155807622e-08,6.567774107679725e-05,6.567774107679725e-05,7e267c0bf303542b
2,day2_n4_softmax_seed43,43,200,1,False,False,True,0.8616,0.0,-0.033723004,0.13607553,3.937674364351551e-08,6.244471296668053e-05,6.244472024263814e-05,7e267c0bf303542b
2,day2_n4_softmax_seed43,43,200,2,False,False,True,0.8586,0.0,-0.1495382,-0.22722343,-6.96998228022494e-08,6.440480501623824e-05,6.440484139602631e-05,7e267c0bf303542b
2,day2_n4_softmax_seed43,43,200,3,False,False,True,0.8578,0.0,-0.08283571,0.1537372,-1.0581575082824202e-07,6.28451889497228e-05,6.284526898525655e-05,7e267c0bf303542b
