day,run_name,seed,epoch,worker_id,is_malicious,is_flagged,is_accepted,validation_acc,detector_score,projection_1,projection_2,update_mean,update_std,update_rms,config_hash
2,day2_n8_topk_seed43,43,1,0,False,False,True,0.112,0.0,580.9774,23.264282,0.0003928343066945672,0.13328015804290771,0.13328073918819427,7e267c0bf303542b
2,day2_n8_topk_seed43,43,1,1,False,False,True,0.0968,0.0,-94.91353,-22.081282,0.00021994838607497513,0.0876808613538742,0.08768113702535629,7e267c0bf303542b
2,day2_n8_topk_seed43,43,1,2,False,False,True,0.0898,0.0,-119.70067,415.52444,8.018188964342698e-05,0.10162036120891571,0.1016203984618187,7e267c0bf303542b
2,day2_n8_topk_seed43,43,1,3,False,False,True,0.1104,0.0,-72.04726,-21.811422,0.0004011188866570592,0.08374685794115067,0.08374781161546707,7e267c0bf303542b
2,day2_n8_topk_seed43,43,1,4,False,False,True,0.0968,0.0,-75.334,-52.252823,6.435463728848845e-05,0.08642847836017609,0.08642850071191788,7e267c0bf303542b
2,day2_n8_topk_seed43,43,1,5,False,False,True,0.1164,0.0,-83.53051,-76.21693,0.00019951230206061155,0.09174611419439316,0.09174633026123047,7e267c0bf303542b
2,day2_n8_topk_seed43,43,1,6,False,False,True,0.11,0.0,-94.61047,-211.47377,0.0006153883296065032,0.0939367264509201,0.09393873810768127,7e267c0bf303542b
2,day2_n8_topk_seed43,43,1,7,False,False,True,0.1332,0.0,-40.84914,-54.953014,0.0004315229307394475,0.07882865518331528,0.07882983237504959,7e267c0bf303542b
2,day2_n8_topk_seed43,43,2,0,False,False,True,0.105,0.0,40.113266,-21.622583,-0.0003302658733446151,0.03101751022040844,0.031019268557429314,7e267c0bf303542b
2,day2_n8_topk_seed43,43,2,1,False,False,True,0.0956,0.0,51.063663,-67.54696,-0.0006548321107402444,0.03739175572991371,0.037397488951683044,7e267c0bf303542b
2,day2_n8_topk_seed43,43,2,2,False,False,True,0.0952,0.0,43.5908,-26.668407,-0.00021331328025553375,0.02278512343764305,0.02278612181544304,7e267c0bf303542b
2,day2_n8_topk_seed43,43,2,3,False,False,True,0.0962,0.0,44.40882,-23.510036,-0.0007188605959527194,0.02629292756319046,0.026302753016352654,7e267c0bf303542b
2,day2_n8_topk_seed43,43,2,4,False,False,True,0.1072,0.0,-327.88986,5.488594,-0.0007713206578046083,0.07678539305925369,0.0767892599105835,7e267c0bf303542b
2,day2_n8_topk_seed43,43,2,5,False,False,True,0.1158,0.0,51.782055,-32.82123,-0.00037378876004368067,0.03282948210835457,0.03283160924911499,7e267c0bf303542b
2,day2_n8_topk_seed43,43,2,6,False,False,True,0.0904,0.0,56.9827,197.4678,-0.0006323734996840358,0.04735933989286423,0.047363560646772385,7e267c0bf303542b
2,day2_n8_topk_seed43,43,2,7,False,False,True,0.1146,0.0,39.949238,-30.78778,-0.000555788108613342,0.022317031398415565,0.02232395112514496,7e267c0bf303542b
2,day2_n8_topk_seed43,43,3,0,False,False,True,0.0984,0.0,-14.439705,-3.8752863,-3.710275996127166e-05,0.0044248392805457115,0.004424994811415672,7e267c0bf303542b
2,day2_n8_topk_seed43,43,3,1,False,False,True,0.133,0.0,-28.344164,-5.117203,-3.9174570702016354e-05,0.006807731930166483,0.006807844154536724,7e267c0bf303542b
2,day2_n8_topk_seed43,43,3,2,False,False,True,0.112,0.0,-27.467743,54.11707,8.05435556685552e-05,0.01397727057337761,0.013977501541376114,7e267c0bf303542b
2,day2_n8_topk_seed43,43,3,3,False,False,True,0.1076,0.0,-21.187363,-31.474121,-8.982644067145884e-05,0.012705013155937195,0.012705330736935139,7e267c0bf303542b
2,day2_n8_topk_seed43,43,3,4,False,False,True,0.097,0.0,-12.43785,-0.3708318,3.5464036045596004e-05,0.009404835291206837,0.009404902346432209,7e267c0bf303542b
2,day2_n8_topk_seed43,43,3,5,False,False,True,0.1458,0.0,-4.772163,-12.825972,-1.0681872481654864e-05,0.008736001327633858,0.00873600784689188,7e267c0bf303542b
2,day2_n8_topk_seed43,43,3,6,False,False,True,0.1068,0.0,128.39601,3.6710088,0.00012749207962770015,0.03083042986690998,0.030830690637230873,7e267c0bf303542b
2,day2_n8_topk_seed43,43,3,7,False,False,True,0.1474,0.0,-19.747635,-4.1248717,-1.157878250523936e-05,0.004730562213808298,0.004730576183646917,7e267c0bf303542b
2,day2_n8_topk_seed43,43,4,0,False,False,True,0.1514,0.0,14.541169,0.23296548,-3.9742702938383445e-05,0.003595353802666068,0.0035955735947936773,7e267c0bf303542b
2,day2_n8_topk_seed43,43,4,1,False,False,True,0.1506,0.0,-0.43801686,1.7672431,-3.019898031197954e-05,0.0022390754893422127,0.002239278983324766,7e267c0bf303542b
2,day2_n8_topk_seed43,43,4,2,False,False,True,0.166,0.0,-3.6487968,-8.513797,-5.817690907861106e-05,0.0031211988534778357,0.0031217411160469055,7e267c0bf303542b
2,day2_n8_topk_seed43,43,4,3,False,False,True,0.1494,0.0,-4.2989197,8.536508,-5.2234961913200095e-05,0.0030464311130344868,0.003046878846362233,7e267c0bf303542b
2,day2_n8_topk_seed43,43,4,4,False,False,True,0.1636,0.0,-2.1150858,-3.4452426,-2.3508457161369734e-05,0.0025168026331812143,0.0025169122964143753,7e267c0bf303542b
2,day2_n8_topk_seed43,43,4,5,False,False,True,0.1642,0.0,-0.38378933,0.734336,-1.6352163584087975e-05,0.0019483452197164297,0.0019484139047563076,7e267c0bf303542b
2,day2_n8_topk_seed43,43,4,6,False,False,True,0.1716,0.0,-1.0672957,-1.448461,-3.378507244633511e-05,0.002416870091110468,0.0024171059485524893,7e267c0bf303542b
2,day2_n8_topk_seed43,43,4,7,False,False,True,0.1482,0.0,-2.5893123,2.1364574,-4.04641505156178e-05,0.00261671282351017,0.002617025515064597,7e267c0bf303542b
2,day2_n8_topk_seed43,43,5,0,False,False,True,0.1686,0.0,4.412234,-1.4382808,-1.677876389294397e-05,0.002073670970275998,0.0020737387239933014,7e267c0bf303542b
2,day2_n8_topk_seed43,43,5,1,False,False,True,0.2008,0.0,0.80503565,-1.9163641,-1.5568841263302602e-05,0.0024122216273099184,0.0024122719187289476,7e267c0bf303542b
2,day2_n8_topk_seed43,43,5,2,False,False,True,0.1508,0.0,-2.2580392,12.379458,-1.3695916095457505e-05,0.003260693745687604,0.003260722616687417,7e267c0bf303542b
2,day2_n8_topk_seed43,43,5,3,False,False,True,0.1904,0.0,-1.7647221,-0.3250425,-2.182927528338041e-05,0.002174353925511241,0.002174463588744402,7e267c0bf303542b
2,day2_n8_topk_seed43,43,5,4,False,False,True,0.1714,0.0,5.384169,-1.7803226,-1.2453047929739114e-05,0.001892505562864244,0.0018925464246422052,7e267c0bf303542b
2,day2_n8_topk_seed43,43,5,5,False,False,True,0.2242,0.0,4.2195244,-2.7123122,-1.8399890905129723e-05,0.002294139703735709,0.002294213278219104,7e267c0bf303542b
2,day2_n8_topk_seed43,43,5,6,False,False,True,0.1816,0.0,3.9530056,-0.3080009,-1.8951843230752274e-05,0.0019985889084637165,0.001998678781092167,7e267c0bf303542b
2,day2_n8_topk_seed43,43,5,7,False,False,True,0.161,0.0,-14.751111,-3.8991122,-2.2764113964512944e-05,0.00394166074693203,0.003941726870834827,7e267c0bf303542b
2,day2_n8_topk_seed43,43,6,0,False,False,True,0.2178,0.0,0.98574173,-0.7625724,-1.8567383449408226e-05,0.001598043367266655,0.0015981511678546667,7e267c0bf303542b
2,day2_n8_topk_seed43,43,6,1,False,False,True,0.2222,0.0,2.5436313,7.344909,6.51669324724935e-06,0.0022578865755349398,0.002257895888760686,7e267c0bf303542b
2,day2_n8_topk_seed43,43,6,2,False,False,True,0.223,0.0,0.68181306,-1.0873882,-1.6682119166944176e-05,0.0015920435544103384,0.0015921309823170304,7e267c0bf303542b
2,day2_n8_topk_seed43,43,6,3,False,False,True,0.173,0.0,0.15437493,-0.7970923,-1.571162101754453e-05,0.001520813093520701,0.0015208942350000143,7e267c0bf303542b
2,day2_n8_topk_seed43,43,6,4,False,False,True,0.2276,0.0,4.444619,-2.1435373,-2.23462102439953e-05,0.002039366401731968,0.0020394891034811735,7e267c0bf303542b
2,day2_n8_topk_seed43,43,6,5,False,False,True,0.2104,0.0,2.6730645,-1.5065684,-1.0436644515721127e-05,0.001684123883023858,0.0016841561300680041,7e267c0bf303542b
2,day2_n8_topk_seed43,43,6,6,False,False,True,0.2194,0.0,0.7650829,-1.2560902,-1.2128796697652433e-05,0.001576575101353228,0.0015766217838972807,7e267c0bf303542b
2,day2_n8_topk_seed43,43,6,7,False,False,True,0.167,0.0,-12.248291,0.20829234,-2.0672283426392823e-05,0.0031097261235117912,0.003109794808551669,7e267c0bf303542b
2,day2_n8_topk_seed43,43,7,0,False,False,True,0.2282,0.0,0.41293803,0.7359396,-1.5687875929870643e-05,0.0014930551405996084,0.0014931375626474619,7e267c0bf303542b
2,day2_n8_topk_seed43,43,7,1,False,False,True,0.2628,0.0,1.1839069,-0.5708878,-2.0217174096615054e-05,0.0014943170826882124,0.001494453870691359,7e267c0bf303542b
2,day2_n8_topk_seed43,43,7,2,False,False,True,0.2314,0.0,-1.0033287,-4.742649,-2.5252178602386266e-05,0.001931645441800356,0.0019318105187267065,7e267c0bf303542b
2,day2_n8_topk_seed43,43,7,3,False,False,True,0.2026,0.0,-0.8254125,-0.114818096,-1.4002157513459679e-05,0.001590192667208612,0.0015902543673291802,7e267c0bf303542b
2,day2_n8_topk_seed43,43,7,4,False,False,True,0.2424,0.0,4.2729244,-2.938526,-2.4554865376558155e-05,0.0019230538746342063,0.001923210802488029,7e267c0bf303542b
2,day2_n8_topk_seed43,43,7,5,False,False,True,0.238,0.0,2.8929045,4.32829,-1.8646731405169703e-05,0.0017172085354104638,0.0017173097003251314,7e267c0bf303542b
2,day2_n8_topk_seed43,43,7,6,False,False,True,0.2442,0.0,-0.0045505017,2.6627202,-1.6156343917828053e-05,0.001604454475454986,0.0016045357333496213,7e267c0bf303542b
2,day2_n8_topk_seed43,43,7,7,False,False,True,0.1836,0.0,-6.9293714,0.6399352,-8.979612289294892e-07,0.0022396070417016745,0.002239607274532318,7e267c0bf303542b
2,day2_n8_topk_seed43,43,8,0,False,False,True,0.1786,0.0,7.922959,-1.0315307,-2.2896152586326934e-05,0.002234196290373802,0.00223431340418756,7e267c0bf303542b
2,day2_n8_topk_seed43,43,8,1,False,False,True,0.2258,0.0,-1.647996,0.39487138,-2.3638167476747185e-05,0.00178333162330091,0.0017834880854934454,7e267c0bf303542b
2,day2_n8_topk_seed43,43,8,2,False,False,True,0.2714,0.0,-0.39160666,1.2370273,-1.9567158233257942e-05,0.0014543579891324043,0.0014544895384460688,7e267c0bf303542b
2,day2_n8_topk_seed43,43,8,3,False,False,True,0.226,0.0,-2.1877215,1.6111366,-1.2484853868954815e-05,0.001743168686516583,0.0017432133900001645,7e267c0bf303542b
2,day2_n8_topk_seed43,43,8,4,False,False,True,0.2536,0.0,-1.3530251,1.6381525,-1.670419987931382e-05,0.001513610128313303,0.001513702212832868,7e267c0bf303542b
2,day2_n8_topk_seed43,43,8,5,False,False,True,0.2654,0.0,-2.3914933,-6.0007067,-2.985660103149712e-05,0.0019829736556857824,0.001983198570087552,7e267c0bf303542b
2,day2_n8_topk_seed43,43,8,6,False,False,True,0.2386,0.0,-2.4137833,0.9430812,-2.015026257140562e-05,0.001594177563674748,0.0015943049220368266,7e267c0bf303542b
2,day2_n8_topk_seed43,43,8,7,False,False,True,0.257,0.0,2.462646,1.2079998,-1.1783458830905147e-05,0.0016395566053688526,0.0016395989805459976,7e267c0bf303542b
2,day2_n8_topk_seed43,43,9,0,False,False,True,0.162,0.0,2.685918,-6.547076,-8.675498975208029e-06,0.002200536662712693,0.00220055365934968,7e267c0bf303542b
2,day2_n8_topk_seed43,43,9,1,False,False,True,0.2538,0.0,3.1371925,3.8137777,-3.305411519249901e-05,0.0018866033060476184,0.0018868929473683238,7e267c0bf303542b
2,day2_n8_topk_seed43,43,9,2,False,False,True,0.2828,0.0,3.0427246,2.175272,-1.7779826521291398e-05,0.001720677362754941,0.0017207692144438624,7e267c0bf303542b
2,day2_n8_topk_seed43,43,9,3,False,False,True,0.272,0.0,1.5622996,0.6943209,-1.4045224816072732e-05,0.0013953307643532753,0.0013954014284536242,7e267c0bf303542b
2,day2_n8_topk_seed43,43,9,4,False,False,True,0.283,0.0,1.2702991,0.99630094,-1.1074358553742059e-05,0.0013692372012883425,0.0013692820211872458,7e267c0bf303542b
2,day2_n8_topk_seed43,43,9,5,False,False,True,0.2822,0.0,-1.6307297,-2.436693,-1.4781478967051953e-05,0.0019525999668985605,0.0019526559626683593,7e267c0bf303542b
2,day2_n8_topk_seed43,43,9,6,False,False,True,0.2176,0.0,-11.138166,0.7141135,-1.3676676644536201e-05,0.0030230439733713865,0.003023074707016349,7e267c0bf303542b
2,day2_n8_topk_seed43,43,9,7,False,False,True,0.2878,0.0,1.070497,0.58999044,-1.8324431948713027e-05,0.0013833669945597649,0.0013834882993251085,7e267c0bf303542b
2,day2_n8_topk_seed43,43,10,0,False,False,True,0.154,0.0,6.791288,-3.1528893,-1.3373702131502796e-05,0.002165341516956687,0.0021653829608112574,7e267c0bf303542b
2,day2_n8_topk_seed43,43,10,1,False,False,True,0.2864,0.0,-0.8341489,0.65450174,-1.2049486031173728e-05,0.0013903145445510745,0.0013903665821999311,7e267c0bf303542b
2,day2_n8_topk_seed43,43,10,2,False,False,True,0.2394,0.0,-2.5544028,-0.70305437,-2.1819325411343016e-05,0.0014661652967333794,0.0014663275796920061,7e267c0bf303542b
2,day2_n8_topk_seed43,43,10,3,False,False,True,0.2456,0.0,-0.82102054,0.2297572,-1.6888978279894218e-05,0.0013770149089396,0.001377118518576026,7e267c0bf303542b
2,day2_n8_topk_seed43,43,10,4,False,False,True,0.2594,0.0,-3.5801857,-0.8624145,-2.0806466636713594e-05,0.001480001024901867,0.0014801473589614034,7e267c0bf303542b
2,day2_n8_topk_seed43,43,10,5,False,False,True,0.3092,0.0,3.5185282,4.6070833,-1.2302928553253878e-05,0.0018724226392805576,0.0018724629189819098,7e267c0bf303542b
2,day2_n8_topk_seed43,43,10,6,False,False,True,0.266,0.0,-1.6196966,-0.4965185,-2.4350900275749154e-05,0.0013767429627478123,0.001376958331093192,7e267c0bf303542b
2,day2_n8_topk_seed43,43,10,7,False,False,True,0.3178,0.0,-0.9003912,-0.2764551,-1.8733964679995552e-05,0.0013415379216894507,0.0013416687725111842,7e267c0bf303542b
2,day2_n8_topk_seed43,43,11,0,False,False,True,0.3108,0.0,1.6906377,-2.9313745,-2.328725349798333e-05,0.0014561539283022285,0.001456339959986508,7e267c0bf303542b
2,day2_n8_topk_seed43,43,11,1,False,False,True,0.3212,0.0,1.4140751,-0.17045355,-1.5136108231672551e-05,0.0013660861877724528,0.0013661700068041682,7e267c0bf303542b
2,day2_n8_topk_seed43,43,11,2,False,False,True,0.2862,0.0,0.59737927,1.8501345,-1.0629029929987155e-05,0.0013932244619354606,0.0013932650908827782,7e267c0bf303542b
2,day2_n8_topk_seed43,43,11,3,False,False,True,0.3044,0.0,1.0387443,-0.011567227,-1.7036352801369503e-05,0.0013184570707380772,0.0013185669668018818,7e267c0bf303542b
2,day2_n8_topk_seed43,43,11,4,False,False,True,0.3152,0.0,1.362348,0.53547233,-1.53206565300934e-05,0.0013271842617541552,0.0013272727373987436,7e267c0bf303542b
2,day2_n8_topk_seed43,43,11,5,False,False,True,0.3086,0.0,0.6135153,1.0341599,-1.365729531244142e-05,0.0013501245994120836,0.001350193633697927,7e267c0bf303542b
2,day2_n8_topk_seed43,43,11,6,False,False,True,0.2632,0.0,-7.8448205,-0.3438496,-1.1613554306677543e-05,0.0021280862856656313,0.0021281179506331682,7e267c0bf303542b
2,day2_n8_topk_seed43,43,11,7,False,False,True,0.3196,0.0,1.1281636,0.037493296,-1.6775375115685165e-05,0.0013342364691197872,0.0013343419414013624,7e267c0bf303542b
2,day2_n8_topk_seed43,43,12,0,False,False,True,0.3154,0.0,0.4102231,-3.190738,-2.0887591745122336e-05,0.001412922516465187,0.0014130769995972514,7e267c0bf303542b
2,day2_n8_topk_seed43,43,12,1,False,False,True,0.3296,0.0,-0.73466456,0.32607928,-1.633816646062769e-05,0.0013067414984107018,0.001306843594647944,7e267c0bf303542b
2,day2_n8_topk_seed43,43,12,2,False,False,True,0.2332,0.0,5.0382953,0.7209528,-1.8296348571311682e-05,0.001696134335361421,0.0016962330555543303,7e267c0bf303542b
2,day2_n8_topk_seed43,43,12,3,False,False,True,0.3164,0.0,-0.9850934,0.3290763,-1.142694782174658e-05,0.0013116950867697597,0.0013117449125275016,7e267c0bf303542b
2,day2_n8_topk_seed43,43,12,4,False,False,True,0.3166,0.0,-0.8242989,0.856574,-1.4193476999935228e-05,0.0013108807615935802,0.001310957595705986,7e267c0bf303542b
2,day2_n8_topk_seed43,43,12,5,False,False,True,0.2896,0.0,-1.0767524,0.3642047,-1.4782064681639895e-05,0.0012909264769405127,0.0012910111108794808,7e267c0bf303542b
2,day2_n8_topk_seed43,43,12,6,False,False,True,0.3334,0.0,-0.5997151,0.10784673,-1.9559181964723393e-05,0.001299469848163426,0.0012996169971302152,7e267c0bf303542b
2,day2_n8_topk_seed43,43,12,7,False,False,True,0.3118,0.0,-1.2280227,0.48600012,-1.3883574865758419e-05,0.0013078617630526423,0.0013079354539513588,7e267c0bf303542b
2,day2_n8_topk_seed43,43,13,0,False,False,True,0.3404,0.0,-0.17386413,0.27557015,-1.3899116311222315e-05,0.0012710104929283261,0.0012710863957181573,7e267c0bf303542b
2,day2_n8_topk_seed43,43,13,1,False,False,True,0.3084,0.0,0.42808148,1.8571544,-1.632705061638262e-05,0.001335257082246244,0.0013353568501770496,7e267c0bf303542b
2,day2_n8_topk_seed43,43,13,2,False,False,True,0.3414,0.0,-0.20602731,0.5396466,-1.4924645256542135e-05,0.001284745754674077,0.001284832484088838,7e267c0bf303542b
2,day2_n8_topk_seed43,43,13,3,False,False,True,0.3232,0.0,0.167422,1.7116033,-1.2950054951943457e-05,0.0013418394373729825,0.0013419019524008036,7e267c0bf303542b
2,day2_n8_topk_seed43,43,13,4,False,False,True,0.3504,0.0,-1.408969,-0.12317337,-1.7212398233823478e-05,0.001353254308924079,0.0013533637393265963,7e267c0bf303542b
2,day2_n8_topk_seed43,43,13,5,False,False,True,0.3324,0.0,-1.9847699,-1.5184795,-2.186637902923394e-05,0.0013447803212329745,0.001344958203844726,7e267c0bf303542b
2,day2_n8_topk_seed43,43,13,6,False,False,True,0.3422,0.0,0.19901189,-1.4603115,-2.0277631847420707e-05,0.0013311163056641817,0.0013312706723809242,7e267c0bf303542b
2,day2_n8_topk_seed43,43,13,7,False,False,True,0.295,0.0,2.979112,-1.2820073,-1.3039410987403244e-05,0.0014163015875965357,0.0014163616579025984,7e267c0bf303542b
2,day2_n8_topk_seed43,43,14,0,False,False,True,0.3606,0.0,0.26778388,0.7782906,-1.3860994840797503e-05,0.0012684180401265621,0.0012684937100857496,7e267c0bf303542b
2,day2_n8_topk_seed43,43,14,1,False,False,True,0.3826,0.0,0.42836854,0.55224776,-1.552943285787478e-05,0.0012689459836110473,0.001269040978513658,7e267c0bf303542b
2,day2_n8_topk_seed43,43,14,2,False,False,True,0.3534,0.0,0.24018012,0.50571966,-1.252744004887063e-05,0.0012622271897271276,0.0012622893555089831,7e267c0bf303542b
2,day2_n8_topk_seed43,43,14,3,False,False,True,0.3538,0.0,0.3164622,0.70255125,-1.5793113561812788e-05,0.0012642795918509364,0.0012643783120438457,7e267c0bf303542b
2,day2_n8_topk_seed43,43,14,4,False,False,True,0.35,0.0,-3.5627694,-1.4838507,-1.0736861440818757e-05,0.0014404915273189545,0.001440531574189663,7e267c0bf303542b
2,day2_n8_topk_seed43,43,14,5,False,False,True,0.3606,0.0,-0.037975263,1.6142756,-1.5736035493318923e-05,0.0013067885302007198,0.0013068831758573651,7e267c0bf303542b
2,day2_n8_topk_seed43,43,14,6,False,False,True,0.338,0.0,2.1302643,-2.8406882,-1.5327623259508982e-05,0.0013909258414059877,0.001391010358929634,7e267c0bf303542b
2,day2_n8_topk_seed43,43,14,7,False,False,True,0.3754,0.0,0.21769385,0.1714652,-1.1972908396273851e-05,0.001258712145499885,0.0012587691890075803,7e267c0bf303542b
2,day2_n8_topk_seed43,43,15,0,False,False,True,0.378,0.0,-1.4342009,2.4068565,-1.600126961420756e-05,0.0013091576984152198,0.0013092556037008762,7e267c0bf303542b
2,day2_n8_topk_seed43,43,15,1,False,False,True,0.362,0.0,-0.36509964,-1.0132567,-1.5192189493973274e-05,0.0012528776424005628,0.0012529697269201279,7e267c0bf303542b
2,day2_n8_topk_seed43,43,15,2,False,False,True,0.3714,0.0,-0.27012444,-0.25135717,-1.4561094758391846e-05,0.001249420689418912,0.001249505439773202,7e267c0bf303542b
2,day2_n8_topk_seed43,43,15,3,False,False,True,0.3648,0.0,-0.24990739,-0.15983447,-1.632995918043889e-05,0.0012559100287035108,0.001256016199477017,7e267c0bf303542b
2,day2_n8_topk_seed43,43,15,4,False,False,True,0.3586,0.0,3.100009,0.79440373,-1.2841540410590824e-05,0.001338522182777524,0.0013385837664827704,7e267c0bf303542b
2,day2_n8_topk_seed43,43,15,5,False,False,True,0.385,0.0,-0.15897961,-0.29899204,-1.6674737707944587e-05,0.001249578781425953,0.0012496900744736195,7e267c0bf303542b
2,day2_n8_topk_seed43,43,15,6,False,False,True,0.3772,0.0,-0.30733392,-0.09067674,-1.4220137927623e-05,0.0012556216679513454,0.0012557022273540497,7e267c0bf303542b
2,day2_n8_topk_seed43,43,15,7,False,False,True,0.3772,0.0,-0.3143691,-1.3871472,-1.7946078514796682e-05,0.0012649941490963101,0.0012651215074583888,7e267c0bf303542b
2,day2_n8_topk_seed43,43,16,0,False,False,True,0.3714,0.0,0.23378621,-2.8119817,-1.3659532669407781e-05,0.001319268485531211,0.0013193392660468817,7e267c0bf303542b
2,day2_n8_topk_seed43,43,16,1,False,False,True,0.3828,0.0,1.7588482,0.7312112,-1.295435049541993e-05,0.0012459069257602096,0.0012459742138162255,7e267c0bf303542b
2,day2_n8_topk_seed43,43,16,2,False,False,True,0.3726,0.0,1.1911732,1.0436032,-1.5146235455176793e-05,0.001278561889193952,0.0012786517618224025,7e267c0bf303542b
2,day2_n8_topk_seed43,43,16,3,False,False,True,0.376,0.0,0.4251124,-0.6583812,-1.9245411749579944e-05,0.0012821126729249954,0.0012822571443393826,7e267c0bf303542b
2,day2_n8_topk_seed43,43,16,4,False,False,True,0.3322,0.0,-6.9664583,0.4305539,-1.4352692232932895e-05,0.002012633951380849,0.0020126851741224527,7e267c0bf303542b
2,day2_n8_topk_seed43,43,16,5,False,False,True,0.3816,0.0,1.1257792,0.46777767,-1.1742232345568482e-05,0.001241810154169798,0.0012418656842783093,7e267c0bf303542b
2,day2_n8_topk_seed43,43,16,6,False,False,True,0.3878,0.0,1.1722107,0.32145685,-1.582686491019558e-05,0.0012604189105331898,0.00126051832921803,7e267c0bf303542b
2,day2_n8_topk_seed43,43,16,7,False,False,True,0.3898,0.0,1.0595772,0.47575125,-1.4489352906821296e-05,0.0012715785996988416,0.0012716611381620169,7e267c0bf303542b
2,day2_n8_topk_seed43,43,17,0,False,False,True,0.4,0.0,-0.10225018,-0.8632667,-1.4535869013343472e-05,0.0012308730510994792,0.0012309589656069875,7e267c0bf303542b
2,day2_n8_topk_seed43,43,17,1,False,False,True,0.381,0.0,0.26168993,-1.0141311,-1.0505716090847272e-05,0.0013085444224998355,0.0013085865648463368,7e267c0bf303542b
2,day2_n8_topk_seed43,43,17,2,False,False,True,0.3768,0.0,-3.755878,2.7192929,-2.1872208890272304e-05,0.0015328825684264302,0.0015330385649576783,7e267c0bf303542b
2,day2_n8_topk_seed43,43,17,3,False,False,True,0.3682,0.0,-0.320396,-0.5462963,-1.5070118024596013e-05,0.00128060148563236,0.001280690194107592,7e267c0bf303542b
2,day2_n8_topk_seed43,43,17,4,False,False,True,0.3922,0.0,3.6350622,2.8776016,-1.8245726096211e-05,0.0015397036913782358,0.0015398116083815694,7e267c0bf303542b
2,day2_n8_topk_seed43,43,17,5,False,False,True,0.385,0.0,0.24724048,-0.83515567,-2.1247777112876065e-05,0.001245710882358253,0.0012458921410143375,7e267c0bf303542b
2,day2_n8_topk_seed43,43,17,6,False,False,True,0.3742,0.0,-0.08822499,-1.1785395,-1.4276071851782035e-05,0.0012204537633806467,0.0012205372331663966,7e267c0bf303542b
2,day2_n8_topk_seed43,43,17,7,False,False,True,0.3938,0.0,0.122751355,-1.1595347,-1.3999833754496649e-05,0.001225983607582748,0.0012260634684935212,7e267c0bf303542b
2,day2_n8_topk_seed43,43,18,0,False,False,True,0.377,0.0,1.9908365,0.38689202,-1.3433726962830406e-05,0.0013472579885274172,0.0013473250437527895,7e267c0bf303542b
2,day2_n8_topk_seed43,43,18,1,False,False,True,0.371,0.0,0.27371424,-1.8772491,-1.150338812294649e-05,0.0014330247649922967,0.0014330708654597402,7e267c0bf303542b
2,day2_n8_topk_seed43,43,18,2,False,False,True,0.3856,0.0,1.2518106,0.25306186,-1.378618435410317e-05,0.0012090192176401615,0.0012090977979823947,7e267c0bf303542b
2,day2_n8_topk_seed43,43,18,3,False,False,True,0.3776,0.0,0.89108676,-0.038469326,-1.4528684914694168e-05,0.0012541275937110186,0.0012542116455733776,7e267c0bf303542b
2,day2_n8_topk_seed43,43,18,4,False,False,True,0.3818,0.0,-5.4936857,1.3070594,-5.735329068556894e-06,0.0017678180010989308,0.0017678271979093552,7e267c0bf303542b
2,day2_n8_topk_seed43,43,18,5,False,False,True,0.3798,0.0,1.4102113,4.218054,-1.0473741895111743e-05,0.0015199915505945683,0.0015200276393443346,7e267c0bf303542b
2,day2_n8_topk_seed43,43,18,6,False,False,True,0.3838,0.0,0.45071915,-2.1205952,-1.2175804840808269e-05,0.001514326548203826,0.001514375559054315,7e267c0bf303542b
2,day2_n8_topk_seed43,43,18,7,False,False,True,0.3858,0.0,-0.77467847,-2.128766,-9.680207767814863e-06,0.001496448996476829,0.0014964803121984005,7e267c0bf303542b
2,day2_n8_topk_seed43,43,19,0,False,False,True,0.4056,0.0,0.043307856,-0.37536052,-1.1943413483095355e-05,0.0012054168619215488,0.001205476000905037,7e267c0bf303542b
2,day2_n8_topk_seed43,43,19,1,False,False,True,0.4056,0.0,0.7318697,-0.6547163,-1.3982987184135709e-05,0.0011982182040810585,0.0011982998112216592,7e267c0bf303542b
2,day2_n8_topk_seed43,43,19,2,False,False,True,0.4088,0.0,0.66099733,0.021834483,-1.2903262359031942e-05,0.0011842040112242103,0.001184274209663272,7e267c0bf303542b
2,day2_n8_topk_seed43,43,19,3,False,False,True,0.413,0.0,-0.068517685,2.6041422,-1.7568561816005968e-05,0.0012075650738552213,0.0012076928978785872,7e267c0bf303542b
2,day2_n8_topk_seed43,43,19,4,False,False,True,0.4028,0.0,-2.6699183,-0.58566016,-9.768731615622528e-06,0.001227620872668922,0.0012276597553864121,7e267c0bf303542b
2,day2_n8_topk_seed43,43,19,5,False,False,True,0.3988,0.0,-0.08049438,-0.07610987,-1.6674342987244017e-05,0.0011901200050488114,0.0011902368860319257,7e267c0bf303542b
2,day2_n8_topk_seed43,43,19,6,False,False,True,0.4152,0.0,1.0124284,-0.8790451,-1.7301728803431615e-05,0.0011992293875664473,0.001199354068376124,7e267c0bf303542b
2,day2_n8_topk_seed43,43,19,7,False,False,True,0.4072,0.0,0.3703274,-0.055087257,-1.3136489542375784e-05,0.001197965000756085,0.0011980370618402958,7e267c0bf303542b
2,day2_n8_topk_seed43,43,20,0,False,False,True,0.4146,0.0,-2.3793583,0.20474029,-1.7823082089307718e-05,0.0011943905847147107,0.0011945234145969152,7e267c0bf303542b
2,day2_n8_topk_seed43,43,20,1,False,False,True,0.39,0.0,0.5576767,0.6386924,-1.0624257811286952e-05,0.0011845225235447288,0.0011845702538266778,7e267c0bf303542b
2,day2_n8_topk_seed43,43,20,2,False,False,True,0.412,0.0,0.4978427,0.3908155,-1.4186649423209019e-05,0.0011780245695263147,0.0011781100183725357,7e267c0bf303542b
2,day2_n8_topk_seed43,43,20,3,False,False,True,0.399,0.0,0.6795382,0.5869747,-1.2809157851734199e-05,0.0011745619121938944,0.0011746318778023124,7e267c0bf303542b
2,day2_n8_topk_seed43,43,20,4,False,False,True,0.406,0.0,-0.25013223,-1.4656101,-1.3431093975668773e-05,0.0011829327559098601,0.0011830090079456568,7e267c0bf303542b
2,day2_n8_topk_seed43,43,20,5,False,False,True,0.3984,0.0,-0.6048618,1.426475,-1.5620702470187098e-05,0.0011803710367530584,0.0011804744135588408,7e267c0bf303542b
2,day2_n8_topk_seed43,43,20,6,False,False,True,0.413,0.0,1.4677482,0.06264903,-1.1433595318521839e-05,0.001182888401672244,0.0011829436989501119,7e267c0bf303542b
2,day2_n8_topk_seed43,43,20,7,False,False,True,0.4012,0.0,0.031548426,-1.8447363,-1.0024849871115293e-05,0.0011799834901466966,0.001180026214569807,7e267c0bf303542b
2,day2_n8_topk_seed43,43,21,0,False,False,True,0.407,0.0,1.9497722,-1.8453928,-1.3367801329877693e-05,0.0011924406280741096,0.001192515599541366,7e267c0bf303542b
2,day2_n8_topk_seed43,43,21,1,False,False,True,0.4192,0.0,0.53690886,1.073289,-1.2152070667070802e-05,0.0011819645296782255,0.0011820270447060466,7e267c0bf303542b
2,day2_n8_topk_seed43,43,21,2,False,False,True,0.4238,0.0,-1.2879053,0.27526352,-1.0508088962524198e-05,0.0011719089234247804,0.0011719560716301203,7e267c0bf303542b
2,day2_n8_topk_seed43,43,21,3,False,False,True,0.4258,0.0,1.0381289,1.9045419,-1.4845854821032844e-05,0.0011850944720208645,0.0011851874878630042,7e267c0bf303542b
2,day2_n8_topk_seed43,43,21,4,False,False,True,0.4176,0.0,-0.251051,-0.30795348,-1.0406291039544158e-05,0.0011654396075755358,0.0011654860572889447,7e267c0bf303542b
2,day2_n8_topk_seed43,43,21,5,False,False,True,0.4108,0.0,-0.20733812,-0.25388312,-1.4009985534357838e-05,0.0011486178264021873,0.0011487033916637301,7e267c0bf303542b
2,day2_n8_topk_seed43,43,21,6,False,False,True,0.3936,0.0,-1.6357039,-0.7692714,-1.0398181075288448e-05,0.0011787223629653454,0.0011787681141868234,7e267c0bf303542b
2,day2_n8_topk_seed43,43,21,7,False,False,True,0.4126,0.0,-0.14281239,-0.07659447,-1.1557285688468255e-05,0.0011717649176716805,0.0011718218447640538,7e267c0bf303542b
2,day2_n8_topk_seed43,43,22,0,False,False,True,0.394,0.0,-0.253556,-0.15865682,-1.1830662515421864e-05,0.0011589800706133246,0.0011590404901653528,7e267c0bf303542b
2,day2_n8_topk_seed43,43,22,1,False,False,True,0.4136,0.0,-0.78581613,1.5922107,-1.4682484106742777e-05,0.0011683535994961858,0.0011684460332617164,7e267c0bf303542b
2,day2_n8_topk_seed43,43,22,2,False,False,True,0.4252,0.0,-0.2479288,-1.0002358,-1.3492774996848311e-05,0.0011586936889216304,0.0011587722692638636,7e267c0bf303542b
2,day2_n8_topk_seed43,43,22,3,False,False,True,0.421,0.0,-0.22514755,-1.0045991,-1.4256271242629737e-05,0.0011517568491399288,0.0011518450919538736,7e267c0bf303542b
2,day2_n8_topk_seed43,43,22,4,False,False,True,0.4224,0.0,-0.07375419,-0.7607017,-1.402372981829103e-05,0.0011576117249205709,0.0011576965916901827,7e267c0bf303542b
2,day2_n8_topk_seed43,43,22,5,False,False,True,0.4046,0.0,-1.8948808,0.80678844,-1.526628329884261e-05,0.001171717420220375,0.0011718168389052153,7e267c0bf303542b
2,day2_n8_topk_seed43,43,22,6,False,False,True,0.4276,0.0,1.2807724,-1.1460727,-1.3762004527961835e-05,0.0011630920926108956,0.0011631735833361745,7e267c0bf303542b
2,day2_n8_topk_seed43,43,22,7,False,False,True,0.3976,0.0,2.2003112,1.671267,-1.2658835657930467e-05,0.00119254260789603,0.001192609779536724,7e267c0bf303542b
2,day2_n8_topk_seed43,43,23,0,False,False,True,0.4258,0.0,-1.3685302,-1.021096,-1.1850962437165435e-05,0.001160409301519394,0.001160469837486744,7e267c0bf303542b
2,day2_n8_topk_seed43,43,23,1,False,False,True,0.4322,0.0,-0.24482289,0.09609295,-1.2566239092848264e-05,0.0011459601810202003,0.0011460290988907218,7e267c0bf303542b
2,day2_n8_topk_seed43,43,23,2,False,False,True,0.4158,0.0,1.3063099,-0.027094297,-1.25227052194532e-05,0.0011596882250159979,0.0011597558623179793,7e267c0bf303542b
2,day2_n8_topk_seed43,43,23,3,False,False,True,0.4132,0.0,0.30142686,-1.9483397,-1.10493974716519e-05,0.0011598943965509534,0.0011599468998610973,7e267c0bf303542b
2,day2_n8_topk_seed43,43,23,4,False,False,True,0.434,0.0,1.4111811,1.7025946,-1.4388046110980213e-05,0.0011666511418297887,0.0011667398503050208,7e267c0bf303542b
2,day2_n8_topk_seed43,43,23,5,False,False,True,0.4294,0.0,0.08813314,-0.1929773,-1.2094548765162472e-05,0.0011352868750691414,0.0011353512527421117,7e267c0bf303542b
2,day2_n8_topk_seed43,43,23,6,False,False,True,0.425,0.0,0.61256254,-0.07629491,-1.109614640881773e-05,0.0011387700214982033,0.001138824038207531,7e267c0bf303542b
2,day2_n8_topk_seed43,43,23,7,False,False,True,0.417,0.0,-2.1062598,1.4671147,-1.540081029816065e-05,0.0011766798561438918,0.0011767805553972721,7e267c0bf303542b
2,day2_n8_topk_seed43,43,24,0,False,False,True,0.4106,0.0,0.88826144,-0.7397526,-1.1429793630668428e-05,0.0011496205115690827,0.0011496773222461343,7e267c0bf303542b
2,day2_n8_topk_seed43,43,24,1,False,False,True,0.4276,0.0,0.54014164,3.3418999,-1.6227004380198196e-05,0.001222159480676055,0.0012222671648487449,7e267c0bf303542b
2,day2_n8_topk_seed43,43,24,2,False,False,True,0.412,0.0,1.0570424,-0.47180462,-1.3002412742935121e-05,0.0011382666416466236,0.0011383409146219492,7e267c0bf303542b
2,day2_n8_topk_seed43,43,24,3,False,False,True,0.408,0.0,0.42265528,-0.4864492,-1.3475448213284835e-05,0.0011462424881756306,0.0011463216505944729,7e267c0bf303542b
2,day2_n8_topk_seed43,43,24,4,False,False,True,0.4318,0.0,0.9459109,-0.6770705,-1.2938238796778023e-05,0.0011383707169443369,0.0011384442914277315,7e267c0bf303542b
2,day2_n8_topk_seed43,43,24,5,False,False,True,0.3684,0.0,-5.5866623,-0.15981254,-1.2989976312383078e-05,0.0016291366191580892,0.0016291884239763021,7e267c0bf303542b
2,day2_n8_topk_seed43,43,24,6,False,False,True,0.4134,0.0,0.94628185,-0.3841935,-1.474897453590529e-05,0.0011404177639633417,0.0011405132245272398,7e267c0bf303542b
2,day2_n8_topk_seed43,43,24,7,False,False,True,0.4304,0.0,0.78639615,-0.4228191,-1.4634822946391068e-05,0.0011284484062343836,0.0011285434011369944,7e267c0bf303542b
2,day2_n8_topk_seed43,43,25,0,False,False,True,0.439,0.0,-2.622612,0.6324362,-1.2712564057437703e-05,0.0011523619759827852,0.0011524321744218469,7e267c0bf303542b
2,day2_n8_topk_seed43,43,25,1,False,False,True,0.4396,0.0,0.29806754,-0.36048883,-1.0203118108620401e-05,0.0011085458099842072,0.0011085927253589034,7e267c0bf303542b
2,day2_n8_topk_seed43,43,25,2,False,False,True,0.4428,0.0,0.033677254,-0.27131844,-1.2569343198265415e-05,0.0011231944663450122,0.0011232648976147175,7e267c0bf303542b
2,day2_n8_topk_seed43,43,25,3,False,False,True,0.4196,0.0,1.0134164,2.7309904,-1.0682382708182558e-05,0.0011480282992124557,0.0011480781249701977,7e267c0bf303542b
2,day2_n8_topk_seed43,43,25,4,False,False,True,0.4346,0.0,-0.3077886,-0.5479384,-1.1000830454577226e-05,0.0011340264463797212,0.001134079764597118,7e267c0bf303542b
2,day2_n8_topk_seed43,43,25,5,False,False,True,0.4346,0.0,1.445655,-0.83154196,-9.856913493422326e-06,0.0011393411550670862,0.0011393837630748749,7e267c0bf303542b
2,day2_n8_topk_seed43,43,25,6,False,False,True,0.4216,0.0,-0.33428603,-0.8436549,-1.2936732673551887e-05,0.0011272974079474807,0.001127371797338128,7e267c0bf303542b
2,day2_n8_topk_seed43,43,25,7,False,False,True,0.4236,0.0,0.47387183,-0.5084857,-1.0292923434462864e-05,0.0011201555607840419,0.0011202027089893818,7e267c0bf303542b
2,day2_n8_topk_seed43,43,26,0,False,False,True,0.428,0.0,-0.060936835,1.1385027,-1.256975156138651e-05,0.0011295726289972663,0.0011296424781903625,7e267c0bf303542b
2,day2_n8_topk_seed43,43,26,1,False,False,True,0.4032,0.0,-0.97890896,0.57919925,-1.2941426575707737e-05,0.0011314359726384282,0.0011315100127831101,7e267c0bf303542b
2,day2_n8_topk_seed43,43,26,2,False,False,True,0.434,0.0,-1.9912355,-1.8368404,-1.4234531590773258e-05,0.0011440182570368052,0.0011441068490967155,7e267c0bf303542b
2,day2_n8_topk_seed43,43,26,3,False,False,True,0.4342,0.0,0.3140886,1.0356797,-1.3392475011642091e-05,0.0011383930686861277,0.0011384718818590045,7e267c0bf303542b
2,day2_n8_topk_seed43,43,26,4,False,False,True,0.4386,0.0,1.8815652,-0.2709943,-1.187507496069884e-05,0.001144290086813271,0.0011443517869338393,7e267c0bf303542b
2,day2_n8_topk_seed43,43,26,5,False,False,True,0.445,0.0,0.69288224,0.24951309,-1.3246610251371749e-05,0.0011150859063491225,0.0011151644866913557,7e267c0bf303542b
2,day2_n8_topk_seed43,43,26,6,False,False,True,0.4388,0.0,1.1005697,-1.8784633,-1.5190408703347202e-05,0.0011411526938900352,0.0011412538588047028,7e267c0bf303542b
2,day2_n8_topk_seed43,43,26,7,False,False,True,0.4554,0.0,-0.9580268,0.98340416,-1.2517671166278888e-05,0.0011239617597311735,0.001124031376093626,7e267c0bf303542b
2,day2_n8_topk_seed43,43,27,0,False,False,True,0.448,0.0,0.096471936,-2.3145313,-1.196605444420129e-05,0.0011270007817074656,0.0011270643444731832,7e267c0bf303542b
2,day2_n8_topk_seed43,43,27,1,False,False,True,0.4384,0.0,1.1093228,1.7924812,-1.0333137652196456e-05,0.0011278130114078522,0.0011278603924438357,7e267c0bf303542b
2,day2_n8_topk_seed43,43,27,2,False,False,True,0.4374,0.0,1.1014351,-0.93604904,-1.1082974197051954e-05,0.0011191836092621088,0.0011192384408786893,7e267c0bf303542b
2,day2_n8_topk_seed43,43,27,3,False,False,True,0.438,0.0,0.75331694,0.377738,-9.265892913390417e-06,0.001114575657993555,0.0011146141914650798,7e267c0bf303542b
2,day2_n8_topk_seed43,43,27,4,False,False,True,0.4472,0.0,-1.8799751,-0.2511532,-1.61383104568813e-05,0.0011196151608601213,0.0011197314597666264,7e267c0bf303542b
2,day2_n8_topk_seed43,43,27,5,False,False,True,0.4238,0.0,0.09943546,0.46426547,-1.3578261132352054e-05,0.0011123140575364232,0.001112396945245564,7e267c0bf303542b
2,day2_n8_topk_seed43,43,27,6,False,False,True,0.4216,0.0,0.6842915,0.0628621,-1.0050828677776735e-05,0.0010966019472107291,0.0010966480476781726,7e267c0bf303542b
2,day2_n8_topk_seed43,43,27,7,False,False,True,0.4128,0.0,-1.964297,0.8043861,-1.2797322597180028e-05,0.0011291868286207318,0.00112925935536623,7e267c0bf303542b
2,day2_n8_topk_seed43,43,28,0,False,False,True,0.4244,0.0,-0.25557503,-0.49327776,-1.0943662346107885e-05,0.0011158111738041043,0.0011158648412674665,7e267c0bf303542b
2,day2_n8_topk_seed43,43,28,1,False,False,True,0.435,0.0,3.03667,0.6291021,-1.283293022424914e-05,0.0011313476134091616,0.0011314204894006252,7e267c0bf303542b
2,day2_n8_topk_seed43,43,28,2,False,False,True,0.4428,0.0,-0.18735537,-0.31262732,-1.1830234143417329e-05,0.0011046401923522353,0.0011047035222873092,7e267c0bf303542b
2,day2_n8_topk_seed43,43,28,3,False,False,True,0.43,0.0,-0.5898887,0.2635423,-1.3116359696141444e-05,0.0011188582284376025,0.0011189350625500083,7e267c0bf303542b
2,day2_n8_topk_seed43,43,28,4,False,False,True,0.4164,0.0,-1.1462252,2.4221861,-1.4187033229973167e-05,0.001121921930462122,0.0011220115702599287,7e267c0bf303542b
2,day2_n8_topk_seed43,43,28,5,False,False,True,0.4332,0.0,-0.762998,-0.91319996,-1.4237441973818932e-05,0.0011080332333222032,0.0011081247357651591,7e267c0bf303542b
2,day2_n8_topk_seed43,43,28,6,False,False,True,0.438,0.0,-0.07649128,-1.9039328,-1.462974523747107e-05,0.0011217028368264437,0.0011217982973903418,7e267c0bf303542b
2,day2_n8_topk_seed43,43,28,7,False,False,True,0.435,0.0,-0.018134546,0.30820823,-1.0583326002233662e-05,0.0011174986138939857,0.0011175487888976932,7e267c0bf303542b
2,day2_n8_topk_seed43,43,29,0,False,False,True,0.4442,0.0,-0.38833106,0.93573445,-1.0676246347429696e-05,0.0011209644144400954,0.0011210152879357338,7e267c0bf303542b
2,day2_n8_topk_seed43,43,29,1,False,False,True,0.4502,0.0,-0.15858616,0.03406382,-1.2024390343867708e-05,0.0011072917841374874,0.0011073570931330323,7e267c0bf303542b
2,day2_n8_topk_seed43,43,29,2,False,False,True,0.4426,0.0,0.19696578,0.21178673,-1.0117115380126052e-05,0.0010955635225400329,0.0010956102050840855,7e267c0bf303542b
2,day2_n8_topk_seed43,43,29,3,False,False,True,0.4376,0.0,2.6878095,1.4752384,-9.057845090865158e-06,0.001152776530943811,0.00115281215403229,7e267c0bf303542b
2,day2_n8_topk_seed43,43,29,4,False,False,True,0.3954,0.0,-1.5882709,-0.10601416,-1.3061917343293317e-05,0.0011335813906043768,0.001133656594902277,7e267c0bf303542b
2,day2_n8_topk_seed43,43,29,5,False,False,True,0.4366,0.0,1.1594521,-3.0115254,-1.1810686373792123e-05,0.0011428659781813622,0.0011429269798099995,7e267c0bf303542b
2,day2_n8_topk_seed43,43,29,6,False,False,True,0.4494,0.0,-0.61557704,0.41476494,-1.1666911632346455e-05,0.0011078186798840761,0.001107880030758679,7e267c0bf303542b
2,day2_n8_topk_seed43,43,29,7,False,False,True,0.4252,0.0,-1.2934647,0.045951825,-1.1265530702075921e-05,0.0011339376214891672,0.001133993617258966,7e267c0bf303542b
2,day2_n8_topk_seed43,43,30,0,False,False,True,0.421,0.0,-1.5942122,2.6886714,-1.3001100342080463e-05,0.0011253085685893893,0.0011253837728872895,7e267c0bf303542b
2,day2_n8_topk_seed43,43,30,1,False,False,True,0.4408,0.0,2.2763522,1.0396677,-1.116403018386336e-05,0.0011254434939473867,0.0011254990240558982,7e267c0bf303542b
2,day2_n8_topk_seed43,43,30,2,False,False,True,0.455,0.0,0.5484818,-0.49359643,-1.0972594282065984e-05,0.001101743197068572,0.0011017977958545089,7e267c0bf303542b
2,day2_n8_topk_seed43,43,30,3,False,False,True,0.4442,0.0,0.5872547,-0.12538089,-1.0385219866293482e-05,0.0011128123151138425,0.0011128607438877225,7e267c0bf303542b
2,day2_n8_topk_seed43,43,30,4,False,False,True,0.4612,0.0,0.044243142,0.00689288,-1.2999853424844332e-05,0.0011086503509432077,0.0011087263701483607,7e267c0bf303542b
2,day2_n8_topk_seed43,43,30,5,False,False,True,0.4428,0.0,-0.17071654,-0.50434834,-1.3143217074684799e-05,0.001101764035411179,0.0011018423829227686,7e267c0bf303542b
2,day2_n8_topk_seed43,43,30,6,False,False,True,0.446,0.0,0.46262348,-1.3179059,-1.2217744369991124e-05,0.001110479817725718,0.0011105469893664122,7e267c0bf303542b
2,day2_n8_topk_seed43,43,30,7,False,False,True,0.458,0.0,-2.1540253,-1.2940003,-1.3642651538248174e-05,0.0011283743660897017,0.001128456904552877,7e267c0bf303542b
2,day2_n8_topk_seed43,43,31,0,False,False,True,0.4538,0.0,0.25273535,0.6008124,-1.3634032256959472e-05,0.0010983835672959685,0.0010984680848196149,7e267c0bf303542b
2,day2_n8_topk_seed43,43,31,1,False,False,True,0.4558,0.0,0.38797888,-1.2984362,-1.2825080375478137e-05,0.0011371229775249958,0.0011371953878551722,7e267c0bf303542b
2,day2_n8_topk_seed43,43,31,2,False,False,True,0.4466,0.0,2.1151466,-2.0486195,-8.961093044490553e-06,0.0011597065022215247,0.0011597410775721073,7e267c0bf303542b
2,day2_n8_topk_seed43,43,31,3,False,False,True,0.4634,0.0,0.18688707,0.38393277,-1.1331955647619907e-05,0.0010985478293150663,0.0010986062698066235,7e267c0bf303542b
2,day2_n8_topk_seed43,43,31,4,False,False,True,0.4486,0.0,-3.6192143,-1.0627848,-1.815054019971285e-05,0.0012155678123235703,0.0012157033197581768,7e267c0bf303542b
2,day2_n8_topk_seed43,43,31,5,False,False,True,0.4452,0.0,0.06808012,0.88847965,-1.4845110854366794e-05,0.0010985350236296654,0.0010986353736370802,7e267c0bf303542b
2,day2_n8_topk_seed43,43,31,6,False,False,True,0.4444,0.0,0.2762779,2.4371998,-9.535177014186047e-06,0.0011269130045548081,0.001126953400671482,7e267c0bf303542b
2,day2_n8_topk_seed43,43,31,7,False,False,True,0.4382,0.0,0.33211568,0.09942035,-1.0522170668991748e-05,0.0011169799836352468,0.0011170294601470232,7e267c0bf303542b
2,day2_n8_topk_seed43,43,32,0,False,False,True,0.4554,0.0,-0.37357363,-0.2888465,-1.2235985195729882e-05,0.0010981704108417034,0.0010982385138049722,7e267c0bf303542b
2,day2_n8_topk_seed43,43,32,1,False,False,True,0.4572,0.0,-0.5830041,-0.82368875,-9.44556904869387e-06,0.001098304521292448,0.0010983451502397656,7e267c0bf303542b
2,day2_n8_topk_seed43,43,32,2,False,False,True,0.4344,0.0,-0.8102356,-0.79055834,-1.0343867870687973e-05,0.0011186618357896805,0.0011187095660716295,7e267c0bf303542b
2,day2_n8_topk_seed43,43,32,3,False,False,True,0.46,0.0,-0.6958337,3.417315,-1.1302657185296994e-05,0.0011379694333299994,0.00113802554551512,7e267c0bf303542b
2,day2_n8_topk_seed43,43,32,4,False,False,True,0.4422,0.0,-0.49240708,-0.70040405,-1.2507737665146124e-05,0.0010934167075902224,0.0010934880701825023,7e267c0bf303542b
2,day2_n8_topk_seed43,43,32,5,False,False,True,0.4402,0.0,3.8774076,0.10469869,-1.3076331015327014e-05,0.0012099227169528604,0.0012099933810532093,7e267c0bf303542b
2,day2_n8_topk_seed43,43,32,6,False,False,True,0.4492,0.0,-0.19963364,-0.5074717,-1.2780677934642881e-05,0.0010975614422932267,0.001097635948099196,7e267c0bf303542b
2,day2_n8_topk_seed43,43,32,7,False,False,True,0.451,0.0,-0.7227262,-0.41104499,-1.3417393347481266e-05,0.0010931257857009768,0.0010932080913335085,7e267c0bf303542b
2,day2_n8_topk_seed43,43,33,0,False,False,True,0.4372,0.0,0.281043,1.7244543,-1.4701544387207832e-05,0.0011015537893399596,0.0011016519274562597,7e267c0bf303542b
2,day2_n8_topk_seed43,43,33,1,False,False,True,0.4426,0.0,0.6289584,0.70685714,-9.1935526143061e-06,0.0011092950589954853,0.0011093331268057227,7e267c0bf303542b
2,day2_n8_topk_seed43,43,33,2,False,False,True,0.448,0.0,-3.6043859,-0.85381484,-9.31229442358017e-06,0.0011742275673896074,0.0011742644710466266,7e267c0bf303542b
2,day2_n8_topk_seed43,43,33,3,False,False,True,0.3968,0.0,1.4682015,-2.742299,-6.652706360910088e-06,0.0011314384173601866,0.0011314579751342535,7e267c0bf303542b
2,day2_n8_topk_seed43,43,33,4,False,False,True,0.4494,0.0,0.06843643,0.82152474,-1.0640195796440821e-05,0.0011182771995663643,0.001118327840231359,7e267c0bf303542b
2,day2_n8_topk_seed43,43,33,5,False,False,True,0.4494,0.0,0.2003068,0.51674336,-1.2108428563806228e-05,0.001076777116395533,0.0010768452193588018,7e267c0bf303542b
2,day2_n8_topk_seed43,43,33,6,False,False,True,0.451,0.0,0.4465317,0.80094767,-1.046375200530747e-05,0.0011026487918570638,0.0011026985011994839,7e267c0bf303542b
2,day2_n8_topk_seed43,43,33,7,False,False,True,0.4468,0.0,0.5109112,-0.97440946,-7.486160484404536e-06,0.0011185999028384686,0.0011186249321326613,7e267c0bf303542b
2,day2_n8_topk_seed43,43,34,0,False,False,True,0.4408,0.0,0.80126226,-1.124985,-1.3265010238683317e-05,0.0010969258146360517,0.0010970061412081122,7e267c0bf303542b
2,day2_n8_topk_seed43,43,34,1,False,False,True,0.4762,0.0,-0.28336662,0.5862947,-7.77422701503383e-06,0.001088309334591031,0.0010883370414376259,7e267c0bf303542b
2,day2_n8_topk_seed43,43,34,2,False,False,True,0.4524,0.0,-0.54168695,1.459629,-9.047374987858348e-06,0.0010960639920085669,0.0010961013613268733,7e267c0bf303542b
2,day2_n8_topk_seed43,43,34,3,False,False,True,0.454,0.0,0.95928234,-2.020934,-9.349366337119136e-06,0.0011170953512191772,0.001117134466767311,7e267c0bf303542b
2,day2_n8_topk_seed43,43,34,4,False,False,True,0.4692,0.0,-2.2902532,0.36236283,-9.291280548495706e-06,0.0011084025027230382,0.0011084415018558502,7e267c0bf303542b
2,day2_n8_topk_seed43,43,34,5,False,False,True,0.4508,0.0,-0.83904415,-1.7347775,-1.3176509128243197e-05,0.001109971315599978,0.0011100495466962457,7e267c0bf303542b
2,day2_n8_topk_seed43,43,34,6,False,False,True,0.469,0.0,-0.3064655,1.0725977,-1.0153364200959913e-05,0.0011010476155206561,0.0011010944144800305,7e267c0bf303542b
2,day2_n8_topk_seed43,43,34,7,False,False,True,0.455,0.0,2.500273,1.3998123,-1.0555948392720893e-05,0.0011180747533217072,0.0011181245790794492,7e267c0bf303542b
2,day2_n8_topk_seed43,43,35,0,False,False,True,0.4514,0.0,0.017706726,-0.49206144,-9.378291906614322e-06,0.0011100240517407656,0.0011100636329501867,7e267c0bf303542b
2,day2_n8_topk_seed43,43,35,1,False,False,True,0.477,0.0,-0.32787046,-0.6740226,-1.1439698027970735e-05,0.0011077788658440113,0.0011078378884121776,7e267c0bf303542b
2,day2_n8_topk_seed43,43,35,2,False,False,True,0.443,0.0,-0.1825058,-1.2448142,-1.2401478670653887e-05,0.0011154146632179618,0.0011154835810884833,7e267c0bf303542b
2,day2_n8_topk_seed43,43,35,3,False,False,True,0.465,0.0,-0.23679954,-0.3297336,-9.020954166771844e-06,0.0011090568732470274,0.0011090935440734029,7e267c0bf303542b
2,day2_n8_topk_seed43,43,35,4,False,False,True,0.4604,0.0,-2.3496742,2.6391196,-1.1593970157264266e-05,0.0011393750319257379,0.0011394340544939041,7e267c0bf303542b
2,day2_n8_topk_seed43,43,35,5,False,False,True,0.4454,0.0,-0.5630364,-0.31294212,-8.671830073581077e-06,0.0011005395790562034,0.0011005736887454987,7e267c0bf303542b
2,day2_n8_topk_seed43,43,35,6,False,False,True,0.4612,0.0,3.2080362,1.9205492,-1.1014099072781391e-05,0.001146861119195819,0.0011469139717519283,7e267c0bf303542b
2,day2_n8_topk_seed43,43,35,7,False,False,True,0.461,0.0,0.43414572,-1.5060937,-5.870082986803027e-06,0.0011199561413377523,0.0011199715081602335,7e267c0bf303542b
2,day2_n8_topk_seed43,43,36,0,False,False,True,0.4838,0.0,0.047793586,-1.0240352,-1.0411503353680018e-05,0.0011146923061460257,0.0011147408513352275,7e267c0bf303542b
2,day2_n8_topk_seed43,43,36,1,False,False,True,0.4808,0.0,1.0276058,-1.9819474,-1.0536910849623382e-05,0.00111553561873734,0.001115585444495082,7e267c0bf303542b
2,day2_n8_topk_seed43,43,36,2,False,False,True,0.462,0.0,0.81061596,-0.52930456,-1.2987652553420048e-05,0.0010912251891568303,0.0010913024889305234,7e267c0bf303542b
2,day2_n8_topk_seed43,43,36,3,False,False,True,0.4506,0.0,-3.81113,0.009030121,-1.2356135812296998e-05,0.001163174514658749,0.0011632401729002595,7e267c0bf303542b
2,day2_n8_topk_seed43,43,36,4,False,False,True,0.4606,0.0,0.2464058,1.053148,-1.3583295185526367e-05,0.0011126539902761579,0.0011127368779852986,7e267c0bf303542b
2,day2_n8_topk_seed43,43,36,5,False,False,True,0.4574,0.0,0.37962827,-0.55935895,-1.4261020623962395e-05,0.0010981496889144182,0.0010982423555105925,7e267c0bf303542b
2,day2_n8_topk_seed43,43,36,6,False,False,True,0.4512,0.0,0.4623848,0.094396085,-1.3138099347997922e-05,0.0010950881987810135,0.0010951670119538903,7e267c0bf303542b
2,day2_n8_topk_seed43,43,36,7,False,False,True,0.454,0.0,0.83669806,2.9380717,-1.1053288289986085e-05,0.0011211562668904662,0.0011212107492610812,7e267c0bf303542b
2,day2_n8_topk_seed43,43,37,0,False,False,True,0.4732,0.0,-1.5810776,0.0792479,-8.623821486253291e-06,0.0011191789526492357,0.0011192121310159564,7e267c0bf303542b
2,day2_n8_topk_seed43,43,37,1,False,False,True,0.4882,0.0,0.8688561,-1.461451,-9.011160727823153e-06,0.0011170485522598028,0.0011170848738402128,7e267c0bf303542b
2,day2_n8_topk_seed43,43,37,2,False,False,True,0.484,0.0,-0.7489554,-0.66521734,-8.22854144644225e-06,0.0010935714235529304,0.0010936023900285363,7e267c0bf303542b
2,day2_n8_topk_seed43,43,37,3,False,False,True,0.4596,0.0,1.6187494,-1.5693823,-7.922692930151243e-06,0.0011280501494184136,0.001128078089095652,7e267c0bf303542b
2,day2_n8_topk_seed43,43,37,4,False,False,True,0.4688,0.0,2.5355978,2.6782923,-9.829752343648579e-06,0.0011443336261436343,0.0011443757684901357,7e267c0bf303542b
2,day2_n8_topk_seed43,43,37,5,False,False,True,0.4548,0.0,-2.0924108,1.7963159,-1.197547771880636e-05,0.001139998435974121,0.0011400613002479076,7e267c0bf303542b
2,day2_n8_topk_seed43,43,37,6,False,False,True,0.4798,0.0,-0.5465148,-0.7279193,-8.941107807913795e-06,0.0011110889026895165,0.001111124875023961,7e267c0bf303542b
2,day2_n8_topk_seed43,43,37,7,False,False,True,0.48,0.0,-0.054242205,-0.12988731,-1.1776080100389663e-05,0.001119899214245379,0.0011199612636119127,7e267c0bf303542b
2,day2_n8_topk_seed43,43,38,0,False,False,True,0.469,0.0,0.4166658,-0.4526931,-1.2148260793765076e-05,0.0011145889293402433,0.001114655053243041,7e267c0bf303542b
2,day2_n8_topk_seed43,43,38,1,False,False,True,0.4404,0.0,1.0223505,3.0711498,-1.0451393791299779e-05,0.0011274601565673947,0.001127508468925953,7e267c0bf303542b
2,day2_n8_topk_seed43,43,38,2,False,False,True,0.48,0.0,0.8026354,-1.4605671,-1.0823331649589818e-05,0.0010987510904669762,0.001098804408684373,7e267c0bf303542b
2,day2_n8_topk_seed43,43,38,3,False,False,True,0.4696,0.0,1.4739888,-1.3503435,-9.27335349842906e-06,0.0011156831169500947,0.0011157217668369412,7e267c0bf303542b
2,day2_n8_topk_seed43,43,38,4,False,False,True,0.4862,0.0,0.45694005,-0.3470316,-1.1070608707086649e-05,0.0010934340534731746,0.0010934900492429733,7e267c0bf303542b
2,day2_n8_topk_seed43,43,38,5,False,False,True,0.4646,0.0,0.39349264,-0.3020712,-1.2755244824802503e-05,0.001104443334043026,0.0011045169085264206,7e267c0bf303542b
2,day2_n8_topk_seed43,43,38,6,False,False,True,0.4288,0.0,-1.1635015,1.4972318,-1.142011478805216e-05,0.001123971538618207,0.0011240295134484768,7e267c0bf303542b
2,day2_n8_topk_seed43,43,38,7,False,False,True,0.4828,0.0,-3.4025714,-0.6556787,-1.150617936218623e-05,0.0011382598895579576,0.0011383179808035493,7e267c0bf303542b
2,day2_n8_topk_seed43,43,39,0,False,False,True,0.4526,0.0,0.14157496,-0.5792252,-1.1072098459408153e-05,0.0011005731066688895,0.0011006287531927228,7e267c0bf303542b
2,day2_n8_topk_seed43,43,39,1,False,False,True,0.4536,0.0,2.4181426,3.9048188,-8.72321743372595e-06,0.0012765962164849043,0.0012766261352226138,7e267c0bf303542b
2,day2_n8_topk_seed43,43,39,2,False,False,True,0.4896,0.0,0.3830502,-1.0058948,-1.135225102188997e-05,0.001096692867577076,0.0010967516573145986,7e267c0bf303542b
2,day2_n8_topk_seed43,43,39,3,False,False,True,0.4458,0.0,-4.703904,1.5237001,-1.16198934847489e-05,0.0013586567947641015,0.0013587066205218434,7e267c0bf303542b
2,day2_n8_topk_seed43,43,39,4,False,False,True,0.4584,0.0,0.502522,-1.000993,-9.61929890763713e-06,0.0011183235328644514,0.0011183649767190218,7e267c0bf303542b
2,day2_n8_topk_seed43,43,39,5,False,False,True,0.481,0.0,0.23136193,-1.469722,-1.0284419659001287e-05,0.0011186775518581271,0.0011187248164787889,7e267c0bf303542b
2,day2_n8_topk_seed43,43,39,6,False,False,True,0.482,0.0,0.17788358,-0.29968113,-1.421252545696916e-05,0.0011303150095045567,0.0011304044164717197,7e267c0bf303542b
2,day2_n8_topk_seed43,43,39,7,False,False,True,0.4654,0.0,0.8493735,-1.0730101,-9.73515761870658e-06,0.0011367469560354948,0.0011367886327207088,7e267c0bf303542b
2,day2_n8_topk_seed43,43,40,0,False,False,True,0.4836,0.0,-0.56122553,0.2959003,-9.765366485225968e-06,0.00108249275945127,0.0010825367644429207,7e267c0bf303542b
2,day2_n8_topk_seed43,43,40,1,False,False,True,0.476,0.0,-0.73799264,0.511716,-9.649443200032692e-06,0.001103100599721074,0.0011031427420675755,7e267c0bf303542b
2,day2_n8_topk_seed43,43,40,2,False,False,True,0.4626,0.0,-0.6802825,0.88438773,-8.17867839941755e-06,0.0011020827805623412,0.001102113164961338,7e267c0bf303542b
2,day2_n8_topk_seed43,43,40,3,False,False,True,0.4938,0.0,4.3796186,-0.62951136,-6.900068910908885e-06,0.0012548421509563923,0.001254861243069172,7e267c0bf303542b
2,day2_n8_topk_seed43,43,40,4,False,False,True,0.4804,0.0,0.04008816,0.72424597,-6.001504971209215e-06,0.0011132281506434083,0.0011132443323731422,7e267c0bf303542b
2,day2_n8_topk_seed43,43,40,5,False,False,True,0.4722,0.0,-0.52295065,1.3183001,-8.957729733083397e-06,0.0011262362822890282,0.0011262719053775072,7e267c0bf303542b
2,day2_n8_topk_seed43,43,40,6,False,False,True,0.4866,0.0,-0.6318681,0.87459284,-8.179727046808694e-06,0.0011200837325304747,0.0011201135348528624,7e267c0bf303542b
2,day2_n8_topk_seed43,43,40,7,False,False,True,0.449,0.0,-1.285387,-3.9796305,-1.0575196029094514e-05,0.0012007510522380471,0.001200797618366778,7e267c0bf303542b
2,day2_n8_topk_seed43,43,41,0,False,False,True,0.4574,0.0,-0.7601325,3.4515266,-1.0955390280287247e-05,0.001127435709349811,0.001127488911151886,7e267c0bf303542b
2,day2_n8_topk_seed43,43,41,1,False,False,True,0.4862,0.0,-0.14776462,0.31646273,-1.127135783463018e-05,0.0010884653311222792,0.0010885237716138363,7e267c0bf303542b
2,day2_n8_topk_seed43,43,41,2,False,False,True,0.4658,0.0,-1.1159015,-2.1961155,-1.1909160093637183e-05,0.0011220364831387997,0.0011220998130738735,7e267c0bf303542b
2,day2_n8_topk_seed43,43,41,3,False,False,True,0.4714,0.0,3.5688555,-0.030212197,-9.018649507197551e-06,0.001125799841247499,0.0011258360464125872,7e267c0bf303542b
2,day2_n8_topk_seed43,43,41,4,False,False,True,0.4628,0.0,0.2909471,-0.18301918,-1.016826990962727e-05,0.0010985542321577668,0.001098601263947785,7e267c0bf303542b
2,day2_n8_topk_seed43,43,41,5,False,False,True,0.4704,0.0,-0.3844135,-0.63513505,-1.2613857506948989e-05,0.0010933639714494348,0.0010934367310255766,7e267c0bf303542b
2,day2_n8_topk_seed43,43,41,6,False,False,True,0.4774,0.0,-1.7498412,-0.17207897,-1.0909674529102631e-05,0.0011084226425737143,0.0011084764264523983,7e267c0bf303542b
2,day2_n8_topk_seed43,43,41,7,False,False,True,0.4752,0.0,0.29824805,-0.5514275,-9.731569662108086e-06,0.0011208360083401203,0.0011208782671019435,7e267c0bf303542b
2,day2_n8_topk_seed43,43,42,0,False,False,True,0.4462,0.0,-1.5226331,3.760494,-1.0859967915166635e-05,0.0011542037827894092,0.0011542548891156912,7e267c0bf303542b
2,day2_n8_topk_seed43,43,42,1,False,False,True,0.4662,0.0,-0.3401954,-1.0647736,-1.1250941497564781e-05,0.00112188421189785,0.001121940673328936,7e267c0bf303542b
2,day2_n8_topk_seed43,43,42,2,False,False,True,0.5028,0.0,-0.34222752,-0.6326883,-9.066657185030635e-06,0.0010996158234775066,0.001099653192795813,7e267c0bf303542b
2,day2_n8_topk_seed43,43,42,3,False,False,True,0.4938,0.0,-0.8890217,-0.6069737,-7.996663953235839e-06,0.0011164027964696288,0.00111643155105412,7e267c0bf303542b
2,day2_n8_topk_seed43,43,42,4,False,False,True,0.5014,0.0,-0.6859616,-0.8203627,-1.2054168109898455e-05,0.0011138161644339561,0.0011138813570141792,7e267c0bf303542b
2,day2_n8_topk_seed43,43,42,5,False,False,True,0.4874,0.0,-0.28446096,-0.5232689,-1.6042857168940827e-05,0.0011188554344698787,0.0011189705692231655,7e267c0bf303542b
2,day2_n8_topk_seed43,43,42,6,False,False,True,0.472,0.0,4.1923585,0.8984545,-7.415239451802336e-06,0.0011962552089244127,0.0011962782591581345,7e267c0bf303542b
2,day2_n8_topk_seed43,43,42,7,False,False,True,0.4976,0.0,-0.12786415,-1.0108826,-9.790212061489001e-06,0.001091684098355472,0.0010917279869318008,7e267c0bf303542b
2,day2_n8_topk_seed43,43,43,0,False,False,True,0.467,0.0,0.36207697,0.6216741,-1.0591754289634991e-05,0.0011309196706861258,0.001130969263613224,7e267c0bf303542b
2,day2_n8_topk_seed43,43,43,1,False,False,True,0.49,0.0,0.16759384,0.27587655,-9.842543477134313e-06,0.0010955696925520897,0.001095613930374384,7e267c0bf303542b
2,day2_n8_topk_seed43,43,43,2,False,False,True,0.4966,0.0,3.3271842,0.94818217,-1.101463203667663e-05,0.0011584906606003642,0.0011585430474951863,7e267c0bf303542b
2,day2_n8_topk_seed43,43,43,3,False,False,True,0.4756,0.0,-0.23686756,-0.016876576,-8.002260074135847e-06,0.0011254479177296162,0.0011254764394834638,7e267c0bf303542b
2,day2_n8_topk_seed43,43,43,4,False,False,True,0.4858,0.0,-0.1680504,-0.15950911,-1.1817734957730863e-05,0.0011261488543823361,0.001126210787333548,7e267c0bf303542b
2,day2_n8_topk_seed43,43,43,5,False,False,True,0.4688,0.0,-2.9292643,2.0328817,-1.3474340448738076e-05,0.0011679945746436715,0.001168072340078652,7e267c0bf303542b
2,day2_n8_topk_seed43,43,43,6,False,False,True,0.4714,0.0,0.1303233,0.102643356,-1.0335898878111038e-05,0.0011219250736758113,0.0011219726875424385,7e267c0bf303542b
2,day2_n8_topk_seed43,43,43,7,False,False,True,0.4914,0.0,-0.6529965,-3.8048701,-1.4597989320463967e-05,0.0011548924958333373,0.0011549846967682242,7e267c0bf303542b
2,day2_n8_topk_seed43,43,44,0,False,False,True,0.4694,0.0,0.77662605,0.40135795,-9.105623576033395e-06,0.0011136307148262858,0.0011136678513139486,7e267c0bf303542b
2,day2_n8_topk_seed43,43,44,1,False,False,True,0.4978,0.0,0.4624826,-0.4867895,-9.973442502086982e-06,0.0011063077254220843,0.0011063526617363095,7e267c0bf303542b
2,day2_n8_topk_seed43,43,44,2,False,False,True,0.4784,0.0,0.58641446,-2.4267213,-6.337545528367627e-06,0.0011355396127328277,0.0011355571914464235,7e267c0bf303542b
2,day2_n8_topk_seed43,43,44,3,False,False,True,0.5112,0.0,0.54388124,-0.1637554,-8.27732674224535e-06,0.0011122961295768619,0.0011123268632218242,7e267c0bf303542b
2,day2_n8_topk_seed43,43,44,4,False,False,True,0.4866,0.0,1.1168687,-1.0372139,-1.1793164048867766e-05,0.0011294722789898515,0.001129533862695098,7e267c0bf303542b
2,day2_n8_topk_seed43,43,44,5,False,False,True,0.4924,0.0,0.18417774,0.31928223,-9.655384019424673e-06,0.0011101450072601438,0.0011101870331913233,7e267c0bf303542b
2,day2_n8_topk_seed43,43,44,6,False,False,True,0.5054,0.0,0.5728687,3.5144656,-6.0194265643076506e-06,0.0011505737202242017,0.0011505895527079701,7e267c0bf303542b
2,day2_n8_topk_seed43,43,44,7,False,False,True,0.4858,0.0,-4.24332,-0.12062534,-8.28805877972627e-06,0.0011702018091455102,0.0011702311458066106,7e267c0bf303542b
2,day2_n8_topk_seed43,43,45,0,False,False,True,0.514,0.0,-1.3962148,1.0551498,-1.0311134246876463e-05,0.0011393767781555653,0.0011394234606996179,7e267c0bf303542b
2,day2_n8_topk_seed43,43,45,1,False,False,True,0.486,0.0,-0.61585814,0.5056372,-8.779797099123243e-06,0.0011346177197992802,0.0011346517130732536,7e267c0bf303542b
2,day2_n8_topk_seed43,43,45,2,False,False,True,0.4912,0.0,-0.49255604,-2.7767172,-8.989842172013596e-06,0.0011625901097431779,0.0011626249179244041,7e267c0bf303542b
2,day2_n8_topk_seed43,43,45,3,False,False,True,0.503,0.0,-0.62808865,0.5634752,-1.031559077091515e-05,0.0011286382796242833,0.0011286854278296232,7e267c0bf303542b
2,day2_n8_topk_seed43,43,45,4,False,False,True,0.4934,0.0,-1.1100907,1.3474945,-8.0858017099672e-06,0.0011367988772690296,0.0011368276318535209,7e267c0bf303542b
2,day2_n8_topk_seed43,43,45,5,False,False,True,0.4892,0.0,-0.13297108,1.3696938,-9.08082347450545e-06,0.0011215044651180506,0.001121541135944426,7e267c0bf303542b
2,day2_n8_topk_seed43,43,45,6,False,False,True,0.4644,0.0,4.209701,0.6904034,-8.446230822301004e-06,0.0011754278093576431,0.0011754580773413181,7e267c0bf303542b
2,day2_n8_topk_seed43,43,45,7,False,False,True,0.4974,0.0,0.16608046,-2.7551358,-9.507321010460146e-06,0.0011664043413475156,0.0011664432240650058,7e267c0bf303542b
2,day2_n8_topk_seed43,43,46,0,False,False,True,0.4358,0.0,-2.0828886,-0.05132014,-9.584362487657927e-06,0.001163683831691742,0.0011637232964858413,7e267c0bf303542b
2,day2_n8_topk_seed43,43,46,1,False,False,True,0.491,0.0,-0.99634326,2.738157,-1.1391896805434953e-05,0.001156213809736073,0.0011562699219211936,7e267c0bf303542b
2,day2_n8_topk_seed43,43,46,2,False,False,True,0.5,0.0,-0.3293107,0.45296717,-1.1557864127098583e-05,0.0011367248371243477,0.0011367836268618703,7e267c0bf303542b
2,day2_n8_topk_seed43,43,46,3,False,False,True,0.5164,0.0,0.045849923,-0.5055508,-6.697592652926687e-06,0.0011167749762535095,0.0011167951161041856,7e267c0bf303542b
2,day2_n8_topk_seed43,43,46,4,False,False,True,0.4846,0.0,-0.5677852,0.6910228,-9.377648893860169e-06,0.0011416691122576594,0.0011417076457291842,7e267c0bf303542b
2,day2_n8_topk_seed43,43,46,5,False,False,True,0.4812,0.0,-0.16656992,-3.5015004,-1.1957808055740315e-05,0.0011586876353248954,0.0011587493354454637,7e267c0bf303542b
2,day2_n8_topk_seed43,43,46,6,False,False,True,0.5012,0.0,0.07681176,-0.4803537,-4.403449565870687e-06,0.0011420270893722773,0.0011420355876907706,7e267c0bf303542b
2,day2_n8_topk_seed43,43,46,7,False,False,True,0.5002,0.0,4.020238,0.65657884,-8.11660174804274e-06,0.0011727273231372237,0.001172755379229784,7e267c0bf303542b
2,day2_n8_topk_seed43,43,47,0,False,False,True,0.4994,0.0,-0.045026284,0.5893021,-1.0734922398114577e-05,0.0011272826232016087,0.0011273337295278907,7e267c0bf303542b
2,day2_n8_topk_seed43,43,47,1,False,False,True,0.5086,0.0,-0.16071631,0.7789132,-1.1208638170501217e-05,0.0011266660876572132,0.0011267219670116901,7e267c0bf303542b
2,day2_n8_topk_seed43,43,47,2,False,False,True,0.4614,0.0,-0.3441222,0.5404223,-9.04894568520831e-06,0.001120766974054277,0.0011208035284653306,7e267c0bf303542b
2,day2_n8_topk_seed43,43,47,3,False,False,True,0.5036,0.0,3.8725152,-2.2806354,-1.2129352398915216e-05,0.0012003073934465647,0.0012003686279058456,7e267c0bf303542b
2,day2_n8_topk_seed43,43,47,4,False,False,True,0.5112,0.0,-0.38750458,1.161441,-1.3515482351067476e-05,0.001146692200563848,0.0011467717122286558,7e267c0bf303542b
2,day2_n8_topk_seed43,43,47,5,False,False,True,0.49,0.0,0.54566777,1.2141092,-1.1264901331742294e-05,0.001156809157691896,0.0011568641057237983,7e267c0bf303542b
2,day2_n8_topk_seed43,43,47,6,False,False,True,0.5172,0.0,-0.5807196,1.3566464,-9.197479812428355e-06,0.0011474012862890959,0.0011474380735307932,7e267c0bf303542b
2,day2_n8_topk_seed43,43,47,7,False,False,True,0.5082,0.0,-2.9000924,-3.360196,-1.2936699022247922e-05,0.001188076683320105,0.0011881472310051322,7e267c0bf303542b
2,day2_n8_topk_seed43,43,48,0,False,False,True,0.4904,0.0,0.5890315,-0.8328222,-6.563937404280296e-06,0.001152139506302774,0.0011521581327542663,7e267c0bf303542b
2,day2_n8_topk_seed43,43,48,1,False,False,True,0.4888,0.0,0.6494838,-1.5563972,-1.0877039130718913e-05,0.0011276117293164134,0.0011276642326265574,7e267c0bf303542b
2,day2_n8_topk_seed43,43,48,2,False,False,True,0.5198,0.0,0.48818424,-1.0619279,-8.75255045684753e-06,0.0011250796960666776,0.0011251138057559729,7e267c0bf303542b
2,day2_n8_topk_seed43,43,48,3,False,False,True,0.486,0.0,0.3727135,1.2873303,-8.885356692189816e-06,0.0011794054880738258,0.001179439015686512,7e267c0bf303542b
2,day2_n8_topk_seed43,43,48,4,False,False,True,0.484,0.0,0.04980709,-1.4649895,-6.877788109704852e-06,0.0011484521673992276,0.001148472772911191,7e267c0bf303542b
2,day2_n8_topk_seed43,43,48,5,False,False,True,0.464,0.0,1.9006683,3.6403902,-9.11740426090546e-06,0.001209847629070282,0.001209881971590221,7e267c0bf303542b
2,day2_n8_topk_seed43,43,48,6,False,False,True,0.4906,0.0,0.50747746,-1.0580757,-5.838707693328615e-06,0.0011556156678125262,0.0011556303361430764,7e267c0bf303542b
2,day2_n8_topk_seed43,43,48,7,False,False,True,0.4942,0.0,-4.5573645,1.0464895,-6.8126400947221555e-06,0.001240279758349061,0.0012402983848005533,7e267c0bf303542b
2,day2_n8_topk_seed43,43,49,0,False,False,True,0.5092,0.0,-1.0992984,-0.36192307,-7.061508313199738e-06,0.001156855607405305,0.0011568772606551647,7e267c0bf303542b
2,day2_n8_topk_seed43,43,49,1,False,False,True,0.4946,0.0,-0.050021954,0.110770464,-1.0169504093937576e-05,0.0011428677244111896,0.0011429128935560584,7e267c0bf303542b
2,day2_n8_topk_seed43,43,49,2,False,False,True,0.5192,0.0,-0.45844126,0.5470573,-1.0828019185282756e-05,0.0011334988521412015,0.0011335505405440927,7e267c0bf303542b
2,day2_n8_topk_seed43,43,49,3,False,False,True,0.5006,0.0,-0.7794022,2.0854683,-1.204180716740666e-05,0.0011810485739260912,0.0011811100412160158,7e267c0bf303542b
2,day2_n8_topk_seed43,43,49,4,False,False,True,0.5036,0.0,-2.9431267,-1.7383679,-9.60336001298856e-06,0.0012031674850732088,0.0012032057857140899,7e267c0bf303542b
2,day2_n8_topk_seed43,43,49,5,False,False,True,0.4958,0.0,0.0030147987,0.6055794,-1.0092074262502138e-05,0.0011213179677724838,0.0011213633697479963,7e267c0bf303542b
2,day2_n8_topk_seed43,43,49,6,False,False,True,0.508,0.0,2.6084883,2.1717424,-9.891940862871706e-06,0.0012017644476145506,0.0012018050765618682,7e267c0bf303542b
2,day2_n8_topk_seed43,43,49,7,False,False,True,0.5112,0.0,2.718787,-3.4203267,-8.9156146714231e-06,0.0012059782166033983,0.0012060111621394753,7e267c0bf303542b
2,day2_n8_topk_seed43,43,50,0,False,False,True,0.5038,0.0,4.8584266,1.8749566,-1.1036137038900051e-05,0.0013257621321827173,0.001325808116234839,7e267c0bf303542b
2,day2_n8_topk_seed43,43,50,1,False,False,True,0.5124,0.0,-0.3314757,-0.6056427,-8.448411790595856e-06,0.0011684922501444817,0.0011685227509588003,7e267c0bf303542b
2,day2_n8_topk_seed43,43,50,2,False,False,True,0.5168,0.0,-0.54788417,-0.7101088,-8.242775038524996e-06,0.0011628571664914489,0.0011628863867372274,7e267c0bf303542b
2,day2_n8_topk_seed43,43,50,3,False,False,True,0.4846,0.0,-0.47429463,-0.33889657,-8.768356565269642e-06,0.001172012067399919,0.0011720448965206742,7e267c0bf303542b
2,day2_n8_topk_seed43,43,50,4,False,False,True,0.5184,0.0,-0.41700757,-1.9346621,-1.26183776956168e-05,0.0012093257391825318,0.001209391513839364,7e267c0bf303542b
2,day2_n8_topk_seed43,43,50,5,False,False,True,0.5026,0.0,-0.19068815,-1.429109,-1.1178755812579766e-05,0.0011639121221378446,0.0011639657896012068,7e267c0bf303542b
2,day2_n8_topk_seed43,43,50,6,False,False,True,0.4954,0.0,-0.1788015,-0.9428624,-1.1835517398139928e-05,0.001173013006336987,0.001173072843812406,7e267c0bf303542b
2,day2_n8_topk_seed43,43,50,7,False,False,True,0.5132,0.0,-2.7182782,4.0863214,-8.125439308059867e-06,0.0012680698418989778,0.001268095918931067,7e267c0bf303542b
2,day2_n8_topk_seed43,43,51,0,False,False,True,0.5214,0.0,-0.57204765,-0.5776246,-7.84835447120713e-06,0.0011654786067083478,0.0011655050329864025,7e267c0bf303542b
2,day2_n8_topk_seed43,43,51,1,False,False,True,0.516,0.0,-0.81574595,-0.1571257,-7.787495633237995e-06,0.0011370462598279119,0.0011370729189366102,7e267c0bf303542b
2,day2_n8_topk_seed43,43,51,2,False,False,True,0.5298,0.0,-0.68055785,-0.21383506,-6.0643424149020575e-06,0.0011543494183570147,0.001154365367256105,7e267c0bf303542b
2,day2_n8_topk_seed43,43,51,3,False,False,True,0.52,0.0,-0.82532734,-0.4320515,-4.3235468183411285e-06,0.0011619216529652476,0.0011619298020377755,7e267c0bf303542b
2,day2_n8_topk_seed43,43,51,4,False,False,True,0.531,0.0,-1.5183679,-1.2157806,-5.7918286984204315e-06,0.001186031149700284,0.001186045235954225,7e267c0bf303542b
2,day2_n8_topk_seed43,43,51,5,False,False,True,0.4768,0.0,-0.95130926,-0.80727065,-6.9222696765791625e-06,0.0011811135336756706,0.0011811339063569903,7e267c0bf303542b
2,day2_n8_topk_seed43,43,51,6,False,False,True,0.4728,0.0,4.791969,-1.3077581,-7.779288353049196e-06,0.0012746386928483844,0.001274662441574037,7e267c0bf303542b
2,day2_n8_topk_seed43,43,51,7,False,False,True,0.4922,0.0,0.5713862,4.7114444,-9.689350008557085e-06,0.0012264009565114975,0.0012264392571523786,7e267c0bf303542b
2,day2_n8_topk_seed43,43,52,0,False,False,True,0.4894,0.0,-4.9746065,0.7204783,-8.990751666715369e-06,0.0012741549871861935,0.0012741866521537304,7e267c0bf303542b
2,day2_n8_topk_seed43,43,52,1,False,False,True,0.5264,0.0,1.4180404,0.46709195,-7.758241736155469e-06,0.0012153292773291469,0.0012153539573773742,7e267c0bf303542b
2,day2_n8_topk_seed43,43,52,2,False,False,True,0.529,0.0,0.8255787,0.25305846,-1.1896483556483872e-05,0.0011818126076832414,0.0011818725615739822,7e267c0bf303542b
2,day2_n8_topk_seed43,43,52,3,False,False,True,0.5136,0.0,0.46396148,0.82179797,-6.611075150431134e-06,0.0011866552522405982,0.0011866737622767687,7e267c0bf303542b
2,day2_n8_topk_seed43,43,52,4,False,False,True,0.5132,0.0,0.76365924,1.4096371,-1.0865225704037584e-05,0.0012067646021023393,0.0012068136129528284,7e267c0bf303542b
2,day2_n8_topk_seed43,43,52,5,False,False,True,0.5214,0.0,0.7241983,0.15168804,-1.0434539944981225e-05,0.0011800811626017094,0.0011801272630691528,7e267c0bf303542b
2,day2_n8_topk_seed43,43,52,6,False,False,True,0.4944,0.0,-0.06928934,-4.782906,-8.932957825891208e-06,0.0012420245911926031,0.0012420568382367492,7e267c0bf303542b
2,day2_n8_topk_seed43,43,52,7,False,False,True,0.4936,0.0,0.84845954,0.9591511,-1.0472997928445693e-05,0.0012068998767063022,0.0012069453950971365,7e267c0bf303542b
2,day2_n8_topk_seed43,43,53,0,False,False,True,0.545,0.0,-0.026224907,-1.0597087,-9.414649866812397e-06,0.0011723748175427318,0.0011724125361070037,7e267c0bf303542b
2,day2_n8_topk_seed43,43,53,1,False,False,True,0.533,0.0,-0.046629913,-0.8489686,-9.208853043674026e-06,0.0011713632848113775,0.0011713994899764657,7e267c0bf303542b
2,day2_n8_topk_seed43,43,53,2,False,False,True,0.5252,0.0,-0.14115843,-1.2812638,-7.911475222499575e-06,0.0011709651444107294,0.0011709919199347496,7e267c0bf303542b
2,day2_n8_topk_seed43,43,53,3,False,False,True,0.4882,0.0,3.9265292,3.2945826,-8.216978130803909e-06,0.0013087834231555462,0.0013088092673569918,7e267c0bf303542b
2,day2_n8_topk_seed43,43,53,4,False,False,True,0.5342,0.0,0.42594284,-0.06868423,-8.982188774098177e-06,0.0011939005926251411,0.001193934353068471,7e267c0bf303542b
2,day2_n8_topk_seed43,43,53,5,False,False,True,0.5032,0.0,-0.14840026,-1.0650774,-9.506149581284262e-06,0.001157895545475185,0.001157934544607997,7e267c0bf303542b
2,day2_n8_topk_seed43,43,53,6,False,False,True,0.536,0.0,-4.1073523,3.1799185,-9.093019798456226e-06,0.0013265990419313312,0.001326630124822259,7e267c0bf303542b
2,day2_n8_topk_seed43,43,53,7,False,False,True,0.4898,0.0,0.11729362,-2.1507964,-8.193552275770344e-06,0.0012053983518853784,0.001205426175147295,7e267c0bf303542b
2,day2_n8_topk_seed43,43,54,0,False,False,True,0.5254,0.0,-5.2037773,0.31594124,-9.781690096133389e-06,0.0013061038916930556,0.0013061405625194311,7e267c0bf303542b
2,day2_n8_topk_seed43,43,54,1,False,False,True,0.5442,0.0,0.060540378,-0.13050427,-8.104207154246978e-06,0.0011833744356408715,0.0011834021424874663,7e267c0bf303542b
2,day2_n8_topk_seed43,43,54,2,False,False,True,0.5196,0.0,1.1808708,4.041035,-6.631401447521057e-06,0.0012264099204912782,0.0012264278484508395,7e267c0bf303542b
2,day2_n8_topk_seed43,43,54,3,False,False,True,0.5182,0.0,0.77568007,0.23394194,-6.50894708087435e-06,0.0011776252649724483,0.0011776431929320097,7e267c0bf303542b
2,day2_n8_topk_seed43,43,54,4,False,False,True,0.5066,0.0,0.81452745,-2.9013638,-7.182743956946069e-06,0.0012119675520807505,0.001211988739669323,7e267c0bf303542b
2,day2_n8_topk_seed43,43,54,5,False,False,True,0.4194,0.0,1.0160522,-0.13676986,-9.895543371385429e-06,0.0011703800410032272,0.001170421834103763,7e267c0bf303542b
2,day2_n8_topk_seed43,43,54,6,False,False,True,0.5318,0.0,0.579914,-1.5526606,-7.2093066592060495e-06,0.0012092387769371271,0.0012092601973563433,7e267c0bf303542b
2,day2_n8_topk_seed43,43,54,7,False,False,True,0.5282,0.0,0.77619785,0.13037805,-7.941377589304466e-06,0.0012067579664289951,0.0012067841598764062,7e267c0bf303542b
2,day2_n8_topk_seed43,43,55,0,False,False,True,0.5002,0.0,-2.9296691,-3.3728673,-8.179681572073605e-06,0.0012669165153056383,0.0012669430579990149,7e267c0bf303542b
2,day2_n8_topk_seed43,43,55,1,False,False,True,0.517,0.0,-0.24139619,-0.80635935,-8.011528734641615e-06,0.0012274188920855522,0.0012274450855329633,7e267c0bf303542b
2,day2_n8_topk_seed43,43,55,2,False,False,True,0.5452,0.0,0.1767042,0.40174833,-8.48288163979305e-06,0.00120884261559695,0.0012088724179193377,7e267c0bf303542b
2,day2_n8_topk_seed43,43,55,3,False,False,True,0.523,0.0,4.312613,-0.70988166,-6.830737220298033e-06,0.0012782792327925563,0.001278297626413405,7e267c0bf303542b
2,day2_n8_topk_seed43,43,55,4,False,False,True,0.5184,0.0,0.20158264,0.39650065,-7.046057362458669e-06,0.001168972929008305,0.0011689941165968776,7e267c0bf303542b
2,day2_n8_topk_seed43,43,55,5,False,False,True,0.54,0.0,0.35260043,0.6126785,-8.072133823588956e-06,0.001151250908151269,0.001151279197074473,7e267c0bf303542b
2,day2_n8_topk_seed43,43,55,6,False,False,True,0.523,0.0,-1.8294964,4.048118,-6.683220817649271e-06,0.001256586518138647,0.0012566043296828866,7e267c0bf303542b
2,day2_n8_topk_seed43,43,55,7,False,False,True,0.5448,0.0,-0.042940922,-0.5699394,-6.477011083916295e-06,0.0011987696634605527,0.0011987872421741486,7e267c0bf303542b
2,day2_n8_topk_seed43,43,56,0,False,False,True,0.5408,0.0,-0.57692987,-0.9870612,-7.574157280032523e-06,0.0011810330906882882,0.0011810573050752282,7e267c0bf303542b
2,day2_n8_topk_seed43,43,56,1,False,False,True,0.5198,0.0,2.961121,-1.0154701,-4.671637725550681e-06,0.0012112256372347474,0.00121123471762985,7e267c0bf303542b
2,day2_n8_topk_seed43,43,56,2,False,False,True,0.5376,0.0,-0.54320127,3.2130592,-7.4070171649509575e-06,0.0011806446127593517,0.0011806678958237171,7e267c0bf303542b
2,day2_n8_topk_seed43,43,56,3,False,False,True,0.5638,0.0,2.0267038,-1.8069069,-8.849427103996277e-06,0.0012001096038147807,0.001200142316520214,7e267c0bf303542b
2,day2_n8_topk_seed43,43,56,4,False,False,True,0.5286,0.0,0.4634261,-0.073021896,-1.0612674486765172e-05,0.0011869665468111634,0.0011870140442624688,7e267c0bf303542b
2,day2_n8_topk_seed43,43,56,5,False,False,True,0.5434,0.0,-0.6866719,0.8970947,-7.614812602696475e-06,0.0011668626684695482,0.0011668875813484192,7e267c0bf303542b
2,day2_n8_topk_seed43,43,56,6,False,False,True,0.5522,0.0,0.021773696,2.0769963,-5.086069904791657e-06,0.0011884834384545684,0.001188494497910142,7e267c0bf303542b
2,day2_n8_topk_seed43,43,56,7,False,False,True,0.4672,0.0,-3.666222,-2.3046873,-6.7398232204141095e-06,0.0012000256683677435,0.0012000446440652013,7e267c0bf303542b
2,day2_n8_topk_seed43,43,57,0,False,False,True,0.561,0.0,-4.9624095,0.5139384,-5.250951289781369e-06,0.001257638563401997,0.0012576495064422488,7e267c0bf303542b
2,day2_n8_topk_seed43,43,57,1,False,False,True,0.5368,0.0,0.192228,-0.20419665,-6.856417257949943e-06,0.0011749881086871028,0.001175008132122457,7e267c0bf303542b
2,day2_n8_topk_seed43,43,57,2,False,False,True,0.549,0.0,0.5241081,0.13566835,-1.0123596439370885e-05,0.0011817081831395626,0.001181751606054604,7e267c0bf303542b
2,day2_n8_topk_seed43,43,57,3,False,False,True,0.543,0.0,1.105851,-3.2847612,-6.638357263000216e-06,0.0012492476962506771,0.001249265274964273,7e267c0bf303542b
2,day2_n8_topk_seed43,43,57,4,False,False,True,0.5484,0.0,0.87116665,-0.3151811,-5.029315161664272e-06,0.0011815011966973543,0.0011815119069069624,7e267c0bf303542b
2,day2_n8_topk_seed43,43,57,5,False,False,True,0.5534,0.0,0.39584467,-0.3788899,-7.976676897669677e-06,0.001199705759063363,0.0011997323017567396,7e267c0bf303542b
2,day2_n8_topk_seed43,43,57,6,False,False,True,0.5238,0.0,1.6047348,4.2109323,-7.887997526268009e-06,0.0012542158365249634,0.0012542406329885125,7e267c0bf303542b
2,day2_n8_topk_seed43,43,57,7,False,False,True,0.5052,0.0,0.268475,-0.6775106,-9.278127436118666e-06,0.0012035984545946121,0.001203634194098413,7e267c0bf303542b
2,day2_n8_topk_seed43,43,58,0,False,False,True,0.5376,0.0,1.0441312,0.5294717,-8.95743323781062e-06,0.0012460706057026982,0.0012461028527468443,7e267c0bf303542b
2,day2_n8_topk_seed43,43,58,1,False,False,True,0.5436,0.0,0.77926815,1.261536,-1.0405951798020396e-05,0.0012136800214648247,0.0012137246085330844,7e267c0bf303542b
2,day2_n8_topk_seed43,43,58,2,False,False,True,0.5456,0.0,-0.5057067,1.4240714,-7.185597951320233e-06,0.0012373904464766383,0.0012374114012345672,7e267c0bf303542b
2,day2_n8_topk_seed43,43,58,3,False,False,True,0.5306,0.0,1.8935777,0.75665617,-5.762929504271597e-06,0.0012435575481504202,0.0012435709359124303,7e267c0bf303542b
2,day2_n8_topk_seed43,43,58,4,False,False,True,0.5468,0.0,0.5651215,0.7406296,-7.5105544965481386e-06,0.001196515397168696,0.0011965390294790268,7e267c0bf303542b
2,day2_n8_topk_seed43,43,58,5,False,False,True,0.5524,0.0,0.64031166,-5.026855,-1.0933998964901548e-05,0.0012732057366520166,0.0012732527684420347,7e267c0bf303542b
2,day2_n8_topk_seed43,43,58,6,False,False,True,0.5234,0.0,-5.441185,-0.035491258,-6.784870492992923e-06,0.0013778468128293753,0.0013778635766357183,7e267c0bf303542b
2,day2_n8_topk_seed43,43,58,7,False,False,True,0.525,0.0,1.0244865,0.34998456,-5.802875875815516e-06,0.0011869592126458883,0.0011869732988998294,7e267c0bf303542b
2,day2_n8_topk_seed43,43,59,0,False,False,True,0.5358,0.0,-0.85196245,0.8690741,-5.74490468352451e-06,0.0012300879461690784,0.0012301014503464103,7e267c0bf303542b
2,day2_n8_topk_seed43,43,59,1,False,False,True,0.5616,0.0,-0.787526,-0.04025441,-6.85324539517751e-06,0.0011844468535855412,0.0011844666441902518,7e267c0bf303542b
2,day2_n8_topk_seed43,43,59,2,False,False,True,0.5468,0.0,-0.99734753,-2.590114,-7.17451575837913e-06,0.0012360274558886886,0.0012360482942312956,7e267c0bf303542b
2,day2_n8_topk_seed43,43,59,3,False,False,True,0.562,0.0,-1.2462165,4.370864,-2.1550667952396907e-06,0.0012638126499950886,0.0012638146290555596,7e267c0bf303542b
2,day2_n8_topk_seed43,43,59,4,False,False,True,0.5632,0.0,-1.0421225,-1.129516,-7.79784477344947e-06,0.0012349578319117427,0.00123498251195997,7e267c0bf303542b
2,day2_n8_topk_seed43,43,59,5,False,False,True,0.521,0.0,5.9333925,0.28381202,-9.602104910300113e-06,0.0014617772540077567,0.0014618088025599718,7e267c0bf303542b
2,day2_n8_topk_seed43,43,59,6,False,False,True,0.539,0.0,-0.6380049,-0.21820147,-7.594206181238405e-06,0.0012028759811073542,0.0012028999626636505,7e267c0bf303542b
2,day2_n8_topk_seed43,43,59,7,False,False,True,0.5382,0.0,-0.37022087,-1.545668,-7.883752005000133e-06,0.0012556449510157108,0.00125566974747926,7e267c0bf303542b
2,day2_n8_topk_seed43,43,60,0,False,False,True,0.5604,0.0,-1.152746,0.803252,-7.4570916694938205e-06,0.0012282350799068809,0.001228257780894637,7e267c0bf303542b
2,day2_n8_topk_seed43,43,60,1,False,False,True,0.5368,0.0,-0.75780594,1.1859906,-8.534497283108067e-06,0.0012153459247201681,0.0012153759598731995,7e267c0bf303542b
2,day2_n8_topk_seed43,43,60,2,False,False,True,0.5218,0.0,-0.9878914,-0.7368086,-9.346691513201222e-06,0.0012284264666959643,0.0012284620897844434,7e267c0bf303542b
2,day2_n8_topk_seed43,43,60,3,False,False,True,0.5332,0.0,6.4164605,0.41198462,-9.167968528345227e-06,0.0015658920165151358,0.0015659189084544778,7e267c0bf303542b
2,day2_n8_topk_seed43,43,60,4,False,False,True,0.5624,0.0,-0.90328866,0.70078737,-1.0732667760748882e-05,0.0011768905678763986,0.0011769395787268877,7e267c0bf303542b
2,day2_n8_topk_seed43,43,60,5,False,False,True,0.5502,0.0,-1.264504,2.0469162,-3.846176241495414e-06,0.0012368535390123725,0.0012368594761937857,7e267c0bf303542b
2,day2_n8_topk_seed43,43,60,6,False,False,True,0.5588,0.0,-0.934964,0.30320382,-5.680165031662909e-06,0.001188020221889019,0.001188033726066351,7e267c0bf303542b
2,day2_n8_topk_seed43,43,60,7,False,False,True,0.531,0.0,-0.41527528,-4.7153277,-9.396320820087567e-06,0.0012705086264759302,0.0012705434346571565,7e267c0bf303542b
2,day2_n8_topk_seed43,43,61,0,False,False,True,0.5644,0.0,1.2747679,0.8435666,-9.925134691002313e-06,0.0012463133316487074,0.0012463529128581285,7e267c0bf303542b
2,day2_n8_topk_seed43,43,61,1,False,False,True,0.4926,0.0,-7.094434,0.5762689,-8.031715879042167e-06,0.0017339057521894574,0.0017339243786409497,7e267c0bf303542b
2,day2_n8_topk_seed43,43,61,2,False,False,True,0.5198,0.0,0.34064868,-5.106074,-9.090920684684534e-06,0.0013507440453395247,0.0013507746625691652,7e267c0bf303542b
2,day2_n8_topk_seed43,43,61,3,False,False,True,0.5332,0.0,1.3203373,2.4622555,-4.003691174148116e-06,0.001249638618901372,0.0012496449053287506,7e267c0bf303542b
2,day2_n8_topk_seed43,43,61,4,False,False,True,0.5396,0.0,1.1207408,1.1444495,-5.211287771089701e-06,0.0012293501058593392,0.0012293611653149128,7e267c0bf303542b
2,day2_n8_topk_seed43,43,61,5,False,False,True,0.543,0.0,0.8581512,-0.61827403,-5.647601938107982e-06,0.0012892150552943349,0.0012892275117337704,7e267c0bf303542b
2,day2_n8_topk_seed43,43,61,6,False,False,True,0.5608,0.0,1.1407104,0.23784375,-3.568102329154499e-06,0.001259119831956923,0.0012591249542310834,7e267c0bf303542b
2,day2_n8_topk_seed43,43,61,7,False,False,True,0.5532,0.0,1.0390944,0.45996517,-7.54874236008618e-06,0.0012278796639293432,0.0012279028305783868,7e267c0bf303542b
2,day2_n8_topk_seed43,43,62,0,False,False,True,0.4926,0.0,-1.0765375,5.147925,-6.762170869478723e-06,0.0012845443561673164,0.0012845620512962341,7e267c0bf303542b
2,day2_n8_topk_seed43,43,62,1,False,False,True,0.5726,0.0,-0.8991273,-0.45766708,-6.5705385168257635e-06,0.001241643913090229,0.0012416612589731812,7e267c0bf303542b
2,day2_n8_topk_seed43,43,62,2,False,False,True,0.5342,0.0,-0.7862195,-1.4724659,-8.691216862644069e-06,0.001231963629834354,0.0012319942470639944,7e267c0bf303542b
2,day2_n8_topk_seed43,43,62,3,False,False,True,0.5692,0.0,-0.93426335,-0.98808557,-7.517513950006105e-06,0.0012501607416197658,0.001250183442607522,7e267c0bf303542b
2,day2_n8_topk_seed43,43,62,4,False,False,True,0.5502,0.0,-1.1559101,-0.5510512,-8.596799489168916e-06,0.0012293129693716764,0.0012293430045247078,7e267c0bf303542b
2,day2_n8_topk_seed43,43,62,5,False,False,True,0.5736,0.0,-0.9913183,-0.6334707,-5.244714429863961e-06,0.0012382116401568055,0.001238222816027701,7e267c0bf303542b
2,day2_n8_topk_seed43,43,62,6,False,False,True,0.5458,0.0,-0.85356045,-1.163398,-8.003316906979308e-06,0.0012119398452341557,0.0012119663879275322,7e267c0bf303542b
2,day2_n8_topk_seed43,43,62,7,False,False,True,0.5258,0.0,6.696931,0.11821135,-3.764822395169176e-06,0.0016254655783995986,0.001625470002181828,7e267c0bf303542b
2,day2_n8_topk_seed43,43,63,0,False,False,True,0.523,0.0,-1.0617971,2.1200032,-5.2486275308183394e-06,0.0012665445683524013,0.001266555511392653,7e267c0bf303542b
2,day2_n8_topk_seed43,43,63,1,False,False,True,0.5708,0.0,-0.5426548,0.41201425,-9.507217328064144e-06,0.0012145035434514284,0.0012145406799390912,7e267c0bf303542b
2,day2_n8_topk_seed43,43,63,2,False,False,True,0.5392,0.0,5.7150745,0.23262164,-7.768612704239786e-06,0.0013889378169551492,0.0013889595866203308,7e267c0bf303542b
2,day2_n8_topk_seed43,43,63,3,False,False,True,0.5624,0.0,-0.5714946,-4.4781017,-9.515892998024356e-06,0.0012689109425991774,0.0012689466821029782,7e267c0bf303542b
2,day2_n8_topk_seed43,43,63,4,False,False,True,0.5468,0.0,-1.2974026,1.639251,-8.701663318788633e-06,0.0012560967588797212,0.0012561269104480743,7e267c0bf303542b
2,day2_n8_topk_seed43,43,63,5,False,False,True,0.558,0.0,-0.9006022,-1.3253618,-1.081252412404865e-05,0.0012583706993609667,0.0012584172654896975,7e267c0bf303542b
2,day2_n8_topk_seed43,43,63,6,False,False,True,0.5642,0.0,-0.9439088,-0.13721332,-1.0471325367689133e-05,0.0012458593118935823,0.001245903316885233,7e267c0bf303542b
2,day2_n8_topk_seed43,43,63,7,False,False,True,0.5522,0.0,-0.39721683,1.5367837,-1.1107794307463337e-05,0.0012374974321573973,0.0012375472579151392,7e267c0bf303542b
2,day2_n8_topk_seed43,43,64,0,False,False,True,0.5472,0.0,0.15218247,-1.2791566,-4.114263447263511e-06,0.001322312979027629,0.0013223193818703294,7e267c0bf303542b
2,day2_n8_topk_seed43,43,64,1,False,False,True,0.5412,0.0,-4.497161,3.8422773,-4.047526545036817e-06,0.0014271554537117481,0.0014271611580625176,7e267c0bf303542b
2,day2_n8_topk_seed43,43,64,2,False,False,True,0.5626,0.0,-0.38903305,-1.1204818,-7.846277185308281e-06,0.001264775637537241,0.0012647999683395028,7e267c0bf303542b
2,day2_n8_topk_seed43,43,64,3,False,False,True,0.4864,0.0,-0.4404732,-1.582182,-2.03440094992402e-06,0.0012949263909831643,0.0012949281372129917,7e267c0bf303542b
2,day2_n8_topk_seed43,43,64,4,False,False,True,0.58,0.0,0.076499745,-0.9318997,-6.442407538997941e-06,0.0012484899489209056,0.0012485065963119268,7e267c0bf303542b
2,day2_n8_topk_seed43,43,64,5,False,False,True,0.522,0.0,0.41523653,-1.893552,-4.145028924540384e-06,0.0013014293508604169,0.001301435986533761,7e267c0bf303542b
2,day2_n8_topk_seed43,43,64,6,False,False,True,0.558,0.0,0.17705932,-0.8869886,-8.039908607315738e-06,0.0012697672937065363,0.0012697927886620164,7e267c0bf303542b
2,day2_n8_topk_seed43,43,64,7,False,False,True,0.5234,0.0,4.5056863,3.8519778,-1.1137996807519812e-05,0.0014219278236851096,0.0014219715958461165,7e267c0bf303542b
2,day2_n8_topk_seed43,43,65,0,False,False,True,0.5682,0.0,1.4129708,3.758174,-6.230937742657261e-06,0.0012609788682311773,0.0012609943514689803,7e267c0bf303542b
2,day2_n8_topk_seed43,43,65,1,False,False,True,0.559,0.0,-0.29811677,2.565385,-5.82268921789364e-06,0.001249127322807908,0.0012491409434005618,7e267c0bf303542b
2,day2_n8_topk_seed43,43,65,2,False,False,True,0.5334,0.0,-0.32858995,-0.5592571,-8.161397090589162e-06,0.0012580459006130695,0.0012580723268911242,7e267c0bf303542b
2,day2_n8_topk_seed43,43,65,3,False,False,True,0.5676,0.0,-4.760411,-0.79381293,-3.590801270547672e-06,0.0012817971874028444,0.001281802193261683,7e267c0bf303542b
2,day2_n8_topk_seed43,43,65,4,False,False,True,0.5552,0.0,0.3598241,-0.7670051,-8.600343790021725e-06,0.0012345615541562438,0.0012345915893092752,7e267c0bf303542b
2,day2_n8_topk_seed43,43,65,5,False,False,True,0.5846,0.0,0.37458572,-0.13921659,-4.577092113322578e-06,0.0012388067552819848,0.0012388151371851563,7e267c0bf303542b
2,day2_n8_topk_seed43,43,65,6,False,False,True,0.5696,0.0,0.54454184,-1.2898699,-7.77493460191181e-06,0.001246610190719366,0.001246634405106306,7e267c0bf303542b
2,day2_n8_topk_seed43,43,65,7,False,False,True,0.551,0.0,2.6951895,-2.7743962,-8.522169991920236e-06,0.0012746246065944433,0.001274653011932969,7e267c0bf303542b
2,day2_n8_topk_seed43,43,66,0,False,False,True,0.549,0.0,0.5589006,1.4018526,-7.237937552417861e-06,0.0013111697044223547,0.001311189727857709,7e267c0bf303542b
2,day2_n8_topk_seed43,43,66,1,False,False,True,0.5316,0.0,-5.8796477,-0.11501925,-8.043597517826129e-06,0.0014233642723411322,0.0014233869733288884,7e267c0bf303542b
2,day2_n8_topk_seed43,43,66,2,False,False,True,0.5692,0.0,0.2265382,2.6675305,-3.7448276088980492e-06,0.0013434170978143811,0.0013434223365038633,7e267c0bf303542b
2,day2_n8_topk_seed43,43,66,3,False,False,True,0.5914,0.0,1.3616414,-0.2058577,-4.960990736435633e-06,0.0013045764062553644,0.0013045858358964324,7e267c0bf303542b
2,day2_n8_topk_seed43,43,66,4,False,False,True,0.5732,0.0,1.3892236,-0.6613334,-5.766496997239301e-06,0.0012993017444387078,0.0012993145501241088,7e267c0bf303542b
2,day2_n8_topk_seed43,43,66,5,False,False,True,0.5536,0.0,1.125143,1.726554,-7.364237717411015e-06,0.0013124302495270967,0.0013124508550390601,7e267c0bf303542b
2,day2_n8_topk_seed43,43,66,6,False,False,True,0.5642,0.0,0.63387567,0.10394067,-9.346621482109185e-06,0.0012801575940102339,0.0012801917036995292,7e267c0bf303542b
2,day2_n8_topk_seed43,43,66,7,False,False,True,0.5664,0.0,0.58432895,-4.9176655,-7.855723197280895e-06,0.0013520444044843316,0.0013520672218874097,7e267c0bf303542b
2,day2_n8_topk_seed43,43,67,0,False,False,True,0.5602,0.0,0.64788914,5.1399765,-9.453155144001357e-06,0.0013147294521331787,0.0013147634454071522,7e267c0bf303542b
2,day2_n8_topk_seed43,43,67,1,False,False,True,0.5704,0.0,-1.6835726,-0.71979034,-7.792541509843431e-06,0.0012559969909489155,0.0012560210889205337,7e267c0bf303542b
2,day2_n8_topk_seed43,43,67,2,False,False,True,0.5848,0.0,-0.86450094,-0.52063864,-9.478032552578952e-06,0.0012560203904286027,0.0012560561299324036,7e267c0bf303542b
2,day2_n8_topk_seed43,43,67,3,False,False,True,0.5896,0.0,5.3629756,-1.6234108,-8.411267117480747e-06,0.0013439973117783666,0.0013440237380564213,7e267c0bf303542b
2,day2_n8_topk_seed43,43,67,4,False,False,True,0.5642,0.0,-0.8365636,-0.94511664,-9.02273768588202e-06,0.0012878895504400134,0.0012879210989922285,7e267c0bf303542b
2,day2_n8_topk_seed43,43,67,5,False,False,True,0.568,0.0,-1.3046228,-1.1591904,-8.183799764083233e-06,0.0012860263232141733,0.0012860524002462626,7e267c0bf303542b
2,day2_n8_topk_seed43,43,67,6,False,False,True,0.587,0.0,-0.08638447,1.0437176,-3.181115971528925e-06,0.001296762959100306,0.00129676703363657,7e267c0bf303542b
2,day2_n8_topk_seed43,43,67,7,False,False,True,0.5776,0.0,-1.235222,-1.2155455,-6.586701601918321e-06,0.0012993160635232925,0.0012993327109143138,7e267c0bf303542b
2,day2_n8_topk_seed43,43,68,0,False,False,True,0.574,0.0,0.5071288,0.71263623,-8.599414286436513e-06,0.0012801651610061526,0.0012801939155906439,7e267c0bf303542b
2,day2_n8_topk_seed43,43,68,1,False,False,True,0.5744,0.0,-0.006957364,1.004078,-4.491876097745262e-06,0.0012610284611582756,0.0012610364938154817,7e267c0bf303542b
2,day2_n8_topk_seed43,43,68,2,False,False,True,0.5706,0.0,0.21443488,2.2417386,-1.2103987501177471e-05,0.0013310045469552279,0.001331059611402452,7e267c0bf303542b
2,day2_n8_topk_seed43,43,68,3,False,False,True,0.5696,0.0,0.09319804,2.811403,-3.513859383019735e-06,0.0013349414803087711,0.0013349460205063224,7e267c0bf303542b
2,day2_n8_topk_seed43,43,68,4,False,False,True,0.5728,0.0,3.3067253,-4.0831,-3.823557108262321e-06,0.0014136078534647822,0.0014136130921542645,7e267c0bf303542b
2,day2_n8_topk_seed43,43,68,5,False,False,True,0.5896,0.0,-5.5178223,-2.2434158,-2.2816225282440428e-06,0.0014499396784231067,0.001449941541068256,7e267c0bf303542b
2,day2_n8_topk_seed43,43,68,6,False,False,True,0.5896,0.0,0.8259812,1.132871,-9.107146979658864e-06,0.0013166528660804033,0.0013166844146326184,7e267c0bf303542b
2,day2_n8_topk_seed43,43,68,7,False,False,True,0.5928,0.0,0.5773033,-1.5762062,-2.2598176201427123e-06,0.0013983228709548712,0.0013983247336000204,7e267c0bf303542b
2,day2_n8_topk_seed43,43,69,0,False,False,True,0.5546,0.0,-0.8139171,-0.45254168,-9.98942141450243e-06,0.001309100305661559,0.0013091383734717965,7e267c0bf303542b
2,day2_n8_topk_seed43,43,69,1,False,False,True,0.5574,0.0,-1.329571,-0.16872475,-9.62634203460766e-06,0.001277394127100706,0.001277430448681116,7e267c0bf303542b
2,day2_n8_topk_seed43,43,69,2,False,False,True,0.5738,0.0,-0.60553896,-0.05075163,-7.997143256943673e-06,0.0012772532645612955,0.0012772782938554883,7e267c0bf303542b
2,day2_n8_topk_seed43,43,69,3,False,False,True,0.569,0.0,-1.7387935,-2.1974726,-8.374844583158847e-06,0.0013577188365161419,0.0013577446807175875,7e267c0bf303542b
2,day2_n8_topk_seed43,43,69,4,False,False,True,0.5836,0.0,1.6688896,3.3152237,-1.1012537470378447e-05,0.0013743818271905184,0.0013744259485974908,7e267c0bf303542b
2,day2_n8_topk_seed43,43,69,5,False,False,True,0.5518,0.0,-0.095328,3.6421373,-1.0172395377594512e-05,0.0013521783985197544,0.0013522165827453136,7e267c0bf303542b
2,day2_n8_topk_seed43,43,69,6,False,False,True,0.5854,0.0,-2.32793,-1.5586934,-4.678584900830174e-06,0.0013191464822739363,0.0013191548641771078,7e267c0bf303542b
2,day2_n8_topk_seed43,43,69,7,False,False,True,0.5784,0.0,5.2421875,-2.5291758,-9.998376299336087e-06,0.0014258214505389333,0.0014258564915508032,7e267c0bf303542b
2,day2_n8_topk_seed43,43,70,0,False,False,True,0.5958,0.0,-0.49810565,0.16747686,-6.403892712114612e-06,0.0013315995456650853,0.0013316149124875665,7e267c0bf303542b
2,day2_n8_topk_seed43,43,70,1,False,False,True,0.5712,0.0,-0.6923694,-0.051059127,-7.653606189705897e-06,0.0012654451420530677,0.001265468425117433,7e267c0bf303542b
2,day2_n8_topk_seed43,43,70,2,False,False,True,0.547,0.0,-1.6141243,-2.3336504,-3.1265776669897605e-06,0.0013349085347726941,0.0013349123764783144,7e267c0bf303542b
2,day2_n8_topk_seed43,43,70,3,False,False,True,0.5854,0.0,-1.1443425,4.7139874,-1.947535338331363e-06,0.0013638806995004416,0.0013638820964843035,7e267c0bf303542b
2,day2_n8_topk_seed43,43,70,4,False,False,True,0.5906,0.0,6.007488,-0.43731242,-7.349874067585915e-06,0.0014444352127611637,0.001444453839212656,7e267c0bf303542b
2,day2_n8_topk_seed43,43,70,5,False,False,True,0.5868,0.0,-1.4968957,-3.0760365,-6.774113899155054e-06,0.0013575241900980473,0.0013575410703197122,7e267c0bf303542b
2,day2_n8_topk_seed43,43,70,6,False,False,True,0.5708,0.0,-0.31975418,0.7161727,-5.834289822814753e-06,0.0013062123907729983,0.0013062253128737211,7e267c0bf303542b
2,day2_n8_topk_seed43,43,70,7,False,False,True,0.5934,0.0,-0.24190298,0.30042192,-8.487872037221678e-06,0.0013117959024384618,0.001311823376454413,7e267c0bf303542b
2,day2_n8_topk_seed43,43,71,0,False,False,True,0.5524,0.0,3.4985,4.063346,-4.9680029405863024e-06,0.0013497238978743553,0.0013497332111001015,7e267c0bf303542b
2,day2_n8_topk_seed43,43,71,1,False,False,True,0.602,0.0,-0.49065492,-0.61248934,-2.7843377665703883e-06,0.0013223817804828286,0.0013223846908658743,7e267c0bf303542b
2,day2_n8_topk_seed43,43,71,2,False,False,True,0.5454,0.0,-0.78254485,-1.591406,-9.35912521526916e-06,0.0013518058694899082,0.001351838349364698,7e267c0bf303542b
2,day2_n8_topk_seed43,43,71,3,False,False,True,0.5616,0.0,2.322642,-1.1109693,1.0102388614541269e-06,0.0013422920601442456,0.001342292525805533,7e267c0bf303542b
2,day2_n8_topk_seed43,43,71,4,False,False,True,0.6072,0.0,-4.3672066,2.443664,-2.768820550613782e-08,0.0013584141852334142,0.001358414301648736,7e267c0bf303542b
2,day2_n8_topk_seed43,43,71,5,False,False,True,0.5768,0.0,-0.59223425,-0.30815968,-3.2699799703550525e-06,0.0013102170778438449,0.0013102211523801088,7e267c0bf303542b
2,day2_n8_topk_seed43,43,71,6,False,False,True,0.5782,0.0,-0.36588106,0.39329773,-6.1344353525782935e-06,0.0013212313642725348,0.0013212456833571196,7e267c0bf303542b
2,day2_n8_topk_seed43,43,71,7,False,False,True,0.571,0.0,0.777387,-3.277284,-4.167615315964213e-06,0.001344808959402144,0.0013448153622448444,7e267c0bf303542b
2,day2_n8_topk_seed43,43,72,0,False,False,True,0.5676,0.0,-2.794653,4.323596,-1.1302312486805022e-05,0.0013505809474736452,0.0013506283285096288,7e267c0bf303542b
2,day2_n8_topk_seed43,43,72,1,False,False,True,0.5898,0.0,-0.02934628,-1.095258,-3.988509433838772e-06,0.0012754061026498675,0.0012754122726619244,7e267c0bf303542b
2,day2_n8_topk_seed43,43,72,2,False,False,True,0.5758,0.0,-0.22591682,-0.38902935,-6.915765879966784e-06,0.001275241724215448,0.001275260467082262,7e267c0bf303542b
2,day2_n8_topk_seed43,43,72,3,False,False,True,0.5504,0.0,-1.0354916,-3.4955807,-8.945565241447184e-06,0.0013348800130188465,0.001334909931756556,7e267c0bf303542b
2,day2_n8_topk_seed43,43,72,4,False,False,True,0.6042,0.0,-0.36752197,-0.8092547,-7.940591785882134e-06,0.0012959097512066364,0.0012959340820088983,7e267c0bf303542b
2,day2_n8_topk_seed43,43,72,5,False,False,True,0.5968,0.0,-1.0418547,0.60603166,-1.0489216037967708e-05,0.0012932255631312728,0.0012932680547237396,7e267c0bf303542b
2,day2_n8_topk_seed43,43,72,6,False,False,True,0.541,0.0,5.2727523,1.68024,-8.72648070071591e-06,0.0013582410756498575,0.001358269015327096,7e267c0bf303542b
2,day2_n8_topk_seed43,43,72,7,False,False,True,0.6038,0.0,0.2220292,-0.8207416,-9.51931724557653e-06,0.0013170933816581964,0.0013171277241781354,7e267c0bf303542b
2,day2_n8_topk_seed43,43,73,0,False,False,True,0.5504,0.0,1.04265,1.1561202,-8.161164259945508e-06,0.0013337506679818034,0.001333775813691318,7e267c0bf303542b
2,day2_n8_topk_seed43,43,73,1,False,False,True,0.5598,0.0,1.1549696,1.3114827,-8.236539542849641e-06,0.001329269027337432,0.001329294522292912,7e267c0bf303542b
2,day2_n8_topk_seed43,43,73,2,False,False,True,0.6092,0.0,0.7392377,0.6951091,-5.862552370672347e-06,0.0013335923431441188,0.0013336051488295197,7e267c0bf303542b
2,day2_n8_topk_seed43,43,73,3,False,False,True,0.609,0.0,0.91342926,1.0938617,-4.217175046505872e-06,0.0013205675641074777,0.0013205743161961436,7e267c0bf303542b
2,day2_n8_topk_seed43,43,73,4,False,False,True,0.5906,0.0,0.6296586,0.8106156,-7.335450845857849e-06,0.0013768058270215988,0.0013768255012109876,7e267c0bf303542b
2,day2_n8_topk_seed43,43,73,5,False,False,True,0.5292,0.0,-6.92886,-0.21056342,-1.119464013754623e-05,0.0016306980978697538,0.0016307365149259567,7e267c0bf303542b
2,day2_n8_topk_seed43,43,73,6,False,False,True,0.5702,0.0,1.2585514,-6.1801147,-9.063749530469067e-06,0.001488731475546956,0.0014887589495629072,7e267c0bf303542b
2,day2_n8_topk_seed43,43,73,7,False,False,True,0.6098,0.0,1.1903707,1.3234946,-7.3009805419133045e-06,0.0013431706465780735,0.001343190553598106,7e267c0bf303542b
2,day2_n8_topk_seed43,43,74,0,False,False,True,0.5978,0.0,0.21935405,-1.5978433,-5.670630343956873e-06,0.0013366172788664699,0.0013366293860599399,7e267c0bf303542b
2,day2_n8_topk_seed43,43,74,1,False,False,True,0.5904,0.0,0.6419507,-1.0270895,-6.16019588051131e-06,0.001326515804976225,0.0013265301240608096,7e267c0bf303542b
2,day2_n8_topk_seed43,43,74,2,False,False,True,0.567,0.0,0.3458708,-0.54673845,-9.509546543995384e-06,0.0013432563282549381,0.0013432898558676243,7e267c0bf303542b
2,day2_n8_topk_seed43,43,74,3,False,False,True,0.586,0.0,0.4173147,-1.6888114,-4.5885226427344605e-06,0.001358382636681199,0.0013583903200924397,7e267c0bf303542b
2,day2_n8_topk_seed43,43,74,4,False,False,True,0.5688,0.0,0.7735721,-1.366538,-7.3507908382453024e-06,0.0013838809682056308,0.0013839005259796977,7e267c0bf303542b
2,day2_n8_topk_seed43,43,74,5,False,False,True,0.5492,0.0,-5.8110657,2.2014132,3.521183316479437e-06,0.001465874956920743,0.0014658791478723288,7e267c0bf303542b
2,day2_n8_topk_seed43,43,74,6,False,False,True,0.592,0.0,3.0617452,5.290324,-7.523236035922309e-06,0.0014492362970486283,0.0014492558548226953,7e267c0bf303542b
2,day2_n8_topk_seed43,43,74,7,False,False,True,0.5704,0.0,0.3512604,-1.2647238,-8.489678293699399e-06,0.0013573167379945517,0.0013573432806879282,7e267c0bf303542b
2,day2_n8_topk_seed43,43,75,0,False,False,True,0.5822,0.0,1.7674423,5.678522,-6.422615570045309e-06,0.0013948605628684163,0.0013948752311989665,7e267c0bf303542b
2,day2_n8_topk_seed43,43,75,1,False,False,True,0.6114,0.0,0.9011263,-1.3274493,-6.049836883903481e-06,0.001363044255413115,0.0013630576431751251,7e267c0bf303542b
2,day2_n8_topk_seed43,43,75,2,False,False,True,0.601,0.0,1.0209833,-0.88096565,-6.58164799460792e-06,0.0013396264985203743,0.0013396425638347864,7e267c0bf303542b
2,day2_n8_topk_seed43,43,75,3,False,False,True,0.5744,0.0,-6.2809215,0.8014805,8.211466706598003e-07,0.0014832511078566313,0.001483251340687275,7e267c0bf303542b
2,day2_n8_topk_seed43,43,75,4,False,False,True,0.6174,0.0,0.6419007,-1.1408157,-5.333656645234441e-06,0.0013338930439203978,0.0013339037541300058,7e267c0bf303542b
2,day2_n8_topk_seed43,43,75,5,False,False,True,0.6044,0.0,0.38897172,-0.766328,-1.0168717381020542e-05,0.0013245445443317294,0.0013245836598798633,7e267c0bf303542b
2,day2_n8_topk_seed43,43,75,6,False,False,True,0.5602,0.0,0.73355186,-0.84447455,-4.651941708289087e-06,0.0013439509784802794,0.0013439590111374855,7e267c0bf303542b
2,day2_n8_topk_seed43,43,75,7,False,False,True,0.5778,0.0,0.82695,-1.5199691,-9.380163646710571e-06,0.0013497532345354557,0.001349785947240889,7e267c0bf303542b
2,day2_n8_topk_seed43,43,76,0,False,False,True,0.5906,0.0,-0.5857417,1.2664095,-4.059461389260832e-06,0.0013438855530694127,0.0013438918394967914,7e267c0bf303542b
2,day2_n8_topk_seed43,43,76,1,False,False,True,0.568,0.0,-1.0893431,-1.2548054,-4.408029326441465e-06,0.001369555713608861,0.0013695628149434924,7e267c0bf303542b
2,day2_n8_topk_seed43,43,76,2,False,False,True,0.5986,0.0,-0.95634645,0.3064758,-5.519262231246103e-06,0.0013378194998949766,0.0013378307921811938,7e267c0bf303542b
2,day2_n8_topk_seed43,43,76,3,False,False,True,0.5864,0.0,-0.6753385,-0.09375011,-6.321206001302926e-06,0.0013430332764983177,0.0013430481776595116,7e267c0bf303542b
2,day2_n8_topk_seed43,43,76,4,False,False,True,0.5896,0.0,-1.3497556,3.7443748,-7.760243533994071e-06,0.0013719042763113976,0.001371926162391901,7e267c0bf303542b
2,day2_n8_topk_seed43,43,76,5,False,False,True,0.597,0.0,-0.8216993,0.55790275,-6.789000963181024e-06,0.0013470889534801245,0.001347106066532433,7e267c0bf303542b
2,day2_n8_topk_seed43,43,76,6,False,False,True,0.6154,0.0,-0.8016876,-4.7367473,-6.061480689822929e-06,0.001386668998748064,0.0013866822700947523,7e267c0bf303542b
2,day2_n8_topk_seed43,43,76,7,False,False,True,0.5652,0.0,6.2799096,0.21014416,-7.960446055221837e-06,0.0014690837124362588,0.0014691052492707968,7e267c0bf303542b
2,day2_n8_topk_seed43,43,77,0,False,False,True,0.4722,0.0,10.010749,-0.29739434,-2.435162059555296e-05,0.002392939757555723,0.0023930638562887907,7e267c0bf303542b
2,day2_n8_topk_seed43,43,77,1,False,False,True,0.5884,0.0,-0.9489494,6.2807,-6.588143605767982e-06,0.0015020458959043026,0.001502060447819531,7e267c0bf303542b
2,day2_n8_topk_seed43,43,77,2,False,False,True,0.6026,0.0,-1.5281359,-0.88988113,-6.703774943161989e-06,0.0013450210681185126,0.0013450378319248557,7e267c0bf303542b
2,day2_n8_topk_seed43,43,77,3,False,False,True,0.5972,0.0,-1.5165403,-0.52269185,-3.877286872011609e-06,0.0013418880989775062,0.0013418936869129539,7e267c0bf303542b
2,day2_n8_topk_seed43,43,77,4,False,False,True,0.6016,0.0,-1.6289499,-0.85085267,-5.563018476095749e-06,0.001356075401417911,0.00135608681011945,7e267c0bf303542b
2,day2_n8_topk_seed43,43,77,5,False,False,True,0.5638,0.0,-1.4784875,-1.7285253,-9.383295036968775e-06,0.0013704218436032534,0.0013704539742320776,7e267c0bf303542b
2,day2_n8_topk_seed43,43,77,6,False,False,True,0.608,0.0,-1.5209514,-0.586688,-7.262151029863162e-06,0.0013626629952341318,0.001362682436592877,7e267c0bf303542b
2,day2_n8_topk_seed43,43,77,7,False,False,True,0.6,0.0,-1.3887565,-1.4046669,-4.192342203168664e-06,0.0013839934254065156,0.001383999828249216,7e267c0bf303542b
2,day2_n8_topk_seed43,43,78,0,False,False,True,0.5678,0.0,-1.9090105,5.9457617,-9.382811185787432e-06,0.0014649125514551997,0.001464942586608231,7e267c0bf303542b
2,day2_n8_topk_seed43,43,78,1,False,False,True,0.5966,0.0,-1.0736129,-0.96762866,-9.07465164345922e-06,0.0013864828506484628,0.0013865126529708505,7e267c0bf303542b
2,day2_n8_topk_seed43,43,78,2,False,False,True,0.595,0.0,-1.1586535,-0.863412,-5.777989827038255e-06,0.0014013107866048813,0.0014013225445523858,7e267c0bf303542b
2,day2_n8_topk_seed43,43,78,3,False,False,True,0.5666,0.0,-0.7390537,-1.4850498,-7.45923580325325e-06,0.0013876917073503137,0.0013877118472009897,7e267c0bf303542b
2,day2_n8_topk_seed43,43,78,4,False,False,True,0.5974,0.0,-0.63681716,-1.0091491,-5.781114850833546e-06,0.0013444679789245129,0.0013444804353639483,7e267c0bf303542b
2,day2_n8_topk_seed43,43,78,5,False,False,True,0.6148,0.0,-0.510412,-0.81703085,-6.764297722838819e-06,0.0013695290545001626,0.0013695457018911839,7e267c0bf303542b
2,day2_n8_topk_seed43,43,78,6,False,False,True,0.5914,0.0,6.6767874,0.9053247,-9.455252438783646e-06,0.0015614331932738423,0.0015614619478583336,7e267c0bf303542b
2,day2_n8_topk_seed43,43,78,7,False,False,True,0.6158,0.0,-0.6492293,-1.7088113,-8.540626367903315e-06,0.0014004124095663428,0.001400438486598432,7e267c0bf303542b
2,day2_n8_topk_seed43,43,79,0,False,False,True,0.5696,0.0,1.1809599,-2.5539565,-4.366432222013827e-06,0.0014300876064226031,0.0014300942420959473,7e267c0bf303542b
2,day2_n8_topk_seed43,43,79,1,False,False,True,0.5854,0.0,0.47298825,-0.49203837,8.522052894477383e-07,0.0013588382862508297,0.0013588385190814734,7e267c0bf303542b
2,day2_n8_topk_seed43,43,79,2,False,False,True,0.6274,0.0,0.5294736,-1.8360363,-6.939194008737104e-06,0.0013954314636066556,0.0013954485766589642,7e267c0bf303542b
2,day2_n8_topk_seed43,43,79,3,False,False,True,0.6044,0.0,1.0395983,-0.58511925,-3.5776529330178164e-06,0.001368295168504119,0.0013682999415323138,7e267c0bf303542b
2,day2_n8_topk_seed43,43,79,4,False,False,True,0.6064,0.0,0.518318,-0.7539016,-5.1948318287031725e-06,0.0013559293001890182,0.0013559393119066954,7e267c0bf303542b
2,day2_n8_topk_seed43,43,79,5,False,False,True,0.6012,0.0,0.1731561,-0.47679228,-5.036749371356564e-06,0.0014033264014869928,0.0014033354818820953,7e267c0bf303542b
2,day2_n8_topk_seed43,43,79,6,False,False,True,0.5926,0.0,2.2061732,5.5600743,-3.118668701063143e-07,0.0014332578284665942,0.0014332578284665942,7e267c0bf303542b
2,day2_n8_topk_seed43,43,79,7,False,False,True,0.6098,0.0,-6.1206636,1.1377693,-1.074106967280386e-05,0.0014645869378000498,0.0014646261697635055,7e267c0bf303542b
2,day2_n8_topk_seed43,43,80,0,False,False,True,0.5988,0.0,1.017919,-0.9809182,-5.052387223258847e-06,0.0014190631918609142,0.001419072155840695,7e267c0bf303542b
2,day2_n8_topk_seed43,43,80,1,False,False,True,0.583,0.0,0.07466371,0.15984818,-1.9702670215338003e-06,0.0013626578729599714,0.0013626592699438334,7e267c0bf303542b
2,day2_n8_topk_seed43,43,80,2,False,False,True,0.6112,0.0,1.911269,-4.3016615,-7.3791561590041965e-06,0.001423382549546659,0.0014234016416594386,7e267c0bf303542b
2,day2_n8_topk_seed43,43,80,3,False,False,True,0.6166,0.0,0.78909594,-0.3838308,-5.572784630203387e-06,0.0013860852923244238,0.0013860964681953192,7e267c0bf303542b
2,day2_n8_topk_seed43,43,80,4,False,False,True,0.6092,0.0,1.1280646,4.7578783,-1.2336076906649396e-06,0.0014248037477955222,0.0014248042134568095,7e267c0bf303542b
2,day2_n8_topk_seed43,43,80,5,False,False,True,0.6,0.0,0.7976154,1.1243072,-4.706082108896226e-06,0.0013866323279216886,0.0013866403605788946,7e267c0bf303542b
2,day2_n8_topk_seed43,43,80,6,False,False,True,0.575,0.0,0.4994061,0.13568965,-2.867617013180279e-06,0.0013800736051052809,0.0013800766319036484,7e267c0bf303542b
2,day2_n8_topk_seed43,43,80,7,False,False,True,0.5742,0.0,-6.21803,-0.5113111,-1.1713034837157466e-05,0.0014653600519523025,0.0014654068509116769,7e267c0bf303542b
2,day2_n8_topk_seed43,43,81,0,False,False,True,0.6266,0.0,0.9461306,-0.6655572,-5.229160706221592e-06,0.0013752224622294307,0.001375232357531786,7e267c0bf303542b
2,day2_n8_topk_seed43,43,81,1,False,False,True,0.6392,0.0,0.89689004,-0.09175311,-6.228729489521356e-06,0.0013462002389132977,0.001346214790828526,7e267c0bf303542b
2,day2_n8_topk_seed43,43,81,2,False,False,True,0.6322,0.0,0.9243878,-1.3485072,-4.315054411563324e-06,0.0013940907083451748,0.0013940974604338408,7e267c0bf303542b
2,day2_n8_topk_seed43,43,81,3,False,False,True,0.6116,0.0,1.0858167,-0.66647047,-2.7791531920229318e-06,0.0013632930349558592,0.001363295828923583,7e267c0bf303542b
2,day2_n8_topk_seed43,43,81,4,False,False,True,0.597,0.0,-7.2829213,0.31328243,-4.708528649643995e-06,0.0016981431981548667,0.001698149717412889,7e267c0bf303542b
2,day2_n8_topk_seed43,43,81,5,False,False,True,0.5978,0.0,1.4173585,5.9056554,-1.6981765611490118e-06,0.0014372100122272968,0.0014372110599651933,7e267c0bf303542b
2,day2_n8_topk_seed43,43,81,6,False,False,True,0.5466,0.0,0.8718031,-1.9514642,-6.099920483393362e-06,0.001415018574334681,0.0014150317292660475,7e267c0bf303542b
2,day2_n8_topk_seed43,43,81,7,False,False,True,0.6016,0.0,1.1405418,-1.4951847,-6.214867426024284e-06,0.0014072675257921219,0.0014072811463847756,7e267c0bf303542b
2,day2_n8_topk_seed43,43,82,0,False,False,True,0.5802,0.0,-1.5907469,-0.9500594,-5.031287400925066e-06,0.0014157199766486883,0.001415728940628469,7e267c0bf303542b
2,day2_n8_topk_seed43,43,82,1,False,False,True,0.6048,0.0,-1.2895968,-0.5450979,-1.352662138742744e-06,0.0013879718026146293,0.0013879725011065602,7e267c0bf303542b
2,day2_n8_topk_seed43,43,82,2,False,False,True,0.606,0.0,-1.0783176,-0.06525539,-8.509055987815373e-06,0.0014432392781600356,0.0014432644238695502,7e267c0bf303542b
2,day2_n8_topk_seed43,43,82,3,False,False,True,0.6022,0.0,-0.96895415,-2.638815,-3.219965719836182e-06,0.0014489790191873908,0.0014489826280623674,7e267c0bf303542b
2,day2_n8_topk_seed43,43,82,4,False,False,True,0.5716,0.0,6.8362207,-0.8398626,-6.676269549643621e-06,0.0016188796143978834,0.001618893351405859,7e267c0bf303542b
2,day2_n8_topk_seed43,43,82,5,False,False,True,0.63,0.0,-0.060876925,6.085344,-3.23250219480542e-06,0.0015004868619143963,0.0015004902379587293,7e267c0bf303542b
2,day2_n8_topk_seed43,43,82,6,False,False,True,0.6094,0.0,-0.74332154,0.31828803,-2.7689507078321185e-06,0.0014029431622475386,0.0014029458397999406,7e267c0bf303542b
2,day2_n8_topk_seed43,43,82,7,False,False,True,0.587,0.0,-1.1044114,-1.3645376,-8.42857662064489e-06,0.0014246737118810415,0.0014246987411752343,7e267c0bf303542b
2,day2_n8_topk_seed43,43,83,0,False,False,True,0.61,0.0,0.28343898,0.46267736,-5.114179657539353e-06,0.001440067426301539,0.0014400765066966414,7e267c0bf303542b
2,day2_n8_topk_seed43,43,83,1,False,False,True,0.6034,0.0,5.183118,-4.016737,-5.86973055760609e-06,0.0016089649870991707,0.0016089756973087788,7e267c0bf303542b
2,day2_n8_topk_seed43,43,83,2,False,False,True,0.576,0.0,0.49121773,0.95942044,-1.0064826710731722e-05,0.0015373968053609133,0.0015374297508969903,7e267c0bf303542b
2,day2_n8_topk_seed43,43,83,3,False,False,True,0.562,0.0,-0.97078097,3.8638577,-9.387276804773137e-06,0.001534456736408174,0.0015344854909926653,7e267c0bf303542b
2,day2_n8_topk_seed43,43,83,4,False,False,True,0.577,0.0,-5.432419,-4.3236322,-1.5656253253837349e-06,0.0016238944372162223,0.0016238951357081532,7e267c0bf303542b
2,day2_n8_topk_seed43,43,83,5,False,False,True,0.6062,0.0,0.22346094,1.1893468,-2.9355262540775584e-06,0.0014548348262906075,0.001454837853088975,7e267c0bf303542b
2,day2_n8_topk_seed43,43,83,6,False,False,True,0.6306,0.0,0.090762235,0.7545937,-3.850317170872586e-06,0.0014015831984579563,0.0014015885535627604,7e267c0bf303542b
2,day2_n8_topk_seed43,43,83,7,False,False,True,0.6114,0.0,0.1311969,1.1104766,-1.0782056961033959e-05,0.0014304757351055741,0.0014305163640528917,7e267c0bf303542b
2,day2_n8_topk_seed43,43,84,0,False,False,True,0.6378,0.0,1.3373582,-1.2912278,-5.0922794798680115e-06,0.0014112128410488367,0.0014112219214439392,7e267c0bf303542b
2,day2_n8_topk_seed43,43,84,1,False,False,True,0.5794,0.0,1.2120175,0.61819535,-8.64566936797928e-06,0.001495064003393054,0.0014950890326872468,7e267c0bf303542b
2,day2_n8_topk_seed43,43,84,2,False,False,True,0.555,0.0,1.1677297,6.1025095,-7.981762792041991e-06,0.001499409438110888,0.0014994306256994605,7e267c0bf303542b
2,day2_n8_topk_seed43,43,84,3,False,False,True,0.582,0.0,1.1704857,-0.39439508,-2.853961177606834e-06,0.0014300212496891618,0.0014300241600722075,7e267c0bf303542b
2,day2_n8_topk_seed43,43,84,4,False,False,True,0.624,0.0,0.68360215,-1.0183581,-3.6018436730955727e-06,0.0014151372015476227,0.001415141741745174,7e267c0bf303542b
2,day2_n8_topk_seed43,43,84,5,False,False,True,0.6012,0.0,1.2435491,-1.9749013,-7.605819064337993e-06,0.0014444426633417606,0.0014444626867771149,7e267c0bf303542b
2,day2_n8_topk_seed43,43,84,6,False,False,True,0.6094,0.0,1.8418199,-1.9250546,-7.3133169280481525e-06,0.0014717861777171493,0.0014718043385073543,7e267c0bf303542b
2,day2_n8_topk_seed43,43,84,7,False,False,True,0.5408,0.0,-8.656555,-0.11676399,3.795263637584867e-06,0.002005986636504531,0.0020059901289641857,7e267c0bf303542b
2,day2_n8_topk_seed43,43,85,0,False,False,True,0.625,0.0,-1.2575649,-1.6523472,-8.390393304580357e-06,0.0014605389442294836,0.0014605631586164236,7e267c0bf303542b
2,day2_n8_topk_seed43,43,85,1,False,False,True,0.606,0.0,-1.0737602,-0.25850892,-6.510019829875091e-06,0.0013877677265554667,0.0013877830933779478,7e267c0bf303542b
2,day2_n8_topk_seed43,43,85,2,False,False,True,0.614,0.0,-1.1778113,-1.144181,-9.21202536119381e-06,0.0014587808400392532,0.00145880994386971,7e267c0bf303542b
2,day2_n8_topk_seed43,43,85,3,False,False,True,0.6358,0.0,-0.8638699,-0.82664436,-7.953056410769932e-06,0.0013958443887531757,0.001395867089740932,7e267c0bf303542b
2,day2_n8_topk_seed43,43,85,4,False,False,True,0.5888,0.0,-0.80609685,6.5168676,-1.9969329514424317e-06,0.0015267153503373265,0.0015267166309058666,7e267c0bf303542b
2,day2_n8_topk_seed43,43,85,5,False,False,True,0.6016,0.0,7.3766685,-0.24586931,-9.146673619397916e-06,0.0017070936737582088,0.0017071181209757924,7e267c0bf303542b
2,day2_n8_topk_seed43,43,85,6,False,False,True,0.6358,0.0,-1.1775457,-1.3490489,-4.050623374496354e-06,0.0014441958628594875,0.001444201567210257,7e267c0bf303542b
2,day2_n8_topk_seed43,43,85,7,False,False,True,0.5694,0.0,-1.0200264,-1.0402775,-9.985523320210632e-06,0.0014520396944135427,0.0014520740369334817,7e267c0bf303542b
2,day2_n8_topk_seed43,43,86,0,False,False,True,0.5346,0.0,7.371532,1.2768543,-4.448027539183386e-06,0.0017534849466755986,0.0017534905346110463,7e267c0bf303542b
2,day2_n8_topk_seed43,43,86,1,False,False,True,0.6096,0.0,-0.1252945,-0.8992899,-5.619368494080845e-06,0.001429812633432448,0.0014298236928880215,7e267c0bf303542b
2,day2_n8_topk_seed43,43,86,2,False,False,True,0.6156,0.0,-1.4452817,1.4598014,-7.2657494456507266e-06,0.0015013667289167643,0.0015013843076303601,7e267c0bf303542b
2,day2_n8_topk_seed43,43,86,3,False,False,True,0.605,0.0,-0.12626038,-6.2762394,3.4246090763190296e-07,0.0015606353990733624,0.0015606355154886842,7e267c0bf303542b
2,day2_n8_topk_seed43,43,86,4,False,False,True,0.629,0.0,-1.0907947,-0.09482237,-1.5729914366602316e-06,0.0014289210084825754,0.00142892193980515,7e267c0bf303542b
2,day2_n8_topk_seed43,43,86,5,False,False,True,0.5846,0.0,-2.673125,2.2446947,-5.272851922200061e-06,0.0015410165069624782,0.0015410254709422588,7e267c0bf303542b
2,day2_n8_topk_seed43,43,86,6,False,False,True,0.6226,0.0,-0.89701587,0.083659485,-2.9063182864774717e-06,0.0014389506541192532,0.0014389536809176207,7e267c0bf303542b
2,day2_n8_topk_seed43,43,86,7,False,False,True,0.2684,0.0,-1.0137676,2.205341,-3.7039571907371283e-06,0.001541037461720407,0.0015410420019179583,7e267c0bf303542b
2,day2_n8_topk_seed43,43,87,0,False,False,True,0.544,0.0,5.2048297,5.4700036,-2.1168218609091127e-06,0.0017680118326097727,0.001768012996762991,7e267c0bf303542b
2,day2_n8_topk_seed43,43,87,1,False,False,True,0.5902,0.0,-5.521067,2.0103052,-4.008305950264912e-06,0.0016555901383981109,0.0016555951442569494,7e267c0bf303542b
2,day2_n8_topk_seed43,43,87,2,False,False,True,0.5876,0.0,-1.1151015,-0.38768265,-7.564954557892634e-06,0.0014683405170217156,0.0014683600747957826,7e267c0bf303542b
2,day2_n8_topk_seed43,43,87,3,False,False,True,0.5584,0.0,-0.627213,0.04751127,-2.2777810499974294e-06,0.001468735164962709,0.0014687369111925364,7e267c0bf303542b
2,day2_n8_topk_seed43,43,87,4,False,False,True,0.6098,0.0,3.3777986,-5.3666315,-4.150727363594342e-06,0.0016844883793964982,0.0016844935016706586,7e267c0bf303542b
2,day2_n8_topk_seed43,43,87,5,False,False,True,0.6106,0.0,-0.3696443,-0.21603037,-5.676578894053819e-06,0.001431725570000708,0.0014317368622869253,7e267c0bf303542b
2,day2_n8_topk_seed43,43,87,6,False,False,True,0.6294,0.0,-0.99238545,-0.3286872,-4.156141585553996e-06,0.0014876214554533362,0.0014876272762194276,7e267c0bf303542b
2,day2_n8_topk_seed43,43,87,7,False,False,True,0.6364,0.0,0.042778384,-1.2287934,-5.82020129513694e-06,0.0015298392390832305,0.0015298501821234822,7e267c0bf303542b
2,day2_n8_topk_seed43,43,88,0,False,False,True,0.5962,0.0,1.5961169,5.8393636,-6.248001682251925e-06,0.001628904021345079,0.001628916128538549,7e267c0bf303542b
2,day2_n8_topk_seed43,43,88,1,False,False,True,0.4212,0.0,-8.675758,-0.0060618054,-1.0754826689662877e-05,0.0019848444499075413,0.0019848737865686417,7e267c0bf303542b
2,day2_n8_topk_seed43,43,88,2,False,False,True,0.6078,0.0,1.1815938,-0.110781685,-3.5369773740967503e-06,0.0014868589350953698,0.0014868632424622774,7e267c0bf303542b
2,day2_n8_topk_seed43,43,88,3,False,False,True,0.5996,0.0,0.92951083,-0.1984917,-2.2040321709937416e-06,0.0014701095642521977,0.0014701111940667033,7e267c0bf303542b
2,day2_n8_topk_seed43,43,88,4,False,False,True,0.6036,0.0,1.2694516,-1.1211566,1.0859891972359037e-06,0.0015190618578344584,0.0015190622070804238,7e267c0bf303542b
2,day2_n8_topk_seed43,43,88,5,False,False,True,0.5492,0.0,1.6929322,-4.762072,2.523080695482349e-07,0.001617124304175377,0.001617124304175377,7e267c0bf303542b
2,day2_n8_topk_seed43,43,88,6,False,False,True,0.6114,0.0,0.8964855,-0.13611057,-2.707921112232725e-06,0.0015064456965774298,0.0015064480248838663,7e267c0bf303542b
2,day2_n8_topk_seed43,43,88,7,False,False,True,0.592,0.0,1.1096709,0.49531764,-5.440819222712889e-06,0.0015147727681323886,0.0015147826634347439,7e267c0bf303542b
2,day2_n8_topk_seed43,43,89,0,False,False,True,0.5366,0.0,-3.2742906,4.990396,-4.218011326884152e-06,0.00170877983327955,0.0017087850719690323,7e267c0bf303542b
2,day2_n8_topk_seed43,43,89,1,False,False,True,0.5154,0.0,-1.7546338,-6.1236587,-5.6839012358977925e-06,0.0017004298279061913,0.0017004393739625812,7e267c0bf303542b
2,day2_n8_topk_seed43,43,89,2,False,False,True,0.614,0.0,-0.3542364,-0.13218647,-5.882028744963463e-06,0.0015063744504004717,0.0015063859755173326,7e267c0bf303542b
2,day2_n8_topk_seed43,43,89,3,False,False,True,0.6116,0.0,-0.17812176,0.23067257,1.970478251678287e-06,0.0015485354233533144,0.0015485367039218545,7e267c0bf303542b
2,day2_n8_topk_seed43,43,89,4,False,False,True,0.5748,0.0,7.276511,0.78604066,-1.4417027159652207e-05,0.0017646595370024443,0.0017647185595706105,7e267c0bf303542b
2,day2_n8_topk_seed43,43,89,5,False,False,True,0.6158,0.0,-0.3135943,0.13406897,-3.054733724638936e-06,0.0014519218821078539,0.0014519252581521869,7e267c0bf303542b
2,day2_n8_topk_seed43,43,89,6,False,False,True,0.6276,0.0,-0.82254225,0.08909082,-8.909264579415321e-06,0.0015876132529228926,0.0015876382822170854,7e267c0bf303542b
2,day2_n8_topk_seed43,43,89,7,False,False,True,0.6024,0.0,-0.57909113,0.025576305,-5.537433480640175e-06,0.0014584038872271776,0.001458414364606142,7e267c0bf303542b
2,day2_n8_topk_seed43,43,90,0,False,False,True,0.6406,0.0,1.7388003,0.49048916,-7.288106189662358e-06,0.001460742554627359,0.001460760715417564,7e267c0bf303542b
2,day2_n8_topk_seed43,43,90,1,False,False,True,0.607,0.0,1.792639,0.24424173,-3.383733655937249e-06,0.0014453266048803926,0.0014453305630013347,7e267c0bf303542b
2,day2_n8_topk_seed43,43,90,2,False,False,True,0.5744,0.0,1.9482988,1.2295249,-9.017579031933565e-06,0.0015166358789429069,0.0015166627708822489,7e267c0bf303542b
2,day2_n8_topk_seed43,43,90,3,False,False,True,0.6136,0.0,1.9399258,0.49084505,-4.7882922444841824e-06,0.0014460987877100706,0.0014461068203672767,7e267c0bf303542b
2,day2_n8_topk_seed43,43,90,4,False,False,True,0.5028,0.0,0.67338103,-8.187229,7.693540283071343e-06,0.002010081894695759,0.002010096563026309,7e267c0bf303542b
2,day2_n8_topk_seed43,43,90,5,False,False,True,0.5516,0.0,-13.397728,1.0726115,-2.0346724340924993e-06,0.0031351835932582617,0.003135184058919549,7e267c0bf303542b
2,day2_n8_topk_seed43,43,90,6,False,False,True,0.6372,0.0,1.9173884,0.36600748,-3.528733031998854e-06,0.001544370548799634,0.001544374506920576,7e267c0bf303542b
2,day2_n8_topk_seed43,43,90,7,False,False,True,0.557,0.0,3.3873265,4.2935114,-1.2713802789221518e-05,0.0019055595621466637,0.0019056022865697742,7e267c0bf303542b
2,day2_n8_topk_seed43,43,91,0,False,False,True,0.3748,0.0,15.065027,-0.14707379,-6.953568572498625e-06,0.0035332252737134695,0.0035332320258021355,7e267c0bf303542b
2,day2_n8_topk_seed43,43,91,1,False,False,True,0.595,0.0,-1.9036571,7.4738874,-2.4901519282138906e-06,0.001744996290653944,0.0017449980368837714,7e267c0bf303542b
2,day2_n8_topk_seed43,43,91,2,False,False,True,0.63,0.0,-2.5670192,-2.0523787,-1.0763817044789903e-05,0.001664303126744926,0.001664338051341474,7e267c0bf303542b
2,day2_n8_topk_seed43,43,91,3,False,False,True,0.64,0.0,-2.2862515,-1.1545858,-8.61159151099855e-06,0.0015087041538208723,0.0015087287174537778,7e267c0bf303542b
2,day2_n8_topk_seed43,43,91,4,False,False,True,0.571,0.0,-1.8361697,-1.0941184,-2.753053422566154e-06,0.001510921400040388,0.0015109239611774683,7e267c0bf303542b
2,day2_n8_topk_seed43,43,91,5,False,False,True,0.632,0.0,-2.0371385,-0.95750034,-3.793727728407248e-06,0.001478256774134934,0.0014782616635784507,7e267c0bf303542b
2,day2_n8_topk_seed43,43,91,6,False,False,True,0.6164,0.0,-2.2447932,-0.84307957,-4.6936866056057625e-06,0.0015000974526628852,0.0015001047868281603,7e267c0bf303542b
2,day2_n8_topk_seed43,43,91,7,False,False,True,0.6114,0.0,-2.1900415,-1.2251515,-6.822482191637391e-06,0.0016147993737831712,0.0016148138092830777,7e267c0bf303542b
2,day2_n8_topk_seed43,43,92,0,False,False,True,0.5746,0.0,7.3607955,-0.028287265,1.507907882114523e-06,0.0017156292451545596,0.0017156298272311687,7e267c0bf303542b
2,day2_n8_topk_seed43,43,92,1,False,False,True,0.6284,0.0,-0.91472334,-0.023547225,-6.224880962690804e-06,0.0014802906662225723,0.001480303704738617,7e267c0bf303542b
2,day2_n8_topk_seed43,43,92,2,False,False,True,0.6104,0.0,-1.8386296,2.302353,-6.178981948323781e-06,0.0014864924596622586,0.0014865053817629814,7e267c0bf303542b
2,day2_n8_topk_seed43,43,92,3,False,False,True,0.6222,0.0,-0.581916,0.304941,-5.372455234464724e-06,0.0014648978831246495,0.001464907662011683,7e267c0bf303542b
2,day2_n8_topk_seed43,43,92,4,False,False,True,0.6128,0.0,-1.1676581,2.456568,-7.896178431110457e-06,0.0014952007913962007,0.0014952216297388077,7e267c0bf303542b
2,day2_n8_topk_seed43,43,92,5,False,False,True,0.6196,0.0,-0.7398902,-0.34585702,-3.3146263831440592e-06,0.0014813513262197375,0.001481355051510036,7e267c0bf303542b
2,day2_n8_topk_seed43,43,92,6,False,False,True,0.6072,0.0,-1.3657545,-6.0304036,-8.029148375499062e-06,0.0015103195328265429,0.0015103408368304372,7e267c0bf303542b
2,day2_n8_topk_seed43,43,92,7,False,False,True,0.6162,0.0,-0.7522258,1.3642367,-4.4857424654765055e-06,0.0014414188917726278,0.0014414258766919374,7e267c0bf303542b
2,day2_n8_topk_seed43,43,93,0,False,False,True,0.6332,0.0,-0.71650285,-2.9664724,-1.0112688869412523e-05,0.00157384283374995,0.0015738754300400615,7e267c0bf303542b
2,day2_n8_topk_seed43,43,93,1,False,False,True,0.5806,0.0,-0.74482924,-1.2831175,-8.29185955808498e-06,0.0015110097592696548,0.0015110325766727328,7e267c0bf303542b
2,day2_n8_topk_seed43,43,93,2,False,False,True,0.5992,0.0,-1.4222083,-1.1911749,-4.51287178293569e-06,0.0015364682767540216,0.001536474796012044,7e267c0bf303542b
2,day2_n8_topk_seed43,43,93,3,False,False,True,0.5568,0.0,7.3889394,1.9573249,-3.66930294148915e-06,0.0017607379704713821,0.0017607418121770024,7e267c0bf303542b
2,day2_n8_topk_seed43,43,93,4,False,False,True,0.6304,0.0,-0.2951584,-0.86915576,-6.3717584453115705e-06,0.0014863059623166919,0.0014863195829093456,7e267c0bf303542b
2,day2_n8_topk_seed43,43,93,5,False,False,True,0.6154,0.0,-0.39837268,-1.2207187,-8.011148565856274e-06,0.0014891951577737927,0.0014892168110236526,7e267c0bf303542b
2,day2_n8_topk_seed43,43,93,6,False,False,True,0.5708,0.0,-0.6236154,-0.86231303,-5.728866653953446e-06,0.0015101875178515911,0.0015101984608918428,7e267c0bf303542b
2,day2_n8_topk_seed43,43,93,7,False,False,True,0.6214,0.0,-3.1882563,6.435628,-4.822956270800205e-06,0.001673071994446218,0.0016730789793655276,7e267c0bf303542b
2,day2_n8_topk_seed43,43,94,0,False,False,True,0.579,0.0,1.2532036,-1.8832753,-7.914138222986367e-06,0.0016860435716807842,0.0016860620817169547,7e267c0bf303542b
2,day2_n8_topk_seed43,43,94,1,False,False,True,0.31,0.0,-10.756276,2.4810586,-3.6206861295795534e-06,0.0025661420077085495,0.0025661445688456297,7e267c0bf303542b
2,day2_n8_topk_seed43,43,94,2,False,False,True,0.6262,0.0,1.1684432,-1.7238266,1.789106704563892e-06,0.001523465383797884,0.0015234665479511023,7e267c0bf303542b
2,day2_n8_topk_seed43,43,94,3,False,False,True,0.5686,0.0,4.2962174,9.080913,-2.655316529853735e-05,0.002315476769581437,0.0023156290408223867,7e267c0bf303542b
2,day2_n8_topk_seed43,43,94,4,False,False,True,0.6552,0.0,1.1522766,-1.7579643,-2.306592676859509e-07,0.001464972272515297,0.001464972272515297,7e267c0bf303542b
2,day2_n8_topk_seed43,43,94,5,False,False,True,0.6268,0.0,1.0421755,-1.7217327,-3.4496836178732337e-06,0.0015447018668055534,0.001544705592095852,7e267c0bf303542b
2,day2_n8_topk_seed43,43,94,6,False,False,True,0.4958,0.0,0.871411,-2.1755486,-4.770820396515774e-06,0.0015483511378988624,0.0015483584720641375,7e267c0bf303542b
2,day2_n8_topk_seed43,43,94,7,False,False,True,0.6264,0.0,0.97256124,-2.299633,3.5195573673263425e-06,0.0017218946013599634,0.00172189821023494,7e267c0bf303542b
2,day2_n8_topk_seed43,43,95,0,False,False,True,0.586,0.0,0.6410436,1.7746145,-7.084918706823373e-06,0.0014943830901756883,0.0014943998539820313,7e267c0bf303542b
2,day2_n8_topk_seed43,43,95,1,False,False,True,0.2298,0.0,-7.806191,-3.2006624,-1.6715637684683315e-05,0.0019717731047421694,0.001971844118088484,7e267c0bf303542b
2,day2_n8_topk_seed43,43,95,2,False,False,True,0.6204,0.0,0.13179727,1.6805227,-9.782069355424028e-06,0.0014901909744367003,0.0014902231050655246,7e267c0bf303542b
2,day2_n8_topk_seed43,43,95,3,False,False,True,0.6368,0.0,0.6733091,1.7857268,-7.311245553864865e-06,0.0014837642665952444,0.0014837821945548058,7e267c0bf303542b
2,day2_n8_topk_seed43,43,95,4,False,False,True,0.6582,0.0,0.5520133,1.4339979,-3.653148041848908e-06,0.001429614843800664,0.0014296196168288589,7e267c0bf303542b
2,day2_n8_topk_seed43,43,95,5,False,False,True,0.5988,0.0,4.4978766,-6.8902783,-1.9789176803897135e-05,0.0019023435888811946,0.0019024465000256896,7e267c0bf303542b
2,day2_n8_topk_seed43,43,95,6,False,False,True,0.6528,0.0,0.29222777,1.1351068,-7.752292731311172e-06,0.0014822641387581825,0.0014822845114395022,7e267c0bf303542b
2,day2_n8_topk_seed43,43,95,7,False,False,True,0.665,0.0,1.0179341,2.2809844,-4.318552782933693e-06,0.0015564194181934,0.001556425355374813,7e267c0bf303542b
2,day2_n8_topk_seed43,43,96,0,False,False,True,0.4644,0.0,13.682044,0.0064521222,-1.4888000805513002e-06,0.0031912457197904587,0.0031912459526211023,7e267c0bf303542b
2,day2_n8_topk_seed43,43,96,1,False,False,True,0.6124,0.0,-1.9919748,-7.6407948,-5.502771273313556e-06,0.0018018842674791813,0.001801892532967031,7e267c0bf303542b
2,day2_n8_topk_seed43,43,96,2,False,False,True,0.6128,0.0,-2.235485,1.5995482,-8.467063707939815e-06,0.001545144827105105,0.0015451681101694703,7e267c0bf303542b
2,day2_n8_topk_seed43,43,96,3,False,False,True,0.6168,0.0,-1.6133987,0.86524594,-1.4753910591025488e-06,0.0015595958102494478,0.001559596392326057,7e267c0bf303542b
2,day2_n8_topk_seed43,43,96,4,False,False,True,0.6346,0.0,-1.6789156,0.69266,-2.121421402989654e-06,0.0014725433429703116,0.0014725448563694954,7e267c0bf303542b
2,day2_n8_topk_seed43,43,96,5,False,False,True,0.6566,0.0,-2.1269865,1.294523,-5.109589892526856e-06,0.0015593166463077068,0.0015593249117955565,7e267c0bf303542b
2,day2_n8_topk_seed43,43,96,6,False,False,True,0.538,0.0,-1.9993925,1.6036006,-5.230001988820732e-06,0.0015720545779913664,0.0015720634255558252,7e267c0bf303542b
2,day2_n8_topk_seed43,43,96,7,False,False,True,0.6384,0.0,-2.0359004,1.5787688,-1.0274332453263924e-05,0.0015281467931345105,0.0015281813684850931,7e267c0bf303542b
2,day2_n8_topk_seed43,43,97,0,False,False,True,0.6618,0.0,-0.61708885,0.5336979,4.2695180013652134e-07,0.0014898751396685839,0.0014898751396685839,7e267c0bf303542b
2,day2_n8_topk_seed43,43,97,1,False,False,True,0.6528,0.0,-0.81098676,0.533232,-6.511261290143011e-06,0.001503101084381342,0.001503115170635283,7e267c0bf303542b
2,day2_n8_topk_seed43,43,97,2,False,False,True,0.6366,0.0,7.540272,0.18312049,-5.137083917361451e-06,0.0017409245483577251,0.001740932115353644,7e267c0bf303542b
2,day2_n8_topk_seed43,43,97,3,False,False,True,0.6374,0.0,-0.97840554,-0.09517113,-7.313822152354987e-06,0.001465476700104773,0.0014654949773102999,7e267c0bf303542b
2,day2_n8_topk_seed43,43,97,4,False,False,True,0.5886,0.0,-1.2957613,0.8295509,-2.3517075078416383e-06,0.001525785424746573,0.0015257871709764004,7e267c0bf303542b
2,day2_n8_topk_seed43,43,97,5,False,False,True,0.6544,0.0,-1.1480875,-5.9845405,-7.091829502314795e-06,0.0015383504796773195,0.0015383667778223753,7e267c0bf303542b
2,day2_n8_topk_seed43,43,97,6,False,False,True,0.6406,0.0,-1.0391433,0.15596865,-5.375461569201434e-07,0.0015195123851299286,0.0015195125015452504,7e267c0bf303542b
2,day2_n8_topk_seed43,43,97,7,False,False,True,0.6162,0.0,-1.6508001,3.8441422,-8.410846930928528e-06,0.0015201892238110304,0.0015202125068753958,7e267c0bf303542b
2,day2_n8_topk_seed43,43,98,0,False,False,True,0.6208,0.0,-7.0193553,0.7673181,-9.283971849072259e-06,0.0016489969566464424,0.0016490232665091753,7e267c0bf303542b
2,day2_n8_topk_seed43,43,98,1,False,False,True,0.6458,0.0,-0.04086972,-1.7629225,-5.097843427392945e-07,0.001533439033664763,0.001533439033664763,7e267c0bf303542b
2,day2_n8_topk_seed43,43,98,2,False,False,True,0.6254,0.0,1.7005918,6.642207,-8.104835615085904e-06,0.0015846332535147667,0.0015846540918573737,7e267c0bf303542b
2,day2_n8_topk_seed43,43,98,3,False,False,True,0.6672,0.0,-0.044841226,-1.2475483,-7.017031748546287e-06,0.0015297902282327414,0.0015298064099624753,7e267c0bf303542b
2,day2_n8_topk_seed43,43,98,4,False,False,True,0.6112,0.0,1.0099225,-0.36734408,-3.3615112897678046e-06,0.0014694322599098086,0.001469436101615429,7e267c0bf303542b
2,day2_n8_topk_seed43,43,98,5,False,False,True,0.652,0.0,1.778122,-1.4624014,-5.878825049876468e-06,0.0015484056202694774,0.0015484169125556946,7e267c0bf303542b
2,day2_n8_topk_seed43,43,98,6,False,False,True,0.639,0.0,0.77753645,-1.5625341,-3.4869224236899754e-06,0.0015246226685121655,0.0015246267430484295,7e267c0bf303542b
2,day2_n8_topk_seed43,43,98,7,False,False,True,0.6294,0.0,1.8388882,-1.0067792,-6.355391633405816e-06,0.0015641164500266314,0.0015641293721273541,7e267c0bf303542b
2,day2_n8_topk_seed43,43,99,0,False,False,True,0.6318,0.0,-4.765008,4.7772036,-7.626726528542349e-06,0.0016505052335560322,0.0016505229286849499,7e267c0bf303542b
2,day2_n8_topk_seed43,43,99,1,False,False,True,0.5398,0.0,6.2010508,3.2554574,-1.174000203718606e-06,0.001653372892178595,0.0016533733578398824,7e267c0bf303542b
2,day2_n8_topk_seed43,43,99,2,False,False,True,0.6422,0.0,0.14567183,0.17208146,-3.6779565562028438e-06,0.0015285882400348783,0.0015285925474017859,7e267c0bf303542b
2,day2_n8_topk_seed43,43,99,3,False,False,True,0.6404,0.0,-0.5975986,-1.3127668,-6.114254119893303e-06,0.0015327486908063293,0.0015327607979997993,7e267c0bf303542b
2,day2_n8_topk_seed43,43,99,4,False,False,True,0.6704,0.0,-0.17225774,-0.35305554,-9.233995683644025e-07,0.0014758087927475572,0.0014758090255782008,7e267c0bf303542b
2,day2_n8_topk_seed43,43,99,5,False,False,True,0.616,0.0,-0.24711448,-4.409491,-7.853341230656952e-06,0.0015866257017478347,0.0015866451431065798,7e267c0bf303542b
2,day2_n8_topk_seed43,43,99,6,False,False,True,0.6528,0.0,-0.30428022,-1.4029019,-5.163755304238293e-06,0.0014931261539459229,0.0014931351179257035,7e267c0bf303542b
2,day2_n8_topk_seed43,43,99,7,False,False,True,0.6804,0.0,-0.26045856,-0.7265259,-7.574962182843592e-06,0.0015111924149096012,0.0015112115070223808,7e267c0bf303542b
2,day2_n8_topk_seed43,43,100,0,False,False,True,0.5672,0.0,1.8774728,-0.49505338,1.65777123584121e-06,0.001571448054164648,0.0015714489854872227,7e267c0bf303542b
2,day2_n8_topk_seed43,43,100,1,False,False,True,0.6142,0.0,1.7335676,-0.4816242,-2.536025249355589e-06,0.0015187343815341592,0.0015187363605946302,7e267c0bf303542b
2,day2_n8_topk_seed43,43,100,2,False,False,True,0.6554,0.0,1.6615932,-0.89534885,-6.3843112911854405e-06,0.0015128900995478034,0.0015129037201404572,7e267c0bf303542b
2,day2_n8_topk_seed43,43,100,3,False,False,True,0.6462,0.0,1.6555358,-0.6767953,-3.356954721311922e-06,0.0015292890602722764,0.0015292927855625749,7e267c0bf303542b
2,day2_n8_topk_seed43,43,100,4,False,False,True,0.4696,0.0,-12.297844,-0.13202715,-2.0330464394646697e-05,0.0028357466217130423,0.0028358197305351496,7e267c0bf303542b
2,day2_n8_topk_seed43,43,100,5,False,False,True,0.6478,0.0,1.9783584,-2.8531375,-2.1620298866764642e-06,0.001693703350611031,0.0016937046311795712,7e267c0bf303542b
2,day2_n8_topk_seed43,43,100,6,False,False,True,0.6108,0.0,1.5899274,7.4501195,-3.480338591543841e-06,0.0017624691827222705,0.0017624726751819253,7e267c0bf303542b
2,day2_n8_topk_seed43,43,100,7,False,False,True,0.657,0.0,1.8014107,-1.9161322,-4.597184215526795e-06,0.001663538976572454,0.0016635452629998326,7e267c0bf303542b
2,day2_n8_topk_seed43,43,101,0,False,False,True,0.7608,0.0,-0.8472047,0.10119946,-1.3041363899901626e-07,0.00022887000523041934,0.00022887004888616502,7e267c0bf303542b
2,day2_n8_topk_seed43,43,101,1,False,False,True,0.7634,0.0,0.1376247,0.5816688,-6.399823178071529e-07,0.00018781019025482237,0.0001878112816484645,7e267c0bf303542b
2,day2_n8_topk_seed43,43,101,2,False,False,True,0.7574,0.0,0.123473726,-0.06361865,-5.772828330918855e-07,0.00017229765944648534,0.0001722986198728904,7e267c0bf303542b
2,day2_n8_topk_seed43,43,101,3,False,False,True,0.767,0.0,0.13759437,-0.047185417,-4.3582849684753455e-07,0.0001751388917909935,0.0001751394447637722,7e267c0bf303542b
2,day2_n8_topk_seed43,43,101,4,False,False,True,0.765,0.0,0.16667554,-0.016626284,8.660586559017247e-08,0.00017696568102110177,0.000176965695573017,7e267c0bf303542b
2,day2_n8_topk_seed43,43,101,5,False,False,True,0.7672,0.0,0.15635324,-0.02912393,-2.3640562574200885e-07,0.00017390173161402345,0.0001739019062370062,7e267c0bf303542b
2,day2_n8_topk_seed43,43,101,6,False,False,True,0.7698,0.0,-0.056355394,-0.51664376,-7.38013000045612e-07,0.0001978978980332613,0.000197899280465208,7e267c0bf303542b
2,day2_n8_topk_seed43,43,101,7,False,False,True,0.7666,0.0,0.18183945,-0.009670738,-7.685923151257157e-07,0.00017360891797579825,0.00017361062054987997,7e267c0bf303542b
2,day2_n8_topk_seed43,43,102,0,False,False,True,0.7786,0.0,0.073321275,0.042258106,-2.685394520085538e-07,0.00017059936362784356,0.00017059958190657198,7e267c0bf303542b
2,day2_n8_topk_seed43,43,102,1,False,False,True,0.7704,0.0,-0.015596233,0.05799981,-4.790058483195025e-07,0.00017199931608047336,0.0001720000000204891,7e267c0bf303542b
2,day2_n8_topk_seed43,43,102,2,False,False,True,0.769,0.0,0.07311895,-0.0060829655,-2.1100750302593951e-07,0.00016617435903754085,0.00016617450455669314,7e267c0bf303542b
2,day2_n8_topk_seed43,43,102,3,False,False,True,0.7712,0.0,-0.8692524,-0.0012541106,-1.0821889873113832e-06,0.00020625314209610224,0.00020625596516765654,7e267c0bf303542b
2,day2_n8_topk_seed43,43,102,4,False,False,True,0.7694,0.0,0.14816444,-0.020409564,-4.925473149341997e-07,0.00016880824114196002,0.00016880895418580621,7e267c0bf303542b
2,day2_n8_topk_seed43,43,102,5,False,False,True,0.7572,0.0,0.20933174,0.63521457,-5.906641717956518e-07,0.00018086582713294774,0.00018086680211126804,7e267c0bf303542b
2,day2_n8_topk_seed43,43,102,6,False,False,True,0.7742,0.0,0.17101465,-0.4054345,-2.9214979235803185e-07,0.0001789809757610783,0.00017898122314363718,7e267c0bf303542b
2,day2_n8_topk_seed43,43,102,7,False,False,True,0.7668,0.0,0.20989823,-0.30229178,-8.996983069664566e-07,0.0001747217756928876,0.00017472408944740891,7e267c0bf303542b
2,day2_n8_topk_seed43,43,103,0,False,False,True,0.7744,0.0,-0.110649236,0.47880316,-5.471903818943247e-08,0.00017777248285710812,0.00017777249740902334,7e267c0bf303542b
2,day2_n8_topk_seed43,43,103,1,False,False,True,0.7694,0.0,-0.11354657,-0.17796734,-3.1737175731905154e-07,0.00017546208982821554,0.00017546239541843534,7e267c0bf303542b
2,day2_n8_topk_seed43,43,103,2,False,False,True,0.7722,0.0,-0.11961788,0.060727317,-6.470839366556902e-07,0.00017035174823831767,0.00017035298515111208,7e267c0bf303542b
2,day2_n8_topk_seed43,43,103,3,False,False,True,0.7778,0.0,-0.12804249,-0.01995803,-3.6544955150930036e-07,0.00016643265553284436,0.00016643306298647076,7e267c0bf303542b
2,day2_n8_topk_seed43,43,103,4,False,False,True,0.7762,0.0,-0.1924753,0.29684535,7.208797558888591e-09,0.00017838404164649546,0.00017838404164649546,7e267c0bf303542b
2,day2_n8_topk_seed43,43,103,5,False,False,True,0.7752,0.0,-0.16735706,-0.58157545,-7.217274742288282e-07,0.0001803662598831579,0.00018036770052276552,7e267c0bf303542b
2,day2_n8_topk_seed43,43,103,6,False,False,True,0.7768,0.0,-0.08080949,-0.04951387,-6.430420853575924e-07,0.00016796874115243554,0.00016796996351331472,7e267c0bf303542b
2,day2_n8_topk_seed43,43,103,7,False,False,True,0.77,0.0,0.91249764,-0.0073602768,-6.956879019526241e-07,0.00021557284344453365,0.000215573949390091,7e267c0bf303542b
2,day2_n8_topk_seed43,43,104,0,False,False,True,0.7768,0.0,0.8815904,0.24772921,5.42988402685296e-07,0.00021370452304836363,0.00021370520698837936,7e267c0bf303542b
2,day2_n8_topk_seed43,43,104,1,False,False,True,0.7756,0.0,-0.4043811,0.30577365,-3.57791321903278e-07,0.00019696919480338693,0.00019696951494552195,7e267c0bf303542b
2,day2_n8_topk_seed43,43,104,2,False,False,True,0.7748,0.0,0.0076703955,-0.04758714,-4.7639181843806e-07,0.00017658005526755005,0.0001765806955518201,7e267c0bf303542b
2,day2_n8_topk_seed43,43,104,3,False,False,True,0.7738,0.0,-0.17997232,0.23795894,-1.5262933175108628e-06,0.00018613820429891348,0.00018614446162246168,7e267c0bf303542b
2,day2_n8_topk_seed43,43,104,4,False,False,True,0.7718,0.0,0.0614365,-0.7893287,3.8539127444892074e-07,0.0001936493208631873,0.00019364971376489848,7e267c0bf303542b
2,day2_n8_topk_seed43,43,104,5,False,False,True,0.7742,0.0,-0.11578566,0.0072468324,-4.418384662585595e-07,0.0001767571084201336,0.0001767576759448275,7e267c0bf303542b
2,day2_n8_topk_seed43,43,104,6,False,False,True,0.7702,0.0,-0.16230433,-0.0155177135,-6.448101999012579e-07,0.00018680996436160058,0.00018681107030715793,7e267c0bf303542b
2,day2_n8_topk_seed43,43,104,7,False,False,True,0.7742,0.0,-0.08825454,0.05372479,-1.1992375448244275e-06,0.0001795340358512476,0.00017953805217985064,7e267c0bf303542b
2,day2_n8_topk_seed43,43,105,0,False,False,True,0.7552,0.0,1.4427606,0.5480387,-1.1517663267568423e-07,0.0003666808479465544,0.0003666808479465544,7e267c0bf303542b
2,day2_n8_topk_seed43,43,105,1,False,False,True,0.7664,0.0,-1.0677254,0.39876127,-2.576173301349627e-07,0.000308196060359478,0.0003081961767747998,7e267c0bf303542b
2,day2_n8_topk_seed43,43,105,2,False,False,True,0.7774,0.0,-0.15261501,0.09344305,-2.9275571478137863e-07,0.00017832298181019723,0.00017832322919275612,7e267c0bf303542b
2,day2_n8_topk_seed43,43,105,3,False,False,True,0.7444,0.0,0.25920892,-1.2534702,-2.092699560307665e-06,0.00031256169313564897,0.0003125686780549586,7e267c0bf303542b
2,day2_n8_topk_seed43,43,105,4,False,False,True,0.7816,0.0,-0.11053113,0.075494505,-3.128887158254656e-07,0.0001816346775740385,0.00018163495406042784,7e267c0bf303542b
2,day2_n8_topk_seed43,43,105,5,False,False,True,0.7786,0.0,-0.12047738,0.08019686,-4.2643318920454476e-07,0.00017731556727085263,0.00017731609113980085,7e267c0bf303542b
2,day2_n8_topk_seed43,43,105,6,False,False,True,0.773,0.0,-0.114562,0.003945233,-6.816246695962036e-07,0.00018401892157271504,0.00018402017303742468,7e267c0bf303542b
2,day2_n8_topk_seed43,43,105,7,False,False,True,0.7752,0.0,-0.13606046,0.05359013,-3.0287540653262113e-07,0.00017900076636578888,0.000179001028300263,7e267c0bf303542b
2,day2_n8_topk_seed43,43,106,0,False,False,True,0.783,0.0,-0.22268304,0.09877532,-2.20371489945137e-08,0.00019959924975410104,0.00019959926430601627,7e267c0bf303542b
2,day2_n8_topk_seed43,43,106,1,False,False,True,0.7748,0.0,-0.19193187,0.6660479,3.103321830622008e-07,0.00020908376609440893,0.00020908399892505258,7e267c0bf303542b
2,day2_n8_topk_seed43,43,106,2,False,False,True,0.7678,0.0,1.0755314,0.13136262,5.846443400514545e-07,0.00024990542442537844,0.0002499061229173094,7e267c0bf303542b
2,day2_n8_topk_seed43,43,106,3,False,False,True,0.778,0.0,-0.17654103,-0.0012463218,-5.090719810141309e-07,0.00018587616796139628,0.00018587686645332724,7e267c0bf303542b
2,day2_n8_topk_seed43,43,106,4,False,False,True,0.7776,0.0,-0.2070899,0.0021938127,8.712936505617108e-07,0.00019095485913567245,0.00019095685274805874,7e267c0bf303542b
2,day2_n8_topk_seed43,43,106,5,False,False,True,0.7786,0.0,0.026608968,-0.72218454,5.760212502536888e-07,0.00021266636031214148,0.0002126671461155638,7e267c0bf303542b
2,day2_n8_topk_seed43,43,106,6,False,False,True,0.7782,0.0,-0.1435374,-0.0033696264,-3.265147370257182e-07,0.00018661284411791712,0.0001866131351562217,7e267c0bf303542b
2,day2_n8_topk_seed43,43,106,7,False,False,True,0.775,0.0,-0.16035706,-0.17157927,-5.7434924372046225e-08,0.0001947835407918319,0.00019478356989566237,7e267c0bf303542b
2,day2_n8_topk_seed43,43,107,0,False,False,True,0.782,0.0,0.35011035,0.13991171,3.789574520851602e-07,0.00020619331917259842,0.00020619365386664867,7e267c0bf303542b
2,day2_n8_topk_seed43,43,107,1,False,False,True,0.7762,0.0,0.20564798,0.041655105,-2.7811850600301113e-08,0.00019736497779376805,0.00019736497779376805,7e267c0bf303542b
2,day2_n8_topk_seed43,43,107,2,False,False,True,0.7678,0.0,-1.3758842,0.30030048,2.2190789650267106e-07,0.0003289710730314255,0.0003289711312390864,7e267c0bf303542b
2,day2_n8_topk_seed43,43,107,3,False,False,True,0.7734,0.0,0.2937475,0.20782344,8.384172645037324e-08,0.00020710036915261298,0.0002071003837045282,7e267c0bf303542b
2,day2_n8_topk_seed43,43,107,4,False,False,True,0.7766,0.0,0.22409512,0.08220297,2.067896645030487e-07,0.00019101178622804582,0.00019101188809145242,7e267c0bf303542b
2,day2_n8_topk_seed43,43,107,5,False,False,True,0.781,0.0,0.243741,0.12805831,-5.094452149023709e-07,0.00018649757839739323,0.00018649829144123942,7e267c0bf303542b
2,day2_n8_topk_seed43,43,107,6,False,False,True,0.7652,0.0,-0.1864524,-1.0787622,-8.795142321105232e-07,0.00025403741165064275,0.0002540389250498265,7e267c0bf303542b
2,day2_n8_topk_seed43,43,107,7,False,False,True,0.776,0.0,0.24499735,0.17880966,-6.216387191670947e-07,0.00021417719835881144,0.00021417808602564037,7e267c0bf303542b
2,day2_n8_topk_seed43,43,108,0,False,False,True,0.7532,0.0,2.3295386,-0.05041154,3.5988937270303722e-06,0.0005448603187687695,0.0005448721931315958,7e267c0bf303542b
2,day2_n8_topk_seed43,43,108,1,False,False,True,0.7794,0.0,-0.31059465,0.23366527,2.23200757432096e-07,0.0001938154746312648,0.00019381560559850186,7e267c0bf303542b
2,day2_n8_topk_seed43,43,108,2,False,False,True,0.7766,0.0,-0.3017871,0.22871141,-3.8425773141170794e-07,0.00019643492123577744,0.00019643529958557338,7e267c0bf303542b
2,day2_n8_topk_seed43,43,108,3,False,False,True,0.7776,0.0,-0.28544402,0.21360114,3.539741442182276e-07,0.00021044786262791604,0.00021044816821813583,7e267c0bf303542b
2,day2_n8_topk_seed43,43,108,4,False,False,True,0.771,0.0,-0.37214968,0.44007596,-4.343449120369769e-07,0.0002453281485941261,0.00024532852694392204,7e267c0bf303542b
2,day2_n8_topk_seed43,43,108,5,False,False,True,0.6768,0.0,-0.4127456,-1.6131177,6.780512080695189e-07,0.0003815320960711688,0.0003815326781477779,7e267c0bf303542b
2,day2_n8_topk_seed43,43,108,6,False,False,True,0.7722,0.0,-0.35460913,0.35336462,9.654960422267322e-07,0.0002478549722582102,0.00024785686400718987,7e267c0bf303542b
2,day2_n8_topk_seed43,43,108,7,False,False,True,0.7614,0.0,-0.29221308,0.19411394,-1.2354727232377627e-06,0.00024596750154159963,0.00024597058654762805,7e267c0bf303542b
2,day2_n8_topk_seed43,43,109,0,False,False,True,0.7508,0.0,-1.0977058,0.021992061,-3.574781430870644e-07,0.00025206967256963253,0.00025206993450410664,7e267c0bf303542b
2,day2_n8_topk_seed43,43,109,1,False,False,True,0.7802,0.0,0.1699314,0.8712796,5.749213727312963e-08,0.00020730262622237206,0.0002073026553262025,7e267c0bf303542b
2,day2_n8_topk_seed43,43,109,2,False,False,True,0.7708,0.0,0.063702285,-0.30361834,5.637644449052459e-07,0.00020128318283241242,0.00020128396863583475,7e267c0bf303542b
2,day2_n8_topk_seed43,43,109,3,False,False,True,0.7812,0.0,0.1388807,-0.08323241,-5.550145374400017e-07,0.00018804729916155338,0.00018804811406880617,7e267c0bf303542b
2,day2_n8_topk_seed43,43,109,4,False,False,True,0.7766,0.0,0.22929046,-0.24321547,-6.140844561741687e-07,0.00020297951414249837,0.00020298046001698822,7e267c0bf303542b
2,day2_n8_topk_seed43,43,109,5,False,False,True,0.7754,0.0,0.1964743,0.07225297,-3.448423342433671e-07,0.00019560803775675595,0.00019560834334697574,7e267c0bf303542b
2,day2_n8_topk_seed43,43,109,6,False,False,True,0.7754,0.0,0.12068832,-0.14667496,-3.6289810623202357e-07,0.0001908924023155123,0.00019089273700956255,7e267c0bf303542b
2,day2_n8_topk_seed43,43,109,7,False,False,True,0.7748,0.0,0.17874046,-0.18878357,-5.2262731742303e-07,0.0001922536757774651,0.0001922543888213113,7e267c0bf303542b
2,day2_n8_topk_seed43,43,110,0,False,False,True,0.7834,0.0,-0.21476084,0.69582176,2.4507346552127274e-07,0.00021016524988226593,0.0002101653954014182,7e267c0bf303542b
2,day2_n8_topk_seed43,43,110,1,False,False,True,0.7782,0.0,-0.1328045,-0.08853822,4.2701984170889773e-07,0.00019694901129696518,0.00019694946240633726,7e267c0bf303542b
2,day2_n8_topk_seed43,43,110,2,False,False,True,0.7802,0.0,-0.17474128,0.13827495,-7.424097248076578e-07,0.0001962421229109168,0.00019624353444669396,7e267c0bf303542b
2,day2_n8_topk_seed43,43,110,3,False,False,True,0.7556,0.0,1.0436792,0.072620034,1.83998281499953e-07,0.0002379306242801249,0.00023793071159161627,7e267c0bf303542b
2,day2_n8_topk_seed43,43,110,4,False,False,True,0.7814,0.0,-0.09710473,-0.66227764,-3.16162157787403e-07,0.00020543327264022082,0.0002054335200227797,7e267c0bf303542b
2,day2_n8_topk_seed43,43,110,5,False,False,True,0.78,0.0,-0.1826975,-0.020204946,-6.672823360531766e-07,0.00019014587451238185,0.00019014705321751535,7e267c0bf303542b
2,day2_n8_topk_seed43,43,110,6,False,False,True,0.7836,0.0,-0.13320398,-0.13450873,-6.238033023464595e-08,0.00019364443141967058,0.0001936444459715858,7e267c0bf303542b
2,day2_n8_topk_seed43,43,110,7,False,False,True,0.7766,0.0,-0.10836688,-0.0011863708,1.411979155818699e-07,0.0001942553644767031,0.00019425542268436402,7e267c0bf303542b
2,day2_n8_topk_seed43,43,111,0,False,False,True,0.7858,0.0,-0.1542208,-0.09860266,2.1963927565593622e-07,0.00021386447770055383,0.00021386459411587566,7e267c0bf303542b
2,day2_n8_topk_seed43,43,111,1,False,False,True,0.7784,0.0,-0.041612167,-0.29303393,-7.45486374853499e-08,0.00021081777231302112,0.00021081777231302112,7e267c0bf303542b
2,day2_n8_topk_seed43,43,111,2,False,False,True,0.778,0.0,-0.12286722,-0.42505842,-5.629257202599547e-07,0.00022221832477953285,0.00022221903782337904,7e267c0bf303542b
2,day2_n8_topk_seed43,43,111,3,False,False,True,0.7674,0.0,-0.09945944,-0.29457375,-7.702796267494705e-08,0.00029613732476718724,0.00029613732476718724,7e267c0bf303542b
2,day2_n8_topk_seed43,43,111,4,False,False,True,0.7782,0.0,-0.11832147,-0.21753709,5.244787644187454e-07,0.0002036333316937089,0.00020363401563372463,7e267c0bf303542b
2,day2_n8_topk_seed43,43,111,5,False,False,True,0.7528,0.0,1.4816167,0.69276255,-1.0716576070990413e-06,0.00037549962871707976,0.00037550117122009397,7e267c0bf303542b
2,day2_n8_topk_seed43,43,111,6,False,False,True,0.771,0.0,-0.018632619,-0.6297985,4.036527911921439e-07,0.00028529821429401636,0.00028529850533232093,7e267c0bf303542b
2,day2_n8_topk_seed43,43,111,7,False,False,True,0.7552,0.0,-0.9265056,1.2658391,1.1516111726450617e-06,0.0003589580301195383,0.0003589598636608571,7e267c0bf303542b
2,day2_n8_topk_seed43,43,112,0,False,False,True,0.7834,0.0,1.0048096,-0.11214043,6.153554181764775e-07,0.0002472095366101712,0.0002472102933097631,7e267c0bf303542b
2,day2_n8_topk_seed43,43,112,1,False,False,True,0.7828,0.0,-0.001711376,-0.08257012,1.487922531850927e-07,0.00020532066992018372,0.00020532072812784463,7e267c0bf303542b
2,day2_n8_topk_seed43,43,112,2,False,False,True,0.7822,0.0,-0.580705,-0.3796633,9.61968908086419e-07,0.0002357972989557311,0.0002357992489123717,7e267c0bf303542b
2,day2_n8_topk_seed43,43,112,3,False,False,True,0.7726,0.0,-0.07548493,-0.29780006,-4.1127995586975885e-07,0.00022327595797833055,0.00022327632177621126,7e267c0bf303542b
2,day2_n8_topk_seed43,43,112,4,False,False,True,0.7812,0.0,-0.081176125,0.051519606,-3.702741651068209e-07,0.00019921195053029805,0.0001992122852243483,7e267c0bf303542b
2,day2_n8_topk_seed43,43,112,5,False,False,True,0.7766,0.0,-0.11240849,-0.15089148,1.1943239996980992e-07,0.00020719139138236642,0.00020719142048619688,7e267c0bf303542b
2,day2_n8_topk_seed43,43,112,6,False,False,True,0.7796,0.0,-0.007657757,-0.012102609,-2.2371776253748976e-07,0.00021179355098865926,0.0002117936674039811,7e267c0bf303542b
2,day2_n8_topk_seed43,43,112,7,False,False,True,0.7796,0.0,-0.14566718,0.9836484,6.850099225630402e-07,0.00023830639838706702,0.00023830738791730255,7e267c0bf303542b
2,day2_n8_topk_seed43,43,113,0,False,False,True,0.785,0.0,-0.16032244,0.6551551,-1.1718761072643247e-07,0.0002052660274785012,0.00020526607113424689,7e267c0bf303542b
2,day2_n8_topk_seed43,43,113,1,False,False,True,0.7802,0.0,-0.11826567,-0.28051078,-1.432372869203391e-07,0.00020348731777630746,0.00020348736143205315,7e267c0bf303542b
2,day2_n8_topk_seed43,43,113,2,False,False,True,0.7822,0.0,-0.07413539,0.07545785,-3.8892784459676477e-07,0.00019823602633550763,0.00019823639013338834,7e267c0bf303542b
2,day2_n8_topk_seed43,43,113,3,False,False,True,0.775,0.0,-0.1423492,0.2162428,2.403876351309009e-07,0.0002076312230201438,0.0002076313685392961,7e267c0bf303542b
2,day2_n8_topk_seed43,43,113,4,False,False,True,0.782,0.0,-0.0789462,0.0040228926,-2.4007613674825734e-08,0.00019889201212208718,0.0001988920266740024,7e267c0bf303542b
2,day2_n8_topk_seed43,43,113,5,False,False,True,0.7812,0.0,1.0079271,-0.030090036,-1.0829253227484514e-07,0.0002302937937201932,0.00023029382282402366,7e267c0bf303542b
2,day2_n8_topk_seed43,43,113,6,False,False,True,0.7824,0.0,-0.21691537,-0.67090255,-3.589457264752127e-07,0.00021146329527255148,0.00021146360086277127,7e267c0bf303542b
2,day2_n8_topk_seed43,43,113,7,False,False,True,0.7778,0.0,-0.21699359,0.030625138,-7.857578339098836e-07,0.00020497113291639835,0.0002049726463155821,7e267c0bf303542b
2,day2_n8_topk_seed43,43,114,0,False,False,True,0.7888,0.0,-0.19051252,-0.26931018,-1.6949377368291607e-07,0.0002104064478771761,0.00021040652063675225,7e267c0bf303542b
2,day2_n8_topk_seed43,43,114,1,False,False,True,0.7848,0.0,-0.15411027,-0.092120215,1.253868902040267e-07,0.00021032075164839625,0.00021032079530414194,7e267c0bf303542b
2,day2_n8_topk_seed43,43,114,2,False,False,True,0.7788,0.0,-0.1545388,-0.06236158,-5.021717583986174e-07,0.0002005312271649018,0.0002005318528972566,7e267c0bf303542b
2,day2_n8_topk_seed43,43,114,3,False,False,True,0.7536,0.0,1.4038775,-0.050104186,1.4325682968774345e-06,0.0003230618603993207,0.00032306506182067096,7e267c0bf303542b
2,day2_n8_topk_seed43,43,114,4,False,False,True,0.7808,0.0,-0.23924719,-0.1936842,-1.1089324658541955e-07,0.00020975942607037723,0.00020975946972612292,7e267c0bf303542b
2,day2_n8_topk_seed43,43,114,5,False,False,True,0.7828,0.0,-0.3166538,-0.22391595,-3.367011913724127e-07,0.0002167129860026762,0.0002167132479371503,7e267c0bf303542b
2,day2_n8_topk_seed43,43,114,6,False,False,True,0.785,0.0,-0.1421738,0.9644666,2.0305155601363367e-07,0.00022048498794902116,0.00022048508981242776,7e267c0bf303542b
2,day2_n8_topk_seed43,43,114,7,False,False,True,0.7852,0.0,-0.20664385,-0.07297034,-2.978281088417134e-07,0.0002060568513115868,0.00020605706959031522,7e267c0bf303542b
2,day2_n8_topk_seed43,43,115,0,False,False,True,0.7676,0.0,0.90345,0.3353561,-1.7326804879758129e-07,0.00024305922852363437,0.0002430592867312953,7e267c0bf303542b
2,day2_n8_topk_seed43,43,115,1,False,False,True,0.777,0.0,0.0475317,-0.07893808,2.831676226833224e-07,0.00020847417181357741,0.0002084743755403906,7e267c0bf303542b
2,day2_n8_topk_seed43,43,115,2,False,False,True,0.7812,0.0,-0.012370181,-0.07190665,-9.186486948919992e-08,0.00021691751317121089,0.0002169175277231261,7e267c0bf303542b
2,day2_n8_topk_seed43,43,115,3,False,False,True,0.7844,0.0,0.061945323,-0.036035415,-2.1786998161132942e-07,0.00021131442917976528,0.0002113145455950871,7e267c0bf303542b
2,day2_n8_topk_seed43,43,115,4,False,False,True,0.7792,0.0,-0.7234406,0.7472811,1.1862024962283613e-07,0.0002449953753966838,0.00024499540450051427,7e267c0bf303542b
2,day2_n8_topk_seed43,43,115,5,False,False,True,0.7762,0.0,-0.31251064,-0.78755444,6.603008273486921e-07,0.00024158666201401502,0.00024158756423275918,7e267c0bf303542b
2,day2_n8_topk_seed43,43,115,6,False,False,True,0.783,0.0,-0.0075673913,-0.024944121,-9.591459502189537e-07,0.00020392570877447724,0.00020392796432133764,7e267c0bf303542b
2,day2_n8_topk_seed43,43,115,7,False,False,True,0.7776,0.0,0.042962413,-0.0832587,-1.5490591920297447e-07,0.00020988445612601936,0.00020988451433368027,7e267c0bf303542b
2,day2_n8_topk_seed43,43,116,0,False,False,True,0.7764,0.0,-1.15929,0.020014545,-8.086836373877304e-07,0.00026344822254031897,0.0002634494740050286,7e267c0bf303542b
2,day2_n8_topk_seed43,43,116,1,False,False,True,0.779,0.0,0.18515348,0.96894354,5.474890940604382e-07,0.0002292240533279255,0.000229224722716026,7e267c0bf303542b
2,day2_n8_topk_seed43,43,116,2,False,False,True,0.7828,0.0,0.1049805,-0.3492326,-9.460201226829668e-07,0.0002159371506422758,0.00021593923156615347,7e267c0bf303542b
2,day2_n8_topk_seed43,43,116,3,False,False,True,0.7804,0.0,0.24496225,-0.24063742,-4.1468405242994777e-07,0.0002253283601021394,0.00022532873845193535,7e267c0bf303542b
2,day2_n8_topk_seed43,43,116,4,False,False,True,0.786,0.0,0.16420963,-0.064571165,-4.6628957761640777e-07,0.00021120109886396676,0.00021120160818099976,7e267c0bf303542b
2,day2_n8_topk_seed43,43,116,5,False,False,True,0.7726,0.0,0.1391988,-0.21566902,-1.4306530715657573e-07,0.00021261982328724116,0.00021261986694298685,7e267c0bf303542b
2,day2_n8_topk_seed43,43,116,6,False,False,True,0.7828,0.0,0.17224786,-0.09757233,-6.064867648092331e-07,0.00020726342336274683,0.000207264325581491,7e267c0bf303542b
2,day2_n8_topk_seed43,43,116,7,False,False,True,0.7804,0.0,0.14853676,-0.021275163,-1.7419230502468963e-08,0.0002085461892420426,0.00020854617469012737,7e267c0bf303542b
2,day2_n8_topk_seed43,43,117,0,False,False,True,0.7786,0.0,0.21291925,1.2921892,-7.048390102681878e-07,0.0002982877485919744,0.00029828856349922717,7e267c0bf303542b
2,day2_n8_topk_seed43,43,117,1,False,False,True,0.7806,0.0,0.19167782,-0.20945834,-1.278910133351019e-07,0.00024136049614753574,0.0002413605252513662,7e267c0bf303542b
2,day2_n8_topk_seed43,43,117,2,False,False,True,0.7824,0.0,0.26199776,-0.1513993,-3.164341251249425e-07,0.00021679088240489364,0.00021679110068362206,7e267c0bf303542b
2,day2_n8_topk_seed43,43,117,3,False,False,True,0.7768,0.0,0.22955164,-0.16830799,-8.505585924467596e-07,0.0002288197574671358,0.00022882134362589568,7e267c0bf303542b
2,day2_n8_topk_seed43,43,117,4,False,False,True,0.7692,0.0,0.22588935,-0.16342995,-7.92186028775177e-07,0.00022661028197035193,0.0002266116498503834,7e267c0bf303542b
2,day2_n8_topk_seed43,43,117,5,False,False,True,0.778,0.0,0.27174616,-0.2637325,7.458236268576002e-07,0.0002476483059581369,0.00024764941190369427,7e267c0bf303542b
2,day2_n8_topk_seed43,43,117,6,False,False,True,0.7802,0.0,0.4037686,-0.29610682,1.0481555534624931e-07,0.00023356496240012348,0.00023356499150395393,7e267c0bf303542b
2,day2_n8_topk_seed43,43,117,7,False,False,True,0.757,0.0,-1.7975492,-0.039755285,6.869684625598893e-07,0.0004222738789394498,0.000422274402808398,7e267c0bf303542b
2,day2_n8_topk_seed43,43,118,0,False,False,True,0.7848,0.0,-1.0510533,0.088610195,4.4677398136627744e-07,0.00023877198691479862,0.000238772394368425,7e267c0bf303542b
2,day2_n8_topk_seed43,43,118,1,False,False,True,0.7806,0.0,0.28336352,0.1327975,1.6305558858675795e-07,0.00022454593272414058,0.00022454602003563195,7e267c0bf303542b
2,day2_n8_topk_seed43,43,118,2,False,False,True,0.7782,0.0,0.07282863,-0.04818113,-8.651909979562333e-07,0.0002118423581123352,0.0002118441479979083,7e267c0bf303542b
2,day2_n8_topk_seed43,43,118,3,False,False,True,0.7814,0.0,0.08122665,-0.29839796,-3.773094192638382e-07,0.000222012386075221,0.00022201270621735603,7e267c0bf303542b
2,day2_n8_topk_seed43,43,118,4,False,False,True,0.7798,0.0,0.24947014,0.74170965,7.381223099400813e-07,0.00022569340944755822,0.00022569461725652218,7e267c0bf303542b
2,day2_n8_topk_seed43,43,118,5,False,False,True,0.7834,0.0,0.15712231,-0.7142991,-4.370025052935489e-08,0.00022800464648753405,0.00022800464648753405,7e267c0bf303542b
2,day2_n8_topk_seed43,43,118,6,False,False,True,0.7818,0.0,0.106476516,0.10445833,-7.273611117852852e-07,0.00021007451869081706,0.00021007578470744193,7e267c0bf303542b
2,day2_n8_topk_seed43,43,118,7,False,False,True,0.777,0.0,0.100564204,-0.0066974717,-7.053887429719907e-07,0.00021430058404803276,0.00021430174820125103,7e267c0bf303542b
2,day2_n8_topk_seed43,43,119,0,False,False,True,0.7876,0.0,0.023020184,0.33908084,-1.459110876567138e-07,0.00022191554307937622,0.0002219155867351219,7e267c0bf303542b
2,day2_n8_topk_seed43,43,119,1,False,False,True,0.77,0.0,-0.91476554,-0.63576406,1.3983589042254607e-06,0.00025298987748101354,0.0002529937482904643,7e267c0bf303542b
2,day2_n8_topk_seed43,43,119,2,False,False,True,0.7768,0.0,0.008927331,0.1828965,-9.201698389915691e-07,0.00021974810806568712,0.00021975002891849726,7e267c0bf303542b
2,day2_n8_topk_seed43,43,119,3,False,False,True,0.7892,0.0,0.050267916,0.2469259,-5.926239623477159e-07,0.0002166972408303991,0.00021669805573765188,7e267c0bf303542b
2,day2_n8_topk_seed43,43,119,4,False,False,True,0.7828,0.0,0.7766612,-0.79179436,-3.2266797234115074e-08,0.00025120232021436095,0.0002512023493181914,7e267c0bf303542b
2,day2_n8_topk_seed43,43,119,5,False,False,True,0.7808,0.0,0.07133783,0.24361485,1.664829909486798e-07,0.0002203515323344618,0.00022035159054212272,7e267c0bf303542b
2,day2_n8_topk_seed43,43,119,6,False,False,True,0.7778,0.0,0.030645493,0.17308065,-5.279082060383189e-08,0.00021398368699010462,0.00021398368699010462,7e267c0bf303542b
2,day2_n8_topk_seed43,43,119,7,False,False,True,0.78,0.0,-0.046095,0.24195947,1.6644136735521897e-07,0.00022219329548534006,0.0002221933682449162,7e267c0bf303542b
2,day2_n8_topk_seed43,43,120,0,False,False,True,0.785,0.0,0.08812903,1.0867547,2.836185615251452e-07,0.00024752822355367243,0.0002475283981766552,7e267c0bf303542b
2,day2_n8_topk_seed43,43,120,1,False,False,True,0.7808,0.0,0.2166703,-0.2821119,2.806698091717408e-07,0.00022821452876087278,0.0002282146888319403,7e267c0bf303542b
2,day2_n8_topk_seed43,43,120,2,False,False,True,0.7806,0.0,0.17747335,-0.13295199,-3.254291698340239e-07,0.00022206064022611827,0.00022206088760867715,7e267c0bf303542b
2,day2_n8_topk_seed43,43,120,3,False,False,True,0.7708,0.0,-1.3237965,-0.08664611,3.8587438666581875e-07,0.00030455374508164823,0.0003045539779122919,7e267c0bf303542b
2,day2_n8_topk_seed43,43,120,4,False,False,True,0.7852,0.0,0.18286297,-0.10393215,-3.399350418931135e-07,0.00021560302411671728,0.00021560330060310662,7e267c0bf303542b
2,day2_n8_topk_seed43,43,120,5,False,False,True,0.784,0.0,0.24686414,-0.16291244,-3.682305020902277e-07,0.0002219203597633168,0.0002219206653535366,7e267c0bf303542b
2,day2_n8_topk_seed43,43,120,6,False,False,True,0.7874,0.0,0.22168888,-0.19127236,-1.2747590290018707e-06,0.0002196238492615521,0.00021962757455185056,7e267c0bf303542b
2,day2_n8_topk_seed43,43,120,7,False,False,True,0.781,0.0,0.19010898,-0.12692828,-3.645006927399663e-07,0.00021921558072790504,0.00021921590087004006,7e267c0bf303542b
2,day2_n8_topk_seed43,43,121,0,False,False,True,0.7858,0.0,-0.13565786,-0.31350553,-4.4299122237134725e-07,0.00022281732526607811,0.0002228177763754502,7e267c0bf303542b
2,day2_n8_topk_seed43,43,121,1,False,False,True,0.7806,0.0,-0.11366643,-0.29594782,-4.1635973957454553e-07,0.00023489477462135255,0.0002348951529711485,7e267c0bf303542b
2,day2_n8_topk_seed43,43,121,2,False,False,True,0.7788,0.0,-0.1963168,-0.25969398,1.739796928745818e-08,0.00022756122052669525,0.00022756122052669525,7e267c0bf303542b
2,day2_n8_topk_seed43,43,121,3,False,False,True,0.7772,0.0,-0.15795888,-0.22104576,4.546027412288822e-07,0.0002271735720569268,0.00022717405227012932,7e267c0bf303542b
2,day2_n8_topk_seed43,43,121,4,False,False,True,0.766,0.0,1.8841262,0.49662954,2.7235578272666316e-06,0.0004365914792288095,0.00043659997754730284,7e267c0bf303542b
2,day2_n8_topk_seed43,43,121,5,False,False,True,0.7856,0.0,-0.11387886,-0.30424106,-9.247035137605053e-08,0.00022020201140549034,0.0002202020405093208,7e267c0bf303542b
2,day2_n8_topk_seed43,43,121,6,False,False,True,0.7818,0.0,-0.14105563,-0.23927416,-1.7424291343104414e-07,0.00022169583826325834,0.00022169591102283448,7e267c0bf303542b
2,day2_n8_topk_seed43,43,121,7,False,False,True,0.7702,0.0,-1.0255928,1.1370765,-1.1343563528498635e-06,0.0003375175001565367,0.00033751942100934684,7e267c0bf303542b
2,day2_n8_topk_seed43,43,122,0,False,False,True,0.7826,0.0,-0.055881917,0.9358525,-4.7398427227562934e-07,0.00025818144786171615,0.000258181884419173,7e267c0bf303542b
2,day2_n8_topk_seed43,43,122,1,False,False,True,0.7832,0.0,-0.06990925,0.14066856,1.4263599723562947e-07,0.0002367535198573023,0.00023675357806496322,7e267c0bf303542b
2,day2_n8_topk_seed43,43,122,2,False,False,True,0.7882,0.0,-0.05715817,0.02465436,2.592910846033192e-07,0.00023102930572349578,0.00023102943669073284,7e267c0bf303542b
2,day2_n8_topk_seed43,43,122,3,False,False,True,0.771,0.0,1.1103588,-0.39085373,1.401524173161306e-06,0.0002743026416283101,0.00027430622139945626,7e267c0bf303542b
2,day2_n8_topk_seed43,43,122,4,False,False,True,0.79,0.0,-0.08823363,0.06563922,1.2286745842970959e-08,0.00023198923736345023,0.00023198923736345023,7e267c0bf303542b
2,day2_n8_topk_seed43,43,122,5,False,False,True,0.7824,0.0,-0.6719597,-0.7377066,-1.2953793770975608e-07,0.0002644454943947494,0.0002644455526024103,7e267c0bf303542b
2,day2_n8_topk_seed43,43,122,6,False,False,True,0.7574,0.0,-0.118992604,-0.08148078,3.850042418207522e-08,0.0002473570348229259,0.0002473570639267564,7e267c0bf303542b
2,day2_n8_topk_seed43,43,122,7,False,False,True,0.781,0.0,-0.048223034,0.04322686,7.751669954814133e-07,0.00023525723372586071,0.00023525849974248558,7e267c0bf303542b
2,day2_n8_topk_seed43,43,123,0,False,False,True,0.7844,0.0,-0.5187464,-0.2210297,-4.501781347698852e-07,0.00023741893528494984,0.00023741935729049146,7e267c0bf303542b
2,day2_n8_topk_seed43,43,123,1,False,False,True,0.7798,0.0,0.36251226,-0.9329319,4.337184975611308e-07,0.0002367302804486826,0.00023673067335039377,7e267c0bf303542b
2,day2_n8_topk_seed43,43,123,2,False,False,True,0.789,0.0,0.10115278,0.44331583,-1.4846099816168135e-07,0.00023052764299791306,0.00023052770120557398,7e267c0bf303542b
2,day2_n8_topk_seed43,43,123,3,False,False,True,0.7898,0.0,0.29631996,0.20918079,4.600427985224087e-07,0.00023193020024336874,0.00023193065135274082,7e267c0bf303542b
2,day2_n8_topk_seed43,43,123,4,False,False,True,0.784,0.0,-0.8529792,-0.001479672,4.139215548093489e-08,0.00023978427634574473,0.00023978427634574473,7e267c0bf303542b
2,day2_n8_topk_seed43,43,123,5,False,False,True,0.7874,0.0,0.21058422,0.33355105,-1.4827500649516878e-07,0.00023417621559929103,0.00023417624470312148,7e267c0bf303542b
2,day2_n8_topk_seed43,43,123,6,False,False,True,0.7844,0.0,0.25778848,0.18288246,-4.104624053979933e-07,0.00022430224635172635,0.00022430261014960706,7e267c0bf303542b
2,day2_n8_topk_seed43,43,123,7,False,False,True,0.7832,0.0,0.14336796,-0.013488899,-8.108275437734846e-07,0.00023031013552099466,0.00023031156160868704,7e267c0bf303542b
2,day2_n8_topk_seed43,43,124,0,False,False,True,0.7834,0.0,0.18789296,-0.27657428,1.290868283376767e-07,0.00023429030261468142,0.0002342903462704271,7e267c0bf303542b
2,day2_n8_topk_seed43,43,124,1,False,False,True,0.7796,0.0,0.18451294,1.0417767,8.537256945828631e-08,0.0002447259030304849,0.00024472593213431537,7e267c0bf303542b
2,day2_n8_topk_seed43,43,124,2,False,False,True,0.7924,0.0,0.21235825,-0.07924107,-5.990335125716229e-07,0.00022927188547328115,0.00022927267127670348,7e267c0bf303542b
2,day2_n8_topk_seed43,43,124,3,False,False,True,0.7842,0.0,0.22410363,-0.053450655,1.1175229985838087e-07,0.00023092131596058607,0.00023092135961633176,7e267c0bf303542b
2,day2_n8_topk_seed43,43,124,4,False,False,True,0.7904,0.0,0.134399,-0.14176929,2.2492336881896335e-07,0.00023162107390817255,0.00023162117577157915,7e267c0bf303542b
2,day2_n8_topk_seed43,43,124,5,False,False,True,0.788,0.0,0.1510688,-0.07378095,-3.705857807290158e-07,0.00022564227401744574,0.00022564257960766554,7e267c0bf303542b
2,day2_n8_topk_seed43,43,124,6,False,False,True,0.776,0.0,-1.357448,-0.017561138,1.1127860943815904e-06,0.0003112147969659418,0.00031121677602641284,7e267c0bf303542b
2,day2_n8_topk_seed43,43,124,7,False,False,True,0.7764,0.0,0.26311427,-0.39939964,4.928570618289996e-08,0.00023965879518073052,0.00023965879518073052,7e267c0bf303542b
2,day2_n8_topk_seed43,43,125,0,False,False,True,0.786,0.0,0.3406561,-0.32781422,-7.281470857378736e-07,0.00024491589283570647,0.00024491696967743337,7e267c0bf303542b
2,day2_n8_topk_seed43,43,125,1,False,False,True,0.7812,0.0,0.34363952,-0.3392539,-4.3604032384791935e-07,0.00024548068176954985,0.0002454810601193458,7e267c0bf303542b
2,day2_n8_topk_seed43,43,125,2,False,False,True,0.7896,0.0,0.30049956,-0.37235475,-1.1066582601415575e-06,0.00023398394114337862,0.00023398656048811972,7e267c0bf303542b
2,day2_n8_topk_seed43,43,125,3,False,False,True,0.784,0.0,0.36171597,-0.31121162,-7.782653028698405e-07,0.0002389337751083076,0.00023893504112493247,7e267c0bf303542b
2,day2_n8_topk_seed43,43,125,4,False,False,True,0.7766,0.0,0.7771155,1.7892637,1.7093041151383659e-06,0.0004380480677355081,0.00043805138557218015,7e267c0bf303542b
2,day2_n8_topk_seed43,43,125,5,False,False,True,0.7376,0.0,-2.784614,0.25454172,-4.45617416744426e-07,0.0006466365302912891,0.0006466367049142718,7e267c0bf303542b
2,day2_n8_topk_seed43,43,125,6,False,False,True,0.7852,0.0,0.34299985,-0.34084833,-3.405944255518989e-07,0.0002341614745091647,0.00023416172189172357,7e267c0bf303542b
2,day2_n8_topk_seed43,43,125,7,False,False,True,0.7828,0.0,0.31799385,-0.35232705,-6.734721296197677e-07,0.00023636351397726685,0.0002363644598517567,7e267c0bf303542b
2,day2_n8_topk_seed43,43,126,0,False,False,True,0.7814,0.0,0.15124422,-0.12124911,-3.552206351287168e-07,0.00024323060642927885,0.0002432308829156682,7e267c0bf303542b
2,day2_n8_topk_seed43,43,126,1,False,False,True,0.7814,0.0,0.33705437,1.1745933,3.0274529194684874e-07,0.00029052558238618076,0.0002905257570091635,7e267c0bf303542b
2,day2_n8_topk_seed43,43,126,2,False,False,True,0.7836,0.0,0.2551015,-0.1431717,2.7896496135326743e-07,0.0002544477174524218,0.0002544478920754045,7e267c0bf303542b
2,day2_n8_topk_seed43,43,126,3,False,False,True,0.7848,0.0,-0.021112006,-0.11557912,-6.907979468451231e-07,0.0002617553109303117,0.00026175621314905584,7e267c0bf303542b
2,day2_n8_topk_seed43,43,126,4,False,False,True,0.7776,0.0,-1.369917,0.0271254,-1.7564811116699275e-07,0.00031975129968486726,0.0003197513578925282,7e267c0bf303542b
2,day2_n8_topk_seed43,43,126,5,False,False,True,0.7874,0.0,0.12747052,-0.062862985,4.424528299296071e-09,0.00023426776169799268,0.00023426776169799268,7e267c0bf303542b
2,day2_n8_topk_seed43,43,126,6,False,False,True,0.785,0.0,0.07953569,-0.09987186,-6.461257271439536e-07,0.00024257197219412774,0.00024257284530904144,7e267c0bf303542b
2,day2_n8_topk_seed43,43,126,7,False,False,True,0.7826,0.0,0.44062388,-0.6589849,9.72881707639317e-07,0.0002848095609806478,0.00028481121989898384,7e267c0bf303542b
2,day2_n8_topk_seed43,43,127,0,False,False,True,0.7896,0.0,-0.20786563,1.0554249,1.9017516450503535e-08,0.00025837201974354684,0.00025837201974354684,7e267c0bf303542b
2,day2_n8_topk_seed43,43,127,1,False,False,True,0.7896,0.0,-0.2612082,-0.206567,-2.7220357878832147e-07,0.0002500624395906925,0.00025006261421367526,7e267c0bf303542b
2,day2_n8_topk_seed43,43,127,2,False,False,True,0.7798,0.0,-0.2796703,-0.05010714,-1.7796325835206517e-07,0.000235422354307957,0.00023542242706753314,7e267c0bf303542b
2,day2_n8_topk_seed43,43,127,3,False,False,True,0.778,0.0,-0.19164905,-0.14891703,-9.73722194430593e-07,0.00024355744244530797,0.00024355937785003334,7e267c0bf303542b
2,day2_n8_topk_seed43,43,127,4,False,False,True,0.7818,0.0,1.3682423,0.06917458,-5.93040851981641e-07,0.0003201952495146543,0.0003201957733836025,7e267c0bf303542b
2,day2_n8_topk_seed43,43,127,5,False,False,True,0.7854,0.0,-0.22150163,-0.08596261,-3.42125190400111e-07,0.00024091816158033907,0.00024091840896289796,7e267c0bf303542b
2,day2_n8_topk_seed43,43,127,6,False,False,True,0.7848,0.0,-0.2062908,-0.04437219,-3.3674700716801453e-07,0.000244397233473137,0.0002443974663037807,7e267c0bf303542b
2,day2_n8_topk_seed43,43,127,7,False,False,True,0.7864,0.0,-5.8144087e-05,-0.58867437,-6.212372340996808e-07,0.0002566022740211338,0.00025660303072072566,7e267c0bf303542b
2,day2_n8_topk_seed43,43,128,0,False,False,True,0.7948,0.0,-0.20728953,-0.22894493,-9.788340804561813e-09,0.0002499256224837154,0.00024992559337988496,7e267c0bf303542b
2,day2_n8_topk_seed43,43,128,1,False,False,True,0.7858,0.0,-0.15213937,-0.46267092,-1.542568242030029e-07,0.00025187013670802116,0.0002518701949156821,7e267c0bf303542b
2,day2_n8_topk_seed43,43,128,2,False,False,True,0.7866,0.0,-0.26191226,-0.01815167,-1.0908727290370734e-06,0.00024576924624852836,0.00024577166186645627,7e267c0bf303542b
2,day2_n8_topk_seed43,43,128,3,False,False,True,0.7872,0.0,-0.21790618,-0.27174228,-7.211299362097634e-07,0.0002429361193208024,0.00024293721071444452,7e267c0bf303542b
2,day2_n8_topk_seed43,43,128,4,False,False,True,0.7834,0.0,-0.24331634,1.0932832,3.019661960479425e-07,0.0002631002862472087,0.00026310046087019145,7e267c0bf303542b
2,day2_n8_topk_seed43,43,128,5,False,False,True,0.785,0.0,-0.22222292,0.0056149494,2.1193908139593987e-07,0.00023317339946515858,0.00023317348677664995,7e267c0bf303542b
2,day2_n8_topk_seed43,43,128,6,False,False,True,0.7878,0.0,-0.19118081,-0.15473184,-5.03636385928985e-07,0.00023487045837100595,0.0002348709967918694,7e267c0bf303542b
2,day2_n8_topk_seed43,43,128,7,False,False,True,0.7708,0.0,1.4959651,0.037342366,1.6024381821466704e-08,0.0003418396518100053,0.0003418396518100053,7e267c0bf303542b
2,day2_n8_topk_seed43,43,129,0,False,False,True,0.7938,0.0,-0.22836173,0.019234769,-1.3397909697232535e-06,0.000254287151619792,0.0002542907022871077,7e267c0bf303542b
2,day2_n8_topk_seed43,43,129,1,False,False,True,0.78,0.0,1.1307137,-0.33146468,1.7959808928935672e-07,0.0002741117205005139,0.0002741117787081748,7e267c0bf303542b
2,day2_n8_topk_seed43,43,129,2,False,False,True,0.7838,0.0,0.1502205,1.180256,-9.523021162749501e-07,0.00027092613163404167,0.00027092781965620816,7e267c0bf303542b
2,day2_n8_topk_seed43,43,129,3,False,False,True,0.785,0.0,-0.5134178,-0.14293866,-3.399964327854832e-07,0.0002633707772474736,0.0002633709809742868,7e267c0bf303542b
2,day2_n8_topk_seed43,43,129,4,False,False,True,0.7906,0.0,-0.25287437,-0.22962497,1.3470420867633948e-07,0.0002474829670973122,0.00024748299620114267,7e267c0bf303542b
2,day2_n8_topk_seed43,43,129,5,False,False,True,0.7874,0.0,-0.18760213,-0.33265722,-8.61392379647441e-08,0.000248927652137354,0.00024892771034501493,7e267c0bf303542b
2,day2_n8_topk_seed43,43,129,6,False,False,True,0.7876,0.0,-0.04839555,-0.085481815,-6.55178155284375e-07,0.00023997823882382363,0.00023997912649065256,7e267c0bf303542b
2,day2_n8_topk_seed43,43,129,7,False,False,True,0.7902,0.0,-0.05028263,-0.07732382,-1.0742393641294257e-07,0.00024660988128744066,0.0002466099103912711,7e267c0bf303542b
2,day2_n8_topk_seed43,43,130,0,False,False,True,0.788,0.0,-0.06323731,-0.18932396,-8.223350391745043e-07,0.0002782215306069702,0.0002782227529678494,7e267c0bf303542b
2,day2_n8_topk_seed43,43,130,1,False,False,True,0.7916,0.0,-0.13522384,-0.4248342,6.540809636135236e-07,0.0002720581542234868,0.0002720589400269091,7e267c0bf303542b
2,day2_n8_topk_seed43,43,130,2,False,False,True,0.7646,0.0,-0.9538304,1.2025952,-2.2098893168731593e-06,0.00034973540459759533,0.00034974238951690495,7e267c0bf303542b
2,day2_n8_topk_seed43,43,130,3,False,False,True,0.7942,0.0,-0.10178508,-0.40034035,4.586399597883428e-07,0.00025715603260323405,0.00025715644005686045,7e267c0bf303542b
2,day2_n8_topk_seed43,43,130,4,False,False,True,0.7862,0.0,-0.04550207,-0.33421543,7.078403996274574e-07,0.0002549327618908137,0.00025493375142104924,7e267c0bf303542b
2,day2_n8_topk_seed43,43,130,5,False,False,True,0.7774,0.0,-0.06148258,-0.21435328,2.3827108464047342e-07,0.0002555089595261961,0.00025550907594151795,7e267c0bf303542b
2,day2_n8_topk_seed43,43,130,6,False,False,True,0.7734,0.0,1.4462271,0.6786091,-5.582090807365603e-07,0.0003629440034274012,0.00036294443998485804,7e267c0bf303542b
2,day2_n8_topk_seed43,43,130,7,False,False,True,0.792,0.0,-0.08516574,-0.31813857,1.2338242072473804e-07,0.0002478468813933432,0.00024784691049717367,7e267c0bf303542b
2,day2_n8_topk_seed43,43,131,0,False,False,True,0.7906,0.0,-0.18288898,0.7091463,-6.628767437177885e-07,0.00025171376182697713,0.00025171463494189084,7e267c0bf303542b
2,day2_n8_topk_seed43,43,131,1,False,False,True,0.78,0.0,1.1181644,-0.19984436,8.731096272640571e-07,0.00026417814660817385,0.00026417957269586623,7e267c0bf303542b
2,day2_n8_topk_seed43,43,131,2,False,False,True,0.7892,0.0,-0.23646747,0.23736934,-2.9195365414125263e-07,0.00025143774109892547,0.0002514379157219082,7e267c0bf303542b
2,day2_n8_topk_seed43,43,131,3,False,False,True,0.7934,0.0,0.13834551,0.4145129,-7.217452946406411e-08,0.0002489967446308583,0.0002489967446308583,7e267c0bf303542b
2,day2_n8_topk_seed43,43,131,4,False,False,True,0.7892,0.0,-0.40167725,-0.8027699,6.788897621845535e-07,0.00025462728808633983,0.00025462816120125353,7e267c0bf303542b
2,day2_n8_topk_seed43,43,131,5,False,False,True,0.7888,0.0,-0.26109806,-0.00041895104,-3.4565979945000436e-07,0.0002479773247614503,0.00024797755759209394,7e267c0bf303542b
2,day2_n8_topk_seed43,43,131,6,False,False,True,0.7888,0.0,-0.13969018,-0.16148232,2.5521398328010036e-08,0.0002508244360797107,0.0002508244360797107,7e267c0bf303542b
2,day2_n8_topk_seed43,43,131,7,False,False,True,0.789,0.0,-0.034688085,-0.1965137,-3.417535765493085e-07,0.0002466354053467512,0.0002466356090735644,7e267c0bf303542b
2,day2_n8_topk_seed43,43,132,0,False,False,True,0.7832,0.0,-0.53045756,0.5692192,-1.7084731496197492e-07,0.0002798927598632872,0.0002798928180709481,7e267c0bf303542b
2,day2_n8_topk_seed43,43,132,1,False,False,True,0.7842,0.0,-0.114451855,0.14333472,-1.7603500168661412e-07,0.00027145890635438263,0.00027145896456204355,7e267c0bf303542b
2,day2_n8_topk_seed43,43,132,2,False,False,True,0.7914,0.0,-0.14254825,0.021246977,5.1342173179591555e-08,0.0002461569383740425,0.0002461569383740425,7e267c0bf303542b
2,day2_n8_topk_seed43,43,132,3,False,False,True,0.7834,0.0,1.2874857,0.2971628,-2.313175571089232e-07,0.0003028867649845779,0.0003028868813998997,7e267c0bf303542b
2,day2_n8_topk_seed43,43,132,4,False,False,True,0.7932,0.0,-0.13763471,0.049701486,4.1429234443057794e-07,0.0002511155034881085,0.000251115852734074,7e267c0bf303542b
2,day2_n8_topk_seed43,43,132,5,False,False,True,0.7932,0.0,-0.11427882,0.09353236,5.732696877203125e-07,0.0002500900882296264,0.0002500907576177269,7e267c0bf303542b
2,day2_n8_topk_seed43,43,132,6,False,False,True,0.776,0.0,-0.27344006,0.046676226,-3.614261174789135e-07,0.0002588610223028809,0.000258861284237355,7e267c0bf303542b
2,day2_n8_topk_seed43,43,132,7,False,False,True,0.7794,0.0,0.025326148,-1.2208743,1.0510235171068416e-07,0.0002928053436335176,0.0002928053727373481,7e267c0bf303542b
2,day2_n8_topk_seed43,43,133,0,False,False,True,0.7896,0.0,0.36084652,-0.47698393,2.428704988233221e-07,0.0002699394535738975,0.0002699395699892193,7e267c0bf303542b
2,day2_n8_topk_seed43,43,133,1,False,False,True,0.789,0.0,0.3069212,1.1862507,-6.796813778464639e-08,0.0002768638951238245,0.0002768638951238245,7e267c0bf303542b
2,day2_n8_topk_seed43,43,133,2,False,False,True,0.7884,0.0,0.26265356,-0.24939805,-2.707161570469907e-07,0.00025634304620325565,0.00025634319172240794,7e267c0bf303542b
2,day2_n8_topk_seed43,43,133,3,False,False,True,0.7828,0.0,0.26216546,-0.19137838,-5.553175697059487e-07,0.00025532839936204255,0.00025532901054248214,7e267c0bf303542b
2,day2_n8_topk_seed43,43,133,4,False,False,True,0.7872,0.0,0.21759042,-0.011628313,-5.10337088144297e-07,0.0002540434943512082,0.000254043989116326,7e267c0bf303542b
2,day2_n8_topk_seed43,43,133,5,False,False,True,0.7916,0.0,0.28436807,-0.16874498,-2.7666609980769863e-07,0.00024640289484523237,0.00024640304036438465,7e267c0bf303542b
2,day2_n8_topk_seed43,43,133,6,False,False,True,0.7924,0.0,0.2757301,-0.08877308,-4.5138631321606226e-07,0.0002522941504139453,0.0002522945578675717,7e267c0bf303542b
2,day2_n8_topk_seed43,43,133,7,False,False,True,0.7506,0.0,-1.9702717,0.0006576904,-3.09872859816096e-07,0.00045550853246822953,0.0004555086197797209,7e267c0bf303542b
2,day2_n8_topk_seed43,43,134,0,False,False,True,0.797,0.0,-0.23043977,0.19644348,-2.0143170331721194e-07,0.0002600078587420285,0.00026000794605351985,7e267c0bf303542b
2,day2_n8_topk_seed43,43,134,1,False,False,True,0.7832,0.0,-0.16969094,-1.2314907,-6.350037438096479e-07,0.0002776618639472872,0.0002776626206468791,7e267c0bf303542b
2,day2_n8_topk_seed43,43,134,2,False,False,True,0.7918,0.0,-0.23854256,0.16177908,1.5194353863989818e-07,0.00026302970945835114,0.0002630297385621816,7e267c0bf303542b
2,day2_n8_topk_seed43,43,134,3,False,False,True,0.7922,0.0,-0.21088229,0.14176497,2.3812370386622206e-07,0.00026413018349558115,0.000264130299910903,7e267c0bf303542b
2,day2_n8_topk_seed43,43,134,4,False,False,True,0.778,0.0,1.4919517,0.044002343,-4.0250260013863226e-08,0.0003416167164687067,0.0003416167164687067,7e267c0bf303542b
2,day2_n8_topk_seed43,43,134,5,False,False,True,0.7922,0.0,-0.15626459,0.19622323,-6.828222467447631e-07,0.0002635489508975297,0.0002635498240124434,7e267c0bf303542b
2,day2_n8_topk_seed43,43,134,6,False,False,True,0.7798,0.0,-0.30676162,0.33034724,-1.1858065818159957e-06,0.0002692013804335147,0.00026920397067442536,7e267c0bf303542b
2,day2_n8_topk_seed43,43,134,7,False,False,True,0.7914,0.0,-0.17937075,0.16093065,-5.462604804051807e-07,0.00026373143191449344,0.0002637320139911026,7e267c0bf303542b
2,day2_n8_topk_seed43,43,135,0,False,False,True,0.7936,0.0,-0.8634115,0.91545486,2.402415155700055e-08,0.0002904782013501972,0.0002904782013501972,7e267c0bf303542b
2,day2_n8_topk_seed43,43,135,1,False,False,True,0.7904,0.0,0.0406938,-0.48473814,1.207848612239104e-07,0.0002731171261984855,0.00027311715530231595,7e267c0bf303542b
2,day2_n8_topk_seed43,43,135,2,False,False,True,0.7898,0.0,-0.10702007,-0.108607024,-1.0246247938994202e-06,0.00025968800764530897,0.00025969004491344094,7e267c0bf303542b
2,day2_n8_topk_seed43,43,135,3,False,False,True,0.795,0.0,-0.0746236,-0.22066554,-3.992125030549687e-08,0.00025700393598526716,0.00025700393598526716,7e267c0bf303542b
2,day2_n8_topk_seed43,43,135,4,False,False,True,0.7888,0.0,0.020153383,-0.45026046,4.4393883058546635e-07,0.0002692845882847905,0.00026928496663458645,7e267c0bf303542b
2,day2_n8_topk_seed43,43,135,5,False,False,True,0.7902,0.0,-0.05481187,-0.2575478,-8.325654903273971e-07,0.0002584969042800367,0.0002584982430562377,7e267c0bf303542b
2,day2_n8_topk_seed43,43,135,6,False,False,True,0.7828,0.0,1.1215107,0.686899,-1.4355579480707092e-07,0.0003004625323228538,0.00030046256142668426,7e267c0bf303542b
2,day2_n8_topk_seed43,43,135,7,False,False,True,0.7894,0.0,-0.082489416,-0.080534905,5.831485623275512e-07,0.00027645693626254797,0.00027645754744298756,7e267c0bf303542b
2,day2_n8_topk_seed43,43,136,0,False,False,True,0.7916,0.0,0.37218225,-0.307314,5.9359965831617956e-08,0.0002740805211942643,0.0002740805211942643,7e267c0bf303542b
2,day2_n8_topk_seed43,43,136,1,False,False,True,0.7892,0.0,0.43116447,-0.3355603,3.422090060212213e-07,0.00027338272775523365,0.0002733829023782164,7e267c0bf303542b
2,day2_n8_topk_seed43,43,136,2,False,False,True,0.7888,0.0,0.41534746,-0.34830683,-3.9925504324855865e-07,0.00027058340492658317,0.0002705837250687182,7e267c0bf303542b
2,day2_n8_topk_seed43,43,136,3,False,False,True,0.7748,0.0,0.5648511,-0.48174655,1.1034072713300702e-06,0.0003508571535348892,0.00035085887066088617,7e267c0bf303542b
2,day2_n8_topk_seed43,43,136,4,False,False,True,0.707,0.0,-3.2578473,0.08769494,9.380093501931697e-07,0.0007609352469444275,0.0007609357708133757,7e267c0bf303542b
2,day2_n8_topk_seed43,43,136,5,False,False,True,0.7878,0.0,0.45772153,-0.33117595,5.6502511114331355e-08,0.00025881174951791763,0.00025881174951791763,7e267c0bf303542b
2,day2_n8_topk_seed43,43,136,6,False,False,True,0.7852,0.0,0.4076969,-0.33810726,-2.7889495868294034e-07,0.0002690516412258148,0.0002690517867449671,7e267c0bf303542b
2,day2_n8_topk_seed43,43,136,7,False,False,True,0.777,0.0,0.6088882,2.0545158,-1.6353097862520372e-06,0.0004888236289843917,0.0004888263647444546,7e267c0bf303542b
2,day2_n8_topk_seed43,43,137,0,False,False,True,0.7776,0.0,-0.19289252,0.056836028,-3.9618524283469014e-07,0.0002693233545869589,0.00026932364562526345,7e267c0bf303542b
2,day2_n8_topk_seed43,43,137,1,False,False,True,0.7882,0.0,-0.31544718,0.64186144,-4.2533685018497636e-08,0.0002825972333084792,0.00028259720420464873,7e267c0bf303542b
2,day2_n8_topk_seed43,43,137,2,False,False,True,0.7882,0.0,-0.20455325,0.09481167,-2.4280171828650055e-07,0.0002636647841427475,0.0002636649296618998,7e267c0bf303542b
2,day2_n8_topk_seed43,43,137,3,False,False,True,0.796,0.0,-0.15257126,0.2354058,-5.2374815595612745e-08,0.00027335871709510684,0.00027335871709510684,7e267c0bf303542b
2,day2_n8_topk_seed43,43,137,4,False,False,True,0.7834,0.0,-0.15538335,-1.1879523,1.7931402851445455e-07,0.00029310534591786563,0.00029310540412552655,7e267c0bf303542b
2,day2_n8_topk_seed43,43,137,5,False,False,True,0.7892,0.0,-0.26282588,0.10890157,-2.972282402424753e-07,0.00026130100013688207,0.0002613011747598648,7e267c0bf303542b
2,day2_n8_topk_seed43,43,137,6,False,False,True,0.7892,0.0,-0.068617456,-0.031657726,-6.794442697355407e-08,0.0002777324407361448,0.00027773246983997524,7e267c0bf303542b
2,day2_n8_topk_seed43,43,137,7,False,False,True,0.7856,0.0,1.3522906,0.081793666,-2.470780735563949e-08,0.0003098461020272225,0.0003098461020272225,7e267c0bf303542b
2,day2_n8_topk_seed43,43,138,0,False,False,True,0.7906,0.0,0.07518586,0.21476306,-1.009132120088907e-06,0.0002705792139749974,0.00027058107662014663,7e267c0bf303542b
2,day2_n8_topk_seed43,43,138,1,False,False,True,0.7906,0.0,0.24533921,0.14988826,-6.698875836264051e-07,0.00027431605849415064,0.0002743169025052339,7e267c0bf303542b
2,day2_n8_topk_seed43,43,138,2,False,False,True,0.7868,0.0,0.19039966,0.12213833,-4.315041337576986e-07,0.0002720328338909894,0.0002720331831369549,7e267c0bf303542b
2,day2_n8_topk_seed43,43,138,3,False,False,True,0.7902,0.0,0.20920566,0.49297068,-5.27209351730562e-07,0.0002743345685303211,0.0002743350632954389,7e267c0bf303542b
2,day2_n8_topk_seed43,43,138,4,False,False,True,0.7902,0.0,-1.3800732,-0.11497907,5.935648914601188e-07,0.00031540761119686067,0.0003154081932734698,7e267c0bf303542b
2,day2_n8_topk_seed43,43,138,5,False,False,True,0.79,0.0,0.13055101,0.2138069,-1.194608330479241e-06,0.0002613796677906066,0.00026138240355066955,7e267c0bf303542b
2,day2_n8_topk_seed43,43,138,6,False,False,True,0.792,0.0,0.20439388,0.12737332,-1.0285068583471002e-06,0.0002710441476665437,0.0002710460976231843,7e267c0bf303542b
2,day2_n8_topk_seed43,43,138,7,False,False,True,0.785,0.0,0.32499817,-1.2059597,-1.8126374357052555e-07,0.00028620025841519237,0.00028620034572668374,7e267c0bf303542b
2,day2_n8_topk_seed43,43,139,0,False,False,True,0.7894,0.0,1.36231,-1.1245569,-2.096926010608513e-07,0.00032808317337185144,0.00032808323157951236,7e267c0bf303542b
2,day2_n8_topk_seed43,43,139,1,False,False,True,0.7844,0.0,1.3679148,0.1619988,4.389423509110202e-07,0.000277887360425666,0.000277887680567801,7e267c0bf303542b
2,day2_n8_topk_seed43,43,139,2,False,False,True,0.7844,0.0,1.276665,-0.28609267,-6.49790763418423e-07,0.0002963307488244027,0.00029633144731633365,7e267c0bf303542b
2,day2_n8_topk_seed43,43,139,3,False,False,True,0.785,0.0,1.3190005,0.043024637,-5.381057803788281e-07,0.00028452498372644186,0.0002845255075953901,7e267c0bf303542b
2,day2_n8_topk_seed43,43,139,4,False,False,True,0.7942,0.0,1.2579746,0.04553885,5.617441161120951e-07,0.00028430140810087323,0.00028430199017748237,7e267c0bf303542b
2,day2_n8_topk_seed43,43,139,5,False,False,True,0.7906,0.0,1.3047924,0.091189146,1.0598663635619232e-07,0.00026803743094205856,0.000268037460045889,7e267c0bf303542b
2,day2_n8_topk_seed43,43,139,6,False,False,True,0.799,0.0,1.3322728,1.0706584,2.4445913027193455e-07,0.0003214622847735882,0.00032146240118891,7e267c0bf303542b
2,day2_n8_topk_seed43,43,139,7,False,False,True,0.6102,0.0,-9.220898,-0.0017580942,1.8556020222604275e-05,0.002169006271287799,0.002169085433706641,7e267c0bf303542b
2,day2_n8_topk_seed43,43,140,0,False,False,True,0.7842,0.0,0.03651215,0.27183598,-4.7675075620645657e-07,0.0002838896762114018,0.00028389005456119776,7e267c0bf303542b
2,day2_n8_topk_seed43,43,140,1,False,False,True,0.7862,0.0,0.24214764,-1.2733796,4.57457417724072e-07,0.0003060265153180808,0.00030602686456404626,7e267c0bf303542b
2,day2_n8_topk_seed43,43,140,2,False,False,True,0.7882,0.0,0.27854353,0.14757743,-8.433599987256457e-07,0.0002812598249875009,0.00028126107645221055,7e267c0bf303542b
2,day2_n8_topk_seed43,43,140,3,False,False,True,0.7854,0.0,-1.53363,-0.019998694,5.377564775699284e-07,0.00035767880035564303,0.00035767920780926943,7e267c0bf303542b
2,day2_n8_topk_seed43,43,140,4,False,False,True,0.7854,0.0,0.20456266,-0.053212333,-5.498175710272335e-07,0.000289721239823848,0.00028972176369279623,7e267c0bf303542b
2,day2_n8_topk_seed43,43,140,5,False,False,True,0.7894,0.0,0.2522766,0.05561669,-1.4112904409557814e-06,0.00026811662246473134,0.00026812031865119934,7e267c0bf303542b
2,day2_n8_topk_seed43,43,140,6,False,False,True,0.7902,0.0,0.27664584,0.3488913,2.2851338599139126e-08,0.0002873465418815613,0.00028734657098539174,7e267c0bf303542b
2,day2_n8_topk_seed43,43,140,7,False,False,True,0.7822,0.0,0.24294236,0.5226685,7.933754204714205e-07,0.0002996884868480265,0.00029968953458592296,7e267c0bf303542b
2,day2_n8_topk_seed43,43,141,0,False,False,True,0.7894,0.0,0.0675846,-0.07875726,-4.2102973907276464e-07,0.0002822916430886835,0.00028229193412698805,7e267c0bf303542b
2,day2_n8_topk_seed43,43,141,1,False,False,True,0.7862,0.0,0.50543106,1.1568602,7.211503429971344e-07,0.00030115479603409767,0.0003011556691490114,7e267c0bf303542b
2,day2_n8_topk_seed43,43,141,2,False,False,True,0.7946,0.0,0.59741557,-0.83486456,1.6312100115101202e-07,0.000299465173156932,0.00029946520226076245,7e267c0bf303542b
2,day2_n8_topk_seed43,43,141,3,False,False,True,0.7936,0.0,0.0353939,-0.063505426,-6.068364655220648e-07,0.00028380961157381535,0.0002838102518580854,7e267c0bf303542b
2,day2_n8_topk_seed43,43,141,4,False,False,True,0.7892,0.0,-1.2327102,0.062005658,2.6368201133664115e-07,0.0003056287532672286,0.00030562886968255043,7e267c0bf303542b
2,day2_n8_topk_seed43,43,141,5,False,False,True,0.7902,0.0,0.048774526,-0.07218531,-8.876793913259462e-07,0.00027163821505382657,0.0002716396702453494,7e267c0bf303542b
2,day2_n8_topk_seed43,43,141,6,False,False,True,0.7826,0.0,0.019467037,-0.08940604,-2.6988394097315904e-07,0.00027085532201454043,0.0002708554675336927,7e267c0bf303542b
2,day2_n8_topk_seed43,43,141,7,False,False,True,0.7944,0.0,-0.041356716,-0.08014788,6.866262936000567e-08,0.0002830690355040133,0.00028306906460784376,7e267c0bf303542b
2,day2_n8_topk_seed43,43,142,0,False,False,True,0.7916,0.0,0.14887774,-1.0127916,-1.1215921347229596e-07,0.00029179395642131567,0.0002917939855251461,7e267c0bf303542b
2,day2_n8_topk_seed43,43,142,1,False,False,True,0.7818,0.0,0.059362244,-0.030766116,-6.849541023257188e-07,0.00028473956626839936,0.00028474038117565215,7e267c0bf303542b
2,day2_n8_topk_seed43,43,142,2,False,False,True,0.7862,0.0,0.15490071,-0.24244379,-5.914624239267141e-07,0.0002804607502184808,0.0002804613905027509,7e267c0bf303542b
2,day2_n8_topk_seed43,43,142,3,False,False,True,0.7856,0.0,0.74845195,0.8652178,7.971814284246648e-07,0.00029434749740175903,0.00029434857424348593,7e267c0bf303542b
2,day2_n8_topk_seed43,43,142,4,False,False,True,0.7904,0.0,-1.2077246,0.38042966,3.0847459697724844e-07,0.0003010943764820695,0.00030109455110505223,7e267c0bf303542b
2,day2_n8_topk_seed43,43,142,5,False,False,True,0.7824,0.0,-0.021570383,-0.022548396,-5.991723242004809e-07,0.0002681226178538054,0.00026812328724190593,7e267c0bf303542b
2,day2_n8_topk_seed43,43,142,6,False,False,True,0.7892,0.0,0.03951827,0.08692018,-1.308174120140393e-07,0.0002813591854646802,0.00028135921456851065,7e267c0bf303542b
2,day2_n8_topk_seed43,43,142,7,False,False,True,0.7854,0.0,0.078183815,-0.024018114,3.0964974939706735e-07,0.00027794853667728603,0.00027794871130026877,7e267c0bf303542b
2,day2_n8_topk_seed43,43,143,0,False,False,True,0.7866,0.0,1.4611343,0.034355965,-7.798781780365971e-07,0.00033054492087103426,0.0003305458230897784,7e267c0bf303542b
2,day2_n8_topk_seed43,43,143,1,False,False,True,0.7952,0.0,-0.18777971,-1.2304337,4.063445757651607e-08,0.0002909138856921345,0.0002909138856921345,7e267c0bf303542b
2,day2_n8_topk_seed43,43,143,2,False,False,True,0.7924,0.0,-0.16517493,0.04885286,-4.0049485505733173e-07,0.0002730084815993905,0.0002730087726376951,7e267c0bf303542b
2,day2_n8_topk_seed43,43,143,3,False,False,True,0.7928,0.0,-0.22622459,0.15508558,5.566141112467449e-07,0.00028088694671168923,0.0002808874996844679,7e267c0bf303542b
2,day2_n8_topk_seed43,43,143,4,False,False,True,0.8004,0.0,-0.28239223,0.14744504,9.402843659245264e-08,0.00028452809783630073,0.0002845281269401312,7e267c0bf303542b
2,day2_n8_topk_seed43,43,143,5,False,False,True,0.7944,0.0,-0.16376762,0.080921344,-5.366183586374973e-07,0.00027246103854849935,0.000272461591521278,7e267c0bf303542b
2,day2_n8_topk_seed43,43,143,6,False,False,True,0.7812,0.0,-0.17216694,0.1984056,-1.2295043916310533e-06,0.0002680686011444777,0.00026807142421603203,7e267c0bf303542b
2,day2_n8_topk_seed43,43,143,7,False,False,True,0.7916,0.0,-0.26362863,0.56536824,1.6136368685693014e-07,0.0002881745167542249,0.0002881745749618858,7e267c0bf303542b
2,day2_n8_topk_seed43,43,144,0,False,False,True,0.794,0.0,0.25075072,-0.2527489,-5.737451260756643e-07,0.00028564283275045455,0.00028564344393089414,7e267c0bf303542b
2,day2_n8_topk_seed43,43,144,1,False,False,True,0.7872,0.0,0.12812762,-0.84399235,5.226321491136332e-07,0.00031786938779987395,0.0003178697661496699,7e267c0bf303542b
2,day2_n8_topk_seed43,43,144,2,False,False,True,0.7854,0.0,0.44306168,1.0282534,-2.569449179645744e-06,0.0003468151844572276,0.0003468246723059565,7e267c0bf303542b
2,day2_n8_topk_seed43,43,144,3,False,False,True,0.7916,0.0,0.22321643,-0.2599004,-3.255946978697466e-07,0.0002817348577082157,0.00028173503233119845,7e267c0bf303542b
2,day2_n8_topk_seed43,43,144,4,False,False,True,0.788,0.0,0.2504541,-0.3259807,6.621528427785961e-07,0.00028386476333253086,0.0002838655491359532,7e267c0bf303542b
2,day2_n8_topk_seed43,43,144,5,False,False,True,0.7812,0.0,0.18439117,0.79961103,-5.088279522169614e-07,0.0003377404063940048,0.00033774078474380076,7e267c0bf303542b
2,day2_n8_topk_seed43,43,144,6,False,False,True,0.7848,0.0,0.23206373,-0.27802482,-4.3841049546244903e-07,0.0002833691250998527,0.0002833694452419877,7e267c0bf303542b
2,day2_n8_topk_seed43,43,144,7,False,False,True,0.7856,0.0,-1.7120644,0.1327803,8.24397488941031e-07,0.0003991680860053748,0.0003991689591202885,7e267c0bf303542b
2,day2_n8_topk_seed43,43,145,0,False,False,True,0.7928,0.0,-0.07485787,-0.035324045,-1.4709175957250409e-06,0.00027941298321820796,0.0002794168540276587,7e267c0bf303542b
2,day2_n8_topk_seed43,43,145,1,False,False,True,0.7864,0.0,-0.5939432,1.0968359,-4.879138941760175e-07,0.00029061365057714283,0.00029061405803076923,7e267c0bf303542b
2,day2_n8_topk_seed43,43,145,2,False,False,True,0.7922,0.0,-0.32559776,-0.68275946,-9.883461871140753e-07,0.0002912786731030792,0.00029128033202141523,7e267c0bf303542b
2,day2_n8_topk_seed43,43,145,3,False,False,True,0.7894,0.0,0.06860601,-0.06226533,-9.726718985803018e-08,0.0002833327744156122,0.0002833328035194427,7e267c0bf303542b
2,day2_n8_topk_seed43,43,145,4,False,False,True,0.7956,0.0,-0.046914443,-0.022812674,1.4995931962857867e-07,0.0002824222028721124,0.0002824222610797733,7e267c0bf303542b
2,day2_n8_topk_seed43,43,145,5,False,False,True,0.7854,0.0,1.1834805,0.32539365,-9.824486824072665e-07,0.00029804359655827284,0.00029804519726894796,7e267c0bf303542b
2,day2_n8_topk_seed43,43,145,6,False,False,True,0.776,0.0,0.16504386,-0.34767383,-7.599042533001921e-07,0.0002855582570191473,0.00028555927565321326,7e267c0bf303542b
2,day2_n8_topk_seed43,43,145,7,False,False,True,0.7896,0.0,-0.37581775,-0.27139416,-4.4237694396542793e-07,0.0002870774478651583,0.0002870777971111238,7e267c0bf303542b
2,day2_n8_topk_seed43,43,146,0,False,False,True,0.7892,0.0,0.29317206,-0.21641147,-5.342170084077225e-07,0.0002844403206836432,0.00028444084455259144,7e267c0bf303542b
2,day2_n8_topk_seed43,43,146,1,False,False,True,0.784,0.0,-1.3072524,0.21649586,-1.3681157895462093e-07,0.0003000041178893298,0.00030000414699316025,7e267c0bf303542b
2,day2_n8_topk_seed43,43,146,2,False,False,True,0.7924,0.0,0.24597928,0.26756978,-3.2235237767963554e-07,0.00028733396902680397,0.0002873341436497867,7e267c0bf303542b
2,day2_n8_topk_seed43,43,146,3,False,False,True,0.7978,0.0,-0.010660887,-1.2033973,-4.747396644688706e-07,0.0002921486156992614,0.00029214899404905736,7e267c0bf303542b
2,day2_n8_topk_seed43,43,146,4,False,False,True,0.796,0.0,0.17665014,0.24636552,-7.154424679356453e-07,0.00028162627131678164,0.0002816271735355258,7e267c0bf303542b
2,day2_n8_topk_seed43,43,146,5,False,False,True,0.7892,0.0,0.030220514,-0.016379021,-2.285547537894672e-07,0.00027539549046196043,0.0002753955777734518,7e267c0bf303542b
2,day2_n8_topk_seed43,43,146,6,False,False,True,0.7928,0.0,0.35459408,0.5202597,-8.703735829840298e-07,0.00028897292213514447,0.000288974231807515,7e267c0bf303542b
2,day2_n8_topk_seed43,43,146,7,False,False,True,0.7942,0.0,0.21729763,0.18549804,-3.841161628770351e-07,0.00028757142717950046,0.0002875716600101441,7e267c0bf303542b
2,day2_n8_topk_seed43,43,147,0,False,False,True,0.7852,0.0,-0.298275,0.12621383,-8.92482034942077e-07,0.0002929765032604337,0.0002929778420366347,7e267c0bf303542b
2,day2_n8_topk_seed43,43,147,1,False,False,True,0.7792,0.0,1.3732104,0.049571108,1.212069093980972e-07,0.0003127738309558481,0.00031277386005967855,7e267c0bf303542b
2,day2_n8_topk_seed43,43,147,2,False,False,True,0.7896,0.0,-0.10586783,0.20912595,-1.7584879685728083e-07,0.0002876529179047793,0.00028765297611244023,7e267c0bf303542b
2,day2_n8_topk_seed43,43,147,3,False,False,True,0.7846,0.0,-0.10293651,-1.3007597,6.156553240543872e-07,0.0003036373236682266,0.00030363790574483573,7e267c0bf303542b
2,day2_n8_topk_seed43,43,147,4,False,False,True,0.7896,0.0,-0.1218071,0.60232496,1.8787008571052866e-07,0.00029504651320166886,0.00029504657140932977,7e267c0bf303542b
2,day2_n8_topk_seed43,43,147,5,False,False,True,0.7856,0.0,-0.25724256,0.17697038,5.814626433675585e-07,0.0002948084438685328,0.00029480899684131145,7e267c0bf303542b
2,day2_n8_topk_seed43,43,147,6,False,False,True,0.7888,0.0,-0.13436449,0.11392061,-3.673349624477851e-07,0.00029175166855566204,0.0002917519013863057,7e267c0bf303542b
2,day2_n8_topk_seed43,43,147,7,False,False,True,0.7852,0.0,-0.35271734,0.02263274,9.046592808203968e-09,0.00029685633489862084,0.0002968563640024513,7e267c0bf303542b
2,day2_n8_topk_seed43,43,148,0,False,False,True,0.7914,0.0,0.17054832,-0.077213556,-8.852922519508866e-07,0.0002975926618091762,0.0002975940005853772,7e267c0bf303542b
2,day2_n8_topk_seed43,43,148,1,False,False,True,0.7866,0.0,0.18027985,1.3424202,-3.016180585291295e-07,0.00030932846129871905,0.0003093285777140409,7e267c0bf303542b
2,day2_n8_topk_seed43,43,148,2,False,False,True,0.7836,0.0,0.43891415,-0.40950826,-6.610164291487308e-07,0.00030410263570956886,0.0003041033633053303,7e267c0bf303542b
2,day2_n8_topk_seed43,43,148,3,False,False,True,0.7906,0.0,0.09849142,-0.28898922,-1.3397122984315502e-06,0.0003002055163960904,0.00030020851409062743,7e267c0bf303542b
2,day2_n8_topk_seed43,43,148,4,False,False,True,0.7914,0.0,0.15606466,-0.038392987,3.2463029242535413e-07,0.00029357176390476525,0.00029357196763157845,7e267c0bf303542b
2,day2_n8_topk_seed43,43,148,5,False,False,True,0.793,0.0,0.21818538,-0.15910573,-9.346945972765752e-08,0.0002943387080449611,0.00029433867894113064,7e267c0bf303542b
2,day2_n8_topk_seed43,43,148,6,False,False,True,0.7866,0.0,0.12779792,-0.3249104,-2.1808286021496315e-07,0.00029230528161861,0.0002923053689301014,7e267c0bf303542b
2,day2_n8_topk_seed43,43,148,7,False,False,True,0.7882,0.0,-1.3902811,-0.044299196,1.869431827117296e-07,0.0003185140958521515,0.0003185141540598124,7e267c0bf303542b
2,day2_n8_topk_seed43,43,149,0,False,False,True,0.7854,0.0,1.2862861,0.27794614,-2.4630120165625158e-08,0.0003156157035846263,0.0003156157035846263,7e267c0bf303542b
2,day2_n8_topk_seed43,43,149,1,False,False,True,0.7922,0.0,-0.74505496,0.7836804,-2.0969638470091922e-08,0.00031279740505851805,0.0003127974341623485,7e267c0bf303542b
2,day2_n8_topk_seed43,43,149,2,False,False,True,0.7854,0.0,0.038292706,-0.0013166359,-6.698144829897501e-07,0.00030539403087459505,0.000305394729366526,7e267c0bf303542b
2,day2_n8_topk_seed43,43,149,3,False,False,True,0.7884,0.0,0.004653119,-0.49546412,-8.591892992626526e-07,0.000307389855151996,0.0003073910775128752,7e267c0bf303542b
2,day2_n8_topk_seed43,43,149,4,False,False,True,0.7862,0.0,-0.13336006,0.28282148,-4.451050585885241e-07,0.00029700915911234915,0.00029700950835831463,7e267c0bf303542b
2,day2_n8_topk_seed43,43,149,5,False,False,True,0.7936,0.0,-0.030365188,0.07906485,-7.656128673261264e-07,0.0002893280179705471,0.0002893290075007826,7e267c0bf303542b
2,day2_n8_topk_seed43,43,149,6,False,False,True,0.7946,0.0,-0.1526068,0.17894275,-4.842487442147103e-07,0.0003011748776771128,0.0003011752851307392,7e267c0bf303542b
2,day2_n8_topk_seed43,43,149,7,False,False,True,0.7876,0.0,-0.26784417,-1.1056744,-3.32907355016232e-08,0.00031417355057783425,0.0003141735796816647,7e267c0bf303542b
2,day2_n8_topk_seed43,43,150,0,False,False,True,0.7882,0.0,0.2613641,0.74896276,-2.543203834193264e-07,0.0003107203810941428,0.00031072046840563416,7e267c0bf303542b
2,day2_n8_topk_seed43,43,150,1,False,False,True,0.792,0.0,-1.421442,0.03371855,5.007179879612522e-07,0.00031801065779291093,0.00031801106524653733,7e267c0bf303542b
2,day2_n8_topk_seed43,43,150,2,False,False,True,0.7872,0.0,0.2080747,-0.21910222,-3.7386735129985027e-07,0.0003047398349735886,0.0003047400387004018,7e267c0bf303542b
2,day2_n8_topk_seed43,43,150,3,False,False,True,0.7864,0.0,0.17458104,0.7081154,-1.6692722226707701e-07,0.0003060235467273742,0.0003060236049350351,7e267c0bf303542b
2,day2_n8_topk_seed43,43,150,4,False,False,True,0.7942,0.0,0.19901308,-0.14869362,2.893569330808532e-07,0.0003007482155226171,0.0003007483610417694,7e267c0bf303542b
2,day2_n8_topk_seed43,43,150,5,False,False,True,0.7966,0.0,0.18030027,0.23997986,-6.764947784176911e-07,0.0002939767437055707,0.00029397752950899303,7e267c0bf303542b
2,day2_n8_topk_seed43,43,150,6,False,False,True,0.7836,0.0,0.26902992,-0.45446187,-2.0749074280956847e-07,0.0002996640687342733,0.00029966412694193423,7e267c0bf303542b
2,day2_n8_topk_seed43,43,150,7,False,False,True,0.791,0.0,0.12907806,-0.908519,-7.696787207578382e-08,0.00030964898178353906,0.00030964898178353906,7e267c0bf303542b
2,day2_n8_topk_seed43,43,151,0,False,False,True,0.8136,0.0,-0.020077458,0.040974528,-4.740765291444404e-08,3.4206390409963205e-05,3.420642315177247e-05,7e267c0bf303542b
2,day2_n8_topk_seed43,43,151,1,False,False,True,0.8082,0.0,0.17368697,-0.02253948,-2.375702301549154e-08,4.0505339711671695e-05,4.05053433496505e-05,7e267c0bf303542b
2,day2_n8_topk_seed43,43,151,2,False,False,True,0.8146,0.0,-0.03150694,0.04960177,-1.4597674180549802e-07,3.5001827200176194e-05,3.500213279039599e-05,7e267c0bf303542b
2,day2_n8_topk_seed43,43,151,3,False,False,True,0.8112,0.0,-0.018618159,0.027949521,-2.0876120387924857e-08,3.282765464973636e-05,3.2827661925693974e-05,7e267c0bf303542b
2,day2_n8_topk_seed43,43,151,4,False,False,True,0.811,0.0,-0.022791224,0.035740577,-2.5341408971257806e-08,3.2771182304713875e-05,3.2771193218650296e-05,7e267c0bf303542b
2,day2_n8_topk_seed43,43,151,5,False,False,True,0.8164,0.0,-0.019916855,0.03512457,4.2283378576257746e-08,3.2874031603569165e-05,3.287406070739962e-05,7e267c0bf303542b
2,day2_n8_topk_seed43,43,151,6,False,False,True,0.811,0.0,-0.009606778,-0.0048825755,-3.354442412728531e-08,3.572570494725369e-05,3.572571949916892e-05,7e267c0bf303542b
2,day2_n8_topk_seed43,43,151,7,False,False,True,0.8106,0.0,-0.051169604,-0.16196884,-1.2398659521295485e-07,3.947651930502616e-05,3.947671575588174e-05,7e267c0bf303542b
2,day2_n8_topk_seed43,43,152,0,False,False,True,0.815,0.0,-0.007562762,-0.042336646,-7.770623966507628e-08,3.32383751810994e-05,3.3238469768548384e-05,7e267c0bf303542b
2,day2_n8_topk_seed43,43,152,1,False,False,True,0.8124,0.0,-0.07727899,0.10804505,2.3603025312013415e-08,3.42294224537909e-05,3.422942972974852e-05,7e267c0bf303542b
2,day2_n8_topk_seed43,43,152,2,False,False,True,0.8098,0.0,0.13098209,0.06711098,-4.776346429480327e-08,3.531845140969381e-05,3.5318480513524264e-05,7e267c0bf303542b
2,day2_n8_topk_seed43,43,152,3,False,False,True,0.8108,0.0,0.016016353,-0.023798693,9.55047809725329e-08,3.2394422305515036e-05,3.239456418668851e-05,7e267c0bf303542b
2,day2_n8_topk_seed43,43,152,4,False,False,True,0.811,0.0,0.02009408,-0.072783746,-5.2924615800975516e-08,3.248724897275679e-05,3.248729262850247e-05,7e267c0bf303542b
2,day2_n8_topk_seed43,43,152,5,False,False,True,0.8096,0.0,-0.0056431894,0.022704324,2.2189643900105693e-08,3.145916707580909e-05,3.145917798974551e-05,7e267c0bf303542b
2,day2_n8_topk_seed43,43,152,6,False,False,True,0.8128,0.0,-0.007310202,-0.046357404,-8.228392545106544e-08,3.2108604500535876e-05,3.210871000192128e-05,7e267c0bf303542b
2,day2_n8_topk_seed43,43,152,7,False,False,True,0.8154,0.0,-0.06929728,-0.012583884,-8.390178152239969e-08,3.407949043321423e-05,3.407959593459964e-05,7e267c0bf303542b
2,day2_n8_topk_seed43,43,153,0,False,False,True,0.8136,0.0,-0.03375192,0.0049037402,7.847352101464367e-09,3.304074562038295e-05,3.304074925836176e-05,7e267c0bf303542b
2,day2_n8_topk_seed43,43,153,1,False,False,True,0.813,0.0,0.18816829,0.0060205543,3.053907562389213e-07,4.239095142111182e-05,4.2392050090711564e-05,7e267c0bf303542b
2,day2_n8_topk_seed43,43,153,2,False,False,True,0.8146,0.0,-0.026816502,0.108057,3.0549944796121054e-09,3.435940743656829e-05,3.435940743656829e-05,7e267c0bf303542b
2,day2_n8_topk_seed43,43,153,3,False,False,True,0.8128,0.0,-0.03219878,-0.00399386,5.220319820864461e-08,3.2327312510460615e-05,3.232735252822749e-05,7e267c0bf303542b
2,day2_n8_topk_seed43,43,153,4,False,False,True,0.8136,0.0,-0.03035307,0.032287203,5.16715070730811e-09,3.27148190990556e-05,3.27148190990556e-05,7e267c0bf303542b
2,day2_n8_topk_seed43,43,153,5,False,False,True,0.8122,0.0,-0.025102016,0.011747234,-4.2382279907826614e-09,3.1552990549243987e-05,3.1552990549243987e-05,7e267c0bf303542b
2,day2_n8_topk_seed43,43,153,6,False,False,True,0.8116,0.0,-0.022246772,-0.057625208,-3.398526793318979e-09,3.2300806196872145e-05,3.2300806196872145e-05,7e267c0bf303542b
2,day2_n8_topk_seed43,43,153,7,False,False,True,0.8118,0.0,-0.017699467,-0.10139675,4.074498960449091e-08,3.25222426909022e-05,3.252226815675385e-05,7e267c0bf303542b
2,day2_n8_topk_seed43,43,154,0,False,False,True,0.8142,0.0,0.053484432,0.04124838,-6.621232273573696e-08,3.24668908433523e-05,3.246695632697083e-05,7e267c0bf303542b
2,day2_n8_topk_seed43,43,154,1,False,False,True,0.8126,0.0,-0.056620326,-0.06679851,-6.821725406780388e-08,3.2684431062079966e-05,3.268450382165611e-05,7e267c0bf303542b
2,day2_n8_topk_seed43,43,154,2,False,False,True,0.8138,0.0,0.06750816,-0.010287869,-9.68260351896788e-08,3.2503314287168905e-05,3.250345980632119e-05,7e267c0bf303542b
2,day2_n8_topk_seed43,43,154,3,False,False,True,0.811,0.0,0.011429056,0.026726563,-2.9625930153542868e-08,3.27364650729578e-05,3.273647962487303e-05,7e267c0bf303542b
2,day2_n8_topk_seed43,43,154,4,False,False,True,0.8112,0.0,0.06498833,0.008389303,-2.8359394832477847e-08,3.2256011763820425e-05,3.225602631573565e-05,7e267c0bf303542b
2,day2_n8_topk_seed43,43,154,5,False,False,True,0.812,0.0,0.002228479,-0.01414341,-1.9909356385738874e-09,3.066981662414037e-05,3.066981662414037e-05,7e267c0bf303542b
2,day2_n8_topk_seed43,43,154,6,False,False,True,0.8146,0.0,-0.04505522,-0.08801502,-2.1965341545637784e-08,3.3298889320576563e-05,3.329889295855537e-05,7e267c0bf303542b
2,day2_n8_topk_seed43,43,154,7,False,False,True,0.8142,0.0,-0.09796292,0.10288043,-5.820247395149636e-08,3.332716732984409e-05,3.3327221899526194e-05,7e267c0bf303542b
2,day2_n8_topk_seed43,43,155,0,False,False,True,0.816,0.0,0.0027510226,-0.0030688504,-6.178724731853436e-08,3.3255244488827884e-05,3.32553026964888e-05,7e267c0bf303542b
2,day2_n8_topk_seed43,43,155,1,False,False,True,0.8146,0.0,0.024449075,-0.032424048,2.4193610670408816e-08,3.356691013323143e-05,3.3566917409189045e-05,7e267c0bf303542b
2,day2_n8_topk_seed43,43,155,2,False,False,True,0.8124,0.0,0.037298255,-0.048139095,-1.808879446230094e-08,3.3190248359460384e-05,3.3190255635418e-05,7e267c0bf303542b
2,day2_n8_topk_seed43,43,155,3,False,False,True,0.8096,0.0,0.035315357,0.15195341,8.475288382214785e-08,3.581412602216005e-05,3.5814224247587845e-05,7e267c0bf303542b
2,day2_n8_topk_seed43,43,155,4,False,False,True,0.8142,0.0,0.026323244,-0.044906445,-1.3247122510051668e-08,3.186463436577469e-05,3.1864641641732305e-05,7e267c0bf303542b
2,day2_n8_topk_seed43,43,155,5,False,False,True,0.8126,0.0,0.0291403,-0.0033430452,5.317414419891975e-08,3.094828934990801e-05,3.0948333005653694e-05,7e267c0bf303542b
2,day2_n8_topk_seed43,43,155,6,False,False,True,0.8158,0.0,0.022298783,-0.025287842,-4.258675545543156e-08,3.193369411746971e-05,3.193372685927898e-05,7e267c0bf303542b
2,day2_n8_topk_seed43,43,155,7,False,False,True,0.8118,0.0,-0.17757589,0.0052158684,-5.9371785710027325e-08,4.034891753690317e-05,4.0348964830627665e-05,7e267c0bf303542b
2,day2_n8_topk_seed43,43,156,0,False,False,True,0.8146,0.0,0.010581481,0.01943952,-5.663129520883103e-09,3.267114516347647e-05,3.267114516347647e-05,7e267c0bf303542b
2,day2_n8_topk_seed43,43,156,1,False,False,True,0.814,0.0,-0.03234189,0.061086003,7.198504570204989e-10,3.306701546534896e-05,3.306701546534896e-05,7e267c0bf303542b
2,day2_n8_topk_seed43,43,156,2,False,False,True,0.8118,0.0,0.04306873,0.10736415,-9.768017150690866e-08,3.369145997567102e-05,3.369160549482331e-05,7e267c0bf303542b
2,day2_n8_topk_seed43,43,156,3,False,False,True,0.8098,0.0,-0.014920211,-0.07866413,-2.317043623634163e-08,3.3204483770532534e-05,3.3204494684468955e-05,7e267c0bf303542b
2,day2_n8_topk_seed43,43,156,4,False,False,True,0.8128,0.0,0.120792344,-0.051549878,2.2958534628969574e-08,3.3831307518994436e-05,3.383131479495205e-05,7e267c0bf303542b
2,day2_n8_topk_seed43,43,156,5,False,False,True,0.8142,0.0,-0.0023006857,-0.004189869,7.415849267999874e-08,3.158523759339005e-05,3.158532490488142e-05,7e267c0bf303542b
2,day2_n8_topk_seed43,43,156,6,False,False,True,0.8136,0.0,-0.030036267,-0.04449159,-1.9091036307372633e-08,3.264836414018646e-05,3.2648367778165266e-05,7e267c0bf303542b
2,day2_n8_topk_seed43,43,156,7,False,False,True,0.8134,0.0,-0.09484356,-0.008994218,3.833542550069069e-08,3.3455788070568815e-05,3.345580989844166e-05,7e267c0bf303542b
2,day2_n8_topk_seed43,43,157,0,False,False,True,0.8152,0.0,-0.028523799,0.00096125324,-7.432710447119462e-08,3.306361031718552e-05,3.3063693990698084e-05,7e267c0bf303542b
2,day2_n8_topk_seed43,43,157,1,False,False,True,0.813,0.0,-0.016530076,0.14086659,1.603355137547169e-08,3.4218886867165565e-05,3.421889050514437e-05,7e267c0bf303542b
2,day2_n8_topk_seed43,43,157,2,False,False,True,0.8128,0.0,-0.03583673,-0.08288838,-4.8064755731047626e-08,3.47360510204453e-05,3.4736083762254566e-05,7e267c0bf303542b
2,day2_n8_topk_seed43,43,157,3,False,False,True,0.8142,0.0,-0.028570456,-0.011007957,-2.1058506050053438e-08,3.3634216379141435e-05,3.363422365509905e-05,7e267c0bf303542b
2,day2_n8_topk_seed43,43,157,4,False,False,True,0.8124,0.0,-0.030070176,-0.02885829,-1.492083328002991e-07,3.299524905742146e-05,3.299558738945052e-05,7e267c0bf303542b
2,day2_n8_topk_seed43,43,157,5,False,False,True,0.8118,0.0,-0.028544895,0.0103266,1.0382991888491233e-07,3.205790926585905e-05,3.2058080250862986e-05,7e267c0bf303542b
2,day2_n8_topk_seed43,43,157,6,False,False,True,0.8142,0.0,-0.023104686,-0.019220447,-2.64700013019592e-08,3.203038068022579e-05,3.2030387956183404e-05,7e267c0bf303542b
2,day2_n8_topk_seed43,43,157,7,False,False,True,0.8144,0.0,0.19118088,-0.010179283,-1.054395752930759e-07,4.3277497752569616e-05,4.3277625081827864e-05,7e267c0bf303542b
2,day2_n8_topk_seed43,43,158,0,False,False,True,0.8158,0.0,-0.03378985,-0.02154,5.9289062548373295e-09,3.314463174319826e-05,3.314463174319826e-05,7e267c0bf303542b
2,day2_n8_topk_seed43,43,158,1,False,False,True,0.8122,0.0,-0.009744156,0.13996652,3.7315651013614115e-08,3.416164327063598e-05,3.416166509850882e-05,7e267c0bf303542b
2,day2_n8_topk_seed43,43,158,2,False,False,True,0.812,0.0,-0.02453717,-0.08069183,-7.766665532926709e-08,3.423326415941119e-05,3.423335147090256e-05,7e267c0bf303542b
2,day2_n8_topk_seed43,43,158,3,False,False,True,0.8154,0.0,-0.03094913,-0.017714335,-1.1458181070622686e-08,3.280718010501005e-05,3.280718010501005e-05,7e267c0bf303542b
2,day2_n8_topk_seed43,43,158,4,False,False,True,0.8138,0.0,-0.015163546,-0.017685795,2.479997718296545e-08,3.2321233447873965e-05,3.232124072383158e-05,7e267c0bf303542b
2,day2_n8_topk_seed43,43,158,5,False,False,True,0.8106,0.0,-0.02548933,-0.010713687,-1.4181538610102962e-08,3.245234620408155e-05,3.245234984206036e-05,7e267c0bf303542b
2,day2_n8_topk_seed43,43,158,6,False,False,True,0.813,0.0,-0.030395068,0.019247703,-1.774166769052954e-08,3.2021092920331284e-05,3.202109655831009e-05,7e267c0bf303542b
2,day2_n8_topk_seed43,43,158,7,False,False,True,0.813,0.0,0.1700681,-0.010868584,8.995946387813092e-08,3.829590787063353e-05,3.829601337201893e-05,7e267c0bf303542b
2,day2_n8_topk_seed43,43,159,0,False,False,True,0.8134,0.0,0.02348516,0.026935242,2.3914363822541418e-09,3.259668665123172e-05,3.259669028921053e-05,7e267c0bf303542b
2,day2_n8_topk_seed43,43,159,1,False,False,True,0.8138,0.0,-0.17743444,0.008977009,3.02963982790061e-08,3.9956681575858966e-05,3.9956696127774194e-05,7e267c0bf303542b
2,day2_n8_topk_seed43,43,159,2,False,False,True,0.8136,0.0,0.030513927,0.068594344,-1.5483845317021405e-08,3.463201937847771e-05,3.4632023016456515e-05,7e267c0bf303542b
2,day2_n8_topk_seed43,43,159,3,False,False,True,0.8126,0.0,0.028611999,-0.0030112723,1.3125865727658947e-08,3.314033892820589e-05,3.31403425661847e-05,7e267c0bf303542b
2,day2_n8_topk_seed43,43,159,4,False,False,True,0.814,0.0,0.030377207,0.021751367,-2.4614429605662735e-08,3.252311944379471e-05,3.2523126719752327e-05,7e267c0bf303542b
2,day2_n8_topk_seed43,43,159,5,False,False,True,0.815,0.0,0.02808124,0.029136317,4.3179596787013e-08,3.3862717828014866e-05,3.386274693184532e-05,7e267c0bf303542b
2,day2_n8_topk_seed43,43,159,6,False,False,True,0.8148,0.0,0.019886574,-0.004274218,-7.798743695275334e-08,3.2218773412751034e-05,3.221886800020002e-05,7e267c0bf303542b
2,day2_n8_topk_seed43,43,159,7,False,False,True,0.812,0.0,0.016478427,-0.14810881,-5.4046058295398325e-08,3.496789940982126e-05,3.4967939427588135e-05,7e267c0bf303542b
2,day2_n8_topk_seed43,43,160,0,False,False,True,0.8136,0.0,-0.036263112,0.14876786,-5.32623687377054e-08,3.645989272627048e-05,3.645993274403736e-05,7e267c0bf303542b
2,day2_n8_topk_seed43,43,160,1,False,False,True,0.815,0.0,0.18832995,0.011467723,-1.8109956556600082e-07,4.246844400768168e-05,4.2468829633435234e-05,7e267c0bf303542b
2,day2_n8_topk_seed43,43,160,2,False,False,True,0.8134,0.0,-0.02928574,-0.010284801,-1.1377102993037624e-07,3.4344528103247285e-05,3.4344717278145254e-05,7e267c0bf303542b
2,day2_n8_topk_seed43,43,160,3,False,False,True,0.8114,0.0,-0.03130179,-0.005874135,4.5589615638164105e-08,3.355640365043655e-05,3.3556436392245814e-05,7e267c0bf303542b
2,day2_n8_topk_seed43,43,160,4,False,False,True,0.8144,0.0,-0.029862924,-0.022668773,6.943577091078623e-08,3.357149034854956e-05,3.3571559470146894e-05,7e267c0bf303542b
2,day2_n8_topk_seed43,43,160,5,False,False,True,0.815,0.0,-0.019921144,-0.012836823,9.958356628203546e-08,3.2456093322252855e-05,3.245624611736275e-05,7e267c0bf303542b
2,day2_n8_topk_seed43,43,160,6,False,False,True,0.8144,0.0,-0.028234074,-0.024085721,-2.9296172598947123e-08,3.2015199394663796e-05,3.201521030860022e-05,7e267c0bf303542b
2,day2_n8_topk_seed43,43,160,7,False,False,True,0.8124,0.0,-0.013461334,-0.08448527,-7.636194454541112e-10,3.521072358125821e-05,3.521072358125821e-05,7e267c0bf303542b
2,day2_n8_topk_seed43,43,161,0,False,False,True,0.8158,0.0,-0.025881806,-0.012950245,-9.478880258484423e-08,3.268931322963908e-05,3.268945147283375e-05,7e267c0bf303542b
2,day2_n8_topk_seed43,43,161,1,False,False,True,0.8136,0.0,-0.016058845,0.0033055402,3.510990964628036e-08,3.366677992744371e-05,3.3666801755316556e-05,7e267c0bf303542b
2,day2_n8_topk_seed43,43,161,2,False,False,True,0.8142,0.0,0.16993733,0.021669704,1.394866728787747e-07,3.9615322748431936e-05,3.9615562855033204e-05,7e267c0bf303542b
2,day2_n8_topk_seed43,43,161,3,False,False,True,0.8108,0.0,-0.022603944,-0.030443113,3.92604917465178e-08,3.418728738324717e-05,3.418730921112001e-05,7e267c0bf303542b
2,day2_n8_topk_seed43,43,161,4,False,False,True,0.8158,0.0,0.0068019135,-0.028338742,-4.394059516243942e-08,3.379232657607645e-05,3.379235931788571e-05,7e267c0bf303542b
2,day2_n8_topk_seed43,43,161,5,False,False,True,0.8122,0.0,-0.02512072,-0.059619896,-3.5925008745607556e-08,3.356071829330176e-05,3.3560736483195797e-05,7e267c0bf303542b
2,day2_n8_topk_seed43,43,161,6,False,False,True,0.8136,0.0,-0.03695509,-0.047566827,-9.654528554392527e-08,3.377129542059265e-05,3.377143366378732e-05,7e267c0bf303542b
2,day2_n8_topk_seed43,43,161,7,False,False,True,0.8136,0.0,-0.05011902,0.15394354,-4.8406935349021296e-08,3.737911902135238e-05,3.737914812518284e-05,7e267c0bf303542b
2,day2_n8_topk_seed43,43,162,0,False,False,True,0.8178,0.0,0.0017171181,0.04931289,-1.1504072361390172e-08,3.536396980052814e-05,3.5363973438506946e-05,7e267c0bf303542b
2,day2_n8_topk_seed43,43,162,1,False,False,True,0.8142,0.0,-0.017424721,0.056137558,4.332990499733569e-08,3.4561984648462385e-05,3.4562010114314035e-05,7e267c0bf303542b
2,day2_n8_topk_seed43,43,162,2,False,False,True,0.8148,0.0,-0.017702982,0.020128464,-5.512083944836377e-08,3.467106580501422e-05,3.467110946075991e-05,7e267c0bf303542b
2,day2_n8_topk_seed43,43,162,3,False,False,True,0.812,0.0,0.144193,-0.082291834,-1.1233984054115354e-07,3.81262980226893e-05,3.812646173173562e-05,7e267c0bf303542b
2,day2_n8_topk_seed43,43,162,4,False,False,True,0.8134,0.0,-0.001005347,0.020460382,-2.6556747911854472e-08,3.213862146367319e-05,3.2138628739630803e-05,7e267c0bf303542b
2,day2_n8_topk_seed43,43,162,5,False,False,True,0.815,0.0,0.0031570238,0.012114086,2.1803984395774023e-08,3.373394429218024e-05,3.3733951568137854e-05,7e267c0bf303542b
2,day2_n8_topk_seed43,43,162,6,False,False,True,0.816,0.0,-0.106097855,-0.12673032,-1.9520605576417438e-08,3.747125083464198e-05,3.7471254472620785e-05,7e267c0bf303542b
2,day2_n8_topk_seed43,43,162,7,False,False,True,0.8148,0.0,-0.0068360544,0.050868645,-2.1641339387201697e-08,3.46418637491297e-05,3.464187466306612e-05,7e267c0bf303542b
2,day2_n8_topk_seed43,43,163,0,False,False,True,0.813,0.0,-0.14373444,0.06549945,-1.1189835902314371e-07,3.774419383262284e-05,3.774436117964797e-05,7e267c0bf303542b
2,day2_n8_topk_seed43,43,163,1,False,False,True,0.815,0.0,0.009137276,-0.10337926,-6.347395498096375e-08,3.616677349782549e-05,3.61668317054864e-05,7e267c0bf303542b
2,day2_n8_topk_seed43,43,163,2,False,False,True,0.8138,0.0,0.009618941,-0.023286145,-7.263620460662423e-08,3.4898352168966085e-05,3.489843220449984e-05,7e267c0bf303542b
2,day2_n8_topk_seed43,43,163,3,False,False,True,0.8162,0.0,-0.012292327,0.033433557,1.10363040928263e-09,3.529942478053272e-05,3.529942478053272e-05,7e267c0bf303542b
2,day2_n8_topk_seed43,43,163,4,False,False,True,0.8162,0.0,-0.010257819,-0.017019888,-2.5376442280844458e-08,3.450644726399332e-05,3.4506458177929744e-05,7e267c0bf303542b
2,day2_n8_topk_seed43,43,163,5,False,False,True,0.8156,0.0,0.012964993,-0.018101336,4.862906521907462e-09,3.2608102628728375e-05,3.260810626670718e-05,7e267c0bf303542b
2,day2_n8_topk_seed43,43,163,6,False,False,True,0.814,0.0,0.024944205,-0.04917914,-8.1337582003016e-08,3.5039502108702436e-05,3.503959669615142e-05,7e267c0bf303542b
2,day2_n8_topk_seed43,43,163,7,False,False,True,0.8138,0.0,0.10961918,0.11203266,7.942231405877465e-08,3.779272810788825e-05,3.7792811781400815e-05,7e267c0bf303542b
2,day2_n8_topk_seed43,43,164,0,False,False,True,0.8148,0.0,0.008143135,0.038524464,-7.273253999073859e-08,3.412453588680364e-05,3.412461228435859e-05,7e267c0bf303542b
2,day2_n8_topk_seed43,43,164,1,False,False,True,0.8146,0.0,-0.14630128,0.022984922,-1.171244434772234e-07,3.524910789565183e-05,3.524930070852861e-05,7e267c0bf303542b
2,day2_n8_topk_seed43,43,164,2,False,False,True,0.8154,0.0,0.060471866,0.018785987,-3.646965751613607e-08,3.439314605202526e-05,3.4393164241919294e-05,7e267c0bf303542b
2,day2_n8_topk_seed43,43,164,3,False,False,True,0.814,0.0,0.013619967,0.052540418,-6.976728883500982e-08,3.46681808878202e-05,3.466825364739634e-05,7e267c0bf303542b
2,day2_n8_topk_seed43,43,164,4,False,False,True,0.8134,0.0,0.048414763,0.013401147,-2.1219516810333516e-08,3.3622971386648715e-05,3.362297866260633e-05,7e267c0bf303542b
2,day2_n8_topk_seed43,43,164,5,False,False,True,0.8174,0.0,0.038790174,0.00768456,-4.9439133675832636e-08,3.297971488791518e-05,3.297975126770325e-05,7e267c0bf303542b
2,day2_n8_topk_seed43,43,164,6,False,False,True,0.814,0.0,-0.021596853,-0.0006569263,-5.489721388585167e-08,3.3644388167886063e-05,3.3644435461610556e-05,7e267c0bf303542b
2,day2_n8_topk_seed43,43,164,7,False,False,True,0.816,0.0,-0.001541836,-0.15326452,-1.3444270052787033e-07,3.5297940485179424e-05,3.5298191505717114e-05,7e267c0bf303542b
2,day2_n8_topk_seed43,43,165,0,False,False,True,0.8142,0.0,0.0030028198,-0.060327984,-8.608677859456293e-08,3.4392964153084904e-05,3.439307329244912e-05,7e267c0bf303542b
2,day2_n8_topk_seed43,43,165,1,False,False,True,0.8158,0.0,0.0005921016,-0.03904459,-2.5902746614292482e-08,3.558058961061761e-05,3.558059688657522e-05,7e267c0bf303542b
2,day2_n8_topk_seed43,43,165,2,False,False,True,0.8144,0.0,-0.0014207931,-0.01983449,-2.5635531031298342e-08,3.49418114637956e-05,3.4941822377732024e-05,7e267c0bf303542b
2,day2_n8_topk_seed43,43,165,3,False,False,True,0.8154,0.0,0.024361992,-0.016458623,-1.1281553469189021e-07,3.540138277458027e-05,3.540156103554182e-05,7e267c0bf303542b
2,day2_n8_topk_seed43,43,165,4,False,False,True,0.8178,0.0,0.029958235,-0.05539906,-1.4273565795974719e-07,3.374275183887221e-05,3.37430537911132e-05,7e267c0bf303542b
2,day2_n8_topk_seed43,43,165,5,False,False,True,0.818,0.0,0.1009802,0.1312428,1.6388980839110445e-07,3.725998612935655e-05,3.726034628925845e-05,7e267c0bf303542b
2,day2_n8_topk_seed43,43,165,6,False,False,True,0.814,0.0,-0.006934375,-0.0140006775,-4.447974433219315e-08,3.3790216548368335e-05,3.379024565219879e-05,7e267c0bf303542b
2,day2_n8_topk_seed43,43,165,7,False,False,True,0.8142,0.0,-0.15054028,0.073822744,3.7144878284323113e-09,3.8113128539407626e-05,3.8113128539407626e-05,7e267c0bf303542b
2,day2_n8_topk_seed43,43,166,0,False,False,True,0.8146,0.0,0.022805013,-0.049047265,-5.951468651232972e-08,3.437359555391595e-05,3.4373650123598054e-05,7e267c0bf303542b
2,day2_n8_topk_seed43,43,166,1,False,False,True,0.8134,0.0,0.11114799,0.10458066,-1.2217037159700794e-08,3.5437515180092305e-05,3.543751881807111e-05,7e267c0bf303542b
2,day2_n8_topk_seed43,43,166,2,False,False,True,0.817,0.0,-0.01034805,-0.07739484,-2.0030665126569147e-08,3.49302172253374e-05,3.493022086331621e-05,7e267c0bf303542b
2,day2_n8_topk_seed43,43,166,3,False,False,True,0.8154,0.0,-0.08378076,0.015397347,-1.3991487435305316e-07,3.513475530780852e-05,3.5135035432176664e-05,7e267c0bf303542b
2,day2_n8_topk_seed43,43,166,4,False,False,True,0.8164,0.0,0.05746331,-0.057902947,-1.1476581107672246e-07,3.402346555958502e-05,3.4023658372461796e-05,7e267c0bf303542b
2,day2_n8_topk_seed43,43,166,5,False,False,True,0.815,0.0,0.00033049038,-0.0119709615,-2.4595927072823542e-08,3.367996396264061e-05,3.3679974876577035e-05,7e267c0bf303542b
2,day2_n8_topk_seed43,43,166,6,False,False,True,0.817,0.0,-0.014309819,-0.0047168727,-8.614211566282393e-08,3.373762228875421e-05,3.373773142811842e-05,7e267c0bf303542b
2,day2_n8_topk_seed43,43,166,7,False,False,True,0.813,0.0,-0.083308354,0.08105478,-1.1117932530169128e-07,3.558359094313346e-05,3.55837655661162e-05,7e267c0bf303542b
2,day2_n8_topk_seed43,43,167,0,False,False,True,0.8122,0.0,-0.00033422565,0.03493767,-4.9366072119028104e-08,3.643277159426361e-05,3.643280433607288e-05,7e267c0bf303542b
2,day2_n8_topk_seed43,43,167,1,False,False,True,0.8146,0.0,-0.013544977,0.04019838,1.812116146027165e-08,3.513935371302068e-05,3.513935735099949e-05,7e267c0bf303542b
2,day2_n8_topk_seed43,43,167,2,False,False,True,0.8168,0.0,-0.12573221,-0.13809933,-1.4301915030046075e-07,4.204132710583508e-05,4.204156721243635e-05,7e267c0bf303542b
2,day2_n8_topk_seed43,43,167,3,False,False,True,0.814,0.0,-0.0031174654,0.042191006,8.282711405627197e-08,3.416540494072251e-05,3.41655031661503e-05,7e267c0bf303542b
2,day2_n8_topk_seed43,43,167,4,False,False,True,0.8136,0.0,-0.0046323584,0.027954007,-9.650057819499125e-08,3.367671888554469e-05,3.367685712873936e-05,7e267c0bf303542b
2,day2_n8_topk_seed43,43,167,5,False,False,True,0.8142,0.0,0.16440514,-0.096470945,-2.372299157116231e-08,4.256276224623434e-05,4.2562773160170764e-05,7e267c0bf303542b
2,day2_n8_topk_seed43,43,167,6,False,False,True,0.8134,0.0,-0.012123683,0.034248196,-6.440841104904393e-08,3.4205477277282625e-05,3.4205539122922346e-05,7e267c0bf303542b
2,day2_n8_topk_seed43,43,167,7,False,False,True,0.8142,0.0,-0.004920242,0.055041183,1.5188465596338574e-08,3.6438887036638334e-05,3.6438887036638334e-05,7e267c0bf303542b
2,day2_n8_topk_seed43,43,168,0,False,False,True,0.8138,0.0,-0.059168898,0.034702443,-9.605016515479292e-08,3.554546128725633e-05,3.554558861651458e-05,7e267c0bf303542b
2,day2_n8_topk_seed43,43,168,1,False,False,True,0.8162,0.0,0.06291362,-0.1402366,6.227657678437026e-08,3.56374766852241e-05,3.563753125490621e-05,7e267c0bf303542b
2,day2_n8_topk_seed43,43,168,2,False,False,True,0.8168,0.0,-0.051003486,0.030603748,-6.541985442254372e-08,3.453867248026654e-05,3.453873796388507e-05,7e267c0bf303542b
2,day2_n8_topk_seed43,43,168,3,False,False,True,0.811,0.0,0.005648549,0.011785031,1.312701414235562e-08,3.371106868144125e-05,3.3711072319420055e-05,7e267c0bf303542b
2,day2_n8_topk_seed43,43,168,4,False,False,True,0.813,0.0,-0.0914137,-0.04114605,-6.568387789229746e-08,3.5522902180673555e-05,3.5522964026313275e-05,7e267c0bf303542b
2,day2_n8_topk_seed43,43,168,5,False,False,True,0.8162,0.0,0.0039167395,0.0034492281,1.2312572295058999e-08,3.208021735190414e-05,3.2080220989882946e-05,7e267c0bf303542b
2,day2_n8_topk_seed43,43,168,6,False,False,True,0.8186,0.0,0.017974697,0.02803017,-1.4734824560491688e-07,3.375987580511719e-05,3.3760195947252214e-05,7e267c0bf303542b
2,day2_n8_topk_seed43,43,168,7,False,False,True,0.812,0.0,0.11113236,0.072812,-1.1952784007007722e-07,3.5683642636286095e-05,3.568384636309929e-05,7e267c0bf303542b
2,day2_n8_topk_seed43,43,169,0,False,False,True,0.816,0.0,0.02621579,-0.13067096,-1.4133036074781558e-07,3.705883500515483e-05,3.7059107853565365e-05,7e267c0bf303542b
2,day2_n8_topk_seed43,43,169,1,False,False,True,0.816,0.0,0.027195796,0.07253921,2.4229636963468693e-08,3.577358802431263e-05,3.5773595300270244e-05,7e267c0bf303542b
2,day2_n8_topk_seed43,43,169,2,False,False,True,0.8164,0.0,0.03765898,-0.05309929,1.5332085823160924e-08,3.5564131394494325e-05,3.556413503247313e-05,7e267c0bf303542b
2,day2_n8_topk_seed43,43,169,3,False,False,True,0.8126,0.0,0.06363837,0.03586801,3.40844596991019e-09,3.612059663282707e-05,3.612059663282707e-05,7e267c0bf303542b
2,day2_n8_topk_seed43,43,169,4,False,False,True,0.8172,0.0,-0.0009240337,-0.007416445,-1.8321454575698226e-08,3.4441960451658815e-05,3.444196408963762e-05,7e267c0bf303542b
2,day2_n8_topk_seed43,43,169,5,False,False,True,0.8154,0.0,0.0048748376,0.011013168,2.209392668817145e-08,3.26025765389204e-05,3.260258017689921e-05,7e267c0bf303542b
2,day2_n8_topk_seed43,43,169,6,False,False,True,0.8162,0.0,-0.16953698,-0.0018223801,-4.4227526529994066e-08,3.868666317430325e-05,3.86866886401549e-05,7e267c0bf303542b
2,day2_n8_topk_seed43,43,169,7,False,False,True,0.816,0.0,0.01087757,0.07358867,-1.0257902260946139e-07,3.595319140003994e-05,3.5953336919192225e-05,7e267c0bf303542b
2,day2_n8_topk_seed43,43,170,0,False,False,True,0.8154,0.0,-0.05263259,-0.036449313,-2.1604643407613366e-08,3.5641787690110505e-05,3.564179132808931e-05,7e267c0bf303542b
2,day2_n8_topk_seed43,43,170,1,False,False,True,0.812,0.0,0.015928665,0.16673286,1.5415827192555298e-07,3.8092290196800604e-05,3.8092603062978014e-05,7e267c0bf303542b
2,day2_n8_topk_seed43,43,170,2,False,False,True,0.8142,0.0,-0.040950686,-0.027370589,-1.0078200318730524e-07,3.496769568300806e-05,3.4967841202160344e-05,7e267c0bf303542b
2,day2_n8_topk_seed43,43,170,3,False,False,True,0.817,0.0,-0.018432617,-0.025635894,-2.0187198579435517e-09,3.523781560943462e-05,3.523781560943462e-05,7e267c0bf303542b
2,day2_n8_topk_seed43,43,170,4,False,False,True,0.8154,0.0,-0.026335718,-0.02350236,8.561074765767174e-11,3.3720039937179536e-05,3.3720039937179536e-05,7e267c0bf303542b
2,day2_n8_topk_seed43,43,170,5,False,False,True,0.8144,0.0,-0.033132955,0.0043058954,-2.9470848872392708e-08,3.3074218663387e-05,3.307422957732342e-05,7e267c0bf303542b
2,day2_n8_topk_seed43,43,170,6,False,False,True,0.815,0.0,-0.009999199,-0.016927136,1.174019326199982e-09,3.394077793927863e-05,3.394077793927863e-05,7e267c0bf303542b
2,day2_n8_topk_seed43,43,170,7,False,False,True,0.8132,0.0,0.165555,-0.04115352,-3.052092978350629e-08,3.8875390600878745e-05,3.8875401514815167e-05,7e267c0bf303542b
2,day2_n8_topk_seed43,43,171,0,False,False,True,0.8134,0.0,-0.07942494,0.124986954,-1.551259387611026e-08,3.6314635508460924e-05,3.631463914643973e-05,7e267c0bf303542b
2,day2_n8_topk_seed43,43,171,1,False,False,True,0.8156,0.0,-0.010292472,-0.08303819,7.893868314567953e-08,3.649094651336782e-05,3.649103382485919e-05,7e267c0bf303542b
2,day2_n8_topk_seed43,43,171,2,False,False,True,0.813,0.0,-0.032582987,-0.084177814,3.183165375730823e-08,3.646317418315448e-05,3.64631850970909e-05,7e267c0bf303542b
2,day2_n8_topk_seed43,43,171,3,False,False,True,0.8158,0.0,0.016966289,0.009053794,-5.094065613775456e-08,3.4591266739880666e-05,3.4591306757647544e-05,7e267c0bf303542b
2,day2_n8_topk_seed43,43,171,4,False,False,True,0.818,0.0,-0.014923282,0.005494122,-1.6948908054814638e-08,3.415163519093767e-05,3.415164246689528e-05,7e267c0bf303542b
2,day2_n8_topk_seed43,43,171,5,False,False,True,0.817,0.0,-0.031484313,-0.020611323,2.340824245550266e-08,3.430260039749555e-05,3.430260767345317e-05,7e267c0bf303542b
2,day2_n8_topk_seed43,43,171,6,False,False,True,0.8182,0.0,-0.0024524285,0.011729088,-5.0541853369168166e-08,3.329014725750312e-05,3.329018727527e-05,7e267c0bf303542b
2,day2_n8_topk_seed43,43,171,7,False,False,True,0.814,0.0,0.15419415,0.03656338,-4.963683153391685e-08,3.7642690585926175e-05,3.764272332773544e-05,7e267c0bf303542b
2,day2_n8_topk_seed43,43,172,0,False,False,True,0.8166,0.0,-0.0031654856,-0.03201239,-1.4713776863573003e-07,3.510526585159823e-05,3.5105575079796836e-05,7e267c0bf303542b
2,day2_n8_topk_seed43,43,172,1,False,False,True,0.8144,0.0,-0.037274268,0.1307116,-5.5259871345469946e-08,3.658777859527618e-05,3.6587818613043055e-05,7e267c0bf303542b
2,day2_n8_topk_seed43,43,172,2,False,False,True,0.8136,0.0,0.0043173274,-0.07126244,-6.679655228936099e-08,3.59188015863765e-05,3.5918863432016224e-05,7e267c0bf303542b
2,day2_n8_topk_seed43,43,172,3,False,False,True,0.8148,0.0,-0.020171095,-0.08339659,-9.925704347324427e-08,3.560925688361749e-05,3.560939512681216e-05,7e267c0bf303542b
2,day2_n8_topk_seed43,43,172,4,False,False,True,0.8186,0.0,-0.034654617,-0.00030694468,-2.5997186625659197e-08,3.371454658918083e-05,3.371455386513844e-05,7e267c0bf303542b
2,day2_n8_topk_seed43,43,172,5,False,False,True,0.8178,0.0,-0.031238548,0.005128623,-4.283095478285759e-08,3.280877717770636e-05,3.280880628153682e-05,7e267c0bf303542b
2,day2_n8_topk_seed43,43,172,6,False,False,True,0.8158,0.0,-0.041013554,0.02350409,-7.623118136734774e-08,3.5168235626770183e-05,3.5168322938261554e-05,7e267c0bf303542b
2,day2_n8_topk_seed43,43,172,7,False,False,True,0.8136,0.0,0.16320004,0.027633952,-7.14688823677534e-08,3.747544906218536e-05,3.74755181837827e-05,7e267c0bf303542b
2,day2_n8_topk_seed43,43,173,0,False,False,True,0.8182,0.0,0.032570183,0.039588563,-8.655002403656908e-08,3.630407445598394e-05,3.630417995736934e-05,7e267c0bf303542b
2,day2_n8_topk_seed43,43,173,1,False,False,True,0.816,0.0,0.049375445,-0.15736495,-1.679961485478998e-07,3.7108417018316686e-05,3.710879900609143e-05,7e267c0bf303542b
2,day2_n8_topk_seed43,43,173,2,False,False,True,0.8142,0.0,0.094698116,0.04266654,-6.763186632952056e-08,3.695127452374436e-05,3.695133636938408e-05,7e267c0bf303542b
2,day2_n8_topk_seed43,43,173,3,False,False,True,0.8146,0.0,-0.005926161,0.0017416055,-3.298864470480112e-08,3.5878056223737076e-05,3.587807441363111e-05,7e267c0bf303542b
2,day2_n8_topk_seed43,43,173,4,False,False,True,0.8142,0.0,-0.010943444,0.040890567,-5.556900717351709e-08,3.527205262798816e-05,3.5272096283733845e-05,7e267c0bf303542b
2,day2_n8_topk_seed43,43,173,5,False,False,True,0.8148,0.0,-0.0069609126,0.02645612,-5.915541834156102e-09,3.396693864488043e-05,3.396693864488043e-05,7e267c0bf303542b
2,day2_n8_topk_seed43,43,173,6,False,False,True,0.8124,0.0,-0.012397288,0.030680008,-3.892070665756364e-08,3.5753993870457634e-05,3.575401206035167e-05,7e267c0bf303542b
2,day2_n8_topk_seed43,43,173,7,False,False,True,0.815,0.0,-0.14041594,-0.024658378,-6.893466775181878e-08,3.744817149708979e-05,3.7448236980708316e-05,7e267c0bf303542b
2,day2_n8_topk_seed43,43,174,0,False,False,True,0.8166,0.0,-0.14136337,-0.07647095,-6.812507535869372e-08,3.819218181888573e-05,3.819224002654664e-05,7e267c0bf303542b
2,day2_n8_topk_seed43,43,174,1,False,False,True,0.8164,0.0,-0.073404625,0.1421404,-2.0305110481899646e-08,3.818140976363793e-05,3.818141340161674e-05,7e267c0bf303542b
2,day2_n8_topk_seed43,43,174,2,False,False,True,0.8142,0.0,0.026149206,-0.07919554,-7.103135857278176e-08,3.7481073377421126e-05,3.748114249901846e-05,7e267c0bf303542b
2,day2_n8_topk_seed43,43,174,3,False,False,True,0.818,0.0,0.024306776,-0.012561844,-2.12038671065784e-08,3.5177716199541464e-05,3.517772347549908e-05,7e267c0bf303542b
2,day2_n8_topk_seed43,43,174,4,False,False,True,0.815,0.0,0.05400563,-0.014629315,1.865862353511716e-09,3.611801366787404e-05,3.611801366787404e-05,7e267c0bf303542b
2,day2_n8_topk_seed43,43,174,5,False,False,True,0.817,0.0,0.011232629,0.0007028768,8.044029442544343e-09,3.27968955389224e-05,3.2796899176901206e-05,7e267c0bf303542b
2,day2_n8_topk_seed43,43,174,6,False,False,True,0.818,0.0,0.030300412,-0.00078121823,1.3137126941842325e-09,3.4859011066146195e-05,3.4859011066146195e-05,7e267c0bf303542b
2,day2_n8_topk_seed43,43,174,7,False,False,True,0.8178,0.0,0.06877329,0.04079557,-2.83969079362123e-08,3.7291814805939794e-05,3.729182208189741e-05,7e267c0bf303542b
2,day2_n8_topk_seed43,43,175,0,False,False,True,0.8164,0.0,-0.01097265,0.10183252,-9.707953552151594e-08,3.64036786777433e-05,3.6403809644980356e-05,7e267c0bf303542b
2,day2_n8_topk_seed43,43,175,1,False,False,True,0.816,0.0,0.09038707,-0.12271093,-4.5433854012344455e-08,3.7131521821720526e-05,3.713154364959337e-05,7e267c0bf303542b
2,day2_n8_topk_seed43,43,175,2,False,False,True,0.817,0.0,0.02536241,0.015015596,-3.5049556590394104e-09,3.652753002825193e-05,3.6527526390273124e-05,7e267c0bf303542b
2,day2_n8_topk_seed43,43,175,3,False,False,True,0.8162,0.0,0.00096946885,0.0057362616,-8.590260591745391e-08,3.547898450051434e-05,3.547909000189975e-05,7e267c0bf303542b
2,day2_n8_topk_seed43,43,175,4,False,False,True,0.815,0.0,0.042751465,0.05107727,-8.932436657005383e-08,3.592997745727189e-05,3.59300865966361e-05,7e267c0bf303542b
2,day2_n8_topk_seed43,43,175,5,False,False,True,0.8176,0.0,-0.0020811465,0.0032095646,-5.1624816421735886e-08,3.35010772687383e-05,3.350111728650518e-05,7e267c0bf303542b
2,day2_n8_topk_seed43,43,175,6,False,False,True,0.8184,0.0,0.0044076517,0.009513819,-3.23488258402449e-08,3.3541160519234836e-05,3.3541175071150064e-05,7e267c0bf303542b
2,day2_n8_topk_seed43,43,175,7,False,False,True,0.8146,0.0,-0.1508244,-0.0636739,1.827234008544565e-08,3.7507004890358075e-05,3.750701216631569e-05,7e267c0bf303542b
2,day2_n8_topk_seed43,43,176,0,False,False,True,0.8154,0.0,0.08168167,0.0107063,-9.02704044847269e-08,3.6841651308350265e-05,3.684175680973567e-05,7e267c0bf303542b
2,day2_n8_topk_seed43,43,176,1,False,False,True,0.8156,0.0,-0.13161673,-0.091863506,7.476944574591471e-08,3.8078644138295203e-05,3.8078716897871345e-05,7e267c0bf303542b
2,day2_n8_topk_seed43,43,176,2,False,False,True,0.8126,0.0,0.023898095,-0.015134579,-2.0070716644227105e-08,3.640228169388138e-05,3.640228896983899e-05,7e267c0bf303542b
2,day2_n8_topk_seed43,43,176,3,False,False,True,0.8166,0.0,0.04037415,0.010063317,5.158814175842963e-08,3.6399196687852964e-05,3.6399233067641035e-05,7e267c0bf303542b
2,day2_n8_topk_seed43,43,176,4,False,False,True,0.8156,0.0,0.014868353,-0.028834421,-2.3411637073422753e-08,3.6017456295667216e-05,3.601746357162483e-05,7e267c0bf303542b
2,day2_n8_topk_seed43,43,176,5,False,False,True,0.8158,0.0,0.016972417,-0.022272792,-3.370845602646e-09,3.406301766517572e-05,3.406301766517572e-05,7e267c0bf303542b
2,day2_n8_topk_seed43,43,176,6,False,False,True,0.8174,0.0,0.03156071,-0.013969466,-1.381306447001407e-07,3.553424176061526e-05,3.5534510971046984e-05,7e267c0bf303542b
2,day2_n8_topk_seed43,43,176,7,False,False,True,0.819,0.0,-0.07773869,0.1513051,-2.4982714563748232e-08,3.78710356017109e-05,3.787103923968971e-05,7e267c0bf303542b
2,day2_n8_topk_seed43,43,177,0,False,False,True,0.8164,0.0,0.23415188,0.004810341,3.30814259541512e-07,5.3776198910782114e-05,5.37772175448481e-05,7e267c0bf303542b
2,day2_n8_topk_seed43,43,177,1,False,False,True,0.8158,0.0,-0.040704835,0.14864025,-5.8563351501561556e-08,3.750811447389424e-05,3.7508158129639924e-05,7e267c0bf303542b
2,day2_n8_topk_seed43,43,177,2,False,False,True,0.8146,0.0,-0.029741406,-0.00017260727,-3.133134640620483e-08,3.7183061067480594e-05,3.7183071981417015e-05,7e267c0bf303542b
2,day2_n8_topk_seed43,43,177,3,False,False,True,0.8138,0.0,-0.028443906,-0.04093122,-7.7268722975532e-08,3.5415472666500136e-05,3.54155563400127e-05,7e267c0bf303542b
2,day2_n8_topk_seed43,43,177,4,False,False,True,0.815,0.0,-0.033475716,0.0057605975,-4.028283484558415e-08,3.610172643675469e-05,3.610174826462753e-05,7e267c0bf303542b
2,day2_n8_topk_seed43,43,177,5,False,False,True,0.8144,0.0,-0.03235073,-0.09540751,1.4300529471711343e-07,3.645883407443762e-05,3.645911783678457e-05,7e267c0bf303542b
2,day2_n8_topk_seed43,43,177,6,False,False,True,0.8144,0.0,-0.027976992,-0.0059429836,8.595064571181865e-08,3.4564462112030014e-05,3.456456761341542e-05,7e267c0bf303542b
2,day2_n8_topk_seed43,43,177,7,False,False,True,0.8154,0.0,-0.041458614,-0.01675689,-1.1212679673633374e-08,3.622381336754188e-05,3.6223817005520687e-05,7e267c0bf303542b
2,day2_n8_topk_seed43,43,178,0,False,False,True,0.8124,0.0,0.038995165,-0.001418159,2.5903481581934784e-09,3.545564686646685e-05,3.545564686646685e-05,7e267c0bf303542b
2,day2_n8_topk_seed43,43,178,1,False,False,True,0.8178,0.0,0.03753556,0.013257293,-3.282857363728908e-08,3.712164470925927e-05,3.712166289915331e-05,7e267c0bf303542b
2,day2_n8_topk_seed43,43,178,2,False,False,True,0.8134,0.0,0.044619154,0.0029415772,-6.065678093136739e-08,3.6111487133894116e-05,3.6111538065597415e-05,7e267c0bf303542b
2,day2_n8_topk_seed43,43,178,3,False,False,True,0.814,0.0,0.047036182,0.035844196,-2.226171913477515e-09,3.698548607644625e-05,3.698548607644625e-05,7e267c0bf303542b
2,day2_n8_topk_seed43,43,178,4,False,False,True,0.8136,0.0,-0.069838814,-0.1691058,6.427505638839648e-08,4.142204124946147e-05,4.1422088543185964e-05,7e267c0bf303542b
2,day2_n8_topk_seed43,43,178,5,False,False,True,0.8172,0.0,0.033866744,0.0036666382,6.716921063798509e-08,3.329023456899449e-05,3.329030369059183e-05,7e267c0bf303542b
2,day2_n8_topk_seed43,43,178,6,False,False,True,0.8152,0.0,0.03461611,0.024625061,-4.983727919238845e-08,3.403560185688548e-05,3.4035641874652356e-05,7e267c0bf303542b
2,day2_n8_topk_seed43,43,178,7,False,False,True,0.8164,0.0,-0.16683023,0.09018926,3.132713288778177e-08,4.287111005396582e-05,4.287112460588105e-05,7e267c0bf303542b
2,day2_n8_topk_seed43,43,179,0,False,False,True,0.816,0.0,-0.017417217,-0.004776515,-5.103788058846703e-09,3.637072222772986e-05,3.637072222772986e-05,7e267c0bf303542b
2,day2_n8_topk_seed43,43,179,1,False,False,True,0.8152,0.0,0.03405577,-0.14923157,-2.031507939648236e-08,3.6738027120009065e-05,3.673803439596668e-05,7e267c0bf303542b
2,day2_n8_topk_seed43,43,179,2,False,False,True,0.8152,0.0,-0.10041224,0.04681557,-8.230873049797083e-08,3.729173477040604e-05,3.729182208189741e-05,7e267c0bf303542b
2,day2_n8_topk_seed43,43,179,3,False,False,True,0.8156,0.0,0.010276186,0.055357464,-1.7011107189546237e-08,3.661889422801323e-05,3.661889786599204e-05,7e267c0bf303542b
2,day2_n8_topk_seed43,43,179,4,False,False,True,0.8164,0.0,-0.024690708,0.00019639572,-1.5500793537626123e-08,3.520208701957017e-05,3.520209065754898e-05,7e267c0bf303542b
2,day2_n8_topk_seed43,43,179,5,False,False,True,0.8194,0.0,-0.01667952,-0.019691542,5.691670246221747e-09,3.5839093470713124e-05,3.5839093470713124e-05,7e267c0bf303542b
2,day2_n8_topk_seed43,43,179,6,False,False,True,0.8164,0.0,-0.025316317,0.007202049,-3.048479868539289e-08,3.50234258803539e-05,3.502343679429032e-05,7e267c0bf303542b
2,day2_n8_topk_seed43,43,179,7,False,False,True,0.8144,0.0,0.14018403,0.06412809,-1.4725812036431307e-07,3.6936933611286804e-05,3.693722828757018e-05,7e267c0bf303542b
2,day2_n8_topk_seed43,43,180,0,False,False,True,0.8178,0.0,-0.050771054,-0.019501876,-1.843695685010971e-07,3.576140443328768e-05,3.57618773705326e-05,7e267c0bf303542b
2,day2_n8_topk_seed43,43,180,1,False,False,True,0.816,0.0,-0.029558893,0.13924007,6.608964486787272e-09,3.65451087418478e-05,3.65451087418478e-05,7e267c0bf303542b
2,day2_n8_topk_seed43,43,180,2,False,False,True,0.8136,0.0,-0.016914777,-0.023823747,-4.339977266454298e-08,3.598082912503742e-05,3.5980858228867874e-05,7e267c0bf303542b
2,day2_n8_topk_seed43,43,180,3,False,False,True,0.8154,0.0,-0.048738524,-0.038604904,-2.4202034154541252e-08,3.6346918932395056e-05,3.634692620835267e-05,7e267c0bf303542b
2,day2_n8_topk_seed43,43,180,4,False,False,True,0.8192,0.0,0.053241916,-0.09156859,1.0798483884855159e-08,3.649790596682578e-05,3.649790960480459e-05,7e267c0bf303542b
2,day2_n8_topk_seed43,43,180,5,False,False,True,0.8158,0.0,-0.06001798,-0.01761468,-2.352597228139075e-09,3.523257691995241e-05,3.523257691995241e-05,7e267c0bf303542b
2,day2_n8_topk_seed43,43,180,6,False,False,True,0.815,0.0,0.010666509,0.020632481,-2.2893078543972933e-09,3.523815030348487e-05,3.523815030348487e-05,7e267c0bf303542b
2,day2_n8_topk_seed43,43,180,7,False,False,True,0.816,0.0,0.14209265,0.031241223,-1.8018956993159918e-08,3.7386154872365296e-05,3.73861585103441e-05,7e267c0bf303542b
2,day2_n8_topk_seed43,43,181,0,False,False,True,0.817,0.0,0.03031851,0.025854588,-6.650999040402894e-08,3.6073262890568e-05,3.6073324736207724e-05,7e267c0bf303542b
2,day2_n8_topk_seed43,43,181,1,False,False,True,0.8168,0.0,-0.044677395,0.0034226254,-4.4545540589524535e-08,3.6963578168069944e-05,3.6963603633921593e-05,7e267c0bf303542b
2,day2_n8_topk_seed43,43,181,2,False,False,True,0.8156,0.0,0.008218267,0.10773056,-7.835966187030863e-08,3.747535083675757e-05,3.7475434510270134e-05,7e267c0bf303542b
2,day2_n8_topk_seed43,43,181,3,False,False,True,0.817,0.0,0.11298729,-0.11508694,1.708992698468137e-07,3.841335274046287e-05,3.841373109025881e-05,7e267c0bf303542b
2,day2_n8_topk_seed43,43,181,4,False,False,True,0.814,0.0,0.013687068,0.041449707,-4.7759868948560324e-08,3.5879307688446715e-05,3.587933679227717e-05,7e267c0bf303542b
2,day2_n8_topk_seed43,43,181,5,False,False,True,0.813,0.0,0.014397473,0.006621159,-1.9012416530017617e-08,3.437588384258561e-05,3.437589111854322e-05,7e267c0bf303542b
2,day2_n8_topk_seed43,43,181,6,False,False,True,0.8166,0.0,0.0017455652,0.009089301,-1.4748016141652442e-08,3.3764459658414125e-05,3.376446329639293e-05,7e267c0bf303542b
2,day2_n8_topk_seed43,43,181,7,False,False,True,0.8144,0.0,-0.13667676,-0.079081,-1.6230195853950136e-07,3.7989713746355847e-05,3.799005935434252e-05,7e267c0bf303542b
2,day2_n8_topk_seed43,43,182,0,False,False,True,0.815,0.0,0.048146747,0.06530987,-3.504101897533474e-08,3.647262929007411e-05,3.6472647479968145e-05,7e267c0bf303542b
2,day2_n8_topk_seed43,43,182,1,False,False,True,0.818,0.0,-0.16788124,-0.0062420215,-9.334630135526822e-08,3.801404091063887e-05,3.8014157325960696e-05,7e267c0bf303542b
2,day2_n8_topk_seed43,43,182,2,False,False,True,0.814,0.0,0.026333563,0.051733382,-3.5489364336172e-08,3.70156740245875e-05,3.7015688576502725e-05,7e267c0bf303542b
2,day2_n8_topk_seed43,43,182,3,False,False,True,0.8138,0.0,0.048246913,0.0006043222,-1.2835276841371979e-08,3.6194436688674614e-05,3.619444032665342e-05,7e267c0bf303542b
2,day2_n8_topk_seed43,43,182,4,False,False,True,0.8186,0.0,0.003884551,0.024941567,-2.841658242047629e-09,3.655166437965818e-05,3.6551668017636985e-05,7e267c0bf303542b
2,day2_n8_topk_seed43,43,182,5,False,False,True,0.8176,0.0,0.0071866373,0.016332485,-5.100915956290919e-08,3.4728942409856245e-05,3.4728978789644316e-05,7e267c0bf303542b
2,day2_n8_topk_seed43,43,182,6,False,False,True,0.8162,0.0,-0.0016965165,0.008948403,-1.3051680980424862e-07,3.54560324922204e-05,3.545627259882167e-05,7e267c0bf303542b
2,day2_n8_topk_seed43,43,182,7,False,False,True,0.8168,0.0,0.035779312,-0.16162793,-6.566680976760608e-09,3.846295294351876e-05,3.846295294351876e-05,7e267c0bf303542b
2,day2_n8_topk_seed43,43,183,0,False,False,True,0.8162,0.0,0.026563032,0.04346453,-5.941992853308875e-08,3.659334106487222e-05,3.659338835859671e-05,7e267c0bf303542b
2,day2_n8_topk_seed43,43,183,1,False,False,True,0.817,0.0,-0.10055765,0.10622461,9.037481873974684e-08,3.7410998629638925e-05,3.741110776900314e-05,7e267c0bf303542b
2,day2_n8_topk_seed43,43,183,2,False,False,True,0.815,0.0,0.13215148,-0.005066288,-8.234346182689478e-08,3.811861824942753e-05,3.81187055609189e-05,7e267c0bf303542b
2,day2_n8_topk_seed43,43,183,3,False,False,True,0.8152,0.0,-0.005675867,0.008362561,-2.490334694016383e-08,3.573011053958908e-05,3.57301214535255e-05,7e267c0bf303542b
2,day2_n8_topk_seed43,43,183,4,False,False,True,0.8184,0.0,0.022693904,0.0042431294,-9.958284152844499e-08,3.51501876139082e-05,3.515032585710287e-05,7e267c0bf303542b
2,day2_n8_topk_seed43,43,183,5,False,False,True,0.8172,0.0,0.014284458,0.004575401,-8.166021814304258e-08,3.423104135436006e-05,3.423113957978785e-05,7e267c0bf303542b
2,day2_n8_topk_seed43,43,183,6,False,False,True,0.816,0.0,-0.021269014,-0.020267654,-1.6787495837888855e-08,3.537616794346832e-05,3.5376171581447124e-05,7e267c0bf303542b
2,day2_n8_topk_seed43,43,183,7,False,False,True,0.8154,0.0,-0.068190314,-0.14153612,-4.418888366330975e-08,3.7597281334456056e-05,3.759731043828651e-05,7e267c0bf303542b
2,day2_n8_topk_seed43,43,184,0,False,False,True,0.8162,0.0,-0.06557494,-0.10852748,-1.7534661367335502e-07,3.696998828672804e-05,3.697041029226966e-05,7e267c0bf303542b
2,day2_n8_topk_seed43,43,184,1,False,False,True,0.8126,0.0,0.12273533,-0.06930071,-2.56163410483623e-08,3.709446173161268e-05,3.7094469007570297e-05,7e267c0bf303542b
2,day2_n8_topk_seed43,43,184,2,False,False,True,0.8156,0.0,-0.038907114,0.03934553,-1.069633910333323e-07,3.767289308598265e-05,3.767304588109255e-05,7e267c0bf303542b
2,day2_n8_topk_seed43,43,184,3,False,False,True,0.8172,0.0,-0.002161525,-0.034136143,3.0048980192987074e-08,3.6750210711034015e-05,3.675022890092805e-05,7e267c0bf303542b
2,day2_n8_topk_seed43,43,184,4,False,False,True,0.8152,0.0,-0.09608905,0.046108447,6.309122113634658e-08,3.725023998413235e-05,3.725029091583565e-05,7e267c0bf303542b
2,day2_n8_topk_seed43,43,184,5,False,False,True,0.8162,0.0,-0.012475475,-0.018458962,-4.190183133800929e-08,3.527955777826719e-05,3.5279586882097647e-05,7e267c0bf303542b
2,day2_n8_topk_seed43,43,184,6,False,False,True,0.8152,0.0,0.03850009,0.05029146,-8.400337492275867e-08,3.7428173527587205e-05,3.742826811503619e-05,7e267c0bf303542b
2,day2_n8_topk_seed43,43,184,7,False,False,True,0.817,0.0,0.05397265,0.09467768,-3.5485030025483866e-08,3.7536916352109984e-05,3.753693454200402e-05,7e267c0bf303542b
2,day2_n8_topk_seed43,43,185,0,False,False,True,0.818,0.0,-0.0045728697,0.0679428,-8.417054608855778e-09,3.678239227156155e-05,3.6782395909540355e-05,7e267c0bf303542b
2,day2_n8_topk_seed43,43,185,1,False,False,True,0.8174,0.0,-0.07569745,0.043641187,-3.6104381706536515e-08,3.72788890672382e-05,3.727890725713223e-05,7e267c0bf303542b
2,day2_n8_topk_seed43,43,185,2,False,False,True,0.817,0.0,0.15238808,-0.034286417,-1.2054631781666103e-07,3.860037759295665e-05,3.8600566767854616e-05,7e267c0bf303542b
2,day2_n8_topk_seed43,43,185,3,False,False,True,0.8166,0.0,-0.018198252,0.04595693,-9.538698009237123e-08,3.684827606775798e-05,3.684839975903742e-05,7e267c0bf303542b
2,day2_n8_topk_seed43,43,185,4,False,False,True,0.8164,0.0,0.029630287,0.0098962635,9.040372006552388e-09,3.611811189330183e-05,3.611811189330183e-05,7e267c0bf303542b
2,day2_n8_topk_seed43,43,185,5,False,False,True,0.8154,0.0,-0.015672186,0.03734391,8.933277229061787e-08,3.533979906933382e-05,3.533991548465565e-05,7e267c0bf303542b
2,day2_n8_topk_seed43,43,185,6,False,False,True,0.8188,0.0,-0.0008644625,-0.022040954,-6.421643661269627e-08,3.561588891898282e-05,3.561594712664373e-05,7e267c0bf303542b
2,day2_n8_topk_seed43,43,185,7,False,False,True,0.8152,0.0,-0.06701325,-0.14845379,-7.046707395375051e-08,3.7847639760002494e-05,3.784770524362102e-05,7e267c0bf303542b
2,day2_n8_topk_seed43,43,186,0,False,False,True,0.8158,0.0,-0.027248278,-0.059058435,-9.403021294929204e-08,3.673802348203026e-05,3.67381471733097e-05,7e267c0bf303542b
2,day2_n8_topk_seed43,43,186,1,False,False,True,0.8148,0.0,0.011679841,-0.12248349,1.2479092958983529e-07,3.755766010726802e-05,3.7557867472060025e-05,7e267c0bf303542b
2,day2_n8_topk_seed43,43,186,2,False,False,True,0.8118,0.0,-0.042974055,0.026273431,-2.806444499015015e-08,3.7075780710438266e-05,3.707579162437469e-05,7e267c0bf303542b
2,day2_n8_topk_seed43,43,186,3,False,False,True,0.8156,0.0,-0.053188324,0.05794021,1.7698289411782753e-07,3.673821993288584e-05,3.673864557640627e-05,7e267c0bf303542b
2,day2_n8_topk_seed43,43,186,4,False,False,True,0.815,0.0,-0.017270075,0.0028708878,-9.170766901434035e-08,3.5782963095698506e-05,3.578308314899914e-05,7e267c0bf303542b
2,day2_n8_topk_seed43,43,186,5,False,False,True,0.816,0.0,-0.06575783,0.06926193,-7.412406688445117e-08,3.738075974979438e-05,3.738083250937052e-05,7e267c0bf303542b
2,day2_n8_topk_seed43,43,186,6,False,False,True,0.8172,0.0,0.040634397,-0.04188052,1.6048433693072184e-08,3.651935185189359e-05,3.6519355489872396e-05,7e267c0bf303542b
2,day2_n8_topk_seed43,43,186,7,False,False,True,0.8192,0.0,0.15412416,0.06707608,-6.031490329405642e-08,3.8734000554541126e-05,3.873404784826562e-05,7e267c0bf303542b
2,day2_n8_topk_seed43,43,187,0,False,False,True,0.816,0.0,0.0026160006,0.021753294,-3.282319482877938e-08,3.601328353397548e-05,3.601329808589071e-05,7e267c0bf303542b
2,day2_n8_topk_seed43,43,187,1,False,False,True,0.8168,0.0,0.039346907,0.09203174,-3.8295812743172064e-08,3.740312604350038e-05,3.740314787137322e-05,7e267c0bf303542b
2,day2_n8_topk_seed43,43,187,2,False,False,True,0.8172,0.0,0.032875568,-0.15370943,-6.864539869866348e-08,3.872466186294332e-05,3.872472370858304e-05,7e267c0bf303542b
2,day2_n8_topk_seed43,43,187,3,False,False,True,0.8178,0.0,0.023731181,0.026389416,-7.899990883686314e-09,3.624471355578862e-05,3.624471355578862e-05,7e267c0bf303542b
2,day2_n8_topk_seed43,43,187,4,False,False,True,0.8178,0.0,-0.19110167,-0.002041902,3.663233627548834e-08,4.378061930765398e-05,4.3780637497548014e-05,7e267c0bf303542b
2,day2_n8_topk_seed43,43,187,5,False,False,True,0.817,0.0,0.025914269,0.027294172,-3.5687389043914663e-08,3.500442471704446e-05,3.50044465449173e-05,7e267c0bf303542b
2,day2_n8_topk_seed43,43,187,6,False,False,True,0.815,0.0,0.030846942,-0.014333419,-1.560230700192733e-08,3.6371187889017165e-05,3.637119152699597e-05,7e267c0bf303542b
2,day2_n8_topk_seed43,43,187,7,False,False,True,0.8152,0.0,0.035770934,0.0026161722,2.1174267672563474e-08,3.768171518458985e-05,3.768172246054746e-05,7e267c0bf303542b
2,day2_n8_topk_seed43,43,188,0,False,False,True,0.8194,0.0,0.013348754,0.024425983,-5.133381364430534e-08,3.659886715468019e-05,3.659890717244707e-05,7e267c0bf303542b
2,day2_n8_topk_seed43,43,188,1,False,False,True,0.8174,0.0,-0.006029993,0.011031997,6.198069169016662e-09,3.820053825620562e-05,3.820053825620562e-05,7e267c0bf303542b
2,day2_n8_topk_seed43,43,188,2,False,False,True,0.8154,0.0,0.101264894,-0.12523414,-5.910051825708251e-08,4.049512426718138e-05,4.049516792292707e-05,7e267c0bf303542b
2,day2_n8_topk_seed43,43,188,3,False,False,True,0.815,0.0,0.008568587,0.13252854,1.8975054416614512e-08,3.945131174987182e-05,3.945131538785063e-05,7e267c0bf303542b
2,day2_n8_topk_seed43,43,188,4,False,False,True,0.8174,0.0,0.025904616,-0.008109715,-3.4183692321221315e-08,3.706241477630101e-05,3.706242932821624e-05,7e267c0bf303542b
2,day2_n8_topk_seed43,43,188,5,False,False,True,0.8144,0.0,0.017792087,0.01305795,-6.429341681268852e-08,3.337032103445381e-05,3.337038288009353e-05,7e267c0bf303542b
2,day2_n8_topk_seed43,43,188,6,False,False,True,0.8178,0.0,0.009649091,0.017383413,1.2460205089936949e-09,3.550745532265864e-05,3.550745532265864e-05,7e267c0bf303542b
2,day2_n8_topk_seed43,43,188,7,False,False,True,0.8184,0.0,-0.170498,-0.06508412,-1.6041676076383737e-07,4.198999886284582e-05,4.199030445306562e-05,7e267c0bf303542b
2,day2_n8_topk_seed43,43,189,0,False,False,True,0.8172,0.0,0.008821517,-0.018626504,-6.168922794813625e-08,3.6973109672544524e-05,3.6973156966269016e-05,7e267c0bf303542b
2,day2_n8_topk_seed43,43,189,1,False,False,True,0.817,0.0,0.024764102,-0.031707875,1.4228298539364914e-07,3.711889439728111e-05,3.711917088367045e-05,7e267c0bf303542b
2,day2_n8_topk_seed43,43,189,2,False,False,True,0.8166,0.0,0.015730698,-0.0065084985,1.3401348919472866e-09,3.868208659696393e-05,3.868208659696393e-05,7e267c0bf303542b
2,day2_n8_topk_seed43,43,189,3,False,False,True,0.8146,0.0,0.038469035,0.17475851,6.660363283117476e-08,4.226321470923722e-05,4.2263269278919324e-05,7e267c0bf303542b
2,day2_n8_topk_seed43,43,189,4,False,False,True,0.8172,0.0,-0.1992815,-0.0011860956,-2.068940716526413e-07,4.5379412767942995e-05,4.537988206720911e-05,7e267c0bf303542b
2,day2_n8_topk_seed43,43,189,5,False,False,True,0.818,0.0,0.027097972,-0.0030882626,1.9214976276771267e-08,3.72670911019668e-05,3.726709837792441e-05,7e267c0bf303542b
2,day2_n8_topk_seed43,43,189,6,False,False,True,0.8178,0.0,0.026629215,-0.023807667,-1.303574919120365e-07,3.7031713873147964e-05,3.703194306581281e-05,7e267c0bf303542b
2,day2_n8_topk_seed43,43,189,7,False,False,True,0.8138,0.0,0.05776876,-0.08983366,-1.085514078624783e-08,4.042583532282151e-05,4.042583532282151e-05,7e267c0bf303542b
2,day2_n8_topk_seed43,43,190,0,False,False,True,0.8188,0.0,0.0035515905,-0.10003923,8.459004874339371e-08,3.7805657484568655e-05,3.780574843403883e-05,7e267c0bf303542b
2,day2_n8_topk_seed43,43,190,1,False,False,True,0.816,0.0,-0.15307242,0.06026905,1.205746968935273e-07,3.901019226759672e-05,3.901037780451588e-05,7e267c0bf303542b
2,day2_n8_topk_seed43,43,190,2,False,False,True,0.8134,0.0,0.10118705,0.04989687,-8.255899075493289e-08,3.85347921110224e-05,3.8534883060492575e-05,7e267c0bf303542b
2,day2_n8_topk_seed43,43,190,3,False,False,True,0.8158,0.0,-0.021933727,-0.08023931,-2.35764741063349e-08,3.79501398128923e-05,3.7950150726828724e-05,7e267c0bf303542b
2,day2_n8_topk_seed43,43,190,4,False,False,True,0.8168,0.0,0.02717718,0.0004675526,7.37051708554759e-09,3.608599217841402e-05,3.608599217841402e-05,7e267c0bf303542b
2,day2_n8_topk_seed43,43,190,5,False,False,True,0.8178,0.0,0.006486514,-0.04958996,4.527688002298191e-09,3.621547875809483e-05,3.621548239607364e-05,7e267c0bf303542b
2,day2_n8_topk_seed43,43,190,6,False,False,True,0.8174,0.0,0.0064364877,0.021747453,-9.587311211589622e-08,3.59176192432642e-05,3.5917750210501254e-05,7e267c0bf303542b
2,day2_n8_topk_seed43,43,190,7,False,False,True,0.8154,0.0,0.030167395,0.097487606,-1.581389597049565e-07,3.82656289730221e-05,3.826596002909355e-05,7e267c0bf303542b
2,day2_n8_topk_seed43,43,191,0,False,False,True,0.816,0.0,0.015467348,0.0046320604,-3.16551087564676e-08,3.7233647162793204e-05,3.723366535268724e-05,7e267c0bf303542b
2,day2_n8_topk_seed43,43,191,1,False,False,True,0.8156,0.0,0.007062733,0.1634758,-6.0578585703297e-08,3.927119541913271e-05,3.927124635083601e-05,7e267c0bf303542b
2,day2_n8_topk_seed43,43,191,2,False,False,True,0.8132,0.0,-0.1590434,-0.03697987,-9.704610448579842e-09,3.98359916289337e-05,3.9835995266912505e-05,7e267c0bf303542b
2,day2_n8_topk_seed43,43,191,3,False,False,True,0.817,0.0,0.019826282,-0.06143425,-5.026992155876542e-08,3.849279892165214e-05,3.84928316634614e-05,7e267c0bf303542b
2,day2_n8_topk_seed43,43,191,4,False,False,True,0.8156,0.0,-0.010232386,-0.021954479,-8.868918399684844e-08,3.682017995743081e-05,3.6820285458816215e-05,7e267c0bf303542b
2,day2_n8_topk_seed43,43,191,5,False,False,True,0.8168,0.0,0.018111533,0.006372879,-1.8686851177562858e-08,3.519094752846286e-05,3.5190951166441664e-05,7e267c0bf303542b
2,day2_n8_topk_seed43,43,191,6,False,False,True,0.8174,0.0,0.0072008483,0.0077485866,9.718788440693515e-09,3.5654284147312865e-05,3.565428778529167e-05,7e267c0bf303542b
2,day2_n8_topk_seed43,43,191,7,False,False,True,0.8166,0.0,0.10160702,-0.061860785,7.572903371055872e-08,3.901184390997514e-05,3.901191666955128e-05,7e267c0bf303542b
2,day2_n8_topk_seed43,43,192,0,False,False,True,0.8174,0.0,-0.033181015,0.040699888,-3.0896472935637576e-08,3.774865035666153e-05,3.774866127059795e-05,7e267c0bf303542b
2,day2_n8_topk_seed43,43,192,1,False,False,True,0.8182,0.0,-0.006759366,0.112272575,-3.612987242718191e-09,3.936673601856455e-05,3.9366732380585745e-05,7e267c0bf303542b
2,day2_n8_topk_seed43,43,192,2,False,False,True,0.8156,0.0,-0.07203833,-0.14081147,1.5286463650454607e-08,4.0003989852266386e-05,4.0003997128224e-05,7e267c0bf303542b
2,day2_n8_topk_seed43,43,192,3,False,False,True,0.8182,0.0,-0.028357847,-0.0020155287,6.33239594094448e-08,3.747750452021137e-05,3.747755545191467e-05,7e267c0bf303542b
2,day2_n8_topk_seed43,43,192,4,False,False,True,0.8164,0.0,-0.02118583,-0.0019381224,-3.347671650999473e-08,3.6900968552799895e-05,3.6900983104715124e-05,7e267c0bf303542b
2,day2_n8_topk_seed43,43,192,5,False,False,True,0.814,0.0,-0.012662745,0.02609654,-1.493453360978947e-08,3.589292828110047e-05,3.5892931919079274e-05,7e267c0bf303542b
2,day2_n8_topk_seed43,43,192,6,False,False,True,0.8176,0.0,-0.0067179906,0.00850955,7.470061547110163e-08,3.696957355714403e-05,3.696964995469898e-05,7e267c0bf303542b
2,day2_n8_topk_seed43,43,192,7,False,False,True,0.815,0.0,0.18090302,-0.042813383,-2.992361203268956e-08,4.155676288064569e-05,4.1556773794582114e-05,7e267c0bf303542b
2,day2_n8_topk_seed43,43,193,0,False,False,True,0.8158,0.0,-0.13644235,0.09017748,-4.514926033039046e-08,3.9587266655871645e-05,3.9587292121723294e-05,7e267c0bf303542b
2,day2_n8_topk_seed43,43,193,1,False,False,True,0.8136,0.0,0.023837805,-0.08672961,6.968339505419863e-08,3.8849510019645095e-05,3.8849571865284815e-05,7e267c0bf303542b
2,day2_n8_topk_seed43,43,193,2,False,False,True,0.8188,0.0,-0.0346789,-0.12114056,-9.214789287170788e-08,3.979718530899845e-05,3.9797290810383856e-05,7e267c0bf303542b
2,day2_n8_topk_seed43,43,193,3,False,False,True,0.817,0.0,-0.007191243,0.026503896,-3.162337591788855e-08,3.6473575164563954e-05,3.6473586078500375e-05,7e267c0bf303542b
2,day2_n8_topk_seed43,43,193,4,False,False,True,0.817,0.0,0.0064974553,-0.0023753534,-1.960557405311647e-08,3.763401764445007e-05,3.763402492040768e-05,7e267c0bf303542b
2,day2_n8_topk_seed43,43,193,5,False,False,True,0.8166,0.0,0.0028544609,0.005250114,5.235862232666477e-08,3.4992746805073693e-05,3.499278682284057e-05,7e267c0bf303542b
2,day2_n8_topk_seed43,43,193,6,False,False,True,0.8178,0.0,0.01313319,0.010895938,-8.524668260179169e-08,3.578647010726854e-05,3.578657560865395e-05,7e267c0bf303542b
2,day2_n8_topk_seed43,43,193,7,False,False,True,0.817,0.0,0.13198955,0.07741818,-1.5040775735997158e-07,4.002429704996757e-05,4.002458445029333e-05,7e267c0bf303542b
2,day2_n8_topk_seed43,43,194,0,False,False,True,0.815,0.0,0.0025538446,0.018300463,1.4956905047824876e-08,3.715534330694936e-05,3.715534694492817e-05,7e267c0bf303542b
2,day2_n8_topk_seed43,43,194,1,False,False,True,0.8164,0.0,0.09251936,0.028410241,4.541653808587398e-08,3.958920206059702e-05,3.958922752644867e-05,7e267c0bf303542b
2,day2_n8_topk_seed43,43,194,2,False,False,True,0.8196,0.0,-0.15648882,0.085824646,1.6596032992310938e-07,4.123056714888662e-05,4.1230901842936873e-05,7e267c0bf303542b
2,day2_n8_topk_seed43,43,194,3,False,False,True,0.8168,0.0,0.0071236975,-0.0137314005,5.867251928748374e-08,3.8726921047782525e-05,3.872696834150702e-05,7e267c0bf303542b
2,day2_n8_topk_seed43,43,194,4,False,False,True,0.8164,0.0,-0.047873687,-0.16513282,-1.0654511717334003e-09,4.050442294101231e-05,4.050442294101231e-05,7e267c0bf303542b
2,day2_n8_topk_seed43,43,194,5,False,False,True,0.8172,0.0,0.023527166,0.0054254704,-2.037301705115624e-08,3.6750596336787567e-05,3.675060361274518e-05,7e267c0bf303542b
2,day2_n8_topk_seed43,43,194,6,False,False,True,0.8158,0.0,0.018815413,-0.009097166,-5.1838398462678015e-08,3.560924596968107e-05,3.560928598744795e-05,7e267c0bf303542b
2,day2_n8_topk_seed43,43,194,7,False,False,True,0.8204,0.0,0.05982298,0.050000615,2.295493040094243e-08,3.958811066695489e-05,3.9588117942912504e-05,7e267c0bf303542b
2,day2_n8_topk_seed43,43,195,0,False,False,True,0.8174,0.0,-0.034802742,-0.006434,-7.869778073654743e-08,3.766716326936148e-05,3.766724330489524e-05,7e267c0bf303542b
2,day2_n8_topk_seed43,43,195,1,False,False,True,0.8186,0.0,-0.01935089,0.16294427,-5.844572470437015e-08,3.988504613516852e-05,3.9885093428893015e-05,7e267c0bf303542b
2,day2_n8_topk_seed43,43,195,2,False,False,True,0.8144,0.0,-0.048047874,-0.09559329,2.9328193207334152e-08,3.867706982418895e-05,3.867708073812537e-05,7e267c0bf303542b
2,day2_n8_topk_seed43,43,195,3,False,False,True,0.8174,0.0,-0.021961005,0.0018627291,-3.037851925569157e-08,3.743862544069998e-05,3.74386363546364e-05,7e267c0bf303542b
2,day2_n8_topk_seed43,43,195,4,False,False,True,0.8166,0.0,-0.03767919,-0.03092486,-6.128987450892964e-08,3.772444324567914e-05,3.772449053940363e-05,7e267c0bf303542b
2,day2_n8_topk_seed43,43,195,5,False,False,True,0.8166,0.0,-0.033096466,-0.010805424,1.5712878109752637e-08,3.494954216876067e-05,3.494954580673948e-05,7e267c0bf303542b
2,day2_n8_topk_seed43,43,195,6,False,False,True,0.817,0.0,-0.0089760395,-0.005385386,-2.9725130801239175e-08,3.630831997725181e-05,3.630833452916704e-05,7e267c0bf303542b
2,day2_n8_topk_seed43,43,195,7,False,False,True,0.8156,0.0,0.20391431,-0.01566409,-1.2997595888464275e-07,4.6687240683240816e-05,4.6687418944202363e-05,7e267c0bf303542b
2,day2_n8_topk_seed43,43,196,0,False,False,True,0.8142,0.0,0.060122993,-0.063472435,-1.3218048877661204e-07,3.8835587474750355e-05,3.883580939145759e-05,7e267c0bf303542b
2,day2_n8_topk_seed43,43,196,1,False,False,True,0.8164,0.0,0.009513399,-0.08745262,6.179578804221819e-08,3.9217262383317575e-05,3.9217313315020874e-05,7e267c0bf303542b
2,day2_n8_topk_seed43,43,196,2,False,False,True,0.8176,0.0,0.031813577,0.1542275,6.238043681605632e-08,3.9643033233005553e-05,3.964308416470885e-05,7e267c0bf303542b
2,day2_n8_topk_seed43,43,196,3,False,False,True,0.8138,0.0,0.032907885,-0.030543214,-1.0926331128757738e-07,3.76517818949651e-05,3.76519383280538e-05,7e267c0bf303542b
2,day2_n8_topk_seed43,43,196,4,False,False,True,0.8158,0.0,0.019277576,0.01253506,-1.1131059629576612e-08,3.70043380826246e-05,3.7004341720603406e-05,7e267c0bf303542b
2,day2_n8_topk_seed43,43,196,5,False,False,True,0.8162,0.0,0.028138114,-0.0028467386,-5.522283963443897e-09,3.550446854205802e-05,3.550447218003683e-05,7e267c0bf303542b
2,day2_n8_topk_seed43,43,196,6,False,False,True,0.817,0.0,0.0012850771,0.02060429,-2.919272112933413e-08,3.619508788688108e-05,3.61950951628387e-05,7e267c0bf303542b
2,day2_n8_topk_seed43,43,196,7,False,False,True,0.8158,0.0,-0.18305844,-0.0030519287,-1.0535922712051615e-07,4.195631845504977e-05,4.195645306026563e-05,7e267c0bf303542b
2,day2_n8_topk_seed43,43,197,0,False,False,True,0.8176,0.0,0.17694715,-0.04795229,3.710502483045275e-08,4.3868210923392326e-05,4.3868225475307554e-05,7e267c0bf303542b
2,day2_n8_topk_seed43,43,197,1,False,False,True,0.818,0.0,0.022718033,0.1895088,-1.8906989396327845e-07,4.299948341213167e-05,4.299990177969448e-05,7e267c0bf303542b
2,day2_n8_topk_seed43,43,197,2,False,False,True,0.8158,0.0,-0.10322123,-0.018792706,-1.2481294220378913e-07,4.279167114873417e-05,4.279185304767452e-05,7e267c0bf303542b
2,day2_n8_topk_seed43,43,197,3,False,False,True,0.8174,0.0,-0.009418781,-0.040210284,-1.2184311515284207e-07,3.852100053336471e-05,3.852119334624149e-05,7e267c0bf303542b
2,day2_n8_topk_seed43,43,197,4,False,False,True,0.8166,0.0,-0.025291484,-0.019625377,-4.697875866099821e-08,3.811454007518478e-05,3.8114569179015234e-05,7e267c0bf303542b
2,day2_n8_topk_seed43,43,197,5,False,False,True,0.8154,0.0,-0.010581126,-0.02034022,-1.600509875743228e-07,3.5613291402114555e-05,3.561365156201646e-05,7e267c0bf303542b
2,day2_n8_topk_seed43,43,197,6,False,False,True,0.8158,0.0,-0.020303527,-0.0155662345,-1.168125507433615e-07,3.615733658079989e-05,3.615752575569786e-05,7e267c0bf303542b
2,day2_n8_topk_seed43,43,197,7,False,False,True,0.8202,0.0,-0.030848978,-0.02702164,-6.186331091839747e-08,3.98891897930298e-05,3.988923708675429e-05,7e267c0bf303542b
2,day2_n8_topk_seed43,43,198,0,False,False,True,0.8172,0.0,0.037830755,0.09388627,-2.73389453298023e-08,3.8910591683816165e-05,3.891059895977378e-05,7e267c0bf303542b
2,day2_n8_topk_seed43,43,198,1,False,False,True,0.8136,0.0,0.0266641,-0.01831533,7.870565355005965e-08,3.8636906538158655e-05,3.863698657369241e-05,7e267c0bf303542b
2,day2_n8_topk_seed43,43,198,2,False,False,True,0.8182,0.0,0.024833117,0.024857229,-3.34174465876913e-08,3.766816735151224e-05,3.766818190342747e-05,7e267c0bf303542b
2,day2_n8_topk_seed43,43,198,3,False,False,True,0.813,0.0,-0.20999172,-0.004471606,-5.317751217148725e-08,4.7768182412255555e-05,4.776821151608601e-05,7e267c0bf303542b
2,day2_n8_topk_seed43,43,198,4,False,False,True,0.8166,0.0,0.023258096,0.06968217,-1.0361606683773061e-07,3.899896546499804e-05,3.8999103708192706e-05,7e267c0bf303542b
2,day2_n8_topk_seed43,43,198,5,False,False,True,0.8152,0.0,0.029701946,0.001651679,-1.729795684468627e-08,3.611114516388625e-05,3.6111148801865056e-05,7e267c0bf303542b
2,day2_n8_topk_seed43,43,198,6,False,False,True,0.8184,0.0,0.028918818,-0.02016253,1.8408531587965626e-08,3.6814544728258625e-05,3.681454836623743e-05,7e267c0bf303542b
2,day2_n8_topk_seed43,43,198,7,False,False,True,0.8132,0.0,0.03878504,-0.1471279,-3.287049521460972e-09,3.933124025934376e-05,3.933124025934376e-05,7e267c0bf303542b
2,day2_n8_topk_seed43,43,199,0,False,False,True,0.8164,0.0,0.10284514,-0.06819575,7.011285418911939e-08,3.8553298509214073e-05,3.855336763081141e-05,7e267c0bf303542b
2,day2_n8_topk_seed43,43,199,1,False,False,True,0.8164,0.0,-0.13096304,-0.11088325,1.4404941239831714e-08,3.9475897210650146e-05,3.9475897210650146e-05,7e267c0bf303542b
2,day2_n8_topk_seed43,43,199,2,False,False,True,0.8188,0.0,-0.011891664,0.023059504,2.662085130111791e-08,3.8153459172463045e-05,3.815346644842066e-05,7e267c0bf303542b
2,day2_n8_topk_seed43,43,199,3,False,False,True,0.8158,0.0,0.027588593,0.07301979,4.763861838341654e-08,3.798605393967591e-05,3.798608304350637e-05,7e267c0bf303542b
2,day2_n8_topk_seed43,43,199,4,False,False,True,0.8158,0.0,0.036358293,-0.031094272,-9.116286747712365e-08,3.758052480407059e-05,3.7580633943434805e-05,7e267c0bf303542b
2,day2_n8_topk_seed43,43,199,5,False,False,True,0.8164,0.0,0.029631956,-0.019784298,5.376570300086314e-08,3.712510078912601e-05,3.712513716891408e-05,7e267c0bf303542b
2,day2_n8_topk_seed43,43,199,6,False,False,True,0.8172,0.0,0.024161879,0.028215539,-1.3938840481841908e-07,3.7177731428528205e-05,3.7177993363002315e-05,7e267c0bf303542b
2,day2_n8_topk_seed43,43,199,7,False,False,True,0.817,0.0,-0.07773101,0.10566268,-5.366183941646341e-08,3.901904710801318e-05,3.901908712578006e-05,7e267c0bf303542b
2,day2_n8_topk_seed43,43,200,0,False,False,True,0.8162,0.0,-0.18457468,0.014707403,-2.282526025965126e-07,4.1963001422118396e-05,4.196362351649441e-05,7e267c0bf303542b
2,day2_n8_topk_seed43,43,200,1,False,False,True,0.8156,0.0,0.018823253,-0.091689624,-2.191375436666476e-08,3.8835438317619264e-05,3.883544195559807e-05,7e267c0bf303542b
2,day2_n8_topk_seed43,43,200,2,False,False,True,0.8174,0.0,0.028417662,-0.08333752,3.292317884984186e-08,3.86960273317527e-05,3.869604188366793e-05,7e267c0bf303542b
2,day2_n8_topk_seed43,43,200,3,False,False,True,0.8172,0.0,0.048128415,0.1438481,1.4840026096862857e-07,3.9509272028226405e-05,3.9509548514615744e-05,7e267c0bf303542b
2,day2_n8_topk_seed43,43,200,4,False,False,True,0.8192,0.0,0.009819114,0.023967126,-1.3524960706945421e-07,3.934200867661275e-05,3.9342241507256404e-05,7e267c0bf303542b
2,day2_n8_topk_seed43,43,200,5,False,False,True,0.8186,0.0,0.011484242,-0.008627072,1.1179171366393348e-07,3.619706694735214e-05,3.6197237932356074e-05,7e267c0bf303542b
2,day2_n8_topk_seed43,43,200,6,False,False,True,0.8168,0.0,0.0059642983,0.005730626,-6.660003748493182e-08,3.537050724844448e-05,3.53705690940842e-05,7e267c0bf303542b
2,day2_n8_topk_seed43,43,200,7,False,False,True,0.8198,0.0,0.061937585,-0.004599036,-1.4973728923450835e-08,3.877244671457447e-05,3.877244671457447e-05,7e267c0bf303542b
