day,run_name,seed,epoch,worker_id,is_malicious,is_flagged,is_accepted,validation_acc,detector_score,projection_1,projection_2,update_mean,update_std,update_rms,config_hash
2,day2_n8_softmax_seed43,43,1,0,False,False,True,0.112,0.0,580.9774,23.264282,0.0003928343066945672,0.13328015804290771,0.13328073918819427,7e267c0bf303542b
2,day2_n8_softmax_seed43,43,1,1,False,False,True,0.0968,0.0,-94.91353,-22.081282,0.00021994838607497513,0.0876808613538742,0.08768113702535629,7e267c0bf303542b
2,day2_n8_softmax_seed43,43,1,2,False,False,True,0.0898,0.0,-119.70067,415.52444,8.018188964342698e-05,0.10162036120891571,0.1016203984618187,7e267c0bf303542b
2,day2_n8_softmax_seed43,43,1,3,False,False,True,0.1104,0.0,-72.04726,-21.811422,0.0004011188866570592,0.08374685794115067,0.08374781161546707,7e267c0bf303542b
2,day2_n8_softmax_seed43,43,1,4,False,False,True,0.0968,0.0,-75.334,-52.252823,6.435463728848845e-05,0.08642847836017609,0.08642850071191788,7e267c0bf303542b
2,day2_n8_softmax_seed43,43,1,5,False,False,True,0.1164,0.0,-83.53051,-76.21693,0.00019951230206061155,0.09174611419439316,0.09174633026123047,7e267c0bf303542b
2,day2_n8_softmax_seed43,43,1,6,False,False,True,0.11,0.0,-94.61047,-211.47377,0.0006153883296065032,0.0939367264509201,0.09393873810768127,7e267c0bf303542b
2,day2_n8_softmax_seed43,43,1,7,False,False,True,0.1332,0.0,-40.84914,-54.953014,0.0004315229307394475,0.07882865518331528,0.07882983237504959,7e267c0bf303542b
2,day2_n8_softmax_seed43,43,2,0,False,False,True,0.0986,0.0,65.925705,-193.74217,-0.0005579301505349576,0.04775989428162575,0.0477631501853466,7e267c0bf303542b
2,day2_n8_softmax_seed43,43,2,1,False,False,True,0.1022,0.0,30.121754,29.283653,-0.0005512157222256064,0.02692336030304432,0.02692900411784649,7e267c0bf303542b
2,day2_n8_softmax_seed43,43,2,2,False,False,True,0.0954,0.0,19.608173,31.665066,-0.0006716017960570753,0.030309008434414864,0.030316447839140892,7e267c0bf303542b
2,day2_n8_softmax_seed43,43,2,3,False,False,True,0.0974,0.0,-261.5962,-21.367159,-0.0006756592774763703,0.05939139425754547,0.059395235031843185,7e267c0bf303542b
2,day2_n8_softmax_seed43,43,2,4,False,False,True,0.0974,0.0,41.533295,31.122412,-0.0005358902271836996,0.02363467961549759,0.02364075556397438,7e267c0bf303542b
2,day2_n8_softmax_seed43,43,2,5,False,False,True,0.102,0.0,35.519295,79.07775,-0.000448877748567611,0.03805984929203987,0.03806249797344208,7e267c0bf303542b
2,day2_n8_softmax_seed43,43,2,6,False,False,True,0.0924,0.0,23.278318,19.094658,-0.00015337821969296783,0.020193858072161674,0.020194439217448235,7e267c0bf303542b
2,day2_n8_softmax_seed43,43,2,7,False,False,True,0.0978,0.0,45.610893,24.866096,-0.00043897327850572765,0.02494332566857338,0.024947186931967735,7e267c0bf303542b
2,day2_n8_softmax_seed43,43,3,0,False,False,True,0.1064,0.0,42.999176,-13.686701,4.105097468709573e-05,0.011439433321356773,0.011439505964517593,7e267c0bf303542b
2,day2_n8_softmax_seed43,43,3,1,False,False,True,0.0958,0.0,4.613278,-3.4599624,-4.2343177483417094e-05,0.0056987483985722065,0.005698906257748604,7e267c0bf303542b
2,day2_n8_softmax_seed43,43,3,2,False,False,True,0.0962,0.0,-7.1254344,45.12995,-6.41617807559669e-05,0.011430010199546814,0.011430189944803715,7e267c0bf303542b
2,day2_n8_softmax_seed43,43,3,3,False,False,True,0.0988,0.0,-0.22206134,-1.1438043,-2.556740764703136e-05,0.0037999863270670176,0.003800072241574526,7e267c0bf303542b
2,day2_n8_softmax_seed43,43,3,4,False,False,True,0.102,0.0,-1.5224395,-1.5169692,-6.148371903691441e-05,0.004010125994682312,0.004010597709566355,7e267c0bf303542b
2,day2_n8_softmax_seed43,43,3,5,False,False,True,0.0996,0.0,-1.0653994,-2.4957035,-4.1359842725796625e-05,0.006332847289741039,0.006332982797175646,7e267c0bf303542b
2,day2_n8_softmax_seed43,43,3,6,False,False,True,0.0942,0.0,-34.144093,-27.446949,-0.00010482845391379669,0.011105794459581375,0.011106288060545921,7e267c0bf303542b
2,day2_n8_softmax_seed43,43,3,7,False,False,True,0.1154,0.0,-3.533321,4.6201015,-9.538741869619116e-05,0.008607355877757072,0.008607884868979454,7e267c0bf303542b
2,day2_n8_softmax_seed43,43,4,0,False,False,True,0.1012,0.0,3.7993174,-9.646845,-4.9299196689389646e-05,0.00347014213912189,0.003470492083579302,7e267c0bf303542b
2,day2_n8_softmax_seed43,43,4,1,False,False,True,0.116,0.0,1.559978,-4.0436525,-3.6774967156816274e-05,0.001899226219393313,0.0018995822174474597,7e267c0bf303542b
2,day2_n8_softmax_seed43,43,4,2,False,False,True,0.1118,0.0,0.30103314,-2.440166,-4.3364634620957077e-05,0.0029835584573447704,0.002983873477205634,7e267c0bf303542b
2,day2_n8_softmax_seed43,43,4,3,False,False,True,0.0998,0.0,-10.180425,7.500738,-1.6913261333684204e-06,0.0036431082990020514,0.0036431087646633387,7e267c0bf303542b
2,day2_n8_softmax_seed43,43,4,4,False,False,True,0.0958,0.0,-7.3580503,1.6331323,-1.8781447579385713e-05,0.0037208725698292255,0.003720920067280531,7e267c0bf303542b
2,day2_n8_softmax_seed43,43,4,5,False,False,True,0.1174,0.0,13.036779,11.308015,-2.7700196369551122e-05,0.004243376664817333,0.004243467468768358,7e267c0bf303542b
2,day2_n8_softmax_seed43,43,4,6,False,False,True,0.1006,0.0,2.366014,-5.1852283,-3.67824686691165e-05,0.002651816001161933,0.002652070950716734,7e267c0bf303542b
2,day2_n8_softmax_seed43,43,4,7,False,False,True,0.0956,0.0,-3.524635,0.87395215,-1.823179809434805e-05,0.002651522634550929,0.002651585265994072,7e267c0bf303542b
2,day2_n8_softmax_seed43,43,5,0,False,False,True,0.1154,0.0,5.316909,0.22461204,-5.0828250095946714e-05,0.00277553778141737,0.0027760029770433903,7e267c0bf303542b
2,day2_n8_softmax_seed43,43,5,1,False,False,True,0.1058,0.0,6.8859935,-3.7108445,3.2735426884755725e-06,0.0017060034442692995,0.0017060065874829888,7e267c0bf303542b
2,day2_n8_softmax_seed43,43,5,2,False,False,True,0.133,0.0,6.9471817,-2.6632528,-9.049815162143204e-06,0.002105408813804388,0.002105428371578455,7e267c0bf303542b
2,day2_n8_softmax_seed43,43,5,3,False,False,True,0.0988,0.0,6.2260747,-3.0823183,-1.2426889952621423e-05,0.0013826800277456641,0.0013827357906848192,7e267c0bf303542b
2,day2_n8_softmax_seed43,43,5,4,False,False,True,0.1016,0.0,6.207296,-3.5001597,-9.04335411178181e-06,0.0017319141188636422,0.001731937751173973,7e267c0bf303542b
2,day2_n8_softmax_seed43,43,5,5,False,False,True,0.0902,0.0,6.325539,-1.4291571,-1.3630649846163578e-05,0.0015829969197511673,0.001583055593073368,7e267c0bf303542b
2,day2_n8_softmax_seed43,43,5,6,False,False,True,0.11,0.0,-40.795723,-1.1889288,2.39444307226222e-05,0.009778687730431557,0.009778717532753944,7e267c0bf303542b
2,day2_n8_softmax_seed43,43,5,7,False,False,True,0.1222,0.0,2.8869586,15.350059,8.838715984893497e-06,0.003979266621172428,0.003979276400059462,7e267c0bf303542b
2,day2_n8_softmax_seed43,43,6,0,False,False,True,0.1134,0.0,2.9725637,-4.793985,-9.200368367601186e-06,0.0021920253057032824,0.0021920446306467056,7e267c0bf303542b
2,day2_n8_softmax_seed43,43,6,1,False,False,True,0.1212,0.0,3.0868587,-6.267062,-2.075248812616337e-05,0.00273967650718987,0.002739755203947425,7e267c0bf303542b
2,day2_n8_softmax_seed43,43,6,2,False,False,True,0.1426,0.0,3.9852247,-5.1589866,-1.6562775272177532e-05,0.0016373133985325694,0.001637397101148963,7e267c0bf303542b
2,day2_n8_softmax_seed43,43,6,3,False,False,True,0.1094,0.0,11.317723,22.851067,-2.764931741694454e-05,0.006044455338269472,0.006044518668204546,7e267c0bf303542b
2,day2_n8_softmax_seed43,43,6,4,False,False,True,0.1512,0.0,3.0061638,-4.3906446,-2.3175121896201745e-05,0.0014881545212119818,0.0014883350813761353,7e267c0bf303542b
2,day2_n8_softmax_seed43,43,6,5,False,False,True,0.1486,0.0,2.2228649,-4.5172143,-2.955800482595805e-05,0.0023792367428541183,0.0023794204462319613,7e267c0bf303542b
2,day2_n8_softmax_seed43,43,6,6,False,False,True,0.1386,0.0,1.8679554,-3.8392289,-2.3547685486846603e-05,0.002480986062437296,0.0024810978211462498,7e267c0bf303542b
2,day2_n8_softmax_seed43,43,6,7,False,False,True,0.1062,0.0,-28.45921,6.115936,-5.922945638303645e-05,0.006975776515901089,0.006976027507334948,7e267c0bf303542b
2,day2_n8_softmax_seed43,43,7,0,False,False,True,0.158,0.0,5.4705095,-4.65616,-1.2715683624264784e-05,0.0013961137738078833,0.001396171748638153,7e267c0bf303542b
2,day2_n8_softmax_seed43,43,7,1,False,False,True,0.092,0.0,10.557671,-0.8996901,7.886227649578359e-06,0.005356781650334597,0.005356787703931332,7e267c0bf303542b
2,day2_n8_softmax_seed43,43,7,2,False,False,True,0.1432,0.0,5.3619113,-4.559617,-1.1415065273467917e-05,0.0014001086819916964,0.0014001552481204271,7e267c0bf303542b
2,day2_n8_softmax_seed43,43,7,3,False,False,True,0.154,0.0,3.8091512,-2.5488865,-2.4628032406326383e-05,0.0015155457658693194,0.00151574588380754,7e267c0bf303542b
2,day2_n8_softmax_seed43,43,7,4,False,False,True,0.123,0.0,7.668831,-7.3013616,-1.5112409528228454e-05,0.002303633140400052,0.0023036827333271503,7e267c0bf303542b
2,day2_n8_softmax_seed43,43,7,5,False,False,True,0.1302,0.0,-36.65228,-4.271144,-3.4249096643179655e-05,0.008742890320718288,0.008742956444621086,7e267c0bf303542b
2,day2_n8_softmax_seed43,43,7,6,False,False,True,0.1496,0.0,4.638426,-1.9527894,-2.8161071895738132e-05,0.002181030809879303,0.0021812126506119967,7e267c0bf303542b
2,day2_n8_softmax_seed43,43,7,7,False,False,True,0.1506,0.0,-0.8541176,26.189573,-3.266083513153717e-05,0.006391650065779686,0.006391733419150114,7e267c0bf303542b
2,day2_n8_softmax_seed43,43,8,0,False,False,True,0.1362,0.0,2.1620986,-0.22876126,-1.6295278328470886e-05,0.0015320047968998551,0.0015320914098992944,7e267c0bf303542b
2,day2_n8_softmax_seed43,43,8,1,False,False,True,0.1526,0.0,2.2468717,0.4771497,-2.480165676388424e-05,0.0014456897042691708,0.0014459023950621486,7e267c0bf303542b
2,day2_n8_softmax_seed43,43,8,2,False,False,True,0.179,0.0,1.5986677,-0.85878754,-8.661090760142542e-06,0.0013833669945597649,0.0013833941193297505,7e267c0bf303542b
2,day2_n8_softmax_seed43,43,8,3,False,False,True,0.1818,0.0,-12.428231,5.0865793,-3.224760075681843e-05,0.0033625608775764704,0.003362715244293213,7e267c0bf303542b
2,day2_n8_softmax_seed43,43,8,4,False,False,True,0.1602,0.0,-2.203742,-9.193884,-1.1547896292540827e-06,0.0028694402426481247,0.0028694404754787683,7e267c0bf303542b
2,day2_n8_softmax_seed43,43,8,5,False,False,True,0.1356,0.0,6.0077043,7.931285,-2.763368138403166e-05,0.0026944163255393505,0.0026945581194013357,7e267c0bf303542b
2,day2_n8_softmax_seed43,43,8,6,False,False,True,0.1626,0.0,1.1356596,-2.4966233,-1.0296941582055297e-05,0.0017805732786655426,0.0017806029645726085,7e267c0bf303542b
2,day2_n8_softmax_seed43,43,8,7,False,False,True,0.1768,0.0,1.4809912,-0.7169749,-1.1824819011962973e-05,0.001395101542584598,0.0013951516011729836,7e267c0bf303542b
2,day2_n8_softmax_seed43,43,9,0,False,False,True,0.1712,0.0,8.381329,-3.0885074,-2.0528579625533894e-05,0.0022716240491718054,0.0022717169485986233,7e267c0bf303542b
2,day2_n8_softmax_seed43,43,9,1,False,False,True,0.1992,0.0,-0.13970867,1.713579,-1.3244172805570997e-05,0.0013880011392757297,0.0013880642363801599,7e267c0bf303542b
2,day2_n8_softmax_seed43,43,9,2,False,False,True,0.2016,0.0,-0.18630737,1.1196436,-1.5878611520747654e-05,0.001213510986417532,0.0012136147124692798,7e267c0bf303542b
2,day2_n8_softmax_seed43,43,9,3,False,False,True,0.1772,0.0,-0.4489304,2.3636148,-1.68990754900733e-05,0.0015448458725586534,0.001544938306324184,7e267c0bf303542b
2,day2_n8_softmax_seed43,43,9,4,False,False,True,0.2094,0.0,-1.9627827,1.7748328,-8.687526133144274e-06,0.0014839511131867766,0.001483976491726935,7e267c0bf303542b
2,day2_n8_softmax_seed43,43,9,5,False,False,True,0.2102,0.0,-0.5897721,1.2597985,-1.170950781670399e-05,0.0011963924625888467,0.0011964497389271855,7e267c0bf303542b
2,day2_n8_softmax_seed43,43,9,6,False,False,True,0.1594,0.0,-5.220376,-6.0290513,-2.4537186618545093e-05,0.0021423788275569677,0.002142519224435091,7e267c0bf303542b
2,day2_n8_softmax_seed43,43,9,7,False,False,True,0.1992,0.0,0.1665465,0.8861283,-1.512441667728126e-05,0.001265800092369318,0.0012658905470743775,7e267c0bf303542b
2,day2_n8_softmax_seed43,43,10,0,False,False,True,0.1798,0.0,3.9206636,-9.002988,-2.1970850866637193e-05,0.002476752968505025,0.0024768502917140722,7e267c0bf303542b
2,day2_n8_softmax_seed43,43,10,1,False,False,True,0.2164,0.0,-2.667338,1.1564173,-1.9945286112488247e-05,0.0016652391059324145,0.0016653584316372871,7e267c0bf303542b
2,day2_n8_softmax_seed43,43,10,2,False,False,True,0.2038,0.0,-11.548393,-1.015454,-4.314118268666789e-05,0.002933114068582654,0.0029334314167499542,7e267c0bf303542b
2,day2_n8_softmax_seed43,43,10,3,False,False,True,0.2166,0.0,1.5896404,1.508124,-1.0116984412888996e-05,0.0014183211605995893,0.0014183572493493557,7e267c0bf303542b
2,day2_n8_softmax_seed43,43,10,4,False,False,True,0.1964,0.0,1.2277108,1.212204,-1.5693398381699808e-05,0.0013128702994436026,0.001312964130192995,7e267c0bf303542b
2,day2_n8_softmax_seed43,43,10,5,False,False,True,0.2024,0.0,5.7223363,3.6147597,-7.445177743647946e-06,0.0017364616505801678,0.001736477599479258,7e267c0bf303542b
2,day2_n8_softmax_seed43,43,10,6,False,False,True,0.2258,0.0,0.5363307,1.4583294,-6.916761321917875e-06,0.0014654344413429499,0.0014654507394880056,7e267c0bf303542b
2,day2_n8_softmax_seed43,43,10,7,False,False,True,0.2188,0.0,1.2190727,1.0686407,-1.863411489466671e-05,0.0014617397682741284,0.001461858511902392,7e267c0bf303542b
2,day2_n8_softmax_seed43,43,11,0,False,False,True,0.2242,0.0,0.017432306,-0.3811967,-1.4426171219383832e-05,0.0012180767953395844,0.0012181622441858053,7e267c0bf303542b
2,day2_n8_softmax_seed43,43,11,1,False,False,True,0.2606,0.0,0.13255125,-0.26408434,-1.5912875824142247e-05,0.0011575238313525915,0.0011576332617551088,7e267c0bf303542b
2,day2_n8_softmax_seed43,43,11,2,False,False,True,0.247,0.0,0.5880544,-0.76057595,-1.3641230907524005e-05,0.0011670675594359636,0.001167147303931415,7e267c0bf303542b
2,day2_n8_softmax_seed43,43,11,3,False,False,True,0.2498,0.0,-0.051149007,-0.75108105,-1.4489342902379576e-05,0.0011545352172106504,0.0011546261375769973,7e267c0bf303542b
2,day2_n8_softmax_seed43,43,11,4,False,False,True,0.2394,0.0,-5.687937,-0.84639245,-1.89716065506218e-05,0.0017959560500457883,0.0017960561672225595,7e267c0bf303542b
2,day2_n8_softmax_seed43,43,11,5,False,False,True,0.2188,0.0,0.17660296,5.407404,-1.5369931134046055e-05,0.0016422802582383156,0.0016423523193225265,7e267c0bf303542b
2,day2_n8_softmax_seed43,43,11,6,False,False,True,0.234,0.0,4.3979135,-1.0810547,-1.5215008716040757e-05,0.0016069157281890512,0.001606987789273262,7e267c0bf303542b
2,day2_n8_softmax_seed43,43,11,7,False,False,True,0.2696,0.0,0.42653427,-1.3230268,-1.3937021321908105e-05,0.001389085897244513,0.0013891557464376092,7e267c0bf303542b
2,day2_n8_softmax_seed43,43,12,0,False,False,True,0.266,0.0,5.120142,-0.08928979,-1.3205353752709925e-05,0.001220407779328525,0.0012204792583361268,7e267c0bf303542b
2,day2_n8_softmax_seed43,43,12,1,False,False,True,0.2954,0.0,2.823771,-4.1416264,-1.2445079846656881e-05,0.0015472536906599998,0.0015473038656637073,7e267c0bf303542b
2,day2_n8_softmax_seed43,43,12,2,False,False,True,0.209,0.0,-29.695887,0.29374072,-1.0972408745146822e-05,0.00706251198425889,0.007062519900500774,7e267c0bf303542b
2,day2_n8_softmax_seed43,43,12,3,False,False,True,0.2514,0.0,5.1884828,4.4471493,-6.359919552778592e-06,0.0015334989875555038,0.0015335122589021921,7e267c0bf303542b
2,day2_n8_softmax_seed43,43,12,4,False,False,True,0.2464,0.0,3.3748,-0.28100276,-1.5035298019938637e-05,0.0012804839061573148,0.0012805721489712596,7e267c0bf303542b
2,day2_n8_softmax_seed43,43,12,5,False,False,True,0.2336,0.0,3.692758,0.08036603,-1.1937633644265588e-05,0.0011964786099269986,0.0011965380981564522,7e267c0bf303542b
2,day2_n8_softmax_seed43,43,12,6,False,False,True,0.273,0.0,4.914332,-0.39026606,-1.327889367530588e-05,0.0012038147542625666,0.0012038879794999957,7e267c0bf303542b
2,day2_n8_softmax_seed43,43,12,7,False,False,True,0.286,0.0,4.5817714,0.08088042,-1.1047377483919263e-05,0.001258139032870531,0.0012581876944750547,7e267c0bf303542b
2,day2_n8_softmax_seed43,43,13,0,False,False,True,0.2836,0.0,3.6503193,-2.1715515,-1.358338340651244e-05,0.0014739354373887181,0.0014739979524165392,7e267c0bf303542b
2,day2_n8_softmax_seed43,43,13,1,False,False,True,0.2964,0.0,-2.4645584,-3.300477,-1.470719598728465e-05,0.001472866046242416,0.0014729395043104887,7e267c0bf303542b
2,day2_n8_softmax_seed43,43,13,2,False,False,True,0.3092,0.0,-2.4693925,0.54547507,-1.0598962035146542e-05,0.0014072307385504246,0.0014072705525904894,7e267c0bf303542b
2,day2_n8_softmax_seed43,43,13,3,False,False,True,0.2894,0.0,1.2758374,0.4209157,-1.6214706192840822e-05,0.0012785567669197917,0.0012786596780642867,7e267c0bf303542b
2,day2_n8_softmax_seed43,43,13,4,False,False,True,0.3114,0.0,-1.3264734,1.2493562,-1.4626019037677906e-05,0.0013106272090226412,0.0013107088161632419,7e267c0bf303542b
2,day2_n8_softmax_seed43,43,13,5,False,False,True,0.318,0.0,0.6585809,2.1308568,-1.1970431842200924e-05,0.0012403720756992698,0.001240429817698896,7e267c0bf303542b
2,day2_n8_softmax_seed43,43,13,6,False,False,True,0.2856,0.0,-1.3565255,0.4221723,-1.4134182492853142e-05,0.0013701282441616058,0.0013702011201530695,7e267c0bf303542b
2,day2_n8_softmax_seed43,43,13,7,False,False,True,0.2696,0.0,2.032212,0.7032698,-1.6819118172861636e-05,0.001288795960135758,0.0012889057397842407,7e267c0bf303542b
2,day2_n8_softmax_seed43,43,14,0,False,False,True,0.3062,0.0,1.4653115,-1.1790228,-1.3547622074838728e-05,0.0011971888598054647,0.0011972654610872269,7e267c0bf303542b
2,day2_n8_softmax_seed43,43,14,1,False,False,True,0.3154,0.0,1.1429704,-1.0549027,-1.3834238416166045e-05,0.001178406411781907,0.0011784876696765423,7e267c0bf303542b
2,day2_n8_softmax_seed43,43,14,2,False,False,True,0.3368,0.0,0.4174649,-0.2519862,-1.1520211955939885e-05,0.0011535861995071173,0.0011536438250914216,7e267c0bf303542b
2,day2_n8_softmax_seed43,43,14,3,False,False,True,0.3006,0.0,1.6574012,3.6523523,-1.4857820133329369e-05,0.0013372196117416024,0.0013373022666200995,7e267c0bf303542b
2,day2_n8_softmax_seed43,43,14,4,False,False,True,0.2144,0.0,-5.746522,0.42688945,-1.3676003618456889e-05,0.0016394129488617182,0.0016394699923694134,7e267c0bf303542b
2,day2_n8_softmax_seed43,43,14,5,False,False,True,0.3232,0.0,1.191311,-0.2579171,-1.4715719771629665e-05,0.0012195758754387498,0.0012196647003293037,7e267c0bf303542b
2,day2_n8_softmax_seed43,43,14,6,False,False,True,0.3232,0.0,0.5174926,-0.9599859,-1.6127427443279885e-05,0.001146717113442719,0.0011468303855508566,7e267c0bf303542b
2,day2_n8_softmax_seed43,43,14,7,False,False,True,0.3188,0.0,-0.6454214,-0.37543756,-1.6564245015615597e-05,0.0011567003093659878,0.0011568190529942513,7e267c0bf303542b
2,day2_n8_softmax_seed43,43,15,0,False,False,True,0.3492,0.0,2.2334793,-0.5286866,-1.3869982467440423e-05,0.0010878831380978227,0.0010879714973270893,7e267c0bf303542b
2,day2_n8_softmax_seed43,43,15,1,False,False,True,0.339,0.0,-0.10850813,-0.3917727,-1.3059735465503763e-05,0.0011581056751310825,0.0011581792496144772,7e267c0bf303542b
2,day2_n8_softmax_seed43,43,15,2,False,False,True,0.3556,0.0,2.130341,-0.2929974,-1.3113512068230193e-05,0.0011050592875108123,0.0011051371693611145,7e267c0bf303542b
2,day2_n8_softmax_seed43,43,15,3,False,False,True,0.3248,0.0,-2.8478174,-0.40466943,-1.0105768524226733e-05,0.0014230336528271437,0.0014230696251615882,7e267c0bf303542b
2,day2_n8_softmax_seed43,43,15,4,False,False,True,0.3208,0.0,-3.1199636,0.19669524,-1.0666667549230624e-05,0.001440550317056477,0.0014405897818505764,7e267c0bf303542b
2,day2_n8_softmax_seed43,43,15,5,False,False,True,0.3002,0.0,-1.0713998,-0.7788295,-7.786430614942219e-06,0.0012459434801712632,0.0012459676945582032,7e267c0bf303542b
2,day2_n8_softmax_seed43,43,15,6,False,False,True,0.3178,0.0,0.73875505,3.14651,-1.2654208148887847e-05,0.0012185146333649755,0.0012185804080218077,7e267c0bf303542b
2,day2_n8_softmax_seed43,43,15,7,False,False,True,0.3278,0.0,2.0451202,-0.9462503,-1.1207791430933867e-05,0.0011072329943999648,0.0011072898050770164,7e267c0bf303542b
2,day2_n8_softmax_seed43,43,16,0,False,False,True,0.3256,0.0,0.51977056,-0.81756413,-1.3513656085706316e-05,0.0010872653219848871,0.0010873493738472462,7e267c0bf303542b
2,day2_n8_softmax_seed43,43,16,1,False,False,True,0.3594,0.0,1.2593033,1.1106677,-1.3565733752329834e-05,0.0011011867318302393,0.001101270318031311,7e267c0bf303542b
2,day2_n8_softmax_seed43,43,16,2,False,False,True,0.3322,0.0,0.3585033,-0.570341,-1.5098918993317056e-05,0.001079948735423386,0.0010800542077049613,7e267c0bf303542b
2,day2_n8_softmax_seed43,43,16,3,False,False,True,0.3546,0.0,-0.08956449,-0.7156741,-1.3258405488159042e-05,0.0010885699884966016,0.0010886507807299495,7e267c0bf303542b
2,day2_n8_softmax_seed43,43,16,4,False,False,True,0.3252,0.0,-4.156127,0.61470014,-1.4486211512121372e-05,0.0013475543819367886,0.0013476322637870908,7e267c0bf303542b
2,day2_n8_softmax_seed43,43,16,5,False,False,True,0.2836,0.0,0.5835465,0.9336781,-1.58725815708749e-05,0.0010936082107946277,0.0010937234619632363,7e267c0bf303542b
2,day2_n8_softmax_seed43,43,16,6,False,False,True,0.3588,0.0,0.25438917,-1.8528543,-1.6033038264140487e-05,0.0011059448588639498,0.001106061041355133,7e267c0bf303542b
2,day2_n8_softmax_seed43,43,16,7,False,False,True,0.3774,0.0,1.2701861,1.2973851,-1.0697211109800264e-05,0.0011205131886526942,0.0011205641785636544,7e267c0bf303542b
2,day2_n8_softmax_seed43,43,17,0,False,False,True,0.3534,0.0,-0.23388973,-0.8865284,-1.2606975360540673e-05,0.0010671132477000356,0.001067187637090683,7e267c0bf303542b
2,day2_n8_softmax_seed43,43,17,1,False,False,True,0.3528,0.0,-0.12945512,-0.7075809,-1.0295178071828559e-05,0.0011156295659020543,0.0011156770633533597,7e267c0bf303542b
2,day2_n8_softmax_seed43,43,17,2,False,False,True,0.356,0.0,-0.2802662,-1.0225224,-1.3460179616231471e-05,0.0010878704488277435,0.0010879536857828498,7e267c0bf303542b
2,day2_n8_softmax_seed43,43,17,3,False,False,True,0.3798,0.0,-0.3425835,-1.2396077,-1.0400393875897862e-05,0.001108098542317748,0.0011081473203375936,7e267c0bf303542b
2,day2_n8_softmax_seed43,43,17,4,False,False,True,0.36,0.0,6.1355495,1.6702633,-9.674581633589696e-06,0.001712996163405478,0.0017130234045907855,7e267c0bf303542b
2,day2_n8_softmax_seed43,43,17,5,False,False,True,0.3568,0.0,-0.66246766,-0.62975407,-1.4456503777182661e-05,0.0010615703649818897,0.0010616688523441553,7e267c0bf303542b
2,day2_n8_softmax_seed43,43,17,6,False,False,True,0.3096,0.0,-3.8574398,3.0678656,-1.0465564628248103e-05,0.0013949930435046554,0.001395032275468111,7e267c0bf303542b
2,day2_n8_softmax_seed43,43,17,7,False,False,True,0.3222,0.0,-0.6294678,-0.2521719,-1.2652970326598734e-05,0.0011372696608304977,0.001137340092100203,7e267c0bf303542b
2,day2_n8_softmax_seed43,43,18,0,False,False,True,0.373,0.0,-0.048371434,-1.1190665,-1.2946436982019804e-05,0.001094055245630443,0.0010941317304968834,7e267c0bf303542b
2,day2_n8_softmax_seed43,43,18,1,False,False,True,0.3726,0.0,0.018051445,0.026745126,-1.3378527910390403e-05,0.001083341077901423,0.00108342373277992,7e267c0bf303542b
2,day2_n8_softmax_seed43,43,18,2,False,False,True,0.3834,0.0,0.0815538,2.358333,-1.0777520401461516e-05,0.0010999121004715562,0.0010999649530276656,7e267c0bf303542b
2,day2_n8_softmax_seed43,43,18,3,False,False,True,0.3742,0.0,2.9504123,-0.5187028,-1.0584883057163097e-05,0.0011429728474467993,0.0011430217418819666,7e267c0bf303542b
2,day2_n8_softmax_seed43,43,18,4,False,False,True,0.38,0.0,-0.43605226,0.039952178,-1.296218852075981e-05,0.0010773263638839126,0.0010774042457342148,7e267c0bf303542b
2,day2_n8_softmax_seed43,43,18,5,False,False,True,0.3666,0.0,-0.70849025,0.36127362,-1.2677923223236576e-05,0.001086240983568132,0.0010863150237128139,7e267c0bf303542b
2,day2_n8_softmax_seed43,43,18,6,False,False,True,0.346,0.0,-1.202172,-1.4703093,-1.5717316273367032e-05,0.0010963728418573737,0.0010964854154735804,7e267c0bf303542b
2,day2_n8_softmax_seed43,43,18,7,False,False,True,0.373,0.0,-0.6549331,0.32177702,-1.2740530110022519e-05,0.0010880166664719582,0.0010880912886932492,7e267c0bf303542b
2,day2_n8_softmax_seed43,43,19,0,False,False,True,0.3668,0.0,-2.2742774,1.1304884,-1.2449156201910228e-05,0.0011707103112712502,0.0011707765515893698,7e267c0bf303542b
2,day2_n8_softmax_seed43,43,19,1,False,False,True,0.4068,0.0,-0.13875885,0.34952858,-1.0603882401483133e-05,0.0010776111157611012,0.0010776632698252797,7e267c0bf303542b
2,day2_n8_softmax_seed43,43,19,2,False,False,True,0.3706,0.0,0.43704742,0.19122708,-1.2542058357212227e-05,0.0010775248520076275,0.0010775979608297348,7e267c0bf303542b
2,day2_n8_softmax_seed43,43,19,3,False,False,True,0.3708,0.0,1.1171919,1.9396994,-9.70935434452258e-06,0.0011424173135310411,0.0011424585245549679,7e267c0bf303542b
2,day2_n8_softmax_seed43,43,19,4,False,False,True,0.403,0.0,1.4536221,-2.1694388,-1.1301622180326376e-05,0.0011359637137502432,0.0011360198259353638,7e267c0bf303542b
2,day2_n8_softmax_seed43,43,19,5,False,False,True,0.3744,0.0,1.2864363,-0.21010181,-1.2545618119474966e-05,0.0011062537087127566,0.0011063248384743929,7e267c0bf303542b
2,day2_n8_softmax_seed43,43,19,6,False,False,True,0.3136,0.0,-2.448454,-1.4893064,-1.0695047421904746e-05,0.001183825545012951,0.001183873857371509,7e267c0bf303542b
2,day2_n8_softmax_seed43,43,19,7,False,False,True,0.4082,0.0,0.5671927,0.2579055,-1.078861350833904e-05,0.0010950369760394096,0.0010950900614261627,7e267c0bf303542b
2,day2_n8_softmax_seed43,43,20,0,False,False,True,0.3894,0.0,0.76127595,0.258639,-1.2540864190668799e-05,0.0010709312045946717,0.0010710046626627445,7e267c0bf303542b
2,day2_n8_softmax_seed43,43,20,1,False,False,True,0.3798,0.0,-0.9564217,-0.39210814,-1.4200982150214259e-05,0.0011031866306439042,0.0011032779002562165,7e267c0bf303542b
2,day2_n8_softmax_seed43,43,20,2,False,False,True,0.3806,0.0,-1.864753,-1.9957844,-1.2932094250572845e-05,0.0011103866854682565,0.0011104620061814785,7e267c0bf303542b
2,day2_n8_softmax_seed43,43,20,3,False,False,True,0.4082,0.0,-0.8672752,1.8490235,-1.3216526895121206e-05,0.0010987527202814817,0.0010988322319462895,7e267c0bf303542b
2,day2_n8_softmax_seed43,43,20,4,False,False,True,0.4066,0.0,0.09778951,0.15403107,-1.3412278349278495e-05,0.0010767935309559107,0.0010768770007416606,7e267c0bf303542b
2,day2_n8_softmax_seed43,43,20,5,False,False,True,0.353,0.0,0.050617415,0.69820493,-1.1993844054813962e-05,0.0010720350546762347,0.001072102109901607,7e267c0bf303542b
2,day2_n8_softmax_seed43,43,20,6,False,False,True,0.3902,0.0,0.48485565,0.78948605,-1.3159332411305513e-05,0.0010650262702256441,0.0010651076445356011,7e267c0bf303542b
2,day2_n8_softmax_seed43,43,20,7,False,False,True,0.388,0.0,2.2939117,-1.3614911,-1.1947885468543973e-05,0.0011052988702431321,0.001105363480746746,7e267c0bf303542b
2,day2_n8_softmax_seed43,43,21,0,False,False,True,0.393,0.0,2.466963,2.0986314,-1.279503612749977e-05,0.0011410699225962162,0.0011411417508497834,7e267c0bf303542b
2,day2_n8_softmax_seed43,43,21,1,False,False,True,0.3904,0.0,-2.3326986,2.0122626,-1.197082019643858e-05,0.0011305537773296237,0.0011306171072646976,7e267c0bf303542b
2,day2_n8_softmax_seed43,43,21,2,False,False,True,0.4144,0.0,0.6037429,-0.9117709,-1.1593697308853734e-05,0.001090963021852076,0.0010910247219726443,7e267c0bf303542b
2,day2_n8_softmax_seed43,43,21,3,False,False,True,0.4036,0.0,-0.22905645,0.018625924,-1.0855580512725282e-05,0.0010607169242575765,0.0010607725707814097,7e267c0bf303542b
2,day2_n8_softmax_seed43,43,21,4,False,False,True,0.4182,0.0,-1.6055759,-0.61526424,-9.211245014739688e-06,0.0011152230435982347,0.001115261111408472,7e267c0bf303542b
2,day2_n8_softmax_seed43,43,21,5,False,False,True,0.4004,0.0,0.73758984,-0.66399837,-1.2214462003612425e-05,0.0010862861527130008,0.0010863547213375568,7e267c0bf303542b
2,day2_n8_softmax_seed43,43,21,6,False,False,True,0.4042,0.0,0.019691883,-0.72334003,-1.3403845514403656e-05,0.0010905639501288533,0.001090646255761385,7e267c0bf303542b
2,day2_n8_softmax_seed43,43,21,7,False,False,True,0.3908,0.0,0.33934385,-1.2151505,-1.5049182366055902e-05,0.0010964460670948029,0.0010965494439005852,7e267c0bf303542b
2,day2_n8_softmax_seed43,43,22,0,False,False,True,0.3948,0.0,-0.50186884,-1.3573897,-1.1368210834916681e-05,0.001092751044780016,0.001092810183763504,7e267c0bf303542b
2,day2_n8_softmax_seed43,43,22,1,False,False,True,0.3846,0.0,-0.8923661,-0.275106,-1.230638190463651e-05,0.001080610672943294,0.0010806807549670339,7e267c0bf303542b
2,day2_n8_softmax_seed43,43,22,2,False,False,True,0.4074,0.0,-0.7630544,-0.30448204,-1.1103581528004725e-05,0.0010771563975140452,0.001077213673852384,7e267c0bf303542b
2,day2_n8_softmax_seed43,43,22,3,False,False,True,0.4068,0.0,0.7526028,-0.21470703,-1.0752107300504576e-05,0.0011081600096076727,0.0011082121636718512,7e267c0bf303542b
2,day2_n8_softmax_seed43,43,22,4,False,False,True,0.4188,0.0,-0.116931714,3.007821,-1.0032264981418848e-05,0.0011013373732566833,0.0011013831244781613,7e267c0bf303542b
2,day2_n8_softmax_seed43,43,22,5,False,False,True,0.3918,0.0,3.4162858,-0.2953536,-1.2857639376306906e-05,0.0011837879428640008,0.0011838579084724188,7e267c0bf303542b
2,day2_n8_softmax_seed43,43,22,6,False,False,True,0.4352,0.0,-0.7887042,-0.8099357,-1.2478437383833807e-05,0.0010954117169603705,0.0010954829631373286,7e267c0bf303542b
2,day2_n8_softmax_seed43,43,22,7,False,False,True,0.4164,0.0,-1.1059657,0.2491501,-1.3461626622301992e-05,0.0010813872795552015,0.001081470982171595,7e267c0bf303542b
2,day2_n8_softmax_seed43,43,23,0,False,False,True,0.4298,0.0,0.8203558,0.2629155,-1.157057977252407e-05,0.0010842183837667108,0.001084280083887279,7e267c0bf303542b
2,day2_n8_softmax_seed43,43,23,1,False,False,True,0.4202,0.0,-1.0110176,0.67416143,-1.3348917491384782e-05,0.0011005585547536612,0.0011006395798176527,7e267c0bf303542b
2,day2_n8_softmax_seed43,43,23,2,False,False,True,0.428,0.0,0.4292567,-0.4496767,-1.2134732969570905e-05,0.0010744177270680666,0.0010744862956926227,7e267c0bf303542b
2,day2_n8_softmax_seed43,43,23,3,False,False,True,0.3724,0.0,0.011745634,-3.2135665,-1.4443353393289726e-05,0.0011320627527311444,0.0011321549536660314,7e267c0bf303542b
2,day2_n8_softmax_seed43,43,23,4,False,False,True,0.4234,0.0,0.15258363,0.4990494,-1.1185336916241795e-05,0.0010717358672991395,0.0010717943077906966,7e267c0bf303542b
2,day2_n8_softmax_seed43,43,23,5,False,False,True,0.3888,0.0,-2.166745,1.129146,-1.546107705507893e-05,0.001135665806941688,0.0011357711628079414,7e267c0bf303542b
2,day2_n8_softmax_seed43,43,23,6,False,False,True,0.3886,0.0,-1.1916082,0.04289133,-1.4557124814018607e-05,0.0010986500419676304,0.001098746433854103,7e267c0bf303542b
2,day2_n8_softmax_seed43,43,23,7,False,False,True,0.4196,0.0,2.9554276,1.0550784,-1.2935055565321818e-05,0.001154234167188406,0.0011543066939339042,7e267c0bf303542b
2,day2_n8_softmax_seed43,43,24,0,False,False,True,0.4248,0.0,-0.7867378,-0.5738677,-7.85365318733966e-06,0.0010903453221544623,0.0010903734946623445,7e267c0bf303542b
2,day2_n8_softmax_seed43,43,24,1,False,False,True,0.401,0.0,3.5684824,0.75320995,-7.91848015069263e-06,0.0011593615636229515,0.0011593886883929372,7e267c0bf303542b
2,day2_n8_softmax_seed43,43,24,2,False,False,True,0.4258,0.0,-0.5281452,-0.39477283,-9.89783166005509e-06,0.001059944392181933,0.0010599906090646982,7e267c0bf303542b
2,day2_n8_softmax_seed43,43,24,3,False,False,True,0.4254,0.0,-1.3171394,3.1262257,-1.0693348485801835e-05,0.0011199836153537035,0.0011200346052646637,7e267c0bf303542b
2,day2_n8_softmax_seed43,43,24,4,False,False,True,0.4214,0.0,-0.57415324,-0.8783352,-1.0625344657455571e-05,0.0010886448435485363,0.0010886967647820711,7e267c0bf303542b
2,day2_n8_softmax_seed43,43,24,5,False,False,True,0.4328,0.0,-0.3525173,-0.3773219,-1.0169927918468602e-05,0.00106814072933048,0.0010681890416890383,7e267c0bf303542b
2,day2_n8_softmax_seed43,43,24,6,False,False,True,0.4242,0.0,0.20714001,-0.5340909,-1.220569720317144e-05,0.0010872584534808993,0.0010873269056901336,7e267c0bf303542b
2,day2_n8_softmax_seed43,43,24,7,False,False,True,0.435,0.0,-0.21693395,-1.1210523,-1.0483787264092825e-05,0.001089848461560905,0.001089898869395256,7e267c0bf303542b
2,day2_n8_softmax_seed43,43,25,0,False,False,True,0.415,0.0,3.5678513,1.2382343,-9.35453954298282e-06,0.0011794687015935779,0.0011795058380812407,7e267c0bf303542b
2,day2_n8_softmax_seed43,43,25,1,False,False,True,0.4346,0.0,0.016246682,-1.2212497,-1.3704207049158867e-05,0.00109718122985214,0.0010972669115290046,7e267c0bf303542b
2,day2_n8_softmax_seed43,43,25,2,False,False,True,0.404,0.0,-0.10622442,-1.2881,-1.2639906344702467e-05,0.0010993097675964236,0.0010993825271725655,7e267c0bf303542b
2,day2_n8_softmax_seed43,43,25,3,False,False,True,0.4378,0.0,-0.2502658,-0.5318504,-1.0849161299120169e-05,0.0010782127501443028,0.0010782672325149179,7e267c0bf303542b
2,day2_n8_softmax_seed43,43,25,4,False,False,True,0.4432,0.0,-0.26360065,-0.7124957,-1.279688240174437e-05,0.001094143488444388,0.0010942183434963226,7e267c0bf303542b
2,day2_n8_softmax_seed43,43,25,5,False,False,True,0.4258,0.0,-0.77234226,-0.28662017,-9.381597919855267e-06,0.0010983649408444762,0.0010984048712998629,7e267c0bf303542b
2,day2_n8_softmax_seed43,43,25,6,False,False,True,0.4322,0.0,-1.6743051,3.1353495,-1.1600576726777945e-05,0.0011381040094420314,0.0011381632648408413,7e267c0bf303542b
2,day2_n8_softmax_seed43,43,25,7,False,False,True,0.4518,0.0,-0.5173619,-0.33327278,-8.17511863715481e-06,0.0010892970021814108,0.0010893276194110513,7e267c0bf303542b
2,day2_n8_softmax_seed43,43,26,0,False,False,True,0.4404,0.0,-1.5655448,2.4399493,-1.2168175999249797e-05,0.0011432272149249911,0.001143291941843927,7e267c0bf303542b
2,day2_n8_softmax_seed43,43,26,1,False,False,True,0.4332,0.0,-0.27554646,-0.08756031,-9.608400432625785e-06,0.0010752720991149545,0.0010753150563687086,7e267c0bf303542b
2,day2_n8_softmax_seed43,43,26,2,False,False,True,0.4188,0.0,3.8885922,-0.036756244,-9.410575330548454e-06,0.0011924419086426497,0.0011924790451303124,7e267c0bf303542b
2,day2_n8_softmax_seed43,43,26,3,False,False,True,0.445,0.0,-0.3880518,0.17544137,-1.1655533853627276e-05,0.0011036967625841498,0.0011037583462893963,7e267c0bf303542b
2,day2_n8_softmax_seed43,43,26,4,False,False,True,0.4306,0.0,0.15111023,0.34478444,-1.1997131878160872e-05,0.0011262933257967234,0.0011263572378084064,7e267c0bf303542b
2,day2_n8_softmax_seed43,43,26,5,False,False,True,0.4386,0.0,-1.2406594,-3.2483997,-1.2537690054159611e-05,0.0011550452327355742,0.0011551132192835212,7e267c0bf303542b
2,day2_n8_softmax_seed43,43,26,6,False,False,True,0.4492,0.0,-0.34944263,-0.11957564,-9.542733096168377e-06,0.001102594193071127,0.0011026355205103755,7e267c0bf303542b
2,day2_n8_softmax_seed43,43,26,7,False,False,True,0.4548,0.0,-0.22046149,0.53212047,-1.277466526516946e-05,0.0010897894389927387,0.0010898644104599953,7e267c0bf303542b
2,day2_n8_softmax_seed43,43,27,0,False,False,True,0.4364,0.0,-2.841789,2.2144036,-1.528307984699495e-05,0.0011498893145471811,0.0011499908287078142,7e267c0bf303542b
2,day2_n8_softmax_seed43,43,27,1,False,False,True,0.4674,0.0,-0.03815377,-0.76877147,-1.0088591807289049e-05,0.0010657235980033875,0.0010657714447006583,7e267c0bf303542b
2,day2_n8_softmax_seed43,43,27,2,False,False,True,0.4406,0.0,0.20435002,-0.69645554,-1.1797503248089924e-05,0.0010941823711618781,0.0010942460503429174,7e267c0bf303542b
2,day2_n8_softmax_seed43,43,27,3,False,False,True,0.442,0.0,-0.0381537,-0.17341751,-9.830031558522023e-06,0.0010864883661270142,0.001086532836779952,7e267c0bf303542b
2,day2_n8_softmax_seed43,43,27,4,False,False,True,0.3982,0.0,3.086855,2.047377,-1.1332937901897822e-05,0.001134671038016677,0.0011347276158630848,7e267c0bf303542b
2,day2_n8_softmax_seed43,43,27,5,False,False,True,0.4538,0.0,0.26448658,-0.4194071,-1.2279250768187921e-05,0.0010726595064625144,0.001072729704901576,7e267c0bf303542b
2,day2_n8_softmax_seed43,43,27,6,False,False,True,0.4354,0.0,-0.09270898,-2.234904,-1.239716038980987e-05,0.001106085954234004,0.0011061554541811347,7e267c0bf303542b
2,day2_n8_softmax_seed43,43,27,7,False,False,True,0.4434,0.0,-0.54488564,0.031170841,-1.0735704563558102e-05,0.0010905235540121794,0.0010905764065682888,7e267c0bf303542b
2,day2_n8_softmax_seed43,43,28,0,False,False,True,0.4308,0.0,-1.6641759,-2.7986007,-9.549379683448933e-06,0.00113206566311419,0.0011321059428155422,7e267c0bf303542b
2,day2_n8_softmax_seed43,43,28,1,False,False,True,0.471,0.0,-0.46151447,0.5775797,-1.0952057891699951e-05,0.0010645107831805944,0.0010645671281963587,7e267c0bf303542b
2,day2_n8_softmax_seed43,43,28,2,False,False,True,0.4642,0.0,-0.34295106,0.6798146,-1.2535610039776657e-05,0.001083701616153121,0.0010837741428986192,7e267c0bf303542b
2,day2_n8_softmax_seed43,43,28,3,False,False,True,0.4488,0.0,4.4279428,-0.7459581,-1.095876723411493e-05,0.0012660427019000053,0.0012660901993513107,7e267c0bf303542b
2,day2_n8_softmax_seed43,43,28,4,False,False,True,0.4594,0.0,-0.1132444,0.95899725,-1.1166259355377406e-05,0.0010900624329224229,0.00109011959284544,7e267c0bf303542b
2,day2_n8_softmax_seed43,43,28,5,False,False,True,0.473,0.0,-0.7325434,-1.2170706,-7.992761311470531e-06,0.001091070007532835,0.0010910992277786136,7e267c0bf303542b
2,day2_n8_softmax_seed43,43,28,6,False,False,True,0.4574,0.0,-0.6815061,2.15629,-1.2259013601578772e-05,0.0011137434048578143,0.001113810809329152,7e267c0bf303542b
2,day2_n8_softmax_seed43,43,28,7,False,False,True,0.4516,0.0,-0.4320128,0.3889498,-1.0838998605322558e-05,0.0010918303159996867,0.0010918840998783708,7e267c0bf303542b
2,day2_n8_softmax_seed43,43,29,0,False,False,True,0.4536,0.0,3.563887,0.37179944,-9.132386367127765e-06,0.001137050800025463,0.0011370874708518386,7e267c0bf303542b
2,day2_n8_softmax_seed43,43,29,1,False,False,True,0.4598,0.0,-0.632478,0.7696597,-1.0124189429916441e-05,0.0010828044032678008,0.0010828517843037844,7e267c0bf303542b
2,day2_n8_softmax_seed43,43,29,2,False,False,True,0.4474,0.0,-0.9580874,-2.69774,-1.0353591278544627e-05,0.0011007458670064807,0.0011007944121956825,7e267c0bf303542b
2,day2_n8_softmax_seed43,43,29,3,False,False,True,0.4806,0.0,-0.2835335,0.19901109,-1.1007457032974344e-05,0.0010824431665241718,0.0010824991622939706,7e267c0bf303542b
2,day2_n8_softmax_seed43,43,29,4,False,False,True,0.4168,0.0,-0.18072577,1.7969651,-9.521982974547427e-06,0.0010967360576614738,0.0010967775015160441,7e267c0bf303542b
2,day2_n8_softmax_seed43,43,29,5,False,False,True,0.427,0.0,-1.5028613,1.3410933,-9.601601959730033e-06,0.0010954324388876557,0.0010954744648188353,7e267c0bf303542b
2,day2_n8_softmax_seed43,43,29,6,False,False,True,0.4704,0.0,0.63691187,-1.6964651,-9.946674254024401e-06,0.0011050766333937645,0.001105121336877346,7e267c0bf303542b
2,day2_n8_softmax_seed43,43,29,7,False,False,True,0.4478,0.0,-0.6431133,-0.08432513,-1.0068109986605123e-05,0.001092142192646861,0.0010921885259449482,7e267c0bf303542b
2,day2_n8_softmax_seed43,43,30,0,False,False,True,0.4612,0.0,0.68337286,-0.566397,-8.3124405136914e-06,0.0011047696461901069,0.0011048008454963565,7e267c0bf303542b
2,day2_n8_softmax_seed43,43,30,1,False,False,True,0.4558,0.0,-1.0952206,0.60545856,-1.2085821254004259e-05,0.0011027088621631265,0.001102775102481246,7e267c0bf303542b
2,day2_n8_softmax_seed43,43,30,2,False,False,True,0.4664,0.0,0.14627258,-0.13329625,-8.87922851688927e-06,0.0010797525756061077,0.0010797891300171614,7e267c0bf303542b
2,day2_n8_softmax_seed43,43,30,3,False,False,True,0.4698,0.0,2.4849586,0.11792516,-1.1797625120379962e-05,0.001117806532420218,0.0011178688146173954,7e267c0bf303542b
2,day2_n8_softmax_seed43,43,30,4,False,False,True,0.4882,0.0,-0.58518654,3.4293194,-1.0383928383816965e-05,0.0011215851409360766,0.0011216332204639912,7e267c0bf303542b
2,day2_n8_softmax_seed43,43,30,5,False,False,True,0.4638,0.0,1.6110197,-1.1328045,-1.087067630578531e-05,0.0011108503676950932,0.001110903569497168,7e267c0bf303542b
2,day2_n8_softmax_seed43,43,30,6,False,False,True,0.462,0.0,-2.4859152,-1.6486931,-1.2621448149729986e-05,0.0011102556018158793,0.0011103273136541247,7e267c0bf303542b
2,day2_n8_softmax_seed43,43,30,7,False,False,True,0.4778,0.0,-0.75930196,-0.67151225,-9.628972293285187e-06,0.0010853185085579753,0.0010853612329810858,7e267c0bf303542b
2,day2_n8_softmax_seed43,43,31,0,False,False,True,0.4622,0.0,0.50245124,0.9249715,-1.034185061143944e-05,0.0011026019928976893,0.0011026505380868912,7e267c0bf303542b
2,day2_n8_softmax_seed43,43,31,1,False,False,True,0.4808,0.0,1.7130749,1.0794983,-1.011387757898774e-05,0.0011083688586950302,0.0011084150755777955,7e267c0bf303542b
2,day2_n8_softmax_seed43,43,31,2,False,False,True,0.4762,0.0,-0.08939068,0.27457026,-8.430960406258237e-06,0.0010965523542836308,0.0010965848341584206,7e267c0bf303542b
2,day2_n8_softmax_seed43,43,31,3,False,False,True,0.4784,0.0,-0.19385022,-3.619006,-1.3090386346448213e-05,0.0011215484701097012,0.0011216248385608196,7e267c0bf303542b
2,day2_n8_softmax_seed43,43,31,4,False,False,True,0.4736,0.0,-0.017823081,-0.083383866,-1.0577106877462938e-05,0.0011015667114406824,0.001101617468520999,7e267c0bf303542b
2,day2_n8_softmax_seed43,43,31,5,False,False,True,0.4604,0.0,2.0520675,0.5177019,-8.867559699865524e-06,0.0011172479717060924,0.001117283129133284,7e267c0bf303542b
2,day2_n8_softmax_seed43,43,31,6,False,False,True,0.4862,0.0,-0.8317624,-0.5279447,-1.1759354492824059e-05,0.0010995001066476107,0.0010995629709213972,7e267c0bf303542b
2,day2_n8_softmax_seed43,43,31,7,False,False,True,0.47,0.0,-3.134767,1.4335948,-7.468328931281576e-06,0.0011220896849408746,0.0011221145978197455,7e267c0bf303542b
2,day2_n8_softmax_seed43,43,32,0,False,False,True,0.4604,0.0,-0.7386041,-1.1638836,-9.785284419194795e-06,0.001132751116529107,0.001132793491706252,7e267c0bf303542b
2,day2_n8_softmax_seed43,43,32,1,False,False,True,0.437,0.0,3.7593617,1.5454925,-1.0874208783206996e-05,0.0011500410037115216,0.0011500923428684473,7e267c0bf303542b
2,day2_n8_softmax_seed43,43,32,2,False,False,True,0.4664,0.0,-1.9430157,3.3798232,-8.83865050127497e-06,0.0011435695923864841,0.0011436035856604576,7e267c0bf303542b
2,day2_n8_softmax_seed43,43,32,3,False,False,True,0.4724,0.0,-0.90923077,0.029524447,-5.831784164911369e-06,0.0011213787365704775,0.001121393870562315,7e267c0bf303542b
2,day2_n8_softmax_seed43,43,32,4,False,False,True,0.4922,0.0,-0.29914626,-0.77093726,-9.828227121033706e-06,0.0011009940644726157,0.0011010378366336226,7e267c0bf303542b
2,day2_n8_softmax_seed43,43,32,5,False,False,True,0.4806,0.0,0.23463179,-1.0350484,-8.247950972872786e-06,0.0011091739870607853,0.0011092047207057476,7e267c0bf303542b
2,day2_n8_softmax_seed43,43,32,6,False,False,True,0.4728,0.0,0.29666063,-1.2316964,-1.1484579772513825e-05,0.0011245452333241701,0.001124603790231049,7e267c0bf303542b
2,day2_n8_softmax_seed43,43,32,7,False,False,True,0.4958,0.0,-0.4006553,-0.7532829,-7.724913302809e-06,0.0011123842559754848,0.0011124111479148269,7e267c0bf303542b
2,day2_n8_softmax_seed43,43,33,0,False,False,True,0.4638,0.0,1.0050588,-0.81135726,-1.3597406905319076e-05,0.0011346336686983705,0.0011347151594236493,7e267c0bf303542b
2,day2_n8_softmax_seed43,43,33,1,False,False,True,0.4856,0.0,0.77729934,1.1479386,-1.1562621693883557e-05,0.0011191784869879484,0.0011192382080480456,7e267c0bf303542b
2,day2_n8_softmax_seed43,43,33,2,False,False,True,0.4582,0.0,-0.2176452,0.92554575,-1.1327071661071386e-05,0.0011310570407658815,0.001131113851442933,7e267c0bf303542b
2,day2_n8_softmax_seed43,43,33,3,False,False,True,0.466,0.0,0.9171095,-2.2609403,-1.2478738426580094e-05,0.0011429742444306612,0.0011430424638092518,7e267c0bf303542b
2,day2_n8_softmax_seed43,43,33,4,False,False,True,0.4664,0.0,-4.4166293,-0.7230744,-1.301874544878956e-05,0.001225359970703721,0.001225429237820208,7e267c0bf303542b
2,day2_n8_softmax_seed43,43,33,5,False,False,True,0.4754,0.0,0.16893832,2.9250302,-1.1334089322190266e-05,0.0011340008350089192,0.001134057529270649,7e267c0bf303542b
2,day2_n8_softmax_seed43,43,33,6,False,False,True,0.4898,0.0,1.1119169,-1.5345353,-1.4340113921207376e-05,0.0011325362138450146,0.0011326271342113614,7e267c0bf303542b
2,day2_n8_softmax_seed43,43,33,7,False,False,True,0.4844,0.0,0.6539545,0.3313884,-1.1804848327301443e-05,0.0011137599358335137,0.0011138224508613348,7e267c0bf303542b
2,day2_n8_softmax_seed43,43,34,0,False,False,True,0.487,0.0,0.6782337,-1.0509372,-1.2006623364868574e-05,0.0011374752502888441,0.001137538580223918,7e267c0bf303542b
2,day2_n8_softmax_seed43,43,34,1,False,False,True,0.501,0.0,-1.4559984,-0.39716092,-9.040192708198447e-06,0.001122727058827877,0.0011227634968236089,7e267c0bf303542b
2,day2_n8_softmax_seed43,43,34,2,False,False,True,0.501,0.0,0.32805064,-0.9183106,-9.488591786066536e-06,0.0011343142250552773,0.0011343539226800203,7e267c0bf303542b
2,day2_n8_softmax_seed43,43,34,3,False,False,True,0.4716,0.0,2.797147,2.3283887,-1.0999430742231198e-05,0.0011747241951525211,0.0011747756507247686,7e267c0bf303542b
2,day2_n8_softmax_seed43,43,34,4,False,False,True,0.504,0.0,-1.0040902,0.7361906,-6.962152383493958e-06,0.001133894082158804,0.0011339153861626983,7e267c0bf303542b
2,day2_n8_softmax_seed43,43,34,5,False,False,True,0.4968,0.0,-2.9251652,1.7983822,-7.092913165251957e-06,0.0011647111969068646,0.0011647327337414026,7e267c0bf303542b
2,day2_n8_softmax_seed43,43,34,6,False,False,True,0.487,0.0,0.27176607,-3.0755427,-7.92499486124143e-06,0.001159508596174419,0.0011595357209444046,7e267c0bf303542b
2,day2_n8_softmax_seed43,43,34,7,False,False,True,0.505,0.0,1.3100604,0.57899016,-1.0542848940531258e-05,0.0011467632139101624,0.0011468116426840425,7e267c0bf303542b
2,day2_n8_softmax_seed43,43,35,0,False,False,True,0.486,0.0,-0.10056367,0.14854105,-1.0512046173971612e-05,0.001137223094701767,0.0011372717563062906,7e267c0bf303542b
2,day2_n8_softmax_seed43,43,35,1,False,False,True,0.5022,0.0,0.32839453,-0.19501375,-1.1808105227828491e-05,0.0011207557981833816,0.001120818080380559,7e267c0bf303542b
2,day2_n8_softmax_seed43,43,35,2,False,False,True,0.4898,0.0,1.2975596,0.41301584,-9.66150764725171e-06,0.0011366797843948007,0.0011367208790034056,7e267c0bf303542b
2,day2_n8_softmax_seed43,43,35,3,False,False,True,0.5024,0.0,-4.212601,0.18149124,-9.580782716511749e-06,0.0011789466952905059,0.001178985694423318,7e267c0bf303542b
2,day2_n8_softmax_seed43,43,35,4,False,False,True,0.5142,0.0,1.2071208,0.038158108,-7.213511707959697e-06,0.0011360511416569352,0.0011360740754753351,7e267c0bf303542b
2,day2_n8_softmax_seed43,43,35,5,False,False,True,0.4608,0.0,0.5803983,-2.3315728,-1.0588558325252961e-05,0.0011463852133601904,0.0011464342242106795,7e267c0bf303542b
2,day2_n8_softmax_seed43,43,35,6,False,False,True,0.4918,0.0,0.28981242,-1.7194254,-8.276108928839676e-06,0.0011447906726971269,0.0011448205914348364,7e267c0bf303542b
2,day2_n8_softmax_seed43,43,35,7,False,False,True,0.488,0.0,0.60987824,3.464807,-1.1624500984908082e-05,0.001150242518633604,0.0011503011919558048,7e267c0bf303542b
2,day2_n8_softmax_seed43,43,36,0,False,False,True,0.496,0.0,4.385089,0.86961466,-8.69403356773546e-06,0.0012030447833240032,0.0012030762154608965,7e267c0bf303542b
2,day2_n8_softmax_seed43,43,36,1,False,False,True,0.5178,0.0,-0.33914956,-0.24777545,-1.0447120075696148e-05,0.0011082930723205209,0.0011083421995863318,7e267c0bf303542b
2,day2_n8_softmax_seed43,43,36,2,False,False,True,0.4926,0.0,-0.41403598,-0.47213387,-9.76990759227192e-06,0.001128627685829997,0.0011286699445918202,7e267c0bf303542b
2,day2_n8_softmax_seed43,43,36,3,False,False,True,0.5024,0.0,-1.6457154,3.7047253,-7.070853371260455e-06,0.0011792642762884498,0.0011792854638770223,7e267c0bf303542b
2,day2_n8_softmax_seed43,43,36,4,False,False,True,0.5078,0.0,-0.864291,-0.70986736,-1.1068817002524156e-05,0.0011462484253570437,0.0011463018599897623,7e267c0bf303542b
2,day2_n8_softmax_seed43,43,36,5,False,False,True,0.4982,0.0,-0.4518056,0.060313504,-9.21344690141268e-06,0.001133791054598987,0.0011338284239172935,7e267c0bf303542b
2,day2_n8_softmax_seed43,43,36,6,False,False,True,0.5072,0.0,-0.5138631,-2.5643384,-7.3640403570607305e-06,0.0011570663191378117,0.0011570897186174989,7e267c0bf303542b
2,day2_n8_softmax_seed43,43,36,7,False,False,True,0.4818,0.0,-0.15622737,-0.6405388,-6.98342728355783e-06,0.0011523072607815266,0.001152328448370099,7e267c0bf303542b
2,day2_n8_softmax_seed43,43,37,0,False,False,True,0.5196,0.0,0.7941598,1.3094487,-1.252604943147162e-05,0.0011668625520542264,0.0011669298401102424,7e267c0bf303542b
2,day2_n8_softmax_seed43,43,37,1,False,False,True,0.51,0.0,0.5267459,-0.0101877935,-1.1124247066618409e-05,0.001145609887316823,0.0011456639040261507,7e267c0bf303542b
2,day2_n8_softmax_seed43,43,37,2,False,False,True,0.5162,0.0,0.582872,0.61982346,-9.125178621616215e-06,0.0011362695368006825,0.001136306207627058,7e267c0bf303542b
2,day2_n8_softmax_seed43,43,37,3,False,False,True,0.4982,0.0,0.8545994,0.7092645,-7.639145223947708e-06,0.0011686854995787144,0.0011687105288729072,7e267c0bf303542b
2,day2_n8_softmax_seed43,43,37,4,False,False,True,0.514,0.0,0.500183,-4.306263,-1.0603658665786497e-05,0.0011826447444036603,0.0011826922418549657,7e267c0bf303542b
2,day2_n8_softmax_seed43,43,37,5,False,False,True,0.51,0.0,1.0641903,1.2543852,-1.0729786481533665e-05,0.001166363712400198,0.0011664130724966526,7e267c0bf303542b
2,day2_n8_softmax_seed43,43,37,6,False,False,True,0.505,0.0,0.5845247,0.16304125,-1.0029514669440687e-05,0.0011642385507002473,0.001164281740784645,7e267c0bf303542b
2,day2_n8_softmax_seed43,43,37,7,False,False,True,0.5076,0.0,-4.907271,0.26048046,-9.12508949113544e-06,0.0012884546304121614,0.0012884868774563074,7e267c0bf303542b
2,day2_n8_softmax_seed43,43,38,0,False,False,True,0.5042,0.0,0.5163403,-0.6918889,-9.488390787737444e-06,0.0012029664358124137,0.0012030038051307201,7e267c0bf303542b
2,day2_n8_softmax_seed43,43,38,1,False,False,True,0.4782,0.0,5.077581,1.066799,-1.2455295291147195e-05,0.0013360073789954185,0.0013360653538256884,7e267c0bf303542b
2,day2_n8_softmax_seed43,43,38,2,False,False,True,0.5218,0.0,-0.50751406,-0.583875,-8.979262929642573e-06,0.0011582726147025824,0.0011583074228838086,7e267c0bf303542b
2,day2_n8_softmax_seed43,43,38,3,False,False,True,0.4974,0.0,-0.8905324,-1.0237342,-9.127550583798438e-06,0.0011894317576661706,0.0011894667986780405,7e267c0bf303542b
2,day2_n8_softmax_seed43,43,38,4,False,False,True,0.508,0.0,-0.6435417,-0.79979205,-7.810122951923404e-06,0.0011677430011332035,0.0011677691945806146,7e267c0bf303542b
2,day2_n8_softmax_seed43,43,38,5,False,False,True,0.501,0.0,-0.5429024,-1.2779467,-1.1565173736016732e-05,0.001166249974630773,0.0011663073673844337,7e267c0bf303542b
2,day2_n8_softmax_seed43,43,38,6,False,False,True,0.483,0.0,-1.0699607,-1.2138873,-6.651905096077826e-06,0.0011944393627345562,0.0011944578727707267,7e267c0bf303542b
2,day2_n8_softmax_seed43,43,38,7,False,False,True,0.5176,0.0,-1.9394755,4.5243235,-1.0931704309768975e-05,0.0012684828834608197,0.0012685300316661596,7e267c0bf303542b
2,day2_n8_softmax_seed43,43,39,0,False,False,True,0.535,0.0,-4.0579157,-0.22784992,-8.639813131594565e-06,0.0012298873625695705,0.0012299178633838892,7e267c0bf303542b
2,day2_n8_softmax_seed43,43,39,1,False,False,True,0.51,0.0,-0.6644772,0.3162904,-9.94433412415674e-06,0.0011783065274357796,0.001178348553366959,7e267c0bf303542b
2,day2_n8_softmax_seed43,43,39,2,False,False,True,0.5186,0.0,-0.29369155,0.6872681,-9.666795449447818e-06,0.0011960311094298959,0.0011960702249780297,7e267c0bf303542b
2,day2_n8_softmax_seed43,43,39,3,False,False,True,0.5368,0.0,-0.49815175,-0.118040755,-8.864950359566137e-06,0.001193115022033453,0.0011931480839848518,7e267c0bf303542b
2,day2_n8_softmax_seed43,43,39,4,False,False,True,0.5098,0.0,0.2383208,-0.105425075,-1.0290630598319694e-05,0.0011793030425906181,0.0011793479789048433,7e267c0bf303542b
2,day2_n8_softmax_seed43,43,39,5,False,False,True,0.5236,0.0,1.2887588,-1.2564214,-1.0661031410563737e-05,0.0012201317586004734,0.0012201782083138824,7e267c0bf303542b
2,day2_n8_softmax_seed43,43,39,6,False,False,True,0.5288,0.0,2.0411193,-3.127641,-8.148220331349876e-06,0.0012298879446461797,0.0012299149530008435,7e267c0bf303542b
2,day2_n8_softmax_seed43,43,39,7,False,False,True,0.5126,0.0,1.9460348,3.831818,-1.1714115316863172e-05,0.001234911265783012,0.0012349667958915234,7e267c0bf303542b
2,day2_n8_softmax_seed43,43,40,0,False,False,True,0.4748,0.0,-4.549475,1.7969627,-7.301222012756625e-06,0.0012671606382355094,0.0012671815929934382,7e267c0bf303542b
2,day2_n8_softmax_seed43,43,40,1,False,False,True,0.5394,0.0,0.9106099,0.53401273,-1.0172381735173985e-05,0.0011689403327181935,0.0011689845705404878,7e267c0bf303542b
2,day2_n8_softmax_seed43,43,40,2,False,False,True,0.4844,0.0,0.49321318,0.52694046,-7.964949872985017e-06,0.0011927769519388676,0.0011928034946322441,7e267c0bf303542b
2,day2_n8_softmax_seed43,43,40,3,False,False,True,0.502,0.0,1.181121,0.5716482,-9.498685358266812e-06,0.0012011234648525715,0.0012011609505861998,7e267c0bf303542b
2,day2_n8_softmax_seed43,43,40,4,False,False,True,0.534,0.0,0.68964237,0.31542194,-8.336040991707705e-06,0.0011423113755881786,0.0011423417599871755,7e267c0bf303542b
2,day2_n8_softmax_seed43,43,40,5,False,False,True,0.5096,0.0,1.9268428,0.7780259,-9.50243975239573e-06,0.0012056928826496005,0.001205730251967907,7e267c0bf303542b
2,day2_n8_softmax_seed43,43,40,6,False,False,True,0.506,0.0,0.380645,0.25952834,-9.566297194396611e-06,0.0012175217270851135,0.0012175592128187418,7e267c0bf303542b
2,day2_n8_softmax_seed43,43,40,7,False,False,True,0.5304,0.0,-1.0325965,-4.7825346,-7.79732727096416e-06,0.0012569745304062963,0.0012569987447932363,7e267c0bf303542b
2,day2_n8_softmax_seed43,43,41,0,False,False,True,0.466,0.0,-3.704299,1.3587202,-1.0224279321846552e-05,0.001232572947628796,0.001232615439221263,7e267c0bf303542b
2,day2_n8_softmax_seed43,43,41,1,False,False,True,0.5298,0.0,0.4033103,0.25507712,-1.0121716513822321e-05,0.001165737397968769,0.0011657814029604197,7e267c0bf303542b
2,day2_n8_softmax_seed43,43,41,2,False,False,True,0.5244,0.0,-0.0495844,-0.49628666,-7.618988547619665e-06,0.0011967876926064491,0.001196812023408711,7e267c0bf303542b
2,day2_n8_softmax_seed43,43,41,3,False,False,True,0.528,0.0,2.3979123,3.8598475,-9.609153494238853e-06,0.0012391220079734921,0.0012391592608764768,7e267c0bf303542b
2,day2_n8_softmax_seed43,43,41,4,False,False,True,0.522,0.0,0.64272416,-0.83129704,-9.902038982545491e-06,0.0012047718046233058,0.0012048124335706234,7e267c0bf303542b
2,day2_n8_softmax_seed43,43,41,5,False,False,True,0.5084,0.0,0.20763727,-0.17434855,-7.482066394004505e-06,0.001200550701469183,0.0012005741009488702,7e267c0bf303542b
2,day2_n8_softmax_seed43,43,41,6,False,False,True,0.5316,0.0,-1.894548,-1.066827,-1.07890036815661e-05,0.0012264836113899946,0.0012265311088413,7e267c0bf303542b
2,day2_n8_softmax_seed43,43,41,7,False,False,True,0.5006,0.0,1.9968481,-2.9048846,-9.827595022215974e-06,0.0012336354702711105,0.0012336747022345662,7e267c0bf303542b
2,day2_n8_softmax_seed43,43,42,0,False,False,True,0.5402,0.0,-0.741692,1.6425741,-1.10134369606385e-05,0.0012271350715309381,0.0012271845480427146,7e267c0bf303542b
2,day2_n8_softmax_seed43,43,42,1,False,False,True,0.5108,0.0,-1.2201409,0.3133897,-9.815641533350572e-06,0.0012008604826405644,0.001200900529511273,7e267c0bf303542b
2,day2_n8_softmax_seed43,43,42,2,False,False,True,0.5298,0.0,-0.33578262,0.1653932,-9.716521162772551e-06,0.001187626738101244,0.0011876665521413088,7e267c0bf303542b
2,day2_n8_softmax_seed43,43,42,3,False,False,True,0.5166,0.0,-0.29168805,-1.1851585,-7.555981028417591e-06,0.0012709035072475672,0.0012709257425740361,7e267c0bf303542b
2,day2_n8_softmax_seed43,43,42,4,False,False,True,0.4806,0.0,-0.77265894,-4.4248195,-8.963889740698505e-06,0.0012791347689926624,0.0012791662011295557,7e267c0bf303542b
2,day2_n8_softmax_seed43,43,42,5,False,False,True,0.4996,0.0,-1.0502789,2.3054852,-1.1750189514714293e-05,0.0012491849483922124,0.0012492402456700802,7e267c0bf303542b
2,day2_n8_softmax_seed43,43,42,6,False,False,True,0.4414,0.0,5.150494,0.20148453,-7.72977091401117e-06,0.0013028390239924192,0.0013028619578108191,7e267c0bf303542b
2,day2_n8_softmax_seed43,43,42,7,False,False,True,0.5204,0.0,-0.7382568,0.98165476,-9.732764738146216e-06,0.0012151929549872875,0.0012152319541200995,7e267c0bf303542b
2,day2_n8_softmax_seed43,43,43,0,False,False,True,0.5488,0.0,0.27864355,-1.9285419,-7.889299922680948e-06,0.0012784522259607911,0.0012784766731783748,7e267c0bf303542b
2,day2_n8_softmax_seed43,43,43,1,False,False,True,0.5184,0.0,0.45755932,1.2192683,-9.238066013494972e-06,0.0012670611031353474,0.0012670947471633554,7e267c0bf303542b
2,day2_n8_softmax_seed43,43,43,2,False,False,True,0.5394,0.0,1.1076444,-0.30289096,-6.37375387668726e-06,0.0012450566282495856,0.0012450730428099632,7e267c0bf303542b
2,day2_n8_softmax_seed43,43,43,3,False,False,True,0.5408,0.0,-0.23790234,-1.5221997,-6.880382443341659e-06,0.0012859634589403868,0.0012859818525612354,7e267c0bf303542b
2,day2_n8_softmax_seed43,43,43,4,False,False,True,0.5156,0.0,-0.68118364,-3.0322816,-1.0962309715978336e-05,0.0012843047734349966,0.001284351572394371,7e267c0bf303542b
2,day2_n8_softmax_seed43,43,43,5,False,False,True,0.5214,0.0,-4.64536,2.4721906,-5.055503606854472e-06,0.0013424248900264502,0.00134243443608284,7e267c0bf303542b
2,day2_n8_softmax_seed43,43,43,6,False,False,True,0.5206,0.0,3.1950579,2.9013734,-8.230937964981422e-06,0.0013023150386288762,0.0013023409992456436,7e267c0bf303542b
2,day2_n8_softmax_seed43,43,43,7,False,False,True,0.5238,0.0,0.52554196,0.1930814,-7.497314527427079e-06,0.001226451131515205,0.0012264740653336048,7e267c0bf303542b
2,day2_n8_softmax_seed43,43,44,0,False,False,True,0.5488,0.0,3.9948077,-2.3411222,-1.1472724509076215e-05,0.0012544479686766863,0.0012545003555715084,7e267c0bf303542b
2,day2_n8_softmax_seed43,43,44,1,False,False,True,0.5538,0.0,-0.78347176,0.08771263,-1.0710487913456745e-05,0.001213773270137608,0.0012138205347582698,7e267c0bf303542b
2,day2_n8_softmax_seed43,43,44,2,False,False,True,0.5288,0.0,-0.37225506,0.83233154,-1.0112054951605387e-05,0.0012343195267021656,0.001234360970556736,7e267c0bf303542b
2,day2_n8_softmax_seed43,43,44,3,False,False,True,0.5598,0.0,1.6603754,3.69885,-7.556161563115893e-06,0.001257806085050106,0.0012578287860378623,7e267c0bf303542b
2,day2_n8_softmax_seed43,43,44,4,False,False,True,0.5484,0.0,-1.157323,1.6230689,-1.1356173672538716e-05,0.0012489366345107555,0.0012489882064983249,7e267c0bf303542b
2,day2_n8_softmax_seed43,43,44,5,False,False,True,0.5674,0.0,-2.8821542,-1.4789454,-8.786631951807067e-06,0.0012545251520350575,0.0012545558856800199,7e267c0bf303542b
2,day2_n8_softmax_seed43,43,44,6,False,False,True,0.5596,0.0,0.13850008,-0.33132008,-7.899610864114948e-06,0.0012218167539685965,0.0012218423653393984,7e267c0bf303542b
2,day2_n8_softmax_seed43,43,44,7,False,False,True,0.5268,0.0,-0.59847945,-2.0905786,-7.3631667873996776e-06,0.001240860321559012,0.0012408823240548372,7e267c0bf303542b
2,day2_n8_softmax_seed43,43,45,0,False,False,True,0.5374,0.0,4.034233,-0.015486769,-9.625539860280696e-06,0.0012796451337635517,0.0012796813389286399,7e267c0bf303542b
2,day2_n8_softmax_seed43,43,45,1,False,False,True,0.5494,0.0,1.1946806,0.30785704,-5.923176559008425e-06,0.0012466312618926167,0.0012466453481465578,7e267c0bf303542b
2,day2_n8_softmax_seed43,43,45,2,False,False,True,0.5486,0.0,-1.9979674,-1.4840049,-8.639298357593361e-06,0.0012699500657618046,0.0012699795188382268,7e267c0bf303542b
2,day2_n8_softmax_seed43,43,45,3,False,False,True,0.562,0.0,-0.5369491,4.7486744,-9.675857654656284e-06,0.001285949139855802,0.0012859855778515339,7e267c0bf303542b
2,day2_n8_softmax_seed43,43,45,4,False,False,True,0.5386,0.0,0.98633087,-2.4189892,-8.130115020321682e-06,0.0012768071610480547,0.0012768330052495003,7e267c0bf303542b
2,day2_n8_softmax_seed43,43,45,5,False,False,True,0.553,0.0,0.020616898,-0.30585024,-8.804576282273047e-06,0.0012304806150496006,0.0012305120471864939,7e267c0bf303542b
2,day2_n8_softmax_seed43,43,45,6,False,False,True,0.5354,0.0,-2.765371,-0.48810622,-1.2430384231265634e-05,0.0012773999478667974,0.0012774603674188256,7e267c0bf303542b
2,day2_n8_softmax_seed43,43,45,7,False,False,True,0.5622,0.0,-0.93557435,-0.34409422,-5.9720960052800365e-06,0.0012590695405378938,0.0012590837432071567,7e267c0bf303542b
2,day2_n8_softmax_seed43,43,46,0,False,False,True,0.5484,0.0,0.32081962,-0.64131653,-1.0717501027102116e-05,0.0012524969642981887,0.0012525428319349885,7e267c0bf303542b
2,day2_n8_softmax_seed43,43,46,1,False,False,True,0.571,0.0,1.9876405,-0.52839226,-8.237429028667975e-06,0.001247855369001627,0.0012478826101869345,7e267c0bf303542b
2,day2_n8_softmax_seed43,43,46,2,False,False,True,0.5594,0.0,-0.21554804,0.9514255,-8.854924999468494e-06,0.0012391696218401194,0.0012392012868076563,7e267c0bf303542b
2,day2_n8_softmax_seed43,43,46,3,False,False,True,0.516,0.0,-5.0510907,-1.3520514,-6.9310331127780955e-06,0.0013196161016821861,0.0013196342624723911,7e267c0bf303542b
2,day2_n8_softmax_seed43,43,46,4,False,False,True,0.5684,0.0,1.0480783,0.13696846,-1.0088209819514304e-05,0.0012775484938174486,0.0012775884242728353,7e267c0bf303542b
2,day2_n8_softmax_seed43,43,46,5,False,False,True,0.5404,0.0,-0.24785782,4.1253614,-8.073398930719122e-06,0.001279147225432098,0.0012791728368028998,7e267c0bf303542b
2,day2_n8_softmax_seed43,43,46,6,False,False,True,0.5504,0.0,0.66959906,0.5894763,-9.3099506557337e-06,0.0012675620382651687,0.0012675962643697858,7e267c0bf303542b
2,day2_n8_softmax_seed43,43,46,7,False,False,True,0.55,0.0,1.4883615,-3.2814717,-7.554979674750939e-06,0.001275638467632234,0.0012756608193740249,7e267c0bf303542b
2,day2_n8_softmax_seed43,43,47,0,False,False,True,0.5456,0.0,-3.0093253,3.4750848,-7.912532964837737e-06,0.001305318670347333,0.0013053426519036293,7e267c0bf303542b
2,day2_n8_softmax_seed43,43,47,1,False,False,True,0.558,0.0,-0.3909228,-0.008757618,-5.6509693422412965e-06,0.0012699324870482087,0.001269945059902966,7e267c0bf303542b
2,day2_n8_softmax_seed43,43,47,2,False,False,True,0.5774,0.0,0.04530542,0.15751481,-9.946646969183348e-06,0.001244214130565524,0.001244253944605589,7e267c0bf303542b
2,day2_n8_softmax_seed43,43,47,3,False,False,True,0.5558,0.0,4.520941,0.4515811,-4.378764970169868e-06,0.0013135126791894436,0.0013135200133547187,7e267c0bf303542b
2,day2_n8_softmax_seed43,43,47,4,False,False,True,0.561,0.0,0.997348,1.7687372,-8.334119229402859e-06,0.0012787246378138661,0.0012787517625838518,7e267c0bf303542b
2,day2_n8_softmax_seed43,43,47,5,False,False,True,0.5386,0.0,0.1525143,-0.020628829,-7.867496606195346e-06,0.0012617731699720025,0.0012617976171895862,7e267c0bf303542b
2,day2_n8_softmax_seed43,43,47,6,False,False,True,0.5526,0.0,-1.2895049,-2.5370598,-8.504831384925637e-06,0.0012940011220052838,0.0012940290616825223,7e267c0bf303542b
2,day2_n8_softmax_seed43,43,47,7,False,False,True,0.5566,0.0,-1.0263537,-3.2864704,-6.957694495213218e-06,0.0012908419594168663,0.0012908605858683586,7e267c0bf303542b
2,day2_n8_softmax_seed43,43,48,0,False,False,True,0.5202,0.0,-1.0974939,4.9891896,-1.0028207725554239e-05,0.0013297073310241103,0.001329745166003704,7e267c0bf303542b
2,day2_n8_softmax_seed43,43,48,1,False,False,True,0.5388,0.0,-0.41577634,-0.12533478,-5.9231147133687045e-06,0.00126935716252774,0.0012693708995357156,7e267c0bf303542b
2,day2_n8_softmax_seed43,43,48,2,False,False,True,0.563,0.0,-1.0824524,-0.12540917,-6.547105385834584e-06,0.0012986162910237908,0.0012986327055841684,7e267c0bf303542b
2,day2_n8_softmax_seed43,43,48,3,False,False,True,0.5262,0.0,-1.4068342,-2.6163273,-7.945523975649849e-06,0.001317267888225615,0.0013172919861972332,7e267c0bf303542b
2,day2_n8_softmax_seed43,43,48,4,False,False,True,0.5646,0.0,-0.5327477,0.029786957,-9.068026884051505e-06,0.0012768118176609278,0.001276843948289752,7e267c0bf303542b
2,day2_n8_softmax_seed43,43,48,5,False,False,True,0.5764,0.0,-0.4984658,-0.5964904,-6.699167443002807e-06,0.001273434259928763,0.0012734518386423588,7e267c0bf303542b
2,day2_n8_softmax_seed43,43,48,6,False,False,True,0.5436,0.0,5.831916,0.012684915,-1.0361150998505764e-05,0.0014127065660431981,0.0014127446338534355,7e267c0bf303542b
2,day2_n8_softmax_seed43,43,48,7,False,False,True,0.5456,0.0,-0.7981415,-1.5680988,-7.497547812818084e-06,0.0012978040613234043,0.0012978257145732641,7e267c0bf303542b
2,day2_n8_softmax_seed43,43,49,0,False,False,True,0.562,0.0,5.9355803,0.059494127,-6.388846486515831e-06,0.0014509826432913542,0.0014509967295452952,7e267c0bf303542b
2,day2_n8_softmax_seed43,43,49,1,False,False,True,0.528,0.0,-0.75484425,-0.11666431,-8.999279998533893e-06,0.001305648242123425,0.001305679208599031,7e267c0bf303542b
2,day2_n8_softmax_seed43,43,49,2,False,False,True,0.553,0.0,-0.27450678,-0.42146674,-9.927680366672575e-06,0.0012933227699249983,0.0012933609541505575,7e267c0bf303542b
2,day2_n8_softmax_seed43,43,49,3,False,False,True,0.5224,0.0,-1.3417969,-4.8878026,-6.450550699810265e-06,0.001354159670881927,0.00135417515411973,7e267c0bf303542b
2,day2_n8_softmax_seed43,43,49,4,False,False,True,0.5616,0.0,-0.56632155,0.8276799,-6.013834081386449e-06,0.001325909048318863,0.0013259227853268385,7e267c0bf303542b
2,day2_n8_softmax_seed43,43,49,5,False,False,True,0.5668,0.0,-0.7324135,0.4271522,-6.2175340644898824e-06,0.001292137778364122,0.0012921527959406376,7e267c0bf303542b
2,day2_n8_softmax_seed43,43,49,6,False,False,True,0.5402,0.0,-1.80793,3.2970722,-9.040918484970462e-06,0.0013617606600746512,0.0013617905788123608,7e267c0bf303542b
2,day2_n8_softmax_seed43,43,49,7,False,False,True,0.5696,0.0,-0.45776698,0.81453514,-4.722964604297886e-06,0.0013123515527695417,0.001312360051088035,7e267c0bf303542b
2,day2_n8_softmax_seed43,43,50,0,False,False,True,0.5676,0.0,0.7785105,-1.0688949,-9.131885235547088e-06,0.0013367623323574662,0.0013367935316637158,7e267c0bf303542b
2,day2_n8_softmax_seed43,43,50,1,False,False,True,0.5658,0.0,0.8692673,0.24211903,-1.0580936759652104e-05,0.0012865816242992878,0.0012866250472143292,7e267c0bf303542b
2,day2_n8_softmax_seed43,43,50,2,False,False,True,0.534,0.0,1.8628815,-3.3782403,-1.1414796972530894e-05,0.0013627405278384686,0.0013627882581204176,7e267c0bf303542b
2,day2_n8_softmax_seed43,43,50,3,False,False,True,0.5288,0.0,-5.666977,-0.9356351,-8.006890311662573e-06,0.0013899453915655613,0.001389968441799283,7e267c0bf303542b
2,day2_n8_softmax_seed43,43,50,4,False,False,True,0.5676,0.0,0.29626963,-0.3967768,-6.465757905971259e-06,0.0013367870124056935,0.0013368027284741402,7e267c0bf303542b
2,day2_n8_softmax_seed43,43,50,5,False,False,True,0.574,0.0,0.98396796,0.78624165,-9.244920875062235e-06,0.0013370882952585816,0.001337120309472084,7e267c0bf303542b
2,day2_n8_softmax_seed43,43,50,6,False,False,True,0.5316,0.0,0.20320049,4.769934,-7.831797120161355e-06,0.0013650477631017566,0.0013650701148435473,7e267c0bf303542b
2,day2_n8_softmax_seed43,43,50,7,False,False,True,0.5354,0.0,0.6728858,-0.018742671,-9.101822797674686e-06,0.001336877467110753,0.001336908433586359,7e267c0bf303542b
2,day2_n8_softmax_seed43,43,51,0,False,False,True,0.5668,0.0,-0.43647307,3.2856593,-7.4511281127342954e-06,0.0013700230047106743,0.0013700432609766722,7e267c0bf303542b
2,day2_n8_softmax_seed43,43,51,1,False,False,True,0.582,0.0,-1.255654,-1.6370693,-7.29132398191723e-06,0.0013473411090672016,0.0013473607832565904,7e267c0bf303542b
2,day2_n8_softmax_seed43,43,51,2,False,False,True,0.551,0.0,-0.9551807,3.8719542,-8.905927643354516e-06,0.0013753577368333936,0.0013753866078332067,7e267c0bf303542b
2,day2_n8_softmax_seed43,43,51,3,False,False,True,0.5482,0.0,-1.1150223,-0.5663007,-7.035052931314567e-06,0.001337344292551279,0.0013373628025874496,7e267c0bf303542b
2,day2_n8_softmax_seed43,43,51,4,False,False,True,0.5814,0.0,-0.82598,-2.6755183,-6.7587361627374776e-06,0.001338951289653778,0.0013389685191214085,7e267c0bf303542b
2,day2_n8_softmax_seed43,43,51,5,False,False,True,0.517,0.0,6.247337,-0.23942576,-3.2898387871682644e-06,0.0015052242670208216,0.0015052278758957982,7e267c0bf303542b
2,day2_n8_softmax_seed43,43,51,6,False,False,True,0.5884,0.0,-0.9120974,-1.2600219,-9.03816271602409e-06,0.0013465146766975522,0.0013465449446812272,7e267c0bf303542b
2,day2_n8_softmax_seed43,43,51,7,False,False,True,0.592,0.0,-0.74692756,-0.77928454,-9.49679633777123e-06,0.001303567667491734,0.0013036022428423166,7e267c0bf303542b
2,day2_n8_softmax_seed43,43,52,0,False,False,True,0.5554,0.0,-0.8749112,4.061026,-1.2517983122961596e-05,0.0013671956257894635,0.0013672530185431242,7e267c0bf303542b
2,day2_n8_softmax_seed43,43,52,1,False,False,True,0.554,0.0,-1.2736642,2.4170196,-8.9162813310395e-06,0.0013522220542654395,0.00135225139092654,7e267c0bf303542b
2,day2_n8_softmax_seed43,43,52,2,False,False,True,0.6068,0.0,-0.9978264,-0.030197652,-1.1991049177595414e-05,0.0013440841576084495,0.0013441377086564898,7e267c0bf303542b
2,day2_n8_softmax_seed43,43,52,3,False,False,True,0.5988,0.0,-0.7087921,-0.20298357,-9.631527063902467e-06,0.001350720995105803,0.001350755337625742,7e267c0bf303542b
2,day2_n8_softmax_seed43,43,52,4,False,False,True,0.5322,0.0,-0.85352474,-3.2946,-7.470684067811817e-06,0.0013619910459965467,0.0013620115350931883,7e267c0bf303542b
2,day2_n8_softmax_seed43,43,52,5,False,False,True,0.5786,0.0,-0.6039865,-0.8116584,-1.0542562449700199e-05,0.0013427132507786155,0.001342754578217864,7e267c0bf303542b
2,day2_n8_softmax_seed43,43,52,6,False,False,True,0.5574,0.0,6.531855,0.07069455,-9.26308348425664e-06,0.0015566198853775859,0.0015566474758088589,7e267c0bf303542b
2,day2_n8_softmax_seed43,43,52,7,False,False,True,0.53,0.0,-1.2191579,-2.2093012,-6.549104909936432e-06,0.0013533922610804439,0.0013534080935642123,7e267c0bf303542b
2,day2_n8_softmax_seed43,43,53,0,False,False,True,0.5706,0.0,1.3851714,-1.8941765,-6.2827125475450885e-06,0.0014439516235142946,0.0014439652441069484,7e267c0bf303542b
2,day2_n8_softmax_seed43,43,53,1,False,False,True,0.6,0.0,0.3661843,-1.1643654,-9.072797183762304e-06,0.0013535930775105953,0.0013536234619095922,7e267c0bf303542b
2,day2_n8_softmax_seed43,43,53,2,False,False,True,0.5896,0.0,0.0021267827,-1.4515784,-6.057652171875816e-06,0.0013863396598026156,0.001386352814733982,7e267c0bf303542b
2,day2_n8_softmax_seed43,43,53,3,False,False,True,0.5622,0.0,0.79792595,-1.0730727,-4.683543920691591e-06,0.0013525821268558502,0.001352590275928378,7e267c0bf303542b
2,day2_n8_softmax_seed43,43,53,4,False,False,True,0.4804,0.0,3.1161568,6.144206,-6.248596037039533e-06,0.0016339229186996818,0.001633934793062508,7e267c0bf303542b
2,day2_n8_softmax_seed43,43,53,5,False,False,True,0.5956,0.0,0.6236667,-1.3015199,-6.592895260837395e-06,0.0013853689888492227,0.0013853847049176693,7e267c0bf303542b
2,day2_n8_softmax_seed43,43,53,6,False,False,True,0.5186,0.0,-6.842456,2.0062168,-8.82694439496845e-06,0.0016856469446793199,0.0016856701113283634,7e267c0bf303542b
2,day2_n8_softmax_seed43,43,53,7,False,False,True,0.597,0.0,0.55122304,-1.2657148,-7.929291314212605e-06,0.0013454187428578734,0.0013454421423375607,7e267c0bf303542b
2,day2_n8_softmax_seed43,43,54,0,False,False,True,0.5934,0.0,1.2679822,5.378036,-1.0079944331664592e-05,0.0014414122560992837,0.0014414475299417973,7e267c0bf303542b
2,day2_n8_softmax_seed43,43,54,1,False,False,True,0.596,0.0,0.8400483,0.7677522,-9.505653906671796e-06,0.0013710224302485585,0.0013710554921999574,7e267c0bf303542b
2,day2_n8_softmax_seed43,43,54,2,False,False,True,0.5688,0.0,1.0499935,-0.16999549,-8.109463124128524e-06,0.001375724794343114,0.0013757486594840884,7e267c0bf303542b
2,day2_n8_softmax_seed43,43,54,3,False,False,True,0.5856,0.0,0.5894438,-2.186946,-4.474005436350126e-06,0.0014174291864037514,0.001417436171323061,7e267c0bf303542b
2,day2_n8_softmax_seed43,43,54,4,False,False,True,0.492,0.0,-6.4863033,0.08098993,-4.2995388866984285e-06,0.0015495667466893792,0.0015495726838707924,7e267c0bf303542b
2,day2_n8_softmax_seed43,43,54,5,False,False,True,0.5414,0.0,1.6609045,-2.965182,-5.829957899550209e-06,0.0014280297327786684,0.0014280417235568166,7e267c0bf303542b
2,day2_n8_softmax_seed43,43,54,6,False,False,True,0.5948,0.0,0.29476893,-0.33183587,-4.064801032654941e-06,0.0013767292257398367,0.0013767351629212499,7e267c0bf303542b
2,day2_n8_softmax_seed43,43,54,7,False,False,True,0.5858,0.0,0.78316015,-0.5728169,-6.94950813340256e-06,0.0013639603275805712,0.0013639781391248107,7e267c0bf303542b
2,day2_n8_softmax_seed43,43,55,0,False,False,True,0.571,0.0,1.7142892,-3.6277978,-7.917759830888826e-06,0.0014415442710742354,0.0014415659243240952,7e267c0bf303542b
2,day2_n8_softmax_seed43,43,55,1,False,False,True,0.438,0.0,-12.524426,-0.08520235,-1.6335639884346165e-05,0.0029504646081477404,0.002950509777292609,7e267c0bf303542b
2,day2_n8_softmax_seed43,43,55,2,False,False,True,0.5944,0.0,1.8893971,-0.21064027,-8.022188922041096e-06,0.001362053444609046,0.0013620771933346987,7e267c0bf303542b
2,day2_n8_softmax_seed43,43,55,3,False,False,True,0.5636,0.0,1.5664648,4.927869,-7.464430382242426e-06,0.0014119235565885901,0.0014119433471933007,7e267c0bf303542b
2,day2_n8_softmax_seed43,43,55,4,False,False,True,0.6006,0.0,1.7329649,0.7263087,-9.739304914546665e-06,0.0013350241351872683,0.0013350596418604255,7e267c0bf303542b
2,day2_n8_softmax_seed43,43,55,5,False,False,True,0.5914,0.0,1.8646866,0.21278758,-9.343403689854313e-06,0.0013761960435658693,0.0013762277085334063,7e267c0bf303542b
2,day2_n8_softmax_seed43,43,55,6,False,False,True,0.5688,0.0,1.8016303,0.16693284,-9.734443665365689e-06,0.001364774419926107,0.0013648092281073332,7e267c0bf303542b
2,day2_n8_softmax_seed43,43,55,7,False,False,True,0.595,0.0,1.9550054,-2.1102576,-1.0210141226707492e-05,0.0013959516072645783,0.0013959889765828848,7e267c0bf303542b
2,day2_n8_softmax_seed43,43,56,0,False,False,True,0.6118,0.0,0.8919363,-0.434426,-6.64376602799166e-06,0.0013791155070066452,0.0013791314559057355,7e267c0bf303542b
2,day2_n8_softmax_seed43,43,56,1,False,False,True,0.6024,0.0,-7.063256,-0.4772578,-9.655957910581492e-06,0.0016542056109756231,0.0016542336670681834,7e267c0bf303542b
2,day2_n8_softmax_seed43,43,56,2,False,False,True,0.5988,0.0,1.3861442,-2.3897543,-5.124385552335298e-06,0.0014110244810581207,0.0014110337942838669,7e267c0bf303542b
2,day2_n8_softmax_seed43,43,56,3,False,False,True,0.5738,0.0,0.29171637,4.6944413,-5.381366008805344e-06,0.0014885724522173405,0.001488582231104374,7e267c0bf303542b
2,day2_n8_softmax_seed43,43,56,4,False,False,True,0.5734,0.0,0.8218786,-0.99647504,-5.34297714693821e-06,0.0013811097014695406,0.001381120178848505,7e267c0bf303542b
2,day2_n8_softmax_seed43,43,56,5,False,False,True,0.598,0.0,0.7812215,-2.6902304,-5.0067583288182504e-06,0.0014180350117385387,0.0014180438593029976,7e267c0bf303542b
2,day2_n8_softmax_seed43,43,56,6,False,False,True,0.5856,0.0,1.8383311,-0.6776417,-7.409847512462875e-06,0.0014117396203801036,0.0014117590617388487,7e267c0bf303542b
2,day2_n8_softmax_seed43,43,56,7,False,False,True,0.5446,0.0,1.0520372,2.9713423,-8.15453768154839e-06,0.0014794640010222793,0.0014794864691793919,7e267c0bf303542b
2,day2_n8_softmax_seed43,43,57,0,False,False,True,0.5794,0.0,-0.0037557594,6.245094,-6.957212917768629e-06,0.0016278715338557959,0.0016278865514323115,7e267c0bf303542b
2,day2_n8_softmax_seed43,43,57,1,False,False,True,0.5498,0.0,6.056517,-2.3703077,-8.188108040485531e-06,0.0016637275693938136,0.0016637478256598115,7e267c0bf303542b
2,day2_n8_softmax_seed43,43,57,2,False,False,True,0.5576,0.0,-4.5162086,-3.2594423,-7.133074632292846e-06,0.0016128686256706715,0.00161288445815444,7e267c0bf303542b
2,day2_n8_softmax_seed43,43,57,3,False,False,True,0.6088,0.0,-0.43434918,-0.3777098,-9.741105714056175e-06,0.001393434009514749,0.0013934680027887225,7e267c0bf303542b
2,day2_n8_softmax_seed43,43,57,4,False,False,True,0.5912,0.0,0.06337617,-0.25062817,-4.9697687245497946e-06,0.0014424739638343453,0.0014424825785681605,7e267c0bf303542b
2,day2_n8_softmax_seed43,43,57,5,False,False,True,0.5824,0.0,-0.0009438954,-0.20303231,-8.126714419631753e-06,0.001450002077035606,0.001450024894438684,7e267c0bf303542b
2,day2_n8_softmax_seed43,43,57,6,False,False,True,0.5942,0.0,-0.11265688,-0.27910218,-1.2358047570160124e-05,0.0014948268653824925,0.0014948779717087746,7e267c0bf303542b
2,day2_n8_softmax_seed43,43,57,7,False,False,True,0.5616,0.0,-1.0519888,0.49512565,-6.644906079600332e-06,0.0015299618244171143,0.0015299763763323426,7e267c0bf303542b
2,day2_n8_softmax_seed43,43,58,0,False,False,True,0.5682,0.0,0.8779227,0.68671054,-7.816346624167636e-06,0.0013869144022464752,0.0013869364047423005,7e267c0bf303542b
2,day2_n8_softmax_seed43,43,58,1,False,False,True,0.6134,0.0,0.6742056,0.85338134,-7.432784968841588e-06,0.0013878770405426621,0.0013878968311473727,7e267c0bf303542b
2,day2_n8_softmax_seed43,43,58,2,False,False,True,0.495,0.0,-7.0338287,-0.62330633,-6.1394939621095546e-06,0.00165467185433954,0.001654683263041079,7e267c0bf303542b
2,day2_n8_softmax_seed43,43,58,3,False,False,True,0.614,0.0,1.1463487,0.48056036,-7.268358785950113e-06,0.0013959025964140892,0.001395921572111547,7e267c0bf303542b
2,day2_n8_softmax_seed43,43,58,4,False,False,True,0.576,0.0,1.404605,-3.6388445,-3.2000300507206703e-06,0.0014240453019738197,0.0014240487944334745,7e267c0bf303542b
2,day2_n8_softmax_seed43,43,58,5,False,False,True,0.6006,0.0,0.686663,4.064151,-9.009780114865862e-06,0.0014281304320320487,0.0014281589537858963,7e267c0bf303542b
2,day2_n8_softmax_seed43,43,58,6,False,False,True,0.5978,0.0,1.524319,-3.0837545,-9.262891580874566e-06,0.0014185066102072597,0.0014185367617756128,7e267c0bf303542b
2,day2_n8_softmax_seed43,43,58,7,False,False,True,0.6082,0.0,0.71977013,1.2611065,-7.335693226195872e-06,0.0013900959165766835,0.0013901153579354286,7e267c0bf303542b
2,day2_n8_softmax_seed43,43,59,0,False,False,True,0.56,0.0,0.6867131,-0.4232574,-5.695434083463624e-06,0.001436293707229197,0.0014363049995154142,7e267c0bf303542b
2,day2_n8_softmax_seed43,43,59,1,False,False,True,0.593,0.0,0.6676801,-0.18728158,-7.916897629911546e-06,0.0013974567409604788,0.0013974790927022696,7e267c0bf303542b
2,day2_n8_softmax_seed43,43,59,2,False,False,True,0.5584,0.0,3.1837192,-3.015408,-7.524773991463007e-06,0.0015406613238155842,0.0015406797174364328,7e267c0bf303542b
2,day2_n8_softmax_seed43,43,59,3,False,False,True,0.554,0.0,0.72374785,-0.28825283,-5.629546194541035e-06,0.0014953430509194732,0.0014953536447137594,7e267c0bf303542b
2,day2_n8_softmax_seed43,43,59,4,False,False,True,0.6436,0.0,0.7922685,-0.6870914,-7.021104465820827e-06,0.0013830711832270026,0.0013830889947712421,7e267c0bf303542b
2,day2_n8_softmax_seed43,43,59,5,False,False,True,0.549,0.0,0.41143894,6.415648,-2.473522499712999e-06,0.0015771054895594716,0.0015771074686199427,7e267c0bf303542b
2,day2_n8_softmax_seed43,43,59,6,False,False,True,0.5722,0.0,-7.1586847,-1.1954982,-8.367729606106877e-06,0.0017373037990182638,0.0017373240552842617,7e267c0bf303542b
2,day2_n8_softmax_seed43,43,59,7,False,False,True,0.593,0.0,0.69311893,-0.6188556,-6.816868335590698e-06,0.0014160205610096455,0.001416036975570023,7e267c0bf303542b
2,day2_n8_softmax_seed43,43,60,0,False,False,True,0.631,0.0,-3.2152069,4.121275,-1.3365550330490805e-05,0.00146965472958982,0.0014697154983878136,7e267c0bf303542b
2,day2_n8_softmax_seed43,43,60,1,False,False,True,0.614,0.0,-0.9775874,-0.14645039,-5.703368515241891e-06,0.0014192110393196344,0.0014192224480211735,7e267c0bf303542b
2,day2_n8_softmax_seed43,43,60,2,False,False,True,0.605,0.0,5.745926,1.272273,-1.020064973999979e-05,0.0014799985801801085,0.0014800336211919785,7e267c0bf303542b
2,day2_n8_softmax_seed43,43,60,3,False,False,True,0.5916,0.0,-0.26463243,0.29680255,-5.432069883681834e-06,0.0014083501882851124,0.001408360549248755,7e267c0bf303542b
2,day2_n8_softmax_seed43,43,60,4,False,False,True,0.6338,0.0,-0.34114707,-0.71720594,-1.2155972399341408e-05,0.0013815897982567549,0.001381643465720117,7e267c0bf303542b
2,day2_n8_softmax_seed43,43,60,5,False,False,True,0.6098,0.0,-0.21341969,1.270819,-6.485605354100699e-06,0.0014401430962607265,0.0014401577645912766,7e267c0bf303542b
2,day2_n8_softmax_seed43,43,60,6,False,False,True,0.5924,0.0,0.6720476,-1.285213,-4.587569947034353e-06,0.0014283725759014487,0.0014283799100667238,7e267c0bf303542b
2,day2_n8_softmax_seed43,43,60,7,False,False,True,0.6344,0.0,-1.4059803,-4.8123045,-7.681889655941632e-06,0.0014704951317980886,0.0014705152716487646,7e267c0bf303542b
2,day2_n8_softmax_seed43,43,61,0,False,False,True,0.586,0.0,6.813623,-2.165345,-6.012556696077809e-06,0.001666233642026782,0.001666244468651712,7e267c0bf303542b
2,day2_n8_softmax_seed43,43,61,1,False,False,True,0.609,0.0,-0.13641971,1.0080875,-4.475614787224913e-06,0.0014130062190815806,0.001413013320416212,7e267c0bf303542b
2,day2_n8_softmax_seed43,43,61,2,False,False,True,0.5796,0.0,-3.3133304,-6.0107403,-7.526217359554721e-06,0.001595800742506981,0.0015958185540512204,7e267c0bf303542b
2,day2_n8_softmax_seed43,43,61,3,False,False,True,0.6198,0.0,-0.82015157,0.95485276,-1.949067609530175e-06,0.0014334507286548615,0.0014334521256387234,7e267c0bf303542b
2,day2_n8_softmax_seed43,43,61,4,False,False,True,0.605,0.0,-0.18843931,1.1523752,-6.901130291225854e-06,0.0014341638889163733,0.0014341804198920727,7e267c0bf303542b
2,day2_n8_softmax_seed43,43,61,5,False,False,True,0.6026,0.0,-1.337812,1.8236704,-6.124921128503047e-06,0.0014944055583328009,0.00149441824760288,7e267c0bf303542b
2,day2_n8_softmax_seed43,43,61,6,False,False,True,0.5902,0.0,-0.6868065,1.4426717,-5.2524160309985746e-06,0.0014582942239940166,0.0014583037700504065,7e267c0bf303542b
2,day2_n8_softmax_seed43,43,61,7,False,False,True,0.6226,0.0,-0.33066514,1.7944375,-1.5256274537023273e-06,0.0014775958843529224,0.0014775966992601752,7e267c0bf303542b
2,day2_n8_softmax_seed43,43,62,0,False,False,True,0.6064,0.0,0.6470041,-0.0217273,-4.939751761412481e-06,0.001447345013730228,0.0014473533956333995,7e267c0bf303542b
2,day2_n8_softmax_seed43,43,62,1,False,False,True,0.5642,0.0,1.8348154,-5.8023076,-8.229847480833996e-06,0.00148751400411129,0.001487536821514368,7e267c0bf303542b
2,day2_n8_softmax_seed43,43,62,2,False,False,True,0.6064,0.0,-6.310539,-0.73684716,-4.190251729596639e-06,0.0015218164771795273,0.0015218222979456186,7e267c0bf303542b
2,day2_n8_softmax_seed43,43,62,3,False,False,True,0.6334,0.0,-0.08675316,2.2092147,-5.7609354371379595e-06,0.0014409158611670136,0.0014409272698685527,7e267c0bf303542b
2,day2_n8_softmax_seed43,43,62,4,False,False,True,0.593,0.0,1.7689973,1.2680862,-1.960864892680547e-06,0.0014616989064961672,0.0014617001870647073,7e267c0bf303542b
2,day2_n8_softmax_seed43,43,62,5,False,False,True,0.6008,0.0,0.34051856,0.25876978,-6.49206458547269e-06,0.0013956400798633695,0.0013956550974398851,7e267c0bf303542b
2,day2_n8_softmax_seed43,43,62,6,False,False,True,0.5998,0.0,1.4841431,2.5479455,-8.177905328921042e-06,0.001468256930820644,0.0014682796318084002,7e267c0bf303542b
2,day2_n8_softmax_seed43,43,62,7,False,False,True,0.629,0.0,0.3218106,0.2768586,-7.064896180963842e-06,0.0013826739741489291,0.0013826919021084905,7e267c0bf303542b
2,day2_n8_softmax_seed43,43,63,0,False,False,True,0.5666,0.0,1.5744914,-3.0241833,-5.750863692810526e-06,0.0014654920669272542,0.0014655033592134714,7e267c0bf303542b
2,day2_n8_softmax_seed43,43,63,1,False,False,True,0.6386,0.0,0.49388525,-0.16952962,-9.118618436332326e-06,0.0014276178553700447,0.0014276468427851796,7e267c0bf303542b
2,day2_n8_softmax_seed43,43,63,2,False,False,True,0.5814,0.0,0.6215706,-0.4082088,-8.878430890035816e-06,0.0014391388976946473,0.0014391662552952766,7e267c0bf303542b
2,day2_n8_softmax_seed43,43,63,3,False,False,True,0.5776,0.0,0.9004754,-2.071735,-7.0644746301695704e-06,0.0014754271833226085,0.0014754441799595952,7e267c0bf303542b
2,day2_n8_softmax_seed43,43,63,4,False,False,True,0.616,0.0,0.930072,0.37700975,-9.609671906218864e-06,0.0014238548465073109,0.0014238872099667788,7e267c0bf303542b
2,day2_n8_softmax_seed43,43,63,5,False,False,True,0.5036,0.0,-6.768548,-0.15720364,-1.1239195373491384e-05,0.0015745030250400305,0.0015745431883260608,7e267c0bf303542b
2,day2_n8_softmax_seed43,43,63,6,False,False,True,0.593,0.0,1.2208294,-0.27080747,-8.926743248593993e-06,0.0014474033378064632,0.0014474309282377362,7e267c0bf303542b
2,day2_n8_softmax_seed43,43,63,7,False,False,True,0.6256,0.0,1.0272197,5.724656,-9.573780516802799e-06,0.0014706499641761184,0.001470681163482368,7e267c0bf303542b
2,day2_n8_softmax_seed43,43,64,0,False,False,True,0.568,0.0,2.0982404,1.0740874,-2.6411248654767405e-06,0.0015864631859585643,0.0015864655142650008,7e267c0bf303542b
2,day2_n8_softmax_seed43,43,64,1,False,False,True,0.634,0.0,0.7392811,0.39609486,-7.971134436957072e-06,0.00142969423905015,0.0014297164743766189,7e267c0bf303542b
2,day2_n8_softmax_seed43,43,64,2,False,False,True,0.494,0.0,-8.207337,-0.09699801,-1.4780499441258144e-05,0.001912469626404345,0.0019125266699120402,7e267c0bf303542b
2,day2_n8_softmax_seed43,43,64,3,False,False,True,0.6412,0.0,0.8335652,0.52624846,-4.259079105395358e-06,0.0014471192844212055,0.0014471255708485842,7e267c0bf303542b
2,day2_n8_softmax_seed43,43,64,4,False,False,True,0.6116,0.0,0.831038,2.893133,-5.87169006394106e-06,0.0015713870525360107,0.0015713982284069061,7e267c0bf303542b
2,day2_n8_softmax_seed43,43,64,5,False,False,True,0.5974,0.0,1.2791713,1.1034243,-2.474393113516271e-06,0.001500653917901218,0.0015006561297923326,7e267c0bf303542b
2,day2_n8_softmax_seed43,43,64,6,False,False,True,0.629,0.0,1.1547822,0.8731016,-5.131510533828987e-06,0.0014728374080732465,0.0014728462556377053,7e267c0bf303542b
2,day2_n8_softmax_seed43,43,64,7,False,False,True,0.5412,0.0,1.2712619,-6.769094,3.955090832619135e-08,0.0016304118325933814,0.0016304118325933814,7e267c0bf303542b
2,day2_n8_softmax_seed43,43,65,0,False,False,True,0.6518,0.0,1.4844893,-0.34578833,-6.981606475164881e-06,0.0014651539968326688,0.00146517064422369,7e267c0bf303542b
2,day2_n8_softmax_seed43,43,65,1,False,False,True,0.5904,0.0,1.2908015,0.19859518,-8.765535312704742e-06,0.0014986525056883693,0.001498678233474493,7e267c0bf303542b
2,day2_n8_softmax_seed43,43,65,2,False,False,True,0.626,0.0,1.5430503,0.24419332,-8.353856173926033e-06,0.0014532457571476698,0.001453269855119288,7e267c0bf303542b
2,day2_n8_softmax_seed43,43,65,3,False,False,True,0.627,0.0,1.4030616,0.19444594,-5.440219865704421e-06,0.0015054030809551477,0.0015054128598421812,7e267c0bf303542b
2,day2_n8_softmax_seed43,43,65,4,False,False,True,0.5256,0.0,-10.383455,0.1345203,-4.306775736040436e-06,0.0024294264148920774,0.002429430140182376,7e267c0bf303542b
2,day2_n8_softmax_seed43,43,65,5,False,False,True,0.539,0.0,1.5373209,-5.35884,-9.969661732611712e-06,0.0016054656589403749,0.0016054966254159808,7e267c0bf303542b
2,day2_n8_softmax_seed43,43,65,6,False,False,True,0.607,0.0,1.2902602,-0.35472956,-6.880171895318199e-06,0.0014569164486601949,0.0014569326303899288,7e267c0bf303542b
2,day2_n8_softmax_seed43,43,65,7,False,False,True,0.6094,0.0,1.8344938,5.287605,-9.405363016412593e-06,0.001621664734557271,0.0016216920921579003,7e267c0bf303542b
2,day2_n8_softmax_seed43,43,66,0,False,False,True,0.59,0.0,-0.8033554,1.3094457,-4.1029902604350355e-06,0.0014912351034581661,0.0014912409242242575,7e267c0bf303542b
2,day2_n8_softmax_seed43,43,66,1,False,False,True,0.64,0.0,-1.125846,1.2043505,-7.231785730255069e-06,0.001488999929279089,0.0014890175079926848,7e267c0bf303542b
2,day2_n8_softmax_seed43,43,66,2,False,False,True,0.639,0.0,-0.64710677,0.62084585,-1.3021407539781649e-05,0.001446396461687982,0.0014464551350101829,7e267c0bf303542b
2,day2_n8_softmax_seed43,43,66,3,False,False,True,0.6492,0.0,-2.161646,-6.164084,-6.0747961470042355e-06,0.001529464847408235,0.0015294768381863832,7e267c0bf303542b
2,day2_n8_softmax_seed43,43,66,4,False,False,True,0.6178,0.0,-1.2399267,0.8506999,-1.1666174941638019e-05,0.0014896001666784286,0.0014896458014845848,7e267c0bf303542b
2,day2_n8_softmax_seed43,43,66,5,False,False,True,0.6302,0.0,-0.04343541,2.1115158,-5.418116870714584e-06,0.0014783584047108889,0.0014783681835979223,7e267c0bf303542b
2,day2_n8_softmax_seed43,43,66,6,False,False,True,0.6102,0.0,6.7213736,-1.2560086,-6.375520570145454e-06,0.0015833857469260693,0.001583398669026792,7e267c0bf303542b
2,day2_n8_softmax_seed43,43,66,7,False,False,True,0.6192,0.0,-0.7000519,1.3232288,-7.131465281418059e-06,0.0014804510865360498,0.0014804683160036802,7e267c0bf303542b
2,day2_n8_softmax_seed43,43,67,0,False,False,True,0.6012,0.0,-1.5016416,-0.08643322,-5.974486157356296e-06,0.0015087315114215016,0.001508743385784328,7e267c0bf303542b
2,day2_n8_softmax_seed43,43,67,1,False,False,True,0.6292,0.0,-1.2327635,-0.016783375,-7.239125807245728e-06,0.0014847050188109279,0.0014847227139398456,7e267c0bf303542b
2,day2_n8_softmax_seed43,43,67,2,False,False,True,0.5746,0.0,7.472358,-0.16359809,-9.899231372401118e-06,0.0017345944652333856,0.0017346228705719113,7e267c0bf303542b
2,day2_n8_softmax_seed43,43,67,3,False,False,True,0.6038,0.0,-1.1997887,2.6958973,-1.02897611213848e-05,0.0015101584140211344,0.0015101934550330043,7e267c0bf303542b
2,day2_n8_softmax_seed43,43,67,4,False,False,True,0.6282,0.0,-1.1611307,-6.1873865,-7.434869530698052e-06,0.0015284158289432526,0.0015284339897334576,7e267c0bf303542b
2,day2_n8_softmax_seed43,43,67,5,False,False,True,0.5874,0.0,-1.0735514,1.4835575,-5.250832600722788e-06,0.0015108762308955193,0.0015108854277059436,7e267c0bf303542b
2,day2_n8_softmax_seed43,43,67,6,False,False,True,0.6426,0.0,-0.79924303,0.4683645,-4.973052000423195e-06,0.0014691512333229184,0.0014691597316414118,7e267c0bf303542b
2,day2_n8_softmax_seed43,43,67,7,False,False,True,0.5874,0.0,-0.5042446,1.8063825,-3.5177179142920068e-06,0.0015238553751260042,0.0015238594496622682,7e267c0bf303542b
2,day2_n8_softmax_seed43,43,68,0,False,False,True,0.636,0.0,1.6469754,0.22471488,-5.964779120404273e-06,0.0015824964502826333,0.0015825077425688505,7e267c0bf303542b
2,day2_n8_softmax_seed43,43,68,1,False,False,True,0.6078,0.0,0.403529,-6.776615,-8.607114068581723e-06,0.0016459458274766803,0.0016459682956337929,7e267c0bf303542b
2,day2_n8_softmax_seed43,43,68,2,False,False,True,0.6346,0.0,0.9773554,0.761556,-2.381648528171354e-06,0.0015038622077554464,0.0015038640704005957,7e267c0bf303542b
2,day2_n8_softmax_seed43,43,68,3,False,False,True,0.6186,0.0,0.78694224,0.027835093,-4.466683094506152e-06,0.0014982237480580807,0.001498230267316103,7e267c0bf303542b
2,day2_n8_softmax_seed43,43,68,4,False,False,True,0.309,0.0,-7.7652164,0.731153,-9.395786946697626e-06,0.001797010307200253,0.0017970349872484803,7e267c0bf303542b
2,day2_n8_softmax_seed43,43,68,5,False,False,True,0.607,0.0,1.6869994,3.340365,-8.669872840982862e-06,0.001620277762413025,0.0016203009290620685,7e267c0bf303542b
2,day2_n8_softmax_seed43,43,68,6,False,False,True,0.5786,0.0,1.5323973,0.50471634,-5.5751206673448905e-06,0.0015636422904208302,0.0015636521857231855,7e267c0bf303542b
2,day2_n8_softmax_seed43,43,68,7,False,False,True,0.6296,0.0,0.7310195,1.1862777,-9.976199180528056e-06,0.0015499587170779705,0.0015499908477067947,7e267c0bf303542b
2,day2_n8_softmax_seed43,43,69,0,False,False,True,0.5796,0.0,7.02425,0.09792819,-5.142268946656259e-06,0.0016356420237571,0.0016356500564143062,7e267c0bf303542b
2,day2_n8_softmax_seed43,43,69,1,False,False,True,0.6346,0.0,-0.82866687,1.8952712,-7.779257430229336e-06,0.0015413172077387571,0.001541336765512824,7e267c0bf303542b
2,day2_n8_softmax_seed43,43,69,2,False,False,True,0.6322,0.0,-1.1063727,1.1800534,-8.474654350720812e-06,0.001513062510639429,0.0015130863757804036,7e267c0bf303542b
2,day2_n8_softmax_seed43,43,69,3,False,False,True,0.6084,0.0,-0.75258094,-3.1567338,-9.970129212888423e-06,0.0015470925718545914,0.0015471247024834156,7e267c0bf303542b
2,day2_n8_softmax_seed43,43,69,4,False,False,True,0.6454,0.0,-0.4336612,-0.902291,-3.4448080441507045e-06,0.0014626140473410487,0.0014626181218773127,7e267c0bf303542b
2,day2_n8_softmax_seed43,43,69,5,False,False,True,0.5958,0.0,-0.85874236,-0.9498567,-3.332598453198443e-06,0.0015317403012886643,0.0015317440265789628,7e267c0bf303542b
2,day2_n8_softmax_seed43,43,69,6,False,False,True,0.5708,0.0,-1.3565333,5.144168,-3.7872134726057993e-06,0.0015552458353340626,0.0015552503755316138,7e267c0bf303542b
2,day2_n8_softmax_seed43,43,69,7,False,False,True,0.6278,0.0,-1.6876953,-3.3085492,-9.456448424316477e-06,0.0015593119896948338,0.0015593406278640032,7e267c0bf303542b
2,day2_n8_softmax_seed43,43,70,0,False,False,True,0.625,0.0,-0.5468302,0.50873035,-8.93280503078131e-06,0.0016149930888786912,0.0016150176525115967,7e267c0bf303542b
2,day2_n8_softmax_seed43,43,70,1,False,False,True,0.529,0.0,8.308855,-0.84550023,-1.3814801604894456e-05,0.0019429754465818405,0.0019430245738476515,7e267c0bf303542b
2,day2_n8_softmax_seed43,43,70,2,False,False,True,0.5872,0.0,-1.1637802,1.1626391,-1.1587107110244688e-05,0.001476575736887753,0.0014766212552785873,7e267c0bf303542b
2,day2_n8_softmax_seed43,43,70,3,False,False,True,0.6464,0.0,-1.0187259,1.2690603,-6.889487394801108e-06,0.0015002177096903324,0.0015002335421741009,7e267c0bf303542b
2,day2_n8_softmax_seed43,43,70,4,False,False,True,0.6476,0.0,-1.065858,1.4937999,-3.110836814812501e-06,0.0015161114279180765,0.0015161146875470877,7e267c0bf303542b
2,day2_n8_softmax_seed43,43,70,5,False,False,True,0.6296,0.0,-2.1788065,-7.2737174,-7.886019375291653e-06,0.0017449881415814161,0.0017450059531256557,7e267c0bf303542b
2,day2_n8_softmax_seed43,43,70,6,False,False,True,0.6414,0.0,-1.0861827,1.8138567,-1.0331396879337262e-05,0.001548342639580369,0.0015483770985156298,7e267c0bf303542b
2,day2_n8_softmax_seed43,43,70,7,False,False,True,0.6276,0.0,-1.2486768,1.8711367,-6.748132818756858e-06,0.0015424576122313738,0.0015424723969772458,7e267c0bf303542b
2,day2_n8_softmax_seed43,43,71,0,False,False,True,0.6304,0.0,-0.535031,-2.1453764,-3.303011681055068e-06,0.0015274896286427975,0.001527493237517774,7e267c0bf303542b
2,day2_n8_softmax_seed43,43,71,1,False,False,True,0.6278,0.0,-8.175389,7.3709574,-8.43505040393211e-06,0.0025166424456983805,0.0025166566483676434,7e267c0bf303542b
2,day2_n8_softmax_seed43,43,71,2,False,False,True,0.6196,0.0,-0.031900465,-2.2408419,-7.119721431081416e-06,0.0015391719061881304,0.0015391884371638298,7e267c0bf303542b
2,day2_n8_softmax_seed43,43,71,3,False,False,True,0.6296,0.0,-0.3789044,-2.1541574,-4.757590431836434e-06,0.0015719434013590217,0.001571950619108975,7e267c0bf303542b
2,day2_n8_softmax_seed43,43,71,4,False,False,True,0.634,0.0,9.721327,5.875672,-3.1603872230334673e-06,0.0026128492318093777,0.0026128513272851706,7e267c0bf303542b
2,day2_n8_softmax_seed43,43,71,5,False,False,True,0.6572,0.0,-0.2650091,-2.2648945,-1.1932035704376176e-05,0.0016979818465188146,0.0016980237560346723,7e267c0bf303542b
2,day2_n8_softmax_seed43,43,71,6,False,False,True,0.6162,0.0,-0.52734566,-1.8888565,-2.600751713544014e-06,0.0016544351819902658,0.001654437161050737,7e267c0bf303542b
2,day2_n8_softmax_seed43,43,71,7,False,False,True,0.5726,0.0,0.19225642,-2.552525,-7.88562829256989e-06,0.0017322946805506945,0.0017323127249255776,7e267c0bf303542b
2,day2_n8_softmax_seed43,43,72,0,False,False,True,0.4756,0.0,-8.3625965,-0.1376689,-8.233319022110663e-06,0.0019546751864254475,0.001954692415893078,7e267c0bf303542b
2,day2_n8_softmax_seed43,43,72,1,False,False,True,0.6438,0.0,1.2759728,2.9331586,-6.541532911796821e-06,0.0016526858089491725,0.0016526987310498953,7e267c0bf303542b
2,day2_n8_softmax_seed43,43,72,2,False,False,True,0.5428,0.0,1.2264379,1.1966054,-4.4362327571434435e-06,0.0016775127733126283,0.0016775185940787196,7e267c0bf303542b
2,day2_n8_softmax_seed43,43,72,3,False,False,True,0.6168,0.0,0.80361307,0.450102,-6.064095487090526e-06,0.0015513814287260175,0.001551393186673522,7e267c0bf303542b
2,day2_n8_softmax_seed43,43,72,4,False,False,True,0.657,0.0,0.66244733,0.4610967,-4.418406660988694e-06,0.0015176046872511506,0.001517611090093851,7e267c0bf303542b
2,day2_n8_softmax_seed43,43,72,5,False,False,True,0.6176,0.0,0.8288452,-0.08409391,-3.985396688221954e-06,0.0015707603888586164,0.0015707655111327767,7e267c0bf303542b
2,day2_n8_softmax_seed43,43,72,6,False,False,True,0.609,0.0,1.9521097,2.4053385,-5.105062882648781e-06,0.0017373641021549702,0.001737371669150889,7e267c0bf303542b
2,day2_n8_softmax_seed43,43,72,7,False,False,True,0.554,0.0,1.613169,-7.2245417,-3.1553086046187673e-06,0.0017542981076985598,0.0017543010180816054,7e267c0bf303542b
2,day2_n8_softmax_seed43,43,73,0,False,False,True,0.6418,0.0,1.7407368,-0.2756427,-2.9735347197856754e-06,0.0016727367183193564,0.0016727392794564366,7e267c0bf303542b
2,day2_n8_softmax_seed43,43,73,1,False,False,True,0.5812,0.0,1.9331955,2.1287532,-3.6228136650606757e-06,0.0017242667963728309,0.0017242706380784512,7e267c0bf303542b
2,day2_n8_softmax_seed43,43,73,2,False,False,True,0.6178,0.0,-0.13009498,1.857009,-6.460516033257591e-06,0.0015727606369182467,0.001572773908264935,7e267c0bf303542b
2,day2_n8_softmax_seed43,43,73,3,False,False,True,0.6222,0.0,-10.545126,-3.5865097,-2.092940303555224e-05,0.002451069885864854,0.0024511595256626606,7e267c0bf303542b
2,day2_n8_softmax_seed43,43,73,4,False,False,True,0.6552,0.0,0.9412524,1.5864971,-5.549649358727038e-06,0.001586313359439373,0.0015863230219110847,7e267c0bf303542b
2,day2_n8_softmax_seed43,43,73,5,False,False,True,0.6354,0.0,0.60940635,1.079604,-4.069668193551479e-06,0.0015537278959527612,0.0015537332510575652,7e267c0bf303542b
2,day2_n8_softmax_seed43,43,73,6,False,False,True,0.6514,0.0,-0.7287831,3.781968,-1.0568286597845145e-05,0.0016574559267610312,0.001657489687204361,7e267c0bf303542b
2,day2_n8_softmax_seed43,43,73,7,False,False,True,0.6078,0.0,6.179414,-6.571668,-7.038998774078209e-06,0.0021597405429929495,0.002159752184525132,7e267c0bf303542b
2,day2_n8_softmax_seed43,43,74,0,False,False,True,0.6094,0.0,-0.051309403,0.87102,-3.5267105431557866e-06,0.0015450119972229004,0.0015450160717591643,7e267c0bf303542b
2,day2_n8_softmax_seed43,43,74,1,False,False,True,0.5854,0.0,-1.0724828,-7.2404237,-2.223042656623875e-06,0.0016958514461293817,0.0016958528431132436,7e267c0bf303542b
2,day2_n8_softmax_seed43,43,74,2,False,False,True,0.6256,0.0,-6.2759233,2.4985929,-3.221808356101974e-06,0.0016650211764499545,0.0016650243196636438,7e267c0bf303542b
2,day2_n8_softmax_seed43,43,74,3,False,False,True,0.6206,0.0,0.50040853,0.4609472,-1.6322854889949667e-06,0.0015703764511272311,0.001570377266034484,7e267c0bf303542b
2,day2_n8_softmax_seed43,43,74,4,False,False,True,0.6444,0.0,1.6704832,0.22531712,-4.0551785787101835e-06,0.001583223813213408,0.0015832289354875684,7e267c0bf303542b
2,day2_n8_softmax_seed43,43,74,5,False,False,True,0.6266,0.0,-0.08167894,0.9605936,-5.6871535889513325e-06,0.0016090746503323317,0.0016090847784653306,7e267c0bf303542b
2,day2_n8_softmax_seed43,43,74,6,False,False,True,0.5918,0.0,4.620555,1.5003883,7.732732001386466e-07,0.0016788725042715669,0.0016788726206868887,7e267c0bf303542b
2,day2_n8_softmax_seed43,43,74,7,False,False,True,0.63,0.0,0.6899503,0.7235656,-5.73443958273856e-06,0.001562698045745492,0.0015627086395397782,7e267c0bf303542b
2,day2_n8_softmax_seed43,43,75,0,False,False,True,0.6384,0.0,-1.3911352,-0.2969781,-8.676113793626428e-06,0.0015982482582330704,0.0015982717741280794,7e267c0bf303542b
2,day2_n8_softmax_seed43,43,75,1,False,False,True,0.6628,0.0,-0.8647206,-0.5702646,-7.95060350355925e-06,0.0014743253123015165,0.0014743467327207327,7e267c0bf303542b
2,day2_n8_softmax_seed43,43,75,2,False,False,True,0.6556,0.0,-0.86111397,0.7431038,-1.0667754395399243e-05,0.001562799676321447,0.001562835997901857,7e267c0bf303542b
2,day2_n8_softmax_seed43,43,75,3,False,False,True,0.6448,0.0,-1.2310009,-0.12791698,-6.483997367467964e-06,0.001591439824551344,0.0015914529794827104,7e267c0bf303542b
2,day2_n8_softmax_seed43,43,75,4,False,False,True,0.6028,0.0,8.143051,0.007899837,-6.479934654635144e-06,0.0018552441615611315,0.0018552554538473487,7e267c0bf303542b
2,day2_n8_softmax_seed43,43,75,5,False,False,True,0.6254,0.0,-1.2519559,-2.2835653,-6.594648766622413e-06,0.0016202625120058656,0.0016202760161831975,7e267c0bf303542b
2,day2_n8_softmax_seed43,43,75,6,False,False,True,0.6122,0.0,-1.2583231,-3.7569375,-3.1630688681616448e-06,0.001629502046853304,0.0016295050736516714,7e267c0bf303542b
2,day2_n8_softmax_seed43,43,75,7,False,False,True,0.6054,0.0,-1.2847977,6.284663,-3.5899051908927504e-06,0.0016344249015673995,0.0016344288596883416,7e267c0bf303542b
2,day2_n8_softmax_seed43,43,76,0,False,False,True,0.5156,0.0,-10.240875,0.26603144,-6.5271046878478955e-06,0.0024115436244755983,0.002411552472040057,7e267c0bf303542b
2,day2_n8_softmax_seed43,43,76,1,False,False,True,0.5972,0.0,1.5577931,-9.569752,-5.370703092921758e-06,0.002288434188812971,0.0022884407080709934,7e267c0bf303542b
2,day2_n8_softmax_seed43,43,76,2,False,False,True,0.6428,0.0,1.0062344,1.1450521,-5.592651632468915e-06,0.0016953746089711785,0.0016953839221969247,7e267c0bf303542b
2,day2_n8_softmax_seed43,43,76,3,False,False,True,0.6478,0.0,1.2607708,0.77864355,-2.702387973840814e-06,0.0015225301031023264,0.001522532431408763,7e267c0bf303542b
2,day2_n8_softmax_seed43,43,76,4,False,False,True,0.6368,0.0,1.4179717,2.374371,-7.37556183594279e-06,0.0015911516966298223,0.0015911689260974526,7e267c0bf303542b
2,day2_n8_softmax_seed43,43,76,5,False,False,True,0.5384,0.0,0.7202666,0.657107,-5.2307636906334665e-06,0.001640273374505341,0.0016402817564085126,7e267c0bf303542b
2,day2_n8_softmax_seed43,43,76,6,False,False,True,0.6066,0.0,3.01578,3.5182228,-3.218894562451169e-06,0.0019892293494194746,0.0019892321433871984,7e267c0bf303542b
2,day2_n8_softmax_seed43,43,76,7,False,False,True,0.572,0.0,1.2620529,0.83034515,-3.6779406400455628e-06,0.001558013609610498,0.0015580179169774055,7e267c0bf303542b
2,day2_n8_softmax_seed43,43,77,0,False,False,True,0.1402,0.0,12.003972,-0.5368685,1.2971962860319763e-05,0.002792266197502613,0.002792296465486288,7e267c0bf303542b
2,day2_n8_softmax_seed43,43,77,1,False,False,True,0.6162,0.0,-1.6031407,1.2956991,-3.650392272902536e-06,0.0015974947018548846,0.0015974988928064704,7e267c0bf303542b
2,day2_n8_softmax_seed43,43,77,2,False,False,True,0.5908,0.0,-2.4434004,-8.726283,-7.156336778280092e-06,0.002050466602668166,0.0020504791755229235,7e267c0bf303542b
2,day2_n8_softmax_seed43,43,77,3,False,False,True,0.6466,0.0,-1.421624,1.4058986,-7.706123142270371e-06,0.0015557411825284362,0.001555760158225894,7e267c0bf303542b
2,day2_n8_softmax_seed43,43,77,4,False,False,True,0.5794,0.0,-1.8171986,1.9836965,-4.383519353723386e-06,0.0017352961003780365,0.0017353015718981624,7e267c0bf303542b
2,day2_n8_softmax_seed43,43,77,5,False,False,True,0.599,0.0,-1.6562443,1.4479916,-2.8204128739162115e-06,0.0016098972409963608,0.0016098996857181191,7e267c0bf303542b
2,day2_n8_softmax_seed43,43,77,6,False,False,True,0.6726,0.0,-1.5044519,1.4536933,-3.166626584061305e-06,0.0015747521538287401,0.0015747552970424294,7e267c0bf303542b
2,day2_n8_softmax_seed43,43,77,7,False,False,True,0.645,0.0,-1.5579463,1.6761734,-1.0732926966738887e-05,0.001716997241601348,0.001717030769214034,7e267c0bf303542b
2,day2_n8_softmax_seed43,43,78,0,False,False,True,0.6582,0.0,1.1466876,-0.90333706,-4.059134880662896e-06,0.0015917691634967923,0.0015917744021862745,7e267c0bf303542b
2,day2_n8_softmax_seed43,43,78,1,False,False,True,0.6252,0.0,1.5584018,-0.8826545,-4.9899831537914e-06,0.0015995708527043462,0.0015995786525309086,7e267c0bf303542b
2,day2_n8_softmax_seed43,43,78,2,False,False,True,0.6244,0.0,1.4589758,6.22396,-8.732489732210524e-06,0.0016702788416296244,0.0016703017754480243,7e267c0bf303542b
2,day2_n8_softmax_seed43,43,78,3,False,False,True,0.5238,0.0,-9.224398,0.079593085,-3.119614575552987e-06,0.0021194424480199814,0.002119444776326418,7e267c0bf303542b
2,day2_n8_softmax_seed43,43,78,4,False,False,True,0.6718,0.0,1.0456907,-0.5609976,-5.250242338661337e-06,0.0015139596071094275,0.00151396868750453,7e267c0bf303542b
2,day2_n8_softmax_seed43,43,78,5,False,False,True,0.5764,0.0,1.2790191,-0.44178167,-3.2191912850976223e-06,0.0015756317880004644,0.0015756350476294756,7e267c0bf303542b
2,day2_n8_softmax_seed43,43,78,6,False,False,True,0.6504,0.0,1.3722392,0.97650564,-7.66669927543262e-06,0.0016054706647992134,0.0016054889420047402,7e267c0bf303542b
2,day2_n8_softmax_seed43,43,78,7,False,False,True,0.6466,0.0,1.3633866,-4.491285,-2.697615173019585e-06,0.001657152664847672,0.0016571548767387867,7e267c0bf303542b
2,day2_n8_softmax_seed43,43,79,0,False,False,True,0.6118,0.0,6.8136096,-1.22442,-2.250033276141039e-06,0.0016499946359544992,0.0016499962657690048,7e267c0bf303542b
2,day2_n8_softmax_seed43,43,79,1,False,False,True,0.6522,0.0,-0.9456985,1.6752487,-4.741912562167272e-06,0.0015964816557243466,0.0015964888734743,7e267c0bf303542b
2,day2_n8_softmax_seed43,43,79,2,False,False,True,0.6532,0.0,0.33990526,-0.038984876,-3.0795979455433553e-06,0.0015296931378543377,0.001529696281068027,7e267c0bf303542b
2,day2_n8_softmax_seed43,43,79,3,False,False,True,0.6582,0.0,0.13902423,-0.53216213,-3.916849891538732e-06,0.001573637593537569,0.0015736424829810858,7e267c0bf303542b
2,day2_n8_softmax_seed43,43,79,4,False,False,True,0.6402,0.0,-0.16292621,0.9116551,-4.085512955498416e-06,0.0015684915706515312,0.0015684969257563353,7e267c0bf303542b
2,day2_n8_softmax_seed43,43,79,5,False,False,True,0.6058,0.0,-1.6203924,2.6670218,-6.405218300642446e-06,0.0016127040144056082,0.0016127168200910091,7e267c0bf303542b
2,day2_n8_softmax_seed43,43,79,6,False,False,True,0.6424,0.0,-3.0142696,-6.229631,-3.3676712973829126e-06,0.001638362416997552,0.0016383660258725286,7e267c0bf303542b
2,day2_n8_softmax_seed43,43,79,7,False,False,True,0.6086,0.0,-1.5492508,2.771273,-6.410728929040488e-06,0.00160431326366961,0.001604326069355011,7e267c0bf303542b
2,day2_n8_softmax_seed43,43,80,0,False,False,True,0.6568,0.0,0.926338,-1.6827145,-6.330395081022289e-06,0.0016078001353889704,0.0016078125918284059,7e267c0bf303542b
2,day2_n8_softmax_seed43,43,80,1,False,False,True,0.6174,0.0,1.4131472,6.934867,-9.46978252613917e-06,0.0016313743544742465,0.0016314018284901977,7e267c0bf303542b
2,day2_n8_softmax_seed43,43,80,2,False,False,True,0.6166,0.0,0.9730788,-1.71696,-5.870666882401565e-06,0.0016103824600577354,0.0016103930538520217,7e267c0bf303542b
2,day2_n8_softmax_seed43,43,80,3,False,False,True,0.6324,0.0,1.3214475,-0.9692179,-4.429825366969453e-06,0.0016125234542414546,0.0016125295078381896,7e267c0bf303542b
2,day2_n8_softmax_seed43,43,80,4,False,False,True,0.6492,0.0,1.3175832,-2.1353917,-5.703390797862085e-06,0.0016143099637702107,0.0016143199754878879,7e267c0bf303542b
2,day2_n8_softmax_seed43,43,80,5,False,False,True,0.5202,0.0,-8.360358,0.2122182,-4.75967635793495e-06,0.0019149759318679571,0.0019149818690493703,7e267c0bf303542b
2,day2_n8_softmax_seed43,43,80,6,False,False,True,0.6646,0.0,0.9517753,-0.46438053,-4.049806193506811e-06,0.0015977565199136734,0.001597761525772512,7e267c0bf303542b
2,day2_n8_softmax_seed43,43,80,7,False,False,True,0.6242,0.0,1.4569895,-0.1784187,-8.763469850237016e-06,0.0016303734155371785,0.0016303970478475094,7e267c0bf303542b
2,day2_n8_softmax_seed43,43,81,0,False,False,True,0.5476,0.0,-1.4157728,2.3510153,-3.6612104850064497e-06,0.0016858635935932398,0.001685867551714182,7e267c0bf303542b
2,day2_n8_softmax_seed43,43,81,1,False,False,True,0.6734,0.0,-1.2991694,0.8542717,-3.7209347283351235e-06,0.001559173921123147,0.0015591783449053764,7e267c0bf303542b
2,day2_n8_softmax_seed43,43,81,2,False,False,True,0.6518,0.0,-1.0120373,1.0149013,-4.468328370421659e-06,0.0015992632834240794,0.001599269569851458,7e267c0bf303542b
2,day2_n8_softmax_seed43,43,81,3,False,False,True,0.6256,0.0,-1.8657376,-7.737157,-6.279140507103875e-06,0.0018159231403842568,0.0018159340834245086,7e267c0bf303542b
2,day2_n8_softmax_seed43,43,81,4,False,False,True,0.6638,0.0,-1.2190381,1.1117655,-6.386503173416713e-06,0.0015694998437538743,0.001569512765854597,7e267c0bf303542b
2,day2_n8_softmax_seed43,43,81,5,False,False,True,0.6622,0.0,-1.2135539,1.0489305,-7.680916496610735e-06,0.0015509444056078792,0.001550963381305337,7e267c0bf303542b
2,day2_n8_softmax_seed43,43,81,6,False,False,True,0.4698,0.0,9.230026,-0.45117342,-9.322612640971784e-06,0.002128617838025093,0.002128638094291091,7e267c0bf303542b
2,day2_n8_softmax_seed43,43,81,7,False,False,True,0.621,0.0,-1.2047263,1.8074449,-7.687627658015117e-06,0.0016687947791069746,0.0016688125906512141,7e267c0bf303542b
2,day2_n8_softmax_seed43,43,82,0,False,False,True,0.6454,0.0,-1.2746762,-0.4446142,-9.232142588189163e-07,0.0016041031340137124,0.0016041034832596779,7e267c0bf303542b
2,day2_n8_softmax_seed43,43,82,1,False,False,True,0.6562,0.0,-1.3943642,-1.0893414,-2.6870036435866496e-06,0.0016042200149968266,0.0016042223433032632,7e267c0bf303542b
2,day2_n8_softmax_seed43,43,82,2,False,False,True,0.5086,0.0,9.333763,0.51171625,1.0944751238639583e-06,0.00214415998198092,0.00214415998198092,7e267c0bf303542b
2,day2_n8_softmax_seed43,43,82,3,False,False,True,0.666,0.0,-0.9083315,-1.4908375,-5.679973128280835e-06,0.0016222659032791853,0.0016222759149968624,7e267c0bf303542b
2,day2_n8_softmax_seed43,43,82,4,False,False,True,0.4308,0.0,-0.962305,-3.0759616,-5.081087238067994e-06,0.0017439606599509716,0.0017439681105315685,7e267c0bf303542b
2,day2_n8_softmax_seed43,43,82,5,False,False,True,0.6288,0.0,-1.8682412,7.4714484,-3.861859568132786e-06,0.0017944202991202474,0.0017944244900718331,7e267c0bf303542b
2,day2_n8_softmax_seed43,43,82,6,False,False,True,0.632,0.0,-1.5354676,-1.1379126,-3.0578873975173337e-06,0.001680615241639316,0.001680617919191718,7e267c0bf303542b
2,day2_n8_softmax_seed43,43,82,7,False,False,True,0.5922,0.0,-1.3903885,-0.74449974,-2.444768824716448e-06,0.0016317081172019243,0.0016317099798470736,7e267c0bf303542b
2,day2_n8_softmax_seed43,43,83,0,False,False,True,0.6352,0.0,0.8620864,-0.81089085,-4.289234311727341e-06,0.0017177762929350138,0.0017177817644551396,7e267c0bf303542b
2,day2_n8_softmax_seed43,43,83,1,False,False,True,0.6356,0.0,0.88770676,-0.54919326,-5.891538876312552e-06,0.0017267139628529549,0.0017267242074012756,7e267c0bf303542b
2,day2_n8_softmax_seed43,43,83,2,False,False,True,0.6394,0.0,0.1966883,8.343985,-7.6104793151898775e-06,0.001933601568453014,0.0019336167024448514,7e267c0bf303542b
2,day2_n8_softmax_seed43,43,83,3,False,False,True,0.6186,0.0,1.3175708,-0.5110889,-5.7328784350829665e-06,0.0016475770389661193,0.0016475869342684746,7e267c0bf303542b
2,day2_n8_softmax_seed43,43,83,4,False,False,True,0.5964,0.0,2.073859,-2.9851677,1.7865548898043926e-06,0.0018655492458492517,0.0018655500607565045,7e267c0bf303542b
2,day2_n8_softmax_seed43,43,83,5,False,False,True,0.645,0.0,1.4715114,-1.190153,-9.566003427607939e-06,0.0017485556891188025,0.0017485818825662136,7e267c0bf303542b
2,day2_n8_softmax_seed43,43,83,6,False,False,True,0.636,0.0,2.0975976,-1.1179686,-4.671656824939419e-06,0.0017622821033000946,0.0017622883897274733,7e267c0bf303542b
2,day2_n8_softmax_seed43,43,83,7,False,False,True,0.5202,0.0,-8.907012,-1.1795217,-7.554155558864295e-07,0.002074119634926319,0.0020741198677569628,7e267c0bf303542b
2,day2_n8_softmax_seed43,43,84,0,False,False,True,0.6324,0.0,1.5227845,1.6889856,-5.72672433918342e-06,0.0016738793347030878,0.0016738891135901213,7e267c0bf303542b
2,day2_n8_softmax_seed43,43,84,1,False,False,True,0.6352,0.0,1.3110677,1.3432462,-6.457382369262632e-06,0.0016258324030786753,0.0016258452087640762,7e267c0bf303542b
2,day2_n8_softmax_seed43,43,84,2,False,False,True,0.5522,0.0,1.0415075,1.3177183,-7.066379112075083e-06,0.001653564628213644,0.0016535796457901597,7e267c0bf303542b
2,day2_n8_softmax_seed43,43,84,3,False,False,True,0.4274,0.0,-9.354098,-0.12590332,-1.0481613571755588e-05,0.0021554960403591394,0.0021555214188992977,7e267c0bf303542b
2,day2_n8_softmax_seed43,43,84,4,False,False,True,0.646,0.0,1.3569977,1.3885003,-7.990133781277109e-06,0.0016259360127151012,0.00162595568690449,7e267c0bf303542b
2,day2_n8_softmax_seed43,43,84,5,False,False,True,0.638,0.0,1.1847973,1.6525747,-3.7139775486139115e-06,0.0016936823958531022,0.0016936864703893661,7e267c0bf303542b
2,day2_n8_softmax_seed43,43,84,6,False,False,True,0.6696,0.0,1.4752926,-7.7909713,5.194154368837189e-07,0.0018095021368935704,0.0018095022533088923,7e267c0bf303542b
2,day2_n8_softmax_seed43,43,84,7,False,False,True,0.6646,0.0,1.4616625,0.5258556,-4.7299104153353255e-06,0.0016430859686806798,0.0016430928371846676,7e267c0bf303542b
2,day2_n8_softmax_seed43,43,85,0,False,False,True,0.5564,0.0,0.2899061,-2.0884986,-9.785838301468175e-06,0.0016806145431473851,0.0016806431813165545,7e267c0bf303542b
2,day2_n8_softmax_seed43,43,85,1,False,False,True,0.6426,0.0,0.15634583,-0.8245028,-5.806842636957299e-06,0.0016196210635825992,0.0016196315409615636,7e267c0bf303542b
2,day2_n8_softmax_seed43,43,85,2,False,False,True,0.6446,0.0,-1.1532342,-1.3414334,-6.466147169703618e-06,0.0016162589890882373,0.00161627191118896,7e267c0bf303542b
2,day2_n8_softmax_seed43,43,85,3,False,False,True,0.6058,0.0,-4.7803416,5.8164363,-3.559522610885324e-06,0.0017283553024753928,0.0017283589113503695,7e267c0bf303542b
2,day2_n8_softmax_seed43,43,85,4,False,False,True,0.6854,0.0,-0.3703996,-0.8593229,-7.675316737731919e-06,0.0015594672877341509,0.0015594862634316087,7e267c0bf303542b
2,day2_n8_softmax_seed43,43,85,5,False,False,True,0.6358,0.0,6.6323514,3.7788172,-2.2609781353821745e-06,0.0017553884536027908,0.0017553899670019746,7e267c0bf303542b
2,day2_n8_softmax_seed43,43,85,6,False,False,True,0.6178,0.0,-0.16573775,-2.5218012,-6.826906428614166e-06,0.0016702107386663556,0.0016702248249202967,7e267c0bf303542b
2,day2_n8_softmax_seed43,43,85,7,False,False,True,0.6358,0.0,-0.60889524,-1.959696,-5.736453658755636e-06,0.0016270735068246722,0.0016270836349576712,7e267c0bf303542b
2,day2_n8_softmax_seed43,43,86,0,False,False,True,0.6528,0.0,-0.643348,-0.2126655,-6.05050308877253e-06,0.001661500078625977,0.0016615112544968724,7e267c0bf303542b
2,day2_n8_softmax_seed43,43,86,1,False,False,True,0.6316,0.0,-0.8229734,0.39870957,-5.833470822835807e-06,0.0016554052708670497,0.0016554156318306923,7e267c0bf303542b
2,day2_n8_softmax_seed43,43,86,2,False,False,True,0.6646,0.0,-0.9742445,-0.2639751,-2.136446482836618e-06,0.0016275288071483374,0.0016275303205475211,7e267c0bf303542b
2,day2_n8_softmax_seed43,43,86,3,False,False,True,0.6026,0.0,-2.218022,0.98961383,-7.840104103706835e-07,0.0017018044600263238,0.0017018048092722893,7e267c0bf303542b
2,day2_n8_softmax_seed43,43,86,4,False,False,True,0.5838,0.0,-1.4700774,5.017002,2.3317134036915377e-06,0.0017261202447116375,0.0017261217581108212,7e267c0bf303542b
2,day2_n8_softmax_seed43,43,86,5,False,False,True,0.6408,0.0,-0.1726138,0.7268827,-6.339738320093602e-06,0.0016656772932037711,0.0016656894003972411,7e267c0bf303542b
2,day2_n8_softmax_seed43,43,86,6,False,False,True,0.6352,0.0,7.8815894,-0.09383399,-6.685842890874483e-06,0.0018152055563405156,0.001815218012779951,7e267c0bf303542b
2,day2_n8_softmax_seed43,43,86,7,False,False,True,0.6686,0.0,-1.5803066,-6.5617323,-7.813499905751087e-06,0.0017524658469483256,0.0017524833092465997,7e267c0bf303542b
2,day2_n8_softmax_seed43,43,87,0,False,False,True,0.6342,0.0,0.96253705,2.2613475,-5.828662779094884e-06,0.0016670441254973412,0.001667054370045662,7e267c0bf303542b
2,day2_n8_softmax_seed43,43,87,1,False,False,True,0.6236,0.0,0.9627207,0.14301053,-5.38986932951957e-06,0.0016384936170652509,0.0016385025810450315,7e267c0bf303542b
2,day2_n8_softmax_seed43,43,87,2,False,False,True,0.5722,0.0,-7.0247884,-2.2728808,-7.905977327027358e-06,0.0017287080409005284,0.0017287260852754116,7e267c0bf303542b
2,day2_n8_softmax_seed43,43,87,3,False,False,True,0.6682,0.0,0.949556,-0.77275497,-8.78883929544827e-06,0.0016707971226423979,0.0016708201728761196,7e267c0bf303542b
2,day2_n8_softmax_seed43,43,87,4,False,False,True,0.656,0.0,-1.7288847,4.3357606,-3.014719368366059e-06,0.0016984976828098297,0.0016985003603622317,7e267c0bf303542b
2,day2_n8_softmax_seed43,43,87,5,False,False,True,0.664,0.0,2.3466802,-5.811877,-7.221477972052526e-06,0.0016998291248455644,0.0016998444916680455,7e267c0bf303542b
2,day2_n8_softmax_seed43,43,87,6,False,False,True,0.6862,0.0,1.3383213,1.2362518,-3.898543127434095e-06,0.0016301005380228162,0.0016301051946356893,7e267c0bf303542b
2,day2_n8_softmax_seed43,43,87,7,False,False,True,0.6536,0.0,2.19386,0.8811405,-4.236248059896752e-06,0.001645691692829132,0.001645697164349258,7e267c0bf303542b
2,day2_n8_softmax_seed43,43,88,0,False,False,True,0.6678,0.0,0.3966171,-0.6636081,-6.600540018553147e-06,0.0016838560113683343,0.001683868933469057,7e267c0bf303542b
2,day2_n8_softmax_seed43,43,88,1,False,False,True,0.6248,0.0,-7.0854764,0.13225327,-3.1682088774687145e-06,0.0018402338027954102,0.001840236596763134,7e267c0bf303542b
2,day2_n8_softmax_seed43,43,88,2,False,False,True,0.5902,0.0,-0.8158498,0.09330579,-2.871887829769548e-07,0.0018044630996882915,0.0018044630996882915,7e267c0bf303542b
2,day2_n8_softmax_seed43,43,88,3,False,False,True,0.608,0.0,1.9430354,7.7809377,1.4132841670289054e-06,0.0018599315080791712,0.0018599319737404585,7e267c0bf303542b
2,day2_n8_softmax_seed43,43,88,4,False,False,True,0.6612,0.0,-0.03737681,-0.57436377,-5.378493824537145e-06,0.0016254839720204473,0.001625492936000228,7e267c0bf303542b
2,day2_n8_softmax_seed43,43,88,5,False,False,True,0.5976,0.0,4.735971,-2.53182,-1.8600379689814872e-06,0.001827279687859118,0.0018272805027663708,7e267c0bf303542b
2,day2_n8_softmax_seed43,43,88,6,False,False,True,0.5972,0.0,0.35621282,-1.8210219,1.5135928776999208e-07,0.0017961196135729551,0.0017961193807423115,7e267c0bf303542b
2,day2_n8_softmax_seed43,43,88,7,False,False,True,0.6506,0.0,0.50686175,-2.4156833,-2.047059524556971e-06,0.0017805093666538596,0.001780510414391756,7e267c0bf303542b
2,day2_n8_softmax_seed43,43,89,0,False,False,True,0.5996,0.0,-3.1083753,-7.256815,-1.3701306670554914e-05,0.0018153798300772905,0.0018154315184801817,7e267c0bf303542b
2,day2_n8_softmax_seed43,43,89,1,False,False,True,0.611,0.0,-1.0125841,0.23691796,-7.1804083745519165e-06,0.0016822130419313908,0.0016822285251691937,7e267c0bf303542b
2,day2_n8_softmax_seed43,43,89,2,False,False,True,0.6322,0.0,-2.6482146,3.2039642,-2.1670650767191546e-06,0.0017558584222570062,0.001755859819240868,7e267c0bf303542b
2,day2_n8_softmax_seed43,43,89,3,False,False,True,0.6754,0.0,-0.15033187,1.4428214,-8.142601473082323e-06,0.001658688997849822,0.0016587090212851763,7e267c0bf303542b
2,day2_n8_softmax_seed43,43,89,4,False,False,True,0.4616,0.0,7.5501695,-1.7000064,-7.224735782074276e-06,0.0018217599717900157,0.0018217744072899222,7e267c0bf303542b
2,day2_n8_softmax_seed43,43,89,5,False,False,True,0.6628,0.0,-0.46769804,1.1106122,-1.0803186341945548e-05,0.001685717492364347,0.0016857521841302514,7e267c0bf303542b
2,day2_n8_softmax_seed43,43,89,6,False,False,True,0.6364,0.0,-0.48323917,1.5051316,-1.6810490706120618e-06,0.001649254816584289,0.0016492557479068637,7e267c0bf303542b
2,day2_n8_softmax_seed43,43,89,7,False,False,True,0.6608,0.0,0.32027835,1.4573774,-6.846842097729677e-06,0.0016503691440448165,0.0016503833467140794,7e267c0bf303542b
2,day2_n8_softmax_seed43,43,90,0,False,False,True,0.5062,0.0,-2.320122,-0.5376644,-4.611930762621341e-06,0.0017720109317451715,0.0017720168689265847,7e267c0bf303542b
2,day2_n8_softmax_seed43,43,90,1,False,False,True,0.5634,0.0,-1.1260779,0.61871606,-4.711561359727057e-06,0.0017422857927158475,0.001742292195558548,7e267c0bf303542b
2,day2_n8_softmax_seed43,43,90,2,False,False,True,0.6356,0.0,-1.2849516,-1.0197777,-2.862464043573709e-06,0.0017818089108914137,0.0017818112391978502,7e267c0bf303542b
2,day2_n8_softmax_seed43,43,90,3,False,False,True,0.5492,0.0,9.291987,0.86184025,-5.845810392202111e-06,0.002141990466043353,0.0021419983822852373,7e267c0bf303542b
2,day2_n8_softmax_seed43,43,90,4,False,False,True,0.6466,0.0,-0.5174981,-0.99805385,-7.463383553840686e-06,0.001745192101225257,0.0017452079337090254,7e267c0bf303542b
2,day2_n8_softmax_seed43,43,90,5,False,False,True,0.641,0.0,-2.1082938,6.9335938,-5.722509285988053e-06,0.0019405444618314505,0.0019405529601499438,7e267c0bf303542b
2,day2_n8_softmax_seed43,43,90,6,False,False,True,0.6068,0.0,-0.7179656,-5.8066597,-2.9632451514771674e-06,0.001929309219121933,0.0019293114310130477,7e267c0bf303542b
2,day2_n8_softmax_seed43,43,90,7,False,False,True,0.6328,0.0,-1.2170848,-0.051995125,-2.815755124174757e-06,0.0017326519591733813,0.001732654171064496,7e267c0bf303542b
2,day2_n8_softmax_seed43,43,91,0,False,False,True,0.6822,0.0,-1.0918093,1.5168631,-6.543707968376111e-06,0.001677295076660812,0.0016773078823462129,7e267c0bf303542b
2,day2_n8_softmax_seed43,43,91,1,False,False,True,0.6378,0.0,-0.92981493,1.2773236,-4.1396706365048885e-06,0.0017309507820755243,0.0017309559043496847,7e267c0bf303542b
2,day2_n8_softmax_seed43,43,91,2,False,False,True,0.6196,0.0,-1.5898188,2.2720098,-7.418846962536918e-06,0.0017917669611051679,0.0017917822115123272,7e267c0bf303542b
2,day2_n8_softmax_seed43,43,91,3,False,False,True,0.614,0.0,-1.751044,1.7252392,-2.867103830794804e-06,0.0017948895692825317,0.0017948918975889683,7e267c0bf303542b
2,day2_n8_softmax_seed43,43,91,4,False,False,True,0.6742,0.0,-0.98321414,1.136539,-4.537600489129545e-06,0.0016903721261769533,0.0016903782961890101,7e267c0bf303542b
2,day2_n8_softmax_seed43,43,91,5,False,False,True,0.589,0.0,9.545272,-0.8531026,1.4815931308476138e-06,0.0021868699695914984,0.0021868704352527857,7e267c0bf303542b
2,day2_n8_softmax_seed43,43,91,6,False,False,True,0.5486,0.0,-2.3647454,-8.386787,-1.2328538332440075e-06,0.0019919618498533964,0.0019919623155146837,7e267c0bf303542b
2,day2_n8_softmax_seed43,43,91,7,False,False,True,0.6166,0.0,-0.8348235,1.3119112,-5.937015885137953e-06,0.0016920457128435373,0.00169205607380718,7e267c0bf303542b
2,day2_n8_softmax_seed43,43,92,0,False,False,True,0.6034,0.0,1.4289591,-8.240087,-5.0775479394360445e-06,0.0019010293763130903,0.0019010362448170781,7e267c0bf303542b
2,day2_n8_softmax_seed43,43,92,1,False,False,True,0.6758,0.0,1.8862655,1.8188659,-5.330995918484405e-06,0.0016904297517612576,0.001690438250079751,7e267c0bf303542b
2,day2_n8_softmax_seed43,43,92,2,False,False,True,0.6548,0.0,1.5350852,1.0202291,-3.828372882708209e-06,0.001641159993596375,0.0016411645337939262,7e267c0bf303542b
2,day2_n8_softmax_seed43,43,92,3,False,False,True,0.5654,0.0,1.9229376,0.65834767,-6.123570074123563e-06,0.00171290326397866,0.0017129142070189118,7e267c0bf303542b
2,day2_n8_softmax_seed43,43,92,4,False,False,True,0.674,0.0,1.7393497,1.3691366,-4.9726645556802396e-06,0.0016692295903339982,0.0016692369244992733,7e267c0bf303542b
2,day2_n8_softmax_seed43,43,92,5,False,False,True,0.6782,0.0,1.6514472,1.3688915,-6.702049631712725e-06,0.0016811919631436467,0.0016812053509056568,7e267c0bf303542b
2,day2_n8_softmax_seed43,43,92,6,False,False,True,0.683,0.0,1.9216304,1.7916965,-4.223276391712716e-06,0.0017014839686453342,0.0017014893237501383,7e267c0bf303542b
2,day2_n8_softmax_seed43,43,92,7,False,False,True,0.5568,0.0,-12.085653,0.21291804,9.571497685101349e-06,0.0028020604513585567,0.0028020767495036125,7e267c0bf303542b
2,day2_n8_softmax_seed43,43,93,0,False,False,True,0.639,0.0,1.5640085,0.3450435,-4.453266683412949e-06,0.001739271217957139,0.0017392770387232304,7e267c0bf303542b
2,day2_n8_softmax_seed43,43,93,1,False,False,True,0.6276,0.0,1.615759,0.89982414,-9.044561920745764e-06,0.0017580760177224874,0.001758099184371531,7e267c0bf303542b
2,day2_n8_softmax_seed43,43,93,2,False,False,True,0.6346,0.0,1.7077913,4.986511,-1.0108959031640552e-05,0.0017618718557059765,0.0017619007267057896,7e267c0bf303542b
2,day2_n8_softmax_seed43,43,93,3,False,False,True,0.3784,0.0,-11.449534,-0.07636474,7.098386731740902e-07,0.0026346049271523952,0.002634605159983039,7e267c0bf303542b
2,day2_n8_softmax_seed43,43,93,4,False,False,True,0.6362,0.0,1.7164083,-0.25168568,-3.1618067168892594e-06,0.0016897475579753518,0.0016897505847737193,7e267c0bf303542b
2,day2_n8_softmax_seed43,43,93,5,False,False,True,0.5462,0.0,1.8111842,-6.744673,-2.869412355721579e-06,0.0017834162572398782,0.0017834185855463147,7e267c0bf303542b
2,day2_n8_softmax_seed43,43,93,6,False,False,True,0.656,0.0,1.5411152,0.16035323,-2.905107749029412e-06,0.001650797319598496,0.0016507997643202543,7e267c0bf303542b
2,day2_n8_softmax_seed43,43,93,7,False,False,True,0.627,0.0,1.4932796,0.6809879,-3.6027013265993446e-06,0.0016935794847086072,0.0016935833264142275,7e267c0bf303542b
2,day2_n8_softmax_seed43,43,94,0,False,False,True,0.537,0.0,1.4476022,0.72947705,-2.8680537980108056e-06,0.0017718053422868252,0.0017718077870085835,7e267c0bf303542b
2,day2_n8_softmax_seed43,43,94,1,False,False,True,0.6462,0.0,0.6417866,1.0917624,-3.555716077130455e-08,0.0016984294634312391,0.001698429579846561,7e267c0bf303542b
2,day2_n8_softmax_seed43,43,94,2,False,False,True,0.6458,0.0,-8.9685545,-1.9471995,-5.054267603554763e-06,0.0021163199562579393,0.0021163260098546743,7e267c0bf303542b
2,day2_n8_softmax_seed43,43,94,3,False,False,True,0.649,0.0,0.66330266,2.1381006,-8.952692041930277e-06,0.00178623478859663,0.0017862572567537427,7e267c0bf303542b
2,day2_n8_softmax_seed43,43,94,4,False,False,True,0.6662,0.0,0.62612116,0.8482741,-2.389089559073909e-06,0.0016552037559449673,0.0016552053857594728,7e267c0bf303542b
2,day2_n8_softmax_seed43,43,94,5,False,False,True,0.5974,0.0,3.4957721,-7.897846,-1.681058392932755e-06,0.0019834849517792463,0.0019834854174405336,7e267c0bf303542b
2,day2_n8_softmax_seed43,43,94,6,False,False,True,0.56,0.0,1.847276,3.2468174,-4.858383817918366e-06,0.0018918614368885756,0.0018918676069006324,7e267c0bf303542b
2,day2_n8_softmax_seed43,43,94,7,False,False,True,0.6102,0.0,0.24669993,1.7906095,-2.2830813577456865e-06,0.0017514138016849756,0.0017514153150841594,7e267c0bf303542b
2,day2_n8_softmax_seed43,43,95,0,False,False,True,0.6838,0.0,1.2282264,-0.37717587,-6.209024832060095e-06,0.001674921135418117,0.001674932544119656,7e267c0bf303542b
2,day2_n8_softmax_seed43,43,95,1,False,False,True,0.6598,0.0,0.95476705,-0.0033794395,-2.882739408960333e-06,0.001663366798311472,0.0016633693594485521,7e267c0bf303542b
2,day2_n8_softmax_seed43,43,95,2,False,False,True,0.6606,0.0,1.235843,-6.092226,-8.314960723510012e-06,0.0017015209887176752,0.001701541361398995,7e267c0bf303542b
2,day2_n8_softmax_seed43,43,95,3,False,False,True,0.6812,0.0,1.2153518,3.0595593,-1.3688884337170748e-06,0.0017005335539579391,0.0017005340196192265,7e267c0bf303542b
2,day2_n8_softmax_seed43,43,95,4,False,False,True,0.604,0.0,-8.638074,0.11559856,-1.8998914583789883e-06,0.0019639860838651657,0.0019639870151877403,7e267c0bf303542b
2,day2_n8_softmax_seed43,43,95,5,False,False,True,0.669,0.0,1.5382409,4.251339,-3.728979663719656e-06,0.0017115343362092972,0.001711538527160883,7e267c0bf303542b
2,day2_n8_softmax_seed43,43,95,6,False,False,True,0.6548,0.0,1.1769382,0.3122977,-3.635065866092191e-07,0.0016691995551809669,0.0016691996715962887,7e267c0bf303542b
2,day2_n8_softmax_seed43,43,95,7,False,False,True,0.6648,0.0,1.2887129,-1.2660085,-4.627669113688171e-06,0.001686729840002954,0.0016867362428456545,7e267c0bf303542b
2,day2_n8_softmax_seed43,43,96,0,False,False,True,0.6082,0.0,1.2669351,3.7575934,-5.42221869181958e-06,0.0017805203096941113,0.0017805286915972829,7e267c0bf303542b
2,day2_n8_softmax_seed43,43,96,1,False,False,True,0.6304,0.0,2.4814498,4.92446,-8.22890172003099e-07,0.0017885505221784115,0.0017885506385937333,7e267c0bf303542b
2,day2_n8_softmax_seed43,43,96,2,False,False,True,0.693,0.0,0.28803965,-0.75670284,-6.852694241388235e-06,0.0016652131453156471,0.0016652272315695882,7e267c0bf303542b
2,day2_n8_softmax_seed43,43,96,3,False,False,True,0.6028,0.0,-0.22060056,0.5594389,-3.1947197385306936e-06,0.0017409427091479301,0.0017409457359462976,7e267c0bf303542b
2,day2_n8_softmax_seed43,43,96,4,False,False,True,0.6556,0.0,-6.020587,0.40709272,-3.1943129670253256e-06,0.0018048416823148727,0.0018048445926979184,7e267c0bf303542b
2,day2_n8_softmax_seed43,43,96,5,False,False,True,0.6834,0.0,-0.69486564,-0.63514876,-1.133136265707435e-06,0.0017209211364388466,0.001720921602100134,7e267c0bf303542b
2,day2_n8_softmax_seed43,43,96,6,False,False,True,0.577,0.0,-2.2334692,-3.7674463,-2.9365455702645704e-06,0.0017905100248754025,0.0017905125860124826,7e267c0bf303542b
2,day2_n8_softmax_seed43,43,96,7,False,False,True,0.6688,0.0,5.1330986,-4.4892826,-4.411837380757788e-06,0.0018138770246878266,0.0018138824962079525,7e267c0bf303542b
2,day2_n8_softmax_seed43,43,97,0,False,False,True,0.6022,0.0,3.8420782,2.4835403,-1.17212603072403e-05,0.002399985445663333,0.0024000138510018587,7e267c0bf303542b
2,day2_n8_softmax_seed43,43,97,1,False,False,True,0.6724,0.0,0.75201905,-0.04341264,-8.696300028532278e-06,0.0017444542609155178,0.0017444759141653776,7e267c0bf303542b
2,day2_n8_softmax_seed43,43,97,2,False,False,True,0.292,0.0,3.01198,-9.487909,-7.5358161666372325e-06,0.0024483001325279474,0.0024483120068907738,7e267c0bf303542b
2,day2_n8_softmax_seed43,43,97,3,False,False,True,0.656,0.0,1.8157418,6.1827083,-1.496851837146096e-06,0.002384608844295144,0.0023846093099564314,7e267c0bf303542b
2,day2_n8_softmax_seed43,43,97,4,False,False,True,0.6646,0.0,1.1705471,0.3044732,-1.0988812391587999e-05,0.0016713867662474513,0.0016714228549972177,7e267c0bf303542b
2,day2_n8_softmax_seed43,43,97,5,False,False,True,0.5396,0.0,-13.049653,-0.4777091,-5.722905029870162e-07,0.0030123968608677387,0.0030123968608677387,7e267c0bf303542b
2,day2_n8_softmax_seed43,43,97,6,False,False,True,0.6856,0.0,1.1861756,0.8040972,6.633454631810309e-06,0.0018598978640511632,0.0018599096219986677,7e267c0bf303542b
2,day2_n8_softmax_seed43,43,97,7,False,False,True,0.6508,0.0,1.2711228,0.23421544,-1.7241335399376112e-06,0.0017819182248786092,0.001781919039785862,7e267c0bf303542b
2,day2_n8_softmax_seed43,43,98,0,False,False,True,0.6708,0.0,-2.3497038,1.3772956,-5.328087354428135e-06,0.0016822476172819734,0.001682255999185145,7e267c0bf303542b
2,day2_n8_softmax_seed43,43,98,1,False,False,True,0.6344,0.0,-2.5076008,-8.701046,-1.1255589924985543e-05,0.0020314857829362154,0.002031516982242465,7e267c0bf303542b
2,day2_n8_softmax_seed43,43,98,2,False,False,True,0.639,0.0,-2.4879446,1.6485971,-9.977163244911935e-06,0.0019661891274154186,0.001966214505955577,7e267c0bf303542b
2,day2_n8_softmax_seed43,43,98,3,False,False,True,0.5978,0.0,-2.2482667,1.2597647,-8.370827345061116e-06,0.0017803021473810077,0.0017803219379857183,7e267c0bf303542b
2,day2_n8_softmax_seed43,43,98,4,False,False,True,0.6962,0.0,-1.9554744,0.5703879,-5.215440523897996e-06,0.0017929731402546167,0.0017929805908352137,7e267c0bf303542b
2,day2_n8_softmax_seed43,43,98,5,False,False,True,0.6574,0.0,-2.2514946,1.8774506,-5.998016604280565e-06,0.0017558000981807709,0.0017558103427290916,7e267c0bf303542b
2,day2_n8_softmax_seed43,43,98,6,False,False,True,0.6414,0.0,-2.5301285,2.0379696,1.2099778246010828e-07,0.0017524665454402566,0.0017524664290249348,7e267c0bf303542b
2,day2_n8_softmax_seed43,43,98,7,False,False,True,0.2238,0.0,16.330559,-0.07041073,-1.2343180969764944e-05,0.00382913276553154,0.0038291525561362505,7e267c0bf303542b
2,day2_n8_softmax_seed43,43,99,0,False,False,True,0.6606,0.0,-1.3666434,-2.4668615,-1.6169077809990995e-07,0.0018208721885457635,0.0018208721885457635,7e267c0bf303542b
2,day2_n8_softmax_seed43,43,99,1,False,False,True,0.6004,0.0,8.991513,2.4857438,-1.246872761839768e-05,0.002135725226253271,0.002135761547833681,7e267c0bf303542b
2,day2_n8_softmax_seed43,43,99,2,False,False,True,0.5454,0.0,-3.6640606,8.294757,-8.394484893869958e-07,0.0020914811175316572,0.002091481350362301,7e267c0bf303542b
2,day2_n8_softmax_seed43,43,99,3,False,False,True,0.6724,0.0,-1.8296546,-0.65852416,-4.012303179479204e-06,0.0019055228913202882,0.0019055271986871958,7e267c0bf303542b
2,day2_n8_softmax_seed43,43,99,4,False,False,True,0.6112,0.0,0.34955508,-2.534621,-7.0358137236326e-06,0.0018885331228375435,0.0018885465105995536,7e267c0bf303542b
2,day2_n8_softmax_seed43,43,99,5,False,False,True,0.6584,0.0,-1.1639718,-2.2427983,-1.0145662372451625e-06,0.001786107779480517,0.0017861081287264824,7e267c0bf303542b
2,day2_n8_softmax_seed43,43,99,6,False,False,True,0.584,0.0,-0.3270109,-1.6704211,4.14669869996942e-07,0.0017168166814371943,0.0017168167978525162,7e267c0bf303542b
2,day2_n8_softmax_seed43,43,99,7,False,False,True,0.658,0.0,-0.9897347,-1.2072783,-4.824449206353165e-06,0.001823150203563273,0.0018231567228212953,7e267c0bf303542b
2,day2_n8_softmax_seed43,43,100,0,False,False,True,0.6014,0.0,-0.88867116,9.170967,3.54426049398171e-07,0.0022018766030669212,0.0022018766030669212,7e267c0bf303542b
2,day2_n8_softmax_seed43,43,100,1,False,False,True,0.3662,0.0,-0.8435446,0.47785315,-5.0501075747888535e-06,0.001851176843047142,0.0018511838279664516,7e267c0bf303542b
2,day2_n8_softmax_seed43,43,100,2,False,False,True,0.6598,0.0,-1.9338144,-0.7159815,-1.001619125418074e-06,0.0018076258711516857,0.0018076261039823294,7e267c0bf303542b
2,day2_n8_softmax_seed43,43,100,3,False,False,True,0.6452,0.0,-2.9282699,-1.0360179,-6.464015314122662e-06,0.0021235141903162003,0.0021235242020338774,7e267c0bf303542b
2,day2_n8_softmax_seed43,43,100,4,False,False,True,0.6594,0.0,-1.1817373,-0.32831916,-4.9203704293177e-06,0.0017116107046604156,0.001711617805995047,7e267c0bf303542b
2,day2_n8_softmax_seed43,43,100,5,False,False,True,0.4636,0.0,-0.4077385,-2.7602131,-5.817993042001035e-06,0.002124043181538582,0.002124051097780466,7e267c0bf303542b
2,day2_n8_softmax_seed43,43,100,6,False,False,True,0.5602,0.0,10.996239,-0.78948903,-1.9352590243215673e-05,0.002536993706598878,0.0025370672810822725,7e267c0bf303542b
2,day2_n8_softmax_seed43,43,100,7,False,False,True,0.5816,0.0,-2.8124676,-4.0187984,-9.960399438568857e-07,0.0020789089612662792,0.0020789094269275665,7e267c0bf303542b
2,day2_n8_softmax_seed43,43,101,0,False,False,True,0.8004,0.0,0.009610801,0.013222395,-1.3080353937766631e-06,0.0001838505850173533,0.00018385524163022637,7e267c0bf303542b
2,day2_n8_softmax_seed43,43,101,1,False,False,True,0.7772,0.0,-0.98744553,0.24752358,-1.807872649806086e-06,0.00025834067491814494,0.00025834699044935405,7e267c0bf303542b
2,day2_n8_softmax_seed43,43,101,2,False,False,True,0.792,0.0,0.19860213,0.33812115,-2.2443362013291335e-06,0.00019683227583300322,0.00019684505241457373,7e267c0bf303542b
2,day2_n8_softmax_seed43,43,101,3,False,False,True,0.7926,0.0,0.29814225,0.18723068,-2.107495220116107e-06,0.00020021227828692645,0.0002002233813982457,7e267c0bf303542b
2,day2_n8_softmax_seed43,43,101,4,False,False,True,0.794,0.0,0.12368197,0.16902854,-1.3599961903310032e-06,0.000206659926334396,0.0002066643937723711,7e267c0bf303542b
2,day2_n8_softmax_seed43,43,101,5,False,False,True,0.8014,0.0,0.47093853,0.2343914,-1.222751507157227e-06,0.00023352635616902262,0.00023352955759037286,7e267c0bf303542b
2,day2_n8_softmax_seed43,43,101,6,False,False,True,0.7986,0.0,-0.1626789,-0.22891517,-1.0823162028827937e-06,0.000204378753551282,0.00020438162027858198,7e267c0bf303542b
2,day2_n8_softmax_seed43,43,101,7,False,False,True,0.783,0.0,0.049149774,-0.9606025,-1.2412051546561997e-06,0.00025033054407685995,0.00025033362908288836,7e267c0bf303542b
2,day2_n8_softmax_seed43,43,102,0,False,False,True,0.7938,0.0,1.8153654,0.1238774,5.428556448805466e-08,0.0004326334747020155,0.00043263353290967643,7e267c0bf303542b
2,day2_n8_softmax_seed43,43,102,1,False,False,True,0.8026,0.0,-0.35105595,0.49192092,-9.245205205843376e-07,0.00020189740462228656,0.0002018995292019099,7e267c0bf303542b
2,day2_n8_softmax_seed43,43,102,2,False,False,True,0.786,0.0,-0.09438394,-0.84558,-8.976199410426489e-07,0.00022256240481510758,0.0002225642092525959,7e267c0bf303542b
2,day2_n8_softmax_seed43,43,102,3,False,False,True,0.802,0.0,-0.18917057,-0.08508678,-5.697584128938615e-07,0.0001868847757577896,0.00018688566342461854,7e267c0bf303542b
2,day2_n8_softmax_seed43,43,102,4,False,False,True,0.7948,0.0,-0.42071575,0.3518155,-1.0045793032986694e-06,0.00020009746367577463,0.00020009998115710914,7e267c0bf303542b
2,day2_n8_softmax_seed43,43,102,5,False,False,True,0.8094,0.0,-0.28276235,0.0049548736,-1.1744275525416015e-06,0.00018315200577490032,0.00018315577472094446,7e267c0bf303542b
2,day2_n8_softmax_seed43,43,102,6,False,False,True,0.8016,0.0,-0.2908263,0.062215235,-1.1695088915075758e-06,0.00017363244842272252,0.00017363637743983418,7e267c0bf303542b
2,day2_n8_softmax_seed43,43,102,7,False,False,True,0.7964,0.0,-0.18645291,-0.104118116,-4.5640030066351756e-07,0.0001818448945414275,0.00018184549116995186,7e267c0bf303542b
2,day2_n8_softmax_seed43,43,103,0,False,False,True,0.8034,0.0,0.09146939,-0.07098866,-7.530361472163349e-07,0.00018361880211159587,0.00018362034461461008,7e267c0bf303542b
2,day2_n8_softmax_seed43,43,103,1,False,False,True,0.7988,0.0,-0.11583783,-0.41749495,-9.040670647664228e-07,0.00019670893379952759,0.00019671100017149001,7e267c0bf303542b
2,day2_n8_softmax_seed43,43,103,2,False,False,True,0.8054,0.0,0.08579846,-0.12259237,-7.511929993597732e-07,0.00017785622912924737,0.0001778578298399225,7e267c0bf303542b
2,day2_n8_softmax_seed43,43,103,3,False,False,True,0.8024,0.0,0.082849264,-0.07487893,-8.287943273899145e-07,0.00017773397848941386,0.00017773592844605446,7e267c0bf303542b
2,day2_n8_softmax_seed43,43,103,4,False,False,True,0.7962,0.0,0.6926764,0.5811158,-2.768780689166306e-07,0.00021443137666210532,0.0002144315658370033,7e267c0bf303542b
2,day2_n8_softmax_seed43,43,103,5,False,False,True,0.7958,0.0,-0.0940377,-0.36972705,-7.658587151126994e-07,0.000196968816453591,0.00019697028619702905,7e267c0bf303542b
2,day2_n8_softmax_seed43,43,103,6,False,False,True,0.7812,0.0,-0.8456165,0.53903735,-1.0999428923241794e-06,0.00023480781237594783,0.00023481038806494325,7e267c0bf303542b
2,day2_n8_softmax_seed43,43,103,7,False,False,True,0.7974,0.0,0.10269889,-0.06447182,-1.01793148132856e-06,0.00017255108105018735,0.0001725540787447244,7e267c0bf303542b
2,day2_n8_softmax_seed43,43,104,0,False,False,True,0.7968,0.0,0.15457867,0.3597725,-3.959670209496835e-07,0.00019591557793319225,0.00019591598538681865,7e267c0bf303542b
2,day2_n8_softmax_seed43,43,104,1,False,False,True,0.8064,0.0,-0.6703547,0.4969147,-3.843482545562438e-07,0.00020237192802596837,0.00020237229182384908,7e267c0bf303542b
2,day2_n8_softmax_seed43,43,104,2,False,False,True,0.7982,0.0,0.3563611,-0.06492414,-7.784995545989659e-07,0.0001865788217401132,0.00018658045155461878,7e267c0bf303542b
2,day2_n8_softmax_seed43,43,104,3,False,False,True,0.8012,0.0,0.1910324,0.00010317491,-8.599830039202061e-07,0.00018570189422462136,0.00018570388783700764,7e267c0bf303542b
2,day2_n8_softmax_seed43,43,104,4,False,False,True,0.8044,0.0,0.16611357,-0.021429483,-9.916195722325938e-07,0.00017635966651141644,0.00017636246047914028,7e267c0bf303542b
2,day2_n8_softmax_seed43,43,104,5,False,False,True,0.809,0.0,-0.4584512,-0.6898955,-2.69543988906662e-07,0.00019957144104409963,0.00019957160111516714,7e267c0bf303542b
2,day2_n8_softmax_seed43,43,104,6,False,False,True,0.7982,0.0,0.1647222,-0.063721634,-4.4249978259358613e-07,0.0001866082166088745,0.00018660875502973795,7e267c0bf303542b
2,day2_n8_softmax_seed43,43,104,7,False,False,True,0.7974,0.0,0.09599816,-0.016819458,-4.925154257762188e-07,0.0001809655805118382,0.00018096626445185393,7e267c0bf303542b
2,day2_n8_softmax_seed43,43,105,0,False,False,True,0.8086,0.0,0.10621726,0.12713715,-5.985260145280336e-07,0.0001923552918015048,0.00019235623767599463,7e267c0bf303542b
2,day2_n8_softmax_seed43,43,105,1,False,False,True,0.7874,0.0,-0.9759934,0.034046125,-1.1273476729911636e-07,0.0002264306094730273,0.00022643063857685775,7e267c0bf303542b
2,day2_n8_softmax_seed43,43,105,2,False,False,True,0.8088,0.0,0.34840828,-0.01921981,-1.361651811748743e-06,0.00020418461645022035,0.0002041891566477716,7e267c0bf303542b
2,day2_n8_softmax_seed43,43,105,3,False,False,True,0.8026,0.0,0.06967166,0.29147616,-2.3667541881877696e-07,0.00019733220688067377,0.00019733233784791082,7e267c0bf303542b
2,day2_n8_softmax_seed43,43,105,4,False,False,True,0.803,0.0,0.105742104,0.061169367,-9.824642575040343e-07,0.00018120308232028037,0.00018120573076885194,7e267c0bf303542b
2,day2_n8_softmax_seed43,43,105,5,False,False,True,0.805,0.0,0.19146875,0.34940165,-6.312763503046881e-07,0.00019581832748372108,0.00019581934611778706,7e267c0bf303542b
2,day2_n8_softmax_seed43,43,105,6,False,False,True,0.8044,0.0,0.074948974,0.027127132,-1.8521723177400418e-07,0.00019659579265862703,0.00019659589452203363,7e267c0bf303542b
2,day2_n8_softmax_seed43,43,105,7,False,False,True,0.7988,0.0,0.07953668,-0.8711384,-3.414365039589029e-07,0.0002082433638861403,0.00020824364037252963,7e267c0bf303542b
2,day2_n8_softmax_seed43,43,106,0,False,False,True,0.8088,0.0,0.50609905,0.07753381,-1.0497726634639548e-06,0.00020172225777059793,0.00020172499353066087,7e267c0bf303542b
2,day2_n8_softmax_seed43,43,106,1,False,False,True,0.8052,0.0,0.34626904,0.43120998,3.046685890240042e-07,0.00024185334041249007,0.00024185352958738804,7e267c0bf303542b
2,day2_n8_softmax_seed43,43,106,2,False,False,True,0.8078,0.0,0.4241734,0.13859105,-3.372192338702007e-07,0.00019930486450903118,0.00019930515554733574,7e267c0bf303542b
2,day2_n8_softmax_seed43,43,106,3,False,False,True,0.798,0.0,0.41117588,-1.0440066,6.688944154120691e-07,0.00025467961677350104,0.0002546804607845843,7e267c0bf303542b
2,day2_n8_softmax_seed43,43,106,4,False,False,True,0.8004,0.0,0.53891367,0.3126494,-9.134071774496988e-07,0.00021825671137776226,0.00021825861767865717,7e267c0bf303542b
2,day2_n8_softmax_seed43,43,106,5,False,False,True,0.8102,0.0,0.3739639,0.23888534,-6.210565288711223e-07,0.0002147485938621685,0.0002147494669770822,7e267c0bf303542b
2,day2_n8_softmax_seed43,43,106,6,False,False,True,0.7504,0.0,-2.9602208,0.0060853567,2.1867997475055745e-06,0.0006971377297304571,0.00069714110577479,7e267c0bf303542b
2,day2_n8_softmax_seed43,43,106,7,False,False,True,0.8024,0.0,0.35963222,-0.16094914,-1.1559174026842811e-06,0.00023185968166217208,0.00023186257749330252,7e267c0bf303542b
2,day2_n8_softmax_seed43,43,107,0,False,False,True,0.7096,0.0,1.6969713,0.25920886,-6.905742679919058e-07,0.00039695631130598485,0.00039695686427876353,7e267c0bf303542b
2,day2_n8_softmax_seed43,43,107,1,False,False,True,0.8088,0.0,-0.2044348,-0.24830934,-3.435055759837269e-07,0.00020008502178825438,0.00020008531282655895,7e267c0bf303542b
2,day2_n8_softmax_seed43,43,107,2,False,False,True,0.8102,0.0,-0.19703688,-0.15959951,-1.9251106664341933e-07,0.0001965630508493632,0.00019656313816085458,7e267c0bf303542b
2,day2_n8_softmax_seed43,43,107,3,False,False,True,0.8078,0.0,-0.17212948,-0.20758279,-9.144324621956912e-07,0.00019803921168204397,0.00019804132170975208,7e267c0bf303542b
2,day2_n8_softmax_seed43,43,107,4,False,False,True,0.8094,0.0,-0.19548118,-0.27112123,-1.1203446774743497e-06,0.00019459622853901237,0.00019459944451227784,7e267c0bf303542b
2,day2_n8_softmax_seed43,43,107,5,False,False,True,0.8106,0.0,-0.1789069,-0.25247246,-5.511509471034515e-07,0.00019955748575739563,0.00019955825700890273,7e267c0bf303542b
2,day2_n8_softmax_seed43,43,107,6,False,False,True,0.7998,0.0,-0.59449905,1.1818994,-1.304918669120525e-06,0.00029480113880708814,0.00029480402008630335,7e267c0bf303542b
2,day2_n8_softmax_seed43,43,107,7,False,False,True,0.804,0.0,-0.15448628,-0.30202466,-5.819964599140803e-07,0.00019842240726575255,0.0001984232512768358,7e267c0bf303542b
2,day2_n8_softmax_seed43,43,108,0,False,False,True,0.8114,0.0,-0.23049928,0.17796466,-9.159396086033667e-07,0.0002183770848205313,0.00021837900567334145,7e267c0bf303542b
2,day2_n8_softmax_seed43,43,108,1,False,False,True,0.8102,0.0,-0.10913443,0.2077935,-2.8479291813710006e-07,0.00020451364980544895,0.00020451383898034692,7e267c0bf303542b
2,day2_n8_softmax_seed43,43,108,2,False,False,True,0.8114,0.0,-0.11832057,0.31623238,9.663712319252227e-08,0.00021308478608261794,0.00021308480063453317,7e267c0bf303542b
2,day2_n8_softmax_seed43,43,108,3,False,False,True,0.8088,0.0,-0.06268234,0.1826571,-6.421929015232308e-07,0.00020635135297197849,0.00020635235705412924,7e267c0bf303542b
2,day2_n8_softmax_seed43,43,108,4,False,False,True,0.8058,0.0,-0.099316396,0.17036222,-5.448032993626839e-07,0.00019286522001493722,0.00019286599126644433,7e267c0bf303542b
2,day2_n8_softmax_seed43,43,108,5,False,False,True,0.8062,0.0,-0.55540276,-0.92110723,-7.472335710190237e-07,0.00024049912462942302,0.00024050027423072606,7e267c0bf303542b
2,day2_n8_softmax_seed43,43,108,6,False,False,True,0.7414,0.0,1.2180752,-0.30760062,5.8285092308096864e-08,0.00028206169372424483,0.00028206169372424483,7e267c0bf303542b
2,day2_n8_softmax_seed43,43,108,7,False,False,True,0.8088,0.0,-0.042721897,0.17369902,-6.629499011978623e-07,0.00019478752801660448,0.0001947886630659923,7e267c0bf303542b
2,day2_n8_softmax_seed43,43,109,0,False,False,True,0.8064,0.0,1.3738793,0.12191176,-1.375899046252016e-06,0.00031722610583528876,0.0003172291035298258,7e267c0bf303542b
2,day2_n8_softmax_seed43,43,109,1,False,False,True,0.8,0.0,-0.25953797,-0.5510933,1.039352852671982e-07,0.0002646569337230176,0.0002646569337230176,7e267c0bf303542b
2,day2_n8_softmax_seed43,43,109,2,False,False,True,0.813,0.0,-0.13895096,0.07105831,-3.446364189585438e-07,0.00021015730453655124,0.00021015756647102535,7e267c0bf303542b
2,day2_n8_softmax_seed43,43,109,3,False,False,True,0.8062,0.0,-0.12752444,-0.15880217,-8.457365083813784e-07,0.00022612306929659098,0.00022612464090343565,7e267c0bf303542b
2,day2_n8_softmax_seed43,43,109,4,False,False,True,0.8006,0.0,-0.10277374,-0.5534961,-4.627293215264672e-09,0.0002639189187902957,0.0002639189478941262,7e267c0bf303542b
2,day2_n8_softmax_seed43,43,109,5,False,False,True,0.8108,0.0,-0.22559197,-0.122211054,-4.1059931277231954e-07,0.0002210584352724254,0.00022105882817413658,7e267c0bf303542b
2,day2_n8_softmax_seed43,43,109,6,False,False,True,0.7982,0.0,-0.17439865,0.03646957,-1.9416276586525782e-07,0.00022910100233275443,0.00022910107509233057,7e267c0bf303542b
2,day2_n8_softmax_seed43,43,109,7,False,False,True,0.8,0.0,-0.3451018,1.1561625,-1.2143083267801558e-06,0.00028473869315348566,0.0002847412833943963,7e267c0bf303542b
2,day2_n8_softmax_seed43,43,110,0,False,False,True,0.804,0.0,0.6952018,1.0573959,2.61989328009804e-07,0.00029062951216474175,0.00029062965768389404,7e267c0bf303542b
2,day2_n8_softmax_seed43,43,110,1,False,False,True,0.8004,0.0,-1.2551239,0.47318497,4.2757710616569966e-07,0.0003028097562491894,0.00030281004728749394,7e267c0bf303542b
2,day2_n8_softmax_seed43,43,110,2,False,False,True,0.8142,0.0,0.09478473,-0.23321562,-2.3006063543107302e-07,0.00022306665778160095,0.00022306675964500755,7e267c0bf303542b
2,day2_n8_softmax_seed43,43,110,3,False,False,True,0.8066,0.0,0.053815242,-0.2511062,-5.229053385846782e-07,0.0002130192006006837,0.00021301984088495374,7e267c0bf303542b
2,day2_n8_softmax_seed43,43,110,4,False,False,True,0.8108,0.0,0.09570367,-0.18444364,-5.113306542625651e-07,0.0002104262530338019,0.00021042687876615673,7e267c0bf303542b
2,day2_n8_softmax_seed43,43,110,5,False,False,True,0.8104,0.0,0.17015561,-0.24857105,1.8120190903303524e-09,0.00022241193801164627,0.00022241193801164627,7e267c0bf303542b
2,day2_n8_softmax_seed43,43,110,6,False,False,True,0.8092,0.0,0.09242104,-0.33276236,-3.28380060921063e-08,0.00023460453667212278,0.00023460453667212278,7e267c0bf303542b
2,day2_n8_softmax_seed43,43,110,7,False,False,True,0.8044,0.0,0.053041603,-0.28048345,-3.272706976531481e-07,0.0002382252860115841,0.00023822550429031253,7e267c0bf303542b
2,day2_n8_softmax_seed43,43,111,0,False,False,True,0.815,0.0,-0.10730636,-0.28698263,-2.342476932426507e-07,0.0002286005619680509,0.00022860069293528795,7e267c0bf303542b
2,day2_n8_softmax_seed43,43,111,1,False,False,True,0.8056,0.0,0.98748064,0.65895003,-3.312704563995794e-07,0.00027119708829559386,0.0002711973211262375,7e267c0bf303542b
2,day2_n8_softmax_seed43,43,111,2,False,False,True,0.8154,0.0,-0.09998335,-0.067485586,-3.880092549479741e-07,0.00021213199943304062,0.0002121323486790061,7e267c0bf303542b
2,day2_n8_softmax_seed43,43,111,3,False,False,True,0.8034,0.0,-0.06592822,-0.06829458,-1.996835976569855e-07,0.00021406056475825608,0.00021406065206974745,7e267c0bf303542b
2,day2_n8_softmax_seed43,43,111,4,False,False,True,0.8112,0.0,-0.8757597,0.60936695,1.0836324548790799e-07,0.00025774980895221233,0.0002577498380560428,7e267c0bf303542b
2,day2_n8_softmax_seed43,43,111,5,False,False,True,0.8126,0.0,-0.07155315,-0.07708666,1.7813252384257794e-07,0.00022296504175756127,0.0002229651145171374,7e267c0bf303542b
2,day2_n8_softmax_seed43,43,111,6,False,False,True,0.8178,0.0,0.00640099,-0.04345119,3.782805890750751e-07,0.00021814285719301552,0.00021814319188706577,7e267c0bf303542b
2,day2_n8_softmax_seed43,43,111,7,False,False,True,0.792,0.0,0.2266487,-0.72501725,-9.792987611945136e-07,0.0002492830972187221,0.00024928501807153225,7e267c0bf303542b
2,day2_n8_softmax_seed43,43,112,0,False,False,True,0.7966,0.0,-1.2041874,-0.075116016,-9.377144039035556e-08,0.0002780073555186391,0.00027800732641480863,7e267c0bf303542b
2,day2_n8_softmax_seed43,43,112,1,False,False,True,0.8078,0.0,0.19962206,-0.91812074,-3.6261616287447396e-07,0.00023837879416532815,0.00023837907065171748,7e267c0bf303542b
2,day2_n8_softmax_seed43,43,112,2,False,False,True,0.809,0.0,0.23149005,-0.02229412,4.1286099872195337e-07,0.00022479487233795226,0.0002247952506877482,7e267c0bf303542b
2,day2_n8_softmax_seed43,43,112,3,False,False,True,0.7976,0.0,-0.036482982,0.5286751,-5.384155770116195e-07,0.00023141060955822468,0.0002314112352905795,7e267c0bf303542b
2,day2_n8_softmax_seed43,43,112,4,False,False,True,0.8108,0.0,0.064296216,0.14021255,-6.761917461517442e-07,0.00021204605582170188,0.000212047147215344,7e267c0bf303542b
2,day2_n8_softmax_seed43,43,112,5,False,False,True,0.809,0.0,0.3228167,0.36485347,-2.9131101086932176e-07,0.0002283180074300617,0.00022831818205304444,7e267c0bf303542b
2,day2_n8_softmax_seed43,43,112,6,False,False,True,0.8118,0.0,0.17256707,0.064331256,-1.7076426672701928e-07,0.00022050425468478352,0.00022050431289244443,7e267c0bf303542b
2,day2_n8_softmax_seed43,43,112,7,False,False,True,0.8052,0.0,0.24987844,-0.08254197,1.6816491310578385e-08,0.00022285099839791656,0.00022285098384600133,7e267c0bf303542b
2,day2_n8_softmax_seed43,43,113,0,False,False,True,0.8132,0.0,0.33696222,0.1743358,-2.3898343215478235e-07,0.00028511020354926586,0.00028511029086075723,7e267c0bf303542b
2,day2_n8_softmax_seed43,43,113,1,False,False,True,0.8116,0.0,0.27680632,-0.116281666,1.1952677425597358e-07,0.0002442325931042433,0.00024423262220807374,7e267c0bf303542b
2,day2_n8_softmax_seed43,43,113,2,False,False,True,0.801,0.0,-2.0136693,-0.0658949,2.4853293325577397e-06,0.0004612902703229338,0.00046129696420393884,7e267c0bf303542b
2,day2_n8_softmax_seed43,43,113,3,False,False,True,0.792,0.0,0.2809409,1.0267037,1.8007763058491832e-09,0.0003119443135801703,0.0003119443135801703,7e267c0bf303542b
2,day2_n8_softmax_seed43,43,113,4,False,False,True,0.8146,0.0,0.20461981,-0.0016725947,-3.6262531466491055e-07,0.00021957277203910053,0.0002195730630774051,7e267c0bf303542b
2,day2_n8_softmax_seed43,43,113,5,False,False,True,0.8178,0.0,0.23769322,0.024197394,-1.7939105134701094e-07,0.00022868230007588863,0.00022868235828354955,7e267c0bf303542b
2,day2_n8_softmax_seed43,43,113,6,False,False,True,0.811,0.0,0.24938673,0.045827433,-2.987999039305578e-07,0.00021974288392812014,0.0002197430731030181,7e267c0bf303542b
2,day2_n8_softmax_seed43,43,113,7,False,False,True,0.8014,0.0,0.42726454,-1.0872154,2.6958849730363e-07,0.00031467422377318144,0.0003146743110846728,7e267c0bf303542b
2,day2_n8_softmax_seed43,43,114,0,False,False,True,0.8156,0.0,0.17836578,-0.70612293,-3.8584850869938236e-08,0.00022931976127438247,0.0002293197758262977,7e267c0bf303542b
2,day2_n8_softmax_seed43,43,114,1,False,False,True,0.8194,0.0,-0.19702494,-0.30831075,-2.0986733773042943e-07,0.00022779258142691106,0.00022779266873840243,7e267c0bf303542b
2,day2_n8_softmax_seed43,43,114,2,False,False,True,0.8128,0.0,-0.060320206,-0.16515048,-3.988280639077857e-07,0.00022305910533759743,0.0002230594545835629,7e267c0bf303542b
2,day2_n8_softmax_seed43,43,114,3,False,False,True,0.8092,0.0,-0.038914654,-0.2006824,-4.010601912796119e-07,0.00022400121088139713,0.00022400157467927784,7e267c0bf303542b
2,day2_n8_softmax_seed43,43,114,4,False,False,True,0.8002,0.0,0.93405265,0.4428699,9.115380805724271e-08,0.00023921112006064504,0.0002392111491644755,7e267c0bf303542b
2,day2_n8_softmax_seed43,43,114,5,False,False,True,0.8182,0.0,-0.4808046,0.35436085,-4.178718313596619e-07,0.00023032320314086974,0.00023032358149066567,7e267c0bf303542b
2,day2_n8_softmax_seed43,43,114,6,False,False,True,0.8114,0.0,0.043850165,0.059651807,-5.865267098670301e-07,0.00022733541845809668,0.00022733616060577333,7e267c0bf303542b
2,day2_n8_softmax_seed43,43,114,7,False,False,True,0.809,0.0,-0.3792042,0.52338403,-1.1106867248145136e-07,0.00022657708905171603,0.00022657711815554649,7e267c0bf303542b
2,day2_n8_softmax_seed43,43,115,0,False,False,True,0.8126,0.0,-0.108739346,-0.3685698,-1.7811802877076843e-07,0.00024107814533635974,0.00024107820354402065,7e267c0bf303542b
2,day2_n8_softmax_seed43,43,115,1,False,False,True,0.8056,0.0,-0.2576195,-0.2895761,-4.346563002854964e-07,0.0002327255206182599,0.00023272594262380153,7e267c0bf303542b
2,day2_n8_softmax_seed43,43,115,2,False,False,True,0.7968,0.0,-0.5278447,1.1762725,6.66203021637557e-08,0.0002877250371966511,0.0002877250371966511,7e267c0bf303542b
2,day2_n8_softmax_seed43,43,115,3,False,False,True,0.8134,0.0,-0.15004727,-0.21401794,-1.6958023252300336e-07,0.00023813174630049616,0.0002381318190600723,7e267c0bf303542b
2,day2_n8_softmax_seed43,43,115,4,False,False,True,0.8134,0.0,-0.14678647,-0.19090326,-4.4550694155987003e-07,0.00022788885689806193,0.00022788929345551878,7e267c0bf303542b
2,day2_n8_softmax_seed43,43,115,5,False,False,True,0.8166,0.0,-0.19631895,-0.14754641,3.357612499144125e-08,0.00023877584317233413,0.00023877584317233413,7e267c0bf303542b
2,day2_n8_softmax_seed43,43,115,6,False,False,True,0.8116,0.0,1.5126499,0.25728127,-3.832268191672483e-07,0.0003474811092019081,0.0003474813129287213,7e267c0bf303542b
2,day2_n8_softmax_seed43,43,115,7,False,False,True,0.805,0.0,-0.12529524,-0.2229407,-2.985608773542481e-07,0.00022727892792318016,0.00022727913164999336,7e267c0bf303542b
2,day2_n8_softmax_seed43,43,116,0,False,False,True,0.8144,0.0,0.5304171,0.23611058,-6.139468666788161e-08,0.0002694886352401227,0.0002694886352401227,7e267c0bf303542b
2,day2_n8_softmax_seed43,43,116,1,False,False,True,0.8162,0.0,0.16314858,0.08226274,-9.105551868060502e-08,0.00023830309510231018,0.00023830312420614064,7e267c0bf303542b
2,day2_n8_softmax_seed43,43,116,2,False,False,True,0.7206,0.0,-1.8404154,-0.32287827,-1.7131453660113038e-06,0.0004207956662867218,0.00042079915874637663,7e267c0bf303542b
2,day2_n8_softmax_seed43,43,116,3,False,False,True,0.8096,0.0,0.15598688,0.71020937,2.6386288709545624e-07,0.00029963612905703485,0.0002996362454723567,7e267c0bf303542b
2,day2_n8_softmax_seed43,43,116,4,False,False,True,0.8024,0.0,0.6892835,-1.3094562,-8.238699820140027e-07,0.0003380515263415873,0.0003380525449756533,7e267c0bf303542b
2,day2_n8_softmax_seed43,43,116,5,False,False,True,0.8116,0.0,0.12801746,0.08515093,-2.146373745404162e-08,0.00023799807240720838,0.0002379980869591236,7e267c0bf303542b
2,day2_n8_softmax_seed43,43,116,6,False,False,True,0.8036,0.0,0.09465593,0.45038125,-1.7339615965283883e-07,0.0003017490089405328,0.0003017490671481937,7e267c0bf303542b
2,day2_n8_softmax_seed43,43,116,7,False,False,True,0.8154,0.0,0.07890778,0.068221115,-2.0262731936782075e-07,0.00022100766364019364,0.000221007750951685,7e267c0bf303542b
2,day2_n8_softmax_seed43,43,117,0,False,False,True,0.814,0.0,0.3524851,0.21405078,-1.1718147874262286e-07,0.000247622694587335,0.000247622694587335,7e267c0bf303542b
2,day2_n8_softmax_seed43,43,117,1,False,False,True,0.8098,0.0,0.31815132,0.19782636,-3.97723056266841e-07,0.00024539194419048727,0.0002453922643326223,7e267c0bf303542b
2,day2_n8_softmax_seed43,43,117,2,False,False,True,0.8126,0.0,-0.029202195,0.45632696,-3.789141089782788e-07,0.0002706913510337472,0.00027069164207205176,7e267c0bf303542b
2,day2_n8_softmax_seed43,43,117,3,False,False,True,0.7962,0.0,-1.7137061,0.035891477,-3.135859856229217e-07,0.0004070474242325872,0.0004070475115440786,7e267c0bf303542b
2,day2_n8_softmax_seed43,43,117,4,False,False,True,0.812,0.0,0.2585383,0.17791145,1.4292186278908048e-07,0.00024140768800862134,0.00024140773166436702,7e267c0bf303542b
2,day2_n8_softmax_seed43,43,117,5,False,False,True,0.8138,0.0,0.37453344,0.107770346,2.3605724663866567e-07,0.00026703308685682714,0.0002670331741683185,7e267c0bf303542b
2,day2_n8_softmax_seed43,43,117,6,False,False,True,0.8054,0.0,0.13935976,-1.2887993,1.1012702572088529e-07,0.0003006148326676339,0.00030061486177146435,7e267c0bf303542b
2,day2_n8_softmax_seed43,43,117,7,False,False,True,0.8122,0.0,0.29984194,0.09902214,-4.94049629651272e-07,0.00023059672093950212,0.0002305972302565351,7e267c0bf303542b
2,day2_n8_softmax_seed43,43,118,0,False,False,True,0.8052,0.0,0.24201226,-0.14979643,-4.888117928203428e-07,0.00024655056768096983,0.00024655109154991806,7e267c0bf303542b
2,day2_n8_softmax_seed43,43,118,1,False,False,True,0.8094,0.0,0.3318742,-0.3154244,-4.948295782014611e-07,0.0002655257994774729,0.00026552623603492975,7e267c0bf303542b
2,day2_n8_softmax_seed43,43,118,2,False,False,True,0.8092,0.0,0.38978967,0.8459369,4.6665758191011264e-07,0.000264463247731328,0.0002644636551849544,7e267c0bf303542b
2,day2_n8_softmax_seed43,43,118,3,False,False,True,0.8168,0.0,-0.10140182,-0.93231314,-7.206085115285532e-07,0.00027548937941901386,0.0002754903107415885,7e267c0bf303542b
2,day2_n8_softmax_seed43,43,118,4,False,False,True,0.8074,0.0,-1.3707502,0.24702911,7.466480269613385e-07,0.0003183677908964455,0.00031836869311518967,7e267c0bf303542b
2,day2_n8_softmax_seed43,43,118,5,False,False,True,0.8138,0.0,0.20672654,0.17241906,9.917809506987396e-08,0.0002514734514988959,0.0002514734514988959,7e267c0bf303542b
2,day2_n8_softmax_seed43,43,118,6,False,False,True,0.8182,0.0,0.14477465,0.091393694,-2.59299326899054e-07,0.00023981851700227708,0.00023981864796951413,7e267c0bf303542b
2,day2_n8_softmax_seed43,43,118,7,False,False,True,0.8126,0.0,0.15697582,0.040755942,1.6239133060480526e-07,0.00023964540741872042,0.0002396454510744661,7e267c0bf303542b
2,day2_n8_softmax_seed43,43,119,0,False,False,True,0.804,0.0,1.2735313,-1.0190393,7.087589324328292e-07,0.0003649667196441442,0.00036496741813607514,7e267c0bf303542b
2,day2_n8_softmax_seed43,43,119,1,False,False,True,0.8148,0.0,-0.041124344,0.2560357,-5.925493269387516e-07,0.0002453367051202804,0.0002453374327160418,7e267c0bf303542b
2,day2_n8_softmax_seed43,43,119,2,False,False,True,0.8172,0.0,0.2685847,0.47887748,-4.84982308535109e-07,0.0002616300480440259,0.00026163048460148275,7e267c0bf303542b
2,day2_n8_softmax_seed43,43,119,3,False,False,True,0.7962,0.0,-1.3699678,-0.89183766,1.4811662651936786e-07,0.00036700128111988306,0.0003670013102237135,7e267c0bf303542b
2,day2_n8_softmax_seed43,43,119,4,False,False,True,0.817,0.0,0.02196594,0.2861818,-5.752408469561487e-07,0.00023863067326601595,0.00023863135720603168,7e267c0bf303542b
2,day2_n8_softmax_seed43,43,119,5,False,False,True,0.8128,0.0,-0.080484755,0.34830344,-2.3430501983057184e-07,0.00025595363695174456,0.0002559537242632359,7e267c0bf303542b
2,day2_n8_softmax_seed43,43,119,6,False,False,True,0.8108,0.0,-0.062028076,0.28477558,4.488320826112613e-08,0.00024484109599143267,0.00024484109599143267,7e267c0bf303542b
2,day2_n8_softmax_seed43,43,119,7,False,False,True,0.8152,0.0,-0.01047796,0.25670728,-8.13961321455281e-07,0.00023878396314103156,0.0002387853601248935,7e267c0bf303542b
2,day2_n8_softmax_seed43,43,120,0,False,False,True,0.8122,0.0,0.20189422,0.34503412,6.284662390498852e-08,0.00026660849107429385,0.0002666085201781243,7e267c0bf303542b
2,day2_n8_softmax_seed43,43,120,1,False,False,True,0.8064,0.0,0.20826688,-0.48706904,-5.118406534165842e-07,0.00026029610307887197,0.0002602966269478202,7e267c0bf303542b
2,day2_n8_softmax_seed43,43,120,2,False,False,True,0.8146,0.0,0.04796004,0.09618512,-2.1046807319180516e-07,0.0002668685920070857,0.00026686867931857705,7e267c0bf303542b
2,day2_n8_softmax_seed43,43,120,3,False,False,True,0.8044,0.0,0.10816729,-0.17695504,6.717036882264438e-08,0.0002553887024987489,0.0002553887024987489,7e267c0bf303542b
2,day2_n8_softmax_seed43,43,120,4,False,False,True,0.8158,0.0,0.113349706,-0.7158736,1.5342561709985603e-07,0.00026039863587357104,0.0002603986649774015,7e267c0bf303542b
2,day2_n8_softmax_seed43,43,120,5,False,False,True,0.8022,0.0,-1.4210991,0.22234987,-2.0102181679249043e-06,0.0003263272228650749,0.00032633342198096216,7e267c0bf303542b
2,day2_n8_softmax_seed43,43,120,6,False,False,True,0.8206,0.0,0.20962457,-0.19385263,-3.550994449597056e-07,0.0002489331236574799,0.00024893335648812354,7e267c0bf303542b
2,day2_n8_softmax_seed43,43,120,7,False,False,True,0.8096,0.0,0.53183854,0.91018116,3.4579841212689644e-07,0.00028262491105124354,0.00028262511477805674,7e267c0bf303542b
2,day2_n8_softmax_seed43,43,121,0,False,False,True,0.7944,0.0,-1.0568988,1.2948875,1.0221950788036338e-06,0.00038667902117595077,0.0003866803599521518,7e267c0bf303542b
2,day2_n8_softmax_seed43,43,121,1,False,False,True,0.8076,0.0,1.5568578,0.758941,-1.3202746913520969e-06,0.0003887296770699322,0.00038873194716870785,7e267c0bf303542b
2,day2_n8_softmax_seed43,43,121,2,False,False,True,0.8102,0.0,-0.08140571,-0.23140286,-3.270895376772387e-08,0.00026539049576967955,0.00026539049576967955,7e267c0bf303542b
2,day2_n8_softmax_seed43,43,121,3,False,False,True,0.808,0.0,-0.06339071,-0.4901052,-8.481018198835955e-07,0.0002892659686040133,0.00028926722006872296,7e267c0bf303542b
2,day2_n8_softmax_seed43,43,121,4,False,False,True,0.8108,0.0,0.012646292,-0.28638402,-1.5495696459311148e-07,0.00024343313998542726,0.00024343319819308817,7e267c0bf303542b
2,day2_n8_softmax_seed43,43,121,5,False,False,True,0.8144,0.0,-0.07665453,-0.20546764,-1.778643792249568e-07,0.000269599404418841,0.0002695994626265019,7e267c0bf303542b
2,day2_n8_softmax_seed43,43,121,6,False,False,True,0.809,0.0,-0.15814443,-0.5242261,-3.6113675605520257e-07,0.00029013530001975596,0.0002901355328503996,7e267c0bf303542b
2,day2_n8_softmax_seed43,43,121,7,False,False,True,0.8078,0.0,-0.13301133,-0.3162443,-8.494671419612132e-07,0.00026536668883636594,0.0002653680567163974,7e267c0bf303542b
2,day2_n8_softmax_seed43,43,122,0,False,False,True,0.8118,0.0,0.3185824,0.20282826,-3.8069336483204097e-07,0.00026895501650869846,0.0002689552784431726,7e267c0bf303542b
2,day2_n8_softmax_seed43,43,122,1,False,False,True,0.8196,0.0,0.007847506,-0.2176771,4.8890189674466455e-08,0.0002517939719837159,0.00025179400108754635,7e267c0bf303542b
2,day2_n8_softmax_seed43,43,122,2,False,False,True,0.8098,0.0,0.18056904,-0.18087034,-8.752144822210539e-07,0.0002749606501311064,0.0002749620471149683,7e267c0bf303542b
2,day2_n8_softmax_seed43,43,122,3,False,False,True,0.8056,0.0,0.9047257,0.6712607,-1.3938664551460533e-06,0.000298421538900584,0.0002984247694257647,7e267c0bf303542b
2,day2_n8_softmax_seed43,43,122,4,False,False,True,0.8168,0.0,0.101668224,-0.25636655,-9.67070832302852e-07,0.0002600456355139613,0.00026004743995144963,7e267c0bf303542b
2,day2_n8_softmax_seed43,43,122,5,False,False,True,0.8142,0.0,-0.37471294,-0.83812225,7.599368814226182e-07,0.0002836131607182324,0.0002836141793522984,7e267c0bf303542b
2,day2_n8_softmax_seed43,43,122,6,False,False,True,0.8148,0.0,-0.0015570474,-0.19525878,1.6698962213013147e-07,0.0002546068571973592,0.0002546069154050201,7e267c0bf303542b
2,day2_n8_softmax_seed43,43,122,7,False,False,True,0.802,0.0,-1.1371228,0.8142052,6.355290906867594e-07,0.0003170737763866782,0.00031707441667094827,7e267c0bf303542b
2,day2_n8_softmax_seed43,43,123,0,False,False,True,0.7964,0.0,0.3704896,-1.2600603,4.2859406335082895e-07,0.0002991830697283149,0.0002991833898704499,7e267c0bf303542b
2,day2_n8_softmax_seed43,43,123,1,False,False,True,0.816,0.0,0.22404796,0.2239243,-2.378658514601284e-08,0.0002587003109510988,0.0002587003109510988,7e267c0bf303542b
2,day2_n8_softmax_seed43,43,123,2,False,False,True,0.8118,0.0,0.23923741,0.15387368,4.895932548265591e-08,0.00025904751964844763,0.00025904751964844763,7e267c0bf303542b
2,day2_n8_softmax_seed43,43,123,3,False,False,True,0.8162,0.0,0.21227834,0.53338677,-1.451395092999519e-07,0.0002769032143987715,0.000276903243502602,7e267c0bf303542b
2,day2_n8_softmax_seed43,43,123,4,False,False,True,0.8144,0.0,0.2371172,0.12594436,-2.4698096012798487e-07,0.0002631686220411211,0.0002631687675602734,7e267c0bf303542b
2,day2_n8_softmax_seed43,43,123,5,False,False,True,0.8216,0.0,0.23390721,0.20133996,-8.203523194083573e-09,0.00026089511811733246,0.00026089511811733246,7e267c0bf303542b
2,day2_n8_softmax_seed43,43,123,6,False,False,True,0.8132,0.0,-1.73698,-0.09449974,1.539854793008999e-06,0.0003973783750552684,0.00039738137274980545,7e267c0bf303542b
2,day2_n8_softmax_seed43,43,123,7,False,False,True,0.8108,0.0,0.21990362,0.11609027,-2.646021073360316e-07,0.00024812057381495833,0.0002481207193341106,7e267c0bf303542b
2,day2_n8_softmax_seed43,43,124,0,False,False,True,0.8074,0.0,-1.5146455,-0.10778716,4.994659548174241e-07,0.0003648337733466178,0.0003648341225925833,7e267c0bf303542b
2,day2_n8_softmax_seed43,43,124,1,False,False,True,0.814,0.0,0.18337706,0.18418829,-3.374461243765836e-07,0.0002735037705861032,0.00027350400341674685,7e267c0bf303542b
2,day2_n8_softmax_seed43,43,124,2,False,False,True,0.8174,0.0,0.41295514,-1.5002203,7.437984095304273e-07,0.00035153061617165804,0.0003515313728712499,7e267c0bf303542b
2,day2_n8_softmax_seed43,43,124,3,False,False,True,0.799,0.0,-0.31345323,0.24291916,-2.999288994942617e-07,0.0003082144248764962,0.0003082145703956485,7e267c0bf303542b
2,day2_n8_softmax_seed43,43,124,4,False,False,True,0.818,0.0,0.2210636,0.20923306,-8.108617777224936e-08,0.0002736346796154976,0.0002736346796154976,7e267c0bf303542b
2,day2_n8_softmax_seed43,43,124,5,False,False,True,0.8014,0.0,0.66071177,0.57649606,1.040391225615167e-06,0.0003147807437926531,0.00031478246091865003,7e267c0bf303542b
2,day2_n8_softmax_seed43,43,124,6,False,False,True,0.8114,0.0,0.36398634,0.2037423,2.0371224707105284e-08,0.0002736594178713858,0.0002736594178713858,7e267c0bf303542b
2,day2_n8_softmax_seed43,43,124,7,False,False,True,0.8078,0.0,-0.013993844,0.19142826,-3.143998981158802e-07,0.00026700965827330947,0.00026700986200012267,7e267c0bf303542b
2,day2_n8_softmax_seed43,43,125,0,False,False,True,0.82,0.0,0.22699429,0.17420441,1.8392299239167187e-07,0.00025847801589407027,0.0002584780741017312,7e267c0bf303542b
2,day2_n8_softmax_seed43,43,125,1,False,False,True,0.8104,0.0,0.31298733,-1.2787169,2.389424196280743e-07,0.000295975711196661,0.0002959758276119828,7e267c0bf303542b
2,day2_n8_softmax_seed43,43,125,2,False,False,True,0.8028,0.0,-1.6703554,-0.052996892,3.3632832696639525e-07,0.0003824083541985601,0.0003824084997177124,7e267c0bf303542b
2,day2_n8_softmax_seed43,43,125,3,False,False,True,0.8206,0.0,0.24704164,0.33496484,-8.983172961052333e-07,0.00026644079480320215,0.0002664423082023859,7e267c0bf303542b
2,day2_n8_softmax_seed43,43,125,4,False,False,True,0.8148,0.0,0.16710381,0.16044497,-5.452469622468925e-07,0.00025008610100485384,0.00025008671218529344,7e267c0bf303542b
2,day2_n8_softmax_seed43,43,125,5,False,False,True,0.8068,0.0,0.26590532,0.3477894,-3.201637071015284e-07,0.00027347204741090536,0.0002734722220338881,7e267c0bf303542b
2,day2_n8_softmax_seed43,43,125,6,False,False,True,0.8168,0.0,0.21169826,0.18152411,-5.120640480527072e-07,0.00025619566440582275,0.000256196188274771,7e267c0bf303542b
2,day2_n8_softmax_seed43,43,125,7,False,False,True,0.8058,0.0,0.23862784,0.13278611,-7.300025117729092e-07,0.0002578009443823248,0.00025780199212022126,7e267c0bf303542b
2,day2_n8_softmax_seed43,43,126,0,False,False,True,0.8014,0.0,1.4730878,-0.16770767,-3.1111989073906443e-07,0.00034145405516028404,0.0003414542006794363,7e267c0bf303542b
2,day2_n8_softmax_seed43,43,126,1,False,False,True,0.8084,0.0,-0.23104441,-0.24015385,-4.876067691839125e-07,0.0002649128728080541,0.0002649133384693414,7e267c0bf303542b
2,day2_n8_softmax_seed43,43,126,2,False,False,True,0.8158,0.0,-0.038853798,1.390665,9.735431660828908e-08,0.0003161336644552648,0.0003161336644552648,7e267c0bf303542b
2,day2_n8_softmax_seed43,43,126,3,False,False,True,0.8172,0.0,-0.059146654,-0.12672892,-4.936682671541348e-07,0.00027725149993784726,0.0002772519364953041,7e267c0bf303542b
2,day2_n8_softmax_seed43,43,126,4,False,False,True,0.8178,0.0,-0.17607622,-0.17481543,-5.597864287665288e-07,0.00025116364122368395,0.000251164281507954,7e267c0bf303542b
2,day2_n8_softmax_seed43,43,126,5,False,False,True,0.8238,0.0,-0.3726023,-0.24728055,-1.4350158039633243e-07,0.00026565309963189065,0.0002656531287357211,7e267c0bf303542b
2,day2_n8_softmax_seed43,43,126,6,False,False,True,0.8214,0.0,-0.3553479,-0.095533766,-1.4695784500418085e-07,0.0002871219767257571,0.00028712203493341804,7e267c0bf303542b
2,day2_n8_softmax_seed43,43,126,7,False,False,True,0.8102,0.0,-0.24001777,-0.3384456,-7.642639161531406e-07,0.000279964879155159,0.00027996592689305544,7e267c0bf303542b
2,day2_n8_softmax_seed43,43,127,0,False,False,True,0.823,0.0,0.10420698,-0.30620173,-2.9558722758338263e-07,0.0002725337108131498,0.0002725338563323021,7e267c0bf303542b
2,day2_n8_softmax_seed43,43,127,1,False,False,True,0.7792,0.0,1.1234319,0.8630107,1.0243522865494015e-06,0.0003183852240908891,0.00031838688300922513,7e267c0bf303542b
2,day2_n8_softmax_seed43,43,127,2,False,False,True,0.8152,0.0,-0.5710138,0.25550583,-6.939825993867998e-07,0.00031241215765476227,0.00031241291435435414,7e267c0bf303542b
2,day2_n8_softmax_seed43,43,127,3,False,False,True,0.8054,0.0,0.22736312,-0.5234059,-7.752691431051062e-07,0.00028874241979792714,0.0002887434675358236,7e267c0bf303542b
2,day2_n8_softmax_seed43,43,127,4,False,False,True,0.821,0.0,0.06505958,-0.14276552,-6.102220595494146e-07,0.0002591584634501487,0.0002591591910459101,7e267c0bf303542b
2,day2_n8_softmax_seed43,43,127,5,False,False,True,0.813,0.0,-0.11449025,-0.25940806,-5.916780310144532e-07,0.0002846078132279217,0.0002846084244083613,7e267c0bf303542b
2,day2_n8_softmax_seed43,43,127,6,False,False,True,0.8122,0.0,0.0573456,-0.62377226,3.7456936752278125e-07,0.0002901304978877306,0.00029013073071837425,7e267c0bf303542b
2,day2_n8_softmax_seed43,43,127,7,False,False,True,0.812,0.0,-0.8919035,0.73703647,-4.4633492279899656e-07,0.0003141705528832972,0.00031417087302543223,7e267c0bf303542b
2,day2_n8_softmax_seed43,43,128,0,False,False,True,0.8138,0.0,-0.62744445,1.5038974,4.8586720424736995e-08,0.00036548040225170553,0.00036548040225170553,7e267c0bf303542b
2,day2_n8_softmax_seed43,43,128,1,False,False,True,0.8118,0.0,-0.24443547,-0.30945015,-8.284063142127707e-07,0.00027648243121802807,0.0002764836826827377,7e267c0bf303542b
2,day2_n8_softmax_seed43,43,128,2,False,False,True,0.8144,0.0,-0.19126551,-0.33898008,9.519553145764803e-07,0.00027701290673576295,0.00027701453655026853,7e267c0bf303542b
2,day2_n8_softmax_seed43,43,128,3,False,False,True,0.8178,0.0,-0.18594974,-0.32011524,-4.221209053412167e-07,0.0002746733371168375,0.0002746736572589725,7e267c0bf303542b
2,day2_n8_softmax_seed43,43,128,4,False,False,True,0.818,0.0,-0.16346774,-0.28268605,3.0552121188520687e-07,0.00026595473173074424,0.00026595493545755744,7e267c0bf303542b
2,day2_n8_softmax_seed43,43,128,5,False,False,True,0.8072,0.0,1.840725,0.31509823,-1.4576389730791561e-06,0.00042435707291588187,0.0004243596049491316,7e267c0bf303542b
2,day2_n8_softmax_seed43,43,128,6,False,False,True,0.823,0.0,-0.16767241,-0.32866746,-4.2144534972976544e-07,0.00026936508947983384,0.00026936540962196887,7e267c0bf303542b
2,day2_n8_softmax_seed43,43,128,7,False,False,True,0.8082,0.0,-0.26049078,-0.23909862,1.035506613789039e-07,0.00027740269433707,0.00027740272344090044,7e267c0bf303542b
2,day2_n8_softmax_seed43,43,129,0,False,False,True,0.819,0.0,-1.2612586,0.574006,-2.949566919596691e-07,0.00031320221023634076,0.00031320235575549304,7e267c0bf303542b
2,day2_n8_softmax_seed43,43,129,1,False,False,True,0.8086,0.0,0.616394,0.95008063,5.986105406918796e-07,0.000303635693853721,0.0003036363050341606,7e267c0bf303542b
2,day2_n8_softmax_seed43,43,129,2,False,False,True,0.8112,0.0,0.24906068,-0.06480347,1.1194132554237513e-07,0.0002848056028597057,0.00028480563196353614,7e267c0bf303542b
2,day2_n8_softmax_seed43,43,129,3,False,False,True,0.8094,0.0,-0.20606431,-0.8862572,-6.230571898413473e-07,0.0002961339196190238,0.00029613455990329385,7e267c0bf303542b
2,day2_n8_softmax_seed43,43,129,4,False,False,True,0.8124,0.0,0.06902307,-0.09798587,-2.9716770200138853e-07,0.000272395700449124,0.0002723958750721067,7e267c0bf303542b
2,day2_n8_softmax_seed43,43,129,5,False,False,True,0.8204,0.0,0.22994752,-0.16481552,-5.13779752964183e-07,0.00027527412748895586,0.00027527459315024316,7e267c0bf303542b
2,day2_n8_softmax_seed43,43,129,6,False,False,True,0.8152,0.0,0.36722866,-0.007958241,-3.3064509352698224e-07,0.0002833024482242763,0.0002833026519510895,7e267c0bf303542b
2,day2_n8_softmax_seed43,43,129,7,False,False,True,0.82,0.0,-0.06433024,-0.302267,-1.1766920238187595e-07,0.00028575537726283073,0.00028575543547049165,7e267c0bf303542b
2,day2_n8_softmax_seed43,43,130,0,False,False,True,0.7914,0.0,-1.3640252,-0.34280393,1.2562762776724412e-06,0.0003153092402499169,0.00031531177228316665,7e267c0bf303542b
2,day2_n8_softmax_seed43,43,130,1,False,False,True,0.8074,0.0,0.4912506,-1.1594286,4.2460948179723346e-07,0.00029591674683615565,0.0002959170378744602,7e267c0bf303542b
2,day2_n8_softmax_seed43,43,130,2,False,False,True,0.8222,0.0,-0.015416103,0.472344,2.692165423923143e-07,0.0002822882088366896,0.0002822883543558419,7e267c0bf303542b
2,day2_n8_softmax_seed43,43,130,3,False,False,True,0.819,0.0,0.27325532,-0.02718348,-7.152250987019215e-07,0.0002947449975181371,0.00029474584152922034,7e267c0bf303542b
2,day2_n8_softmax_seed43,43,130,4,False,False,True,0.8182,0.0,0.18215851,0.3379745,4.2243149778187217e-07,0.0002769491111394018,0.0002769494312815368,7e267c0bf303542b
2,day2_n8_softmax_seed43,43,130,5,False,False,True,0.814,0.0,0.016370544,0.4820875,-8.832253683976887e-08,0.0002872790500987321,0.0002872790500987321,7e267c0bf303542b
2,day2_n8_softmax_seed43,43,130,6,False,False,True,0.803,0.0,0.25478995,0.095787406,2.7802701652035466e-07,0.00028726551681756973,0.000287265662336722,7e267c0bf303542b
2,day2_n8_softmax_seed43,43,130,7,False,False,True,0.8196,0.0,0.16161713,0.1412223,-4.7236633804459416e-07,0.000270266697043553,0.0002702671044971794,7e267c0bf303542b
2,day2_n8_softmax_seed43,43,131,0,False,False,True,0.8118,0.0,0.81670886,1.212324,-1.3172402759664692e-06,0.00033123535104095936,0.00033123797038570046,7e267c0bf303542b
2,day2_n8_softmax_seed43,43,131,1,False,False,True,0.8182,0.0,-1.3633422,0.6075621,-1.285962866859336e-06,0.0003359430411364883,0.00033594551496207714,7e267c0bf303542b
2,day2_n8_softmax_seed43,43,131,2,False,False,True,0.8206,0.0,0.014383986,-0.3754065,3.5476944049150916e-08,0.0002850572927854955,0.000285057321889326,7e267c0bf303542b
2,day2_n8_softmax_seed43,43,131,3,False,False,True,0.8162,0.0,0.112768196,-0.30784708,-3.0193587008398026e-07,0.0003019142313860357,0.00030191437690518796,7e267c0bf303542b
2,day2_n8_softmax_seed43,43,131,4,False,False,True,0.8172,0.0,0.109730296,-0.2030233,-9.173334660772525e-07,0.0002859604137483984,0.00028596186893992126,7e267c0bf303542b
2,day2_n8_softmax_seed43,43,131,5,False,False,True,0.8136,0.0,0.21008672,-0.32339266,-2.0247510690296622e-07,0.0003012206288985908,0.0003012207162100822,7e267c0bf303542b
2,day2_n8_softmax_seed43,43,131,6,False,False,True,0.8154,0.0,0.058367297,-0.36714303,-1.253594064110075e-07,0.00029292897670529783,0.0002929290058091283,7e267c0bf303542b
2,day2_n8_softmax_seed43,43,131,7,False,False,True,0.8112,0.0,0.041297447,-0.2430754,-7.385689286820707e-07,0.0002844039408955723,0.0002844049013219774,7e267c0bf303542b
2,day2_n8_softmax_seed43,43,132,0,False,False,True,0.8166,0.0,-0.1793084,-0.20165053,8.091495118378589e-08,0.000293725955998525,0.0002937259851023555,7e267c0bf303542b
2,day2_n8_softmax_seed43,43,132,1,False,False,True,0.8158,0.0,-0.3390113,1.348018,-1.9604685519425402e-07,0.0003153760335408151,0.00031537609174847603,7e267c0bf303542b
2,day2_n8_softmax_seed43,43,132,2,False,False,True,0.816,0.0,1.4573569,0.104235485,-8.052750644083062e-08,0.00032834886224009097,0.0003283488913439214,7e267c0bf303542b
2,day2_n8_softmax_seed43,43,132,3,False,False,True,0.818,0.0,-0.15317278,-0.25163165,-1.5182340007413586e-07,0.0002890312171075493,0.0002890312753152102,7e267c0bf303542b
2,day2_n8_softmax_seed43,43,132,4,False,False,True,0.8194,0.0,-0.09548978,-0.16943556,-4.816056957679393e-07,0.0002858224615920335,0.0002858228690456599,7e267c0bf303542b
2,day2_n8_softmax_seed43,43,132,5,False,False,True,0.821,0.0,-0.2999844,-0.50594,2.0860939642375342e-08,0.00030045461608096957,0.00030045461608096957,7e267c0bf303542b
2,day2_n8_softmax_seed43,43,132,6,False,False,True,0.8116,0.0,-0.1891717,-0.22269751,-2.2976388436291018e-07,0.0002897295053116977,0.0002897295926231891,7e267c0bf303542b
2,day2_n8_softmax_seed43,43,132,7,False,False,True,0.8096,0.0,-0.20121974,-0.100898564,-1.8490888464839372e-07,0.0002845235576387495,0.0002845236158464104,7e267c0bf303542b
2,day2_n8_softmax_seed43,43,133,0,False,False,True,0.8128,0.0,0.29302993,1.2859564,-1.2981277563994809e-07,0.0003049495571758598,0.00030494958627969027,7e267c0bf303542b
2,day2_n8_softmax_seed43,43,133,1,False,False,True,0.8138,0.0,0.10981315,-0.32996356,-1.7348608594147663e-07,0.0002970179484691471,0.00029701797757297754,7e267c0bf303542b
2,day2_n8_softmax_seed43,43,133,2,False,False,True,0.8116,0.0,0.21584448,0.054491375,-5.975338268626729e-08,0.0002950201160274446,0.00029502014513127506,7e267c0bf303542b
2,day2_n8_softmax_seed43,43,133,3,False,False,True,0.8152,0.0,-1.3926665,0.0815322,2.0873710582236527e-07,0.000312180258333683,0.00031218031654134393,7e267c0bf303542b
2,day2_n8_softmax_seed43,43,133,4,False,False,True,0.8216,0.0,0.1596189,-0.39084974,-7.934055474834167e-07,0.0002963422448374331,0.00029634329257532954,7e267c0bf303542b
2,day2_n8_softmax_seed43,43,133,5,False,False,True,0.8218,0.0,0.26263,-0.373284,-1.6922621171033825e-07,0.0003017992421519011,0.00030179930035956204,7e267c0bf303542b
2,day2_n8_softmax_seed43,43,133,6,False,False,True,0.8188,0.0,0.23856914,-0.3291466,-2.0989726579045964e-07,0.0002988800115417689,0.0002988800988532603,7e267c0bf303542b
2,day2_n8_softmax_seed43,43,133,7,False,False,True,0.8104,0.0,0.113161266,0.00126367,-4.4360265860632353e-07,0.00028715835651382804,0.0002871587057597935,7e267c0bf303542b
2,day2_n8_softmax_seed43,43,134,0,False,False,True,0.8192,0.0,-0.31282073,-1.0510412,-2.7703799787559547e-07,0.0003080732421949506,0.00030807338771410286,7e267c0bf303542b
2,day2_n8_softmax_seed43,43,134,1,False,False,True,0.8162,0.0,-0.43012863,0.3674104,-1.039324359908278e-07,0.0003032696258742362,0.0003032696549780667,7e267c0bf303542b
2,day2_n8_softmax_seed43,43,134,2,False,False,True,0.8222,0.0,1.327384,-0.02578704,-2.1399992533588374e-07,0.0003078957670368254,0.00030789582524448633,7e267c0bf303542b
2,day2_n8_softmax_seed43,43,134,3,False,False,True,0.8114,0.0,-0.13274783,-0.6191557,-2.839022670286795e-07,0.00030607215012423694,0.0003060722956433892,7e267c0bf303542b
2,day2_n8_softmax_seed43,43,134,4,False,False,True,0.8072,0.0,-0.3177963,0.44647372,-2.5282699311901524e-07,0.0003036211128346622,0.000303621229249984,7e267c0bf303542b
2,day2_n8_softmax_seed43,43,134,5,False,False,True,0.8178,0.0,-0.23172043,0.51004726,6.155771075100347e-07,0.0003067156649194658,0.00030671627609990537,7e267c0bf303542b
2,day2_n8_softmax_seed43,43,134,6,False,False,True,0.8122,0.0,0.113347225,0.36575714,-4.819099217456824e-07,0.00030054908711463213,0.0003005494945682585,7e267c0bf303542b
2,day2_n8_softmax_seed43,43,134,7,False,False,True,0.8136,0.0,-0.015517746,0.006296086,-8.136262863445154e-08,0.0002897712111007422,0.0002897712402045727,7e267c0bf303542b
2,day2_n8_softmax_seed43,43,135,0,False,False,True,0.8152,0.0,0.20701568,0.387676,-1.4876867737712018e-07,0.000295890960842371,0.00029589098994620144,7e267c0bf303542b
2,day2_n8_softmax_seed43,43,135,1,False,False,True,0.8198,0.0,-1.2925056,0.032798856,1.1095441010411378e-07,0.0003064140328206122,0.00030641406192444265,7e267c0bf303542b
2,day2_n8_softmax_seed43,43,135,2,False,False,True,0.8158,0.0,0.13088733,-0.18997195,-2.3616587441210868e-07,0.000297551421681419,0.0002975515089929104,7e267c0bf303542b
2,day2_n8_softmax_seed43,43,135,3,False,False,True,0.8114,0.0,0.40863046,-0.7589813,-6.698139713989804e-07,0.00030207831878215075,0.0003020791045855731,7e267c0bf303542b
2,day2_n8_softmax_seed43,43,135,4,False,False,True,0.8136,0.0,-0.112689875,-0.3756515,1.0784563642118883e-07,0.00029972693300805986,0.0002997269621118903,7e267c0bf303542b
2,day2_n8_softmax_seed43,43,135,5,False,False,True,0.8138,0.0,0.44459957,-0.16774885,-5.575110506583769e-08,0.00030367219005711377,0.00030367219005711377,7e267c0bf303542b
2,day2_n8_softmax_seed43,43,135,6,False,False,True,0.8148,0.0,0.29549265,1.1054711,-5.903710302845866e-07,0.0003001270233653486,0.00030012757633812726,7e267c0bf303542b
2,day2_n8_softmax_seed43,43,135,7,False,False,True,0.81,0.0,-0.08142991,-0.03359186,-9.777315881365212e-07,0.00029198985430411994,0.000291991513222456,7e267c0bf303542b
2,day2_n8_softmax_seed43,43,136,0,False,False,True,0.8188,0.0,-0.0314624,0.029364737,-4.1912022652468295e-07,0.0003024828911293298,0.00030248318216763437,7e267c0bf303542b
2,day2_n8_softmax_seed43,43,136,1,False,False,True,0.8194,0.0,0.0075001745,-0.92127776,5.5420379396764474e-08,0.0003069307131227106,0.0003069307131227106,7e267c0bf303542b
2,day2_n8_softmax_seed43,43,136,2,False,False,True,0.8176,0.0,1.3065718,0.47722334,-5.464788728204439e-07,0.0003148744872305542,0.000314874981995672,7e267c0bf303542b
2,day2_n8_softmax_seed43,43,136,3,False,False,True,0.8114,0.0,-0.2744745,-9.858597e-05,5.4109051461637137e-08,0.0003038783324882388,0.0003038783324882388,7e267c0bf303542b
2,day2_n8_softmax_seed43,43,136,4,False,False,True,0.8126,0.0,-0.0317141,-0.084282085,1.7913471594965813e-07,0.00029928318690508604,0.00029928324511274695,7e267c0bf303542b
2,day2_n8_softmax_seed43,43,136,5,False,False,True,0.8144,0.0,-0.70612836,0.9896964,-3.6767241340385226e-07,0.0003126368101220578,0.000312637013848871,7e267c0bf303542b
2,day2_n8_softmax_seed43,43,136,6,False,False,True,0.8138,0.0,-0.17050193,-0.44546366,3.862451762870478e-07,0.0003078948357142508,0.00030789506854489446,7e267c0bf303542b
2,day2_n8_softmax_seed43,43,136,7,False,False,True,0.8156,0.0,-0.099791944,-0.045163687,6.043968028279778e-07,0.0003000462893396616,0.0003000469005201012,7e267c0bf303542b
2,day2_n8_softmax_seed43,43,137,0,False,False,True,0.8076,0.0,-0.08001124,0.1109544,-8.12907572367294e-08,0.0003038871509488672,0.00030388718005269766,7e267c0bf303542b
2,day2_n8_softmax_seed43,43,137,1,False,False,True,0.8232,0.0,0.6360842,-0.8206789,-1.3980085213916027e-06,0.0003169720293954015,0.00031697508529759943,7e267c0bf303542b
2,day2_n8_softmax_seed43,43,137,2,False,False,True,0.818,0.0,0.14573151,-0.09404073,-2.394272087258287e-07,0.00031164888059720397,0.00031164896790869534,7e267c0bf303542b
2,day2_n8_softmax_seed43,43,137,3,False,False,True,0.8128,0.0,-1.3353453,-0.36950353,4.881602535533602e-07,0.0003194232995156199,0.0003194236778654158,7e267c0bf303542b
2,day2_n8_softmax_seed43,43,137,4,False,False,True,0.8106,0.0,0.10076489,-0.045588784,-2.1143156914149586e-07,0.00030277561745606363,0.00030277567566372454,7e267c0bf303542b
2,day2_n8_softmax_seed43,43,137,5,False,False,True,0.82,0.0,0.032962304,1.2248325,-4.75472148764311e-07,0.00031631739693693817,0.00031631774618290365,7e267c0bf303542b
2,day2_n8_softmax_seed43,43,137,6,False,False,True,0.8198,0.0,0.39043376,0.05715172,-7.991341703927901e-07,0.00030745964613743126,0.0003074606938753277,7e267c0bf303542b
2,day2_n8_softmax_seed43,43,137,7,False,False,True,0.8152,0.0,0.10938098,-0.06312608,-3.21298159633443e-07,0.00029422505758702755,0.0002942252322100103,7e267c0bf303542b
2,day2_n8_softmax_seed43,43,138,0,False,False,True,0.8244,0.0,-0.28155047,-0.5886711,4.4734473902963146e-08,0.0003175748570356518,0.0003175748570356518,7e267c0bf303542b
2,day2_n8_softmax_seed43,43,138,1,False,False,True,0.8132,0.0,-0.15874861,-0.41380715,-1.0909381842338917e-07,0.00031616640626452863,0.00031616646447218955,7e267c0bf303542b
2,day2_n8_softmax_seed43,43,138,2,False,False,True,0.8144,0.0,-0.47318727,1.1145748,-3.827026660019328e-07,0.0003188059781678021,0.00031880621099844575,7e267c0bf303542b
2,day2_n8_softmax_seed43,43,138,3,False,False,True,0.8166,0.0,0.026906924,-0.7181366,5.186648763810808e-07,0.00031756266253069043,0.00031756304088048637,7e267c0bf303542b
2,day2_n8_softmax_seed43,43,138,4,False,False,True,0.8266,0.0,-0.21231,0.18875982,-4.420961374762555e-09,0.0003090473765041679,0.0003090473765041679,7e267c0bf303542b
2,day2_n8_softmax_seed43,43,138,5,False,False,True,0.8194,0.0,1.4378769,0.26230788,-1.1161491784150712e-06,0.0003272690228186548,0.00032727091456763446,7e267c0bf303542b
2,day2_n8_softmax_seed43,43,138,6,False,False,True,0.8106,0.0,-0.12420646,0.12683041,-5.268553309178969e-07,0.00031196087365970016,0.000311961310217157,7e267c0bf303542b
2,day2_n8_softmax_seed43,43,138,7,False,False,True,0.8116,0.0,-0.21478234,0.028141465,-3.4621149325175793e-07,0.00030583611805923283,0.00030583632178604603,7e267c0bf303542b
2,day2_n8_softmax_seed43,43,139,0,False,False,True,0.812,0.0,-0.1584454,0.5885426,5.54715882117307e-07,0.0003203486558049917,0.00032034912146627903,7e267c0bf303542b
2,day2_n8_softmax_seed43,43,139,1,False,False,True,0.8184,0.0,-0.24030478,-0.101945035,-3.947212334765027e-08,0.00031236192444339395,0.00031236192444339395,7e267c0bf303542b
2,day2_n8_softmax_seed43,43,139,2,False,False,True,0.8174,0.0,-0.2720092,0.8896105,2.0703713232705923e-07,0.0003230174188502133,0.00032301750616170466,7e267c0bf303542b
2,day2_n8_softmax_seed43,43,139,3,False,False,True,0.8186,0.0,1.4928625,0.07466786,-4.6312300128192874e-07,0.0003337592934258282,0.00033375961356796324,7e267c0bf303542b
2,day2_n8_softmax_seed43,43,139,4,False,False,True,0.8196,0.0,-0.10752362,-1.1253707,-1.1302864777462673e-06,0.0003204030799679458,0.00032040505902841687,7e267c0bf303542b
2,day2_n8_softmax_seed43,43,139,5,False,False,True,0.8204,0.0,-0.29335886,-0.19596128,-5.700622409676726e-07,0.00031409875373356044,0.00031409927760250866,7e267c0bf303542b
2,day2_n8_softmax_seed43,43,139,6,False,False,True,0.8212,0.0,-0.3026692,-0.02942991,-1.6326162644020314e-09,0.0003179892082698643,0.0003179892373736948,7e267c0bf303542b
2,day2_n8_softmax_seed43,43,139,7,False,False,True,0.8144,0.0,-0.1185536,-0.10011436,-5.509294851435698e-07,0.00031198663054965436,0.00031198709621094167,7e267c0bf303542b
2,day2_n8_softmax_seed43,43,140,0,False,False,True,0.8188,0.0,0.68804574,1.2156837,-2.840416755134356e-07,0.0003252761671319604,0.0003252763126511127,7e267c0bf303542b
2,day2_n8_softmax_seed43,43,140,1,False,False,True,0.8166,0.0,-1.0875351,0.050190125,2.458304493302421e-07,0.0003229477733839303,0.0003229478606954217,7e267c0bf303542b
2,day2_n8_softmax_seed43,43,140,2,False,False,True,0.8172,0.0,-0.028720396,-0.059581764,8.579664836361189e-07,0.0003185396490152925,0.00031854078406468034,7e267c0bf303542b
2,day2_n8_softmax_seed43,43,140,3,False,False,True,0.8214,0.0,0.7266363,-0.9570565,9.937904366097428e-08,0.00032396067399531603,0.0003239607030991465,7e267c0bf303542b
2,day2_n8_softmax_seed43,43,140,4,False,False,True,0.8166,0.0,0.18376853,-0.15342917,7.494164577792617e-08,0.0003108789387624711,0.0003108789387624711,7e267c0bf303542b
2,day2_n8_softmax_seed43,43,140,5,False,False,True,0.817,0.0,-0.18962988,-0.12578209,-3.112202762167726e-07,0.00031785774626769125,0.000317857920890674,7e267c0bf303542b
2,day2_n8_softmax_seed43,43,140,6,False,False,True,0.8204,0.0,-0.45231953,0.14473207,-2.504561962268781e-07,0.0003227874112781137,0.00032278752769343555,7e267c0bf303542b
2,day2_n8_softmax_seed43,43,140,7,False,False,True,0.8118,0.0,0.1597539,-0.1147566,-2.3568939866436267e-07,0.0003158346808049828,0.00031583476811647415,7e267c0bf303542b
2,day2_n8_softmax_seed43,43,141,0,False,False,True,0.809,0.0,0.16994831,-0.122582056,-4.441361909357511e-07,0.0003205033717676997,0.00032050369190983474,7e267c0bf303542b
2,day2_n8_softmax_seed43,43,141,1,False,False,True,0.8158,0.0,0.26370588,-0.0031848878,1.5191801594482968e-07,0.0003224208194296807,0.00032242084853351116,7e267c0bf303542b
2,day2_n8_softmax_seed43,43,141,2,False,False,True,0.8212,0.0,0.12977618,-0.4247723,-1.9844817700231943e-07,0.00032107916194945574,0.00032107922015711665,7e267c0bf303542b
2,day2_n8_softmax_seed43,43,141,3,False,False,True,0.8196,0.0,0.27531403,1.3739439,2.5706734163577494e-07,0.0003273739421274513,0.00032737405854277313,7e267c0bf303542b
2,day2_n8_softmax_seed43,43,141,4,False,False,True,0.8112,0.0,0.17701127,-0.0029017762,-4.0531400458121425e-08,0.00031337476684711874,0.00031337476684711874,7e267c0bf303542b
2,day2_n8_softmax_seed43,43,141,5,False,False,True,0.8262,0.0,-1.5127007,0.046154547,-1.080647749063246e-07,0.00033728015841916203,0.0003372801875229925,7e267c0bf303542b
2,day2_n8_softmax_seed43,43,141,6,False,False,True,0.8162,0.0,0.30262232,-0.5791834,-1.1667422228356372e-07,0.0003270736779086292,0.00032707370701245964,7e267c0bf303542b
2,day2_n8_softmax_seed43,43,141,7,False,False,True,0.82,0.0,0.19432269,-0.2874717,-2.945949972854578e-07,0.0003144871152471751,0.00031448728987015784,7e267c0bf303542b
2,day2_n8_softmax_seed43,43,142,0,False,False,True,0.8148,0.0,-0.48958266,-0.59217274,-5.80987887133233e-07,0.0003298869705758989,0.00032988746534101665,7e267c0bf303542b
2,day2_n8_softmax_seed43,43,142,1,False,False,True,0.8102,0.0,1.0626938,0.8085294,-7.255753757817729e-07,0.0003331769839860499,0.0003331777697894722,7e267c0bf303542b
2,day2_n8_softmax_seed43,43,142,2,False,False,True,0.8082,0.0,-0.015890867,-0.56181353,-3.6937234426659415e-07,0.00032841661595739424,0.0003284168487880379,7e267c0bf303542b
2,day2_n8_softmax_seed43,43,142,3,False,False,True,0.815,0.0,-1.0024998,1.0420983,-2.4514986307622166e-07,0.00033623530180193484,0.00033623541821725667,7e267c0bf303542b
2,day2_n8_softmax_seed43,43,142,4,False,False,True,0.8108,0.0,0.15443929,0.010893412,-1.099379716151816e-07,0.00031900720205157995,0.0003190072311554104,7e267c0bf303542b
2,day2_n8_softmax_seed43,43,142,5,False,False,True,0.8144,0.0,0.46876228,-0.3259578,-8.322231082047438e-08,0.00033176690340042114,0.0003317669325042516,7e267c0bf303542b
2,day2_n8_softmax_seed43,43,142,6,False,False,True,0.8208,0.0,-0.10436213,-0.31441087,-3.303510425212153e-07,0.00032624139566905797,0.0003262415702920407,7e267c0bf303542b
2,day2_n8_softmax_seed43,43,142,7,False,False,True,0.8112,0.0,-0.07355902,-0.067167446,-6.63047217130952e-08,0.00031270593171939254,0.00031270593171939254,7e267c0bf303542b
2,day2_n8_softmax_seed43,43,143,0,False,False,True,0.82,0.0,0.031170297,-0.4737993,-6.358319524224498e-07,0.0003316837828606367,0.00033168436493724585,7e267c0bf303542b
2,day2_n8_softmax_seed43,43,143,1,False,False,True,0.815,0.0,0.07570999,-0.07376831,-2.1879790779166797e-07,0.0003296357754152268,0.0003296358627267182,7e267c0bf303542b
2,day2_n8_softmax_seed43,43,143,2,False,False,True,0.821,0.0,0.39521575,-0.741839,-5.93940114868019e-08,0.00033288338454440236,0.00033288338454440236,7e267c0bf303542b
2,day2_n8_softmax_seed43,43,143,3,False,False,True,0.8118,0.0,0.1120198,1.3229969,-5.910678169129824e-07,0.00033803150290623307,0.00033803199767135084,7e267c0bf303542b
2,day2_n8_softmax_seed43,43,143,4,False,False,True,0.8178,0.0,-1.4608177,-0.015331102,-3.3826543699433387e-07,0.0003408091433811933,0.000340809318004176,7e267c0bf303542b
2,day2_n8_softmax_seed43,43,143,5,False,False,True,0.8106,0.0,0.62300843,0.29614094,3.00261504548871e-08,0.0003354431828483939,0.0003354431828483939,7e267c0bf303542b
2,day2_n8_softmax_seed43,43,143,6,False,False,True,0.8154,0.0,0.04053473,-0.11238313,-5.081268454887322e-07,0.0003181324282195419,0.0003181328356731683,7e267c0bf303542b
2,day2_n8_softmax_seed43,43,143,7,False,False,True,0.8116,0.0,0.18315718,-0.20201746,2.3038268182062893e-08,0.0003271815076004714,0.00032718153670430183,7e267c0bf303542b
2,day2_n8_softmax_seed43,43,144,0,False,False,True,0.8228,0.0,-0.035651915,0.012532804,1.3654128849793778e-07,0.0003313827037345618,0.00033138273283839226,7e267c0bf303542b
2,day2_n8_softmax_seed43,43,144,1,False,False,True,0.8118,0.0,1.5307003,-0.19256558,1.1753102313605268e-07,0.000355235009919852,0.0003552350390236825,7e267c0bf303542b
2,day2_n8_softmax_seed43,43,144,2,False,False,True,0.8168,0.0,-0.118777186,0.077431805,-2.199912216838129e-07,0.00033765650005079806,0.00033765655825845897,7e267c0bf303542b
2,day2_n8_softmax_seed43,43,144,3,False,False,True,0.8164,0.0,-0.30235958,1.3033899,9.787540733441347e-08,0.0003451053344178945,0.00034510536352172494,7e267c0bf303542b
2,day2_n8_softmax_seed43,43,144,4,False,False,True,0.8196,0.0,-0.103369735,0.030597197,-2.572043626969389e-07,0.00032810174161568284,0.0003281018289271742,7e267c0bf303542b
2,day2_n8_softmax_seed43,43,144,5,False,False,True,0.8184,0.0,-0.63484305,-0.9984566,2.4051138325376087e-07,0.00034757607500068843,0.0003475761623121798,7e267c0bf303542b
2,day2_n8_softmax_seed43,43,144,6,False,False,True,0.8138,0.0,-0.2540616,-0.28291124,-8.103168624984391e-08,0.00033933253143914044,0.00033933253143914044,7e267c0bf303542b
2,day2_n8_softmax_seed43,43,144,7,False,False,True,0.8144,0.0,-0.08163761,0.049981873,-5.543520842365979e-07,0.00031844936893321574,0.0003184498636983335,7e267c0bf303542b
2,day2_n8_softmax_seed43,43,145,0,False,False,True,0.8148,0.0,0.07102903,-0.07108237,3.23145883385223e-07,0.0003223044623155147,0.00032230460783466697,7e267c0bf303542b
2,day2_n8_softmax_seed43,43,145,1,False,False,True,0.815,0.0,0.2263663,-0.26553386,-8.223634040405159e-07,0.0003352233616169542,0.00033522435114718974,7e267c0bf303542b
2,day2_n8_softmax_seed43,43,145,2,False,False,True,0.8224,0.0,-1.5250821,-0.13190341,-2.0077997930911806e-07,0.00034574183518998325,0.00034574189339764416,7e267c0bf303542b
2,day2_n8_softmax_seed43,43,145,3,False,False,True,0.8184,0.0,0.2521288,-0.14241813,-3.840168858459947e-07,0.0003372940991539508,0.000337294302880764,7e267c0bf303542b
2,day2_n8_softmax_seed43,43,145,4,False,False,True,0.8178,0.0,0.5053284,-0.6767382,3.287103993443452e-07,0.00033709051785990596,0.00033709066337905824,7e267c0bf303542b
2,day2_n8_softmax_seed43,43,145,5,False,False,True,0.8134,0.0,0.18831305,1.4697477,2.3007608263014845e-07,0.000343795312801376,0.00034379540011286736,7e267c0bf303542b
2,day2_n8_softmax_seed43,43,145,6,False,False,True,0.7972,0.0,0.053311642,-0.038368937,-1.157182623501285e-06,0.0003265556588303298,0.00032655769609846175,7e267c0bf303542b
2,day2_n8_softmax_seed43,43,145,7,False,False,True,0.8056,0.0,0.22860515,-0.1437028,-5.338135906640673e-07,0.00032893288880586624,0.0003289333253633231,7e267c0bf303542b
2,day2_n8_softmax_seed43,43,146,0,False,False,True,0.817,0.0,-0.35597444,1.4593332,-4.682167968894646e-07,0.00035412213765084743,0.00035412245779298246,7e267c0bf303542b
2,day2_n8_softmax_seed43,43,146,1,False,False,True,0.817,0.0,-0.028995473,-0.08155437,-9.935902056668056e-08,0.00033581003663130105,0.00033581003663130105,7e267c0bf303542b
2,day2_n8_softmax_seed43,43,146,2,False,False,True,0.8112,0.0,1.5797569,0.006795917,-4.315446346936369e-07,0.0003590908891055733,0.00035909118014387786,7e267c0bf303542b
2,day2_n8_softmax_seed43,43,146,3,False,False,True,0.814,0.0,-0.5052369,-0.61469907,-1.7415241870821774e-07,0.0003491629031486809,0.0003491629322525114,7e267c0bf303542b
2,day2_n8_softmax_seed43,43,146,4,False,False,True,0.8174,0.0,-0.1307549,0.07622913,-8.527107411282486e-07,0.0003324841964058578,0.00033248530235141516,7e267c0bf303542b
2,day2_n8_softmax_seed43,43,146,5,False,False,True,0.8144,0.0,-0.27891064,-0.6273125,2.23640146401749e-08,0.00034656640491448343,0.00034656640491448343,7e267c0bf303542b
2,day2_n8_softmax_seed43,43,146,6,False,False,True,0.8108,0.0,-0.14546788,-0.12759702,-2.8232429372110346e-07,0.0003457641287241131,0.00034576424513943493,7e267c0bf303542b
2,day2_n8_softmax_seed43,43,146,7,False,False,True,0.8086,0.0,-0.13441773,-0.09119425,-5.154930136086477e-07,0.000336913566570729,0.0003369139740243554,7e267c0bf303542b
2,day2_n8_softmax_seed43,43,147,0,False,False,True,0.8098,0.0,0.21970221,1.0204836,2.505988732082187e-07,0.0003547998785506934,0.0003547999949660152,7e267c0bf303542b
2,day2_n8_softmax_seed43,43,147,1,False,False,True,0.8054,0.0,0.30446997,0.2962496,-4.3675078131855116e-07,0.000352057337295264,0.0003520576283335686,7e267c0bf303542b
2,day2_n8_softmax_seed43,43,147,2,False,False,True,0.816,0.0,-1.4981651,-0.3773182,-6.732259407726815e-07,0.0003578022588044405,0.00035780289908871055,7e267c0bf303542b
2,day2_n8_softmax_seed43,43,147,3,False,False,True,0.8124,0.0,0.7415572,-1.2261016,-3.6876033959742927e-07,0.0003552007838152349,0.0003552009875420481,7e267c0bf303542b
2,day2_n8_softmax_seed43,43,147,4,False,False,True,0.8182,0.0,-0.15170419,-0.06862624,-2.8082590119993256e-07,0.0003440323635004461,0.0003440324799157679,7e267c0bf303542b
2,day2_n8_softmax_seed43,43,147,5,False,False,True,0.8066,0.0,0.1942022,0.06403221,-1.7352592251995702e-08,0.00034870923263952136,0.00034870923263952136,7e267c0bf303542b
2,day2_n8_softmax_seed43,43,147,6,False,False,True,0.8146,0.0,0.05678199,0.42021883,-4.667541304570477e-07,0.00034947379026561975,0.0003494741104077548,7e267c0bf303542b
2,day2_n8_softmax_seed43,43,147,7,False,False,True,0.8144,0.0,0.13315526,-0.12893912,2.24352803002148e-08,0.0003428214695304632,0.0003428214695304632,7e267c0bf303542b
2,day2_n8_softmax_seed43,43,148,0,False,False,True,0.8138,0.0,0.16308193,0.090436734,-3.034852511518693e-07,0.00034812322701327503,0.00034812334342859685,7e267c0bf303542b
2,day2_n8_softmax_seed43,43,148,1,False,False,True,0.8164,0.0,-1.605817,0.16717505,-5.253442125763286e-10,0.0003621141950134188,0.0003621141950134188,7e267c0bf303542b
2,day2_n8_softmax_seed43,43,148,2,False,False,True,0.8148,0.0,0.21977864,-0.6204638,-2.831151846294233e-07,0.00035068049328401685,0.0003506806096993387,7e267c0bf303542b
2,day2_n8_softmax_seed43,43,148,3,False,False,True,0.8154,0.0,0.4665657,1.4400346,-1.1529486698691471e-07,0.0003562993078958243,0.00035629933699965477,7e267c0bf303542b
2,day2_n8_softmax_seed43,43,148,4,False,False,True,0.8214,0.0,0.120972976,-0.030092992,6.042395739314088e-08,0.0003407790791243315,0.0003407790791243315,7e267c0bf303542b
2,day2_n8_softmax_seed43,43,148,5,False,False,True,0.815,0.0,0.39200518,-0.48655212,4.5100611600901175e-07,0.00035136821679770947,0.00035136850783601403,7e267c0bf303542b
2,day2_n8_softmax_seed43,43,148,6,False,False,True,0.8166,0.0,0.16786124,-0.48837107,7.020679504421423e-07,0.0003521953185554594,0.00035219601704739034,7e267c0bf303542b
2,day2_n8_softmax_seed43,43,148,7,False,False,True,0.8128,0.0,0.07555365,-0.072166264,2.352468015942577e-07,0.00034007910289801657,0.00034007919020950794,7e267c0bf303542b
2,day2_n8_softmax_seed43,43,149,0,False,False,True,0.812,0.0,0.08626143,0.310406,1.124405812902296e-07,0.0003495944256428629,0.0003495944256428629,7e267c0bf303542b
2,day2_n8_softmax_seed43,43,149,1,False,False,True,0.8104,0.0,0.41391852,0.9986228,-5.182731115382921e-07,0.00035605893936008215,0.00035605934681370854,7e267c0bf303542b
2,day2_n8_softmax_seed43,43,149,2,False,False,True,0.8148,0.0,-0.1426494,-1.3084922,5.088366705763292e-08,0.0003563453792594373,0.0003563454083632678,7e267c0bf303542b
2,day2_n8_softmax_seed43,43,149,3,False,False,True,0.8152,0.0,-0.075170726,-0.06342764,4.68778779350032e-07,0.000351310009136796,0.00035131030017510056,7e267c0bf303542b
2,day2_n8_softmax_seed43,43,149,4,False,False,True,0.8108,0.0,0.88519543,-0.18652499,-4.800932629223098e-07,0.00035620591370388865,0.00035620626294985414,7e267c0bf303542b
2,day2_n8_softmax_seed43,43,149,5,False,False,True,0.8116,0.0,0.21118431,0.0586664,-7.671097250749881e-07,0.00035214179661124945,0.00035214261151850224,7e267c0bf303542b
2,day2_n8_softmax_seed43,43,149,6,False,False,True,0.8252,0.0,0.024117047,-0.14802776,2.815101751707516e-08,0.00035033453605137765,0.00035033453605137765,7e267c0bf303542b
2,day2_n8_softmax_seed43,43,149,7,False,False,True,0.808,0.0,-1.4028572,0.33877727,2.4034630285996172e-08,0.0003569654072634876,0.0003569654072634876,7e267c0bf303542b
2,day2_n8_softmax_seed43,43,150,0,False,False,True,0.8096,0.0,-0.9432339,-1.2746333,-8.874507102518692e-07,0.0003720696549862623,0.00037207070272415876,7e267c0bf303542b
2,day2_n8_softmax_seed43,43,150,1,False,False,True,0.8182,0.0,-0.2046012,0.10685389,-9.283834856432804e-08,0.00035333193955011666,0.0003533319686539471,7e267c0bf303542b
2,day2_n8_softmax_seed43,43,150,2,False,False,True,0.8184,0.0,-0.3135468,0.5270437,-6.127603455752251e-07,0.0003633895830716938,0.00036339007783681154,7e267c0bf303542b
2,day2_n8_softmax_seed43,43,150,3,False,False,True,0.8136,0.0,1.5041962,-0.6531259,5.865991852260777e-07,0.0003758444217965007,0.000375844887457788,7e267c0bf303542b
2,day2_n8_softmax_seed43,43,150,4,False,False,True,0.8112,0.0,0.059026897,0.22414997,7.162730497611847e-08,0.00035536836367100477,0.00035536836367100477,7e267c0bf303542b
2,day2_n8_softmax_seed43,43,150,5,False,False,True,0.8258,0.0,-0.039338816,0.05146183,-9.48020669966354e-07,0.0003583352954592556,0.0003583365469239652,7e267c0bf303542b
2,day2_n8_softmax_seed43,43,150,6,False,False,True,0.8136,0.0,-0.04646054,0.90748864,1.6807071290259046e-08,0.00036773711326532066,0.00036773711326532066,7e267c0bf303542b
2,day2_n8_softmax_seed43,43,150,7,False,False,True,0.8144,0.0,-0.016042069,0.11076284,-1.2456050626497017e-06,0.000339343270752579,0.0003393455408513546,7e267c0bf303542b
2,day2_n8_softmax_seed43,43,151,0,False,False,True,0.8396,0.0,0.0006179681,-0.011675797,-2.293360701344227e-08,3.6512665246846154e-05,3.6512676160782576e-05,7e267c0bf303542b
2,day2_n8_softmax_seed43,43,151,1,False,False,True,0.841,0.0,0.02243801,0.034677755,-1.5304304668006807e-07,3.659490539575927e-05,3.6595225537894294e-05,7e267c0bf303542b
2,day2_n8_softmax_seed43,43,151,2,False,False,True,0.8396,0.0,-0.16267501,-0.0018677944,-5.123614954527511e-08,3.818213372142054e-05,3.8182166463229805e-05,7e267c0bf303542b
2,day2_n8_softmax_seed43,43,151,3,False,False,True,0.8404,0.0,0.05154301,0.009484429,-8.552657249083495e-08,3.681481030071154e-05,3.6814908526139334e-05,7e267c0bf303542b
2,day2_n8_softmax_seed43,43,151,4,False,False,True,0.8402,0.0,-0.011421282,-0.04166973,-5.660192670120523e-08,3.577601091819815e-05,3.577605457394384e-05,7e267c0bf303542b
2,day2_n8_softmax_seed43,43,151,5,False,False,True,0.8392,0.0,0.019252548,0.13747838,-4.0174732873765606e-08,3.715901038958691e-05,3.715903585543856e-05,7e267c0bf303542b
2,day2_n8_softmax_seed43,43,151,6,False,False,True,0.8422,0.0,0.04642043,-0.03254986,-1.051532905194108e-07,3.6682060454040766e-05,3.6682209611171857e-05,7e267c0bf303542b
2,day2_n8_softmax_seed43,43,151,7,False,False,True,0.8364,0.0,0.033824295,-0.09387729,-1.2728887099910935e-07,3.6186280340189114e-05,3.6186505894875154e-05,7e267c0bf303542b
2,day2_n8_softmax_seed43,43,152,0,False,False,True,0.8372,0.0,-0.06168272,0.10706601,-6.124591322986817e-08,3.796451710513793e-05,3.796456803684123e-05,7e267c0bf303542b
2,day2_n8_softmax_seed43,43,152,1,False,False,True,0.8396,0.0,0.07297263,0.1096507,-1.1506805464023273e-07,3.783965439652093e-05,3.783982901950367e-05,7e267c0bf303542b
2,day2_n8_softmax_seed43,43,152,2,False,False,True,0.8368,0.0,-0.14058112,-0.031455033,-7.854859518374724e-08,3.801746788667515e-05,3.801755156018771e-05,7e267c0bf303542b
2,day2_n8_softmax_seed43,43,152,3,False,False,True,0.839,0.0,0.06019111,-0.06492725,-9.685552271321285e-08,3.7272813642630354e-05,3.72729409718886e-05,7e267c0bf303542b
2,day2_n8_softmax_seed43,43,152,4,False,False,True,0.8386,0.0,0.0041779145,-0.030823257,-1.5791813723353698e-07,3.676606866065413e-05,3.676640699268319e-05,7e267c0bf303542b
2,day2_n8_softmax_seed43,43,152,5,False,False,True,0.8416,0.0,0.01883647,-0.056301173,-9.447823856589821e-08,3.655650289147161e-05,3.655662658275105e-05,7e267c0bf303542b
2,day2_n8_softmax_seed43,43,152,6,False,False,True,0.8372,0.0,0.029611414,-0.013314769,-8.496158443449531e-08,3.5129916795995086e-05,3.513002229738049e-05,7e267c0bf303542b
2,day2_n8_softmax_seed43,43,152,7,False,False,True,0.8376,0.0,0.016474318,-0.019895291,-1.130519819980691e-07,3.5434411984169856e-05,3.543459388311021e-05,7e267c0bf303542b
2,day2_n8_softmax_seed43,43,153,0,False,False,True,0.8386,0.0,-0.0877433,-0.039265826,-3.291450312303823e-08,3.7796115066157654e-05,3.779612961807288e-05,7e267c0bf303542b
2,day2_n8_softmax_seed43,43,153,1,False,False,True,0.8374,0.0,0.12344002,0.041994896,-1.0155984853099653e-07,3.8187470636330545e-05,3.8187608879525214e-05,7e267c0bf303542b
2,day2_n8_softmax_seed43,43,153,2,False,False,True,0.8386,0.0,-0.05000853,-0.08578316,-1.3215209548889106e-07,3.707450377987698e-05,3.707474024849944e-05,7e267c0bf303542b
2,day2_n8_softmax_seed43,43,153,3,False,False,True,0.8382,0.0,-0.079605244,0.14638954,-8.582066612916606e-08,3.806712629739195e-05,3.806722452281974e-05,7e267c0bf303542b
2,day2_n8_softmax_seed43,43,153,4,False,False,True,0.8416,0.0,-0.00065181416,-0.030398468,-7.781313371424403e-08,3.6582652683136985e-05,3.658273635664955e-05,7e267c0bf303542b
2,day2_n8_softmax_seed43,43,153,5,False,False,True,0.8386,0.0,0.0484469,-0.022483103,-7.699755855128387e-08,3.7910009268671274e-05,3.791008566622622e-05,7e267c0bf303542b
2,day2_n8_softmax_seed43,43,153,6,False,False,True,0.84,0.0,0.021002596,-0.016116166,-7.080522124169875e-08,3.6203193303663284e-05,3.6203266063239425e-05,7e267c0bf303542b
2,day2_n8_softmax_seed43,43,153,7,False,False,True,0.8372,0.0,0.025119314,0.005662299,-1.3737985682382714e-07,3.630041828728281e-05,3.630068022175692e-05,7e267c0bf303542b
2,day2_n8_softmax_seed43,43,154,0,False,False,True,0.8408,0.0,0.16540942,0.041115507,-1.1198023486258535e-07,3.888199353241362e-05,3.888214996550232e-05,7e267c0bf303542b
2,day2_n8_softmax_seed43,43,154,1,False,False,True,0.8374,0.0,-0.012834215,-0.0034377258,-1.5956528898186662e-07,3.706198913278058e-05,3.7062334740767255e-05,7e267c0bf303542b
2,day2_n8_softmax_seed43,43,154,2,False,False,True,0.8378,0.0,0.016838897,-0.15673092,-1.329547529849151e-07,3.843256854452193e-05,3.8432797737186775e-05,7e267c0bf303542b
2,day2_n8_softmax_seed43,43,154,3,False,False,True,0.838,0.0,-0.038295865,0.08670471,-1.294034319698767e-07,3.7422643799800426e-05,3.742286571650766e-05,7e267c0bf303542b
2,day2_n8_softmax_seed43,43,154,4,False,False,True,0.839,0.0,-0.009510478,-0.00985626,-1.3325629311111697e-07,3.49262154486496e-05,3.4926470107166097e-05,7e267c0bf303542b
2,day2_n8_softmax_seed43,43,154,5,False,False,True,0.8392,0.0,-0.014439006,0.03247039,-1.8477544827533166e-08,3.6511399230221286e-05,3.6511402868200094e-05,7e267c0bf303542b
2,day2_n8_softmax_seed43,43,154,6,False,False,True,0.8372,0.0,-0.06024974,0.0040185275,-1.0605705114130615e-07,3.6583001929102466e-05,3.658315836219117e-05,7e267c0bf303542b
2,day2_n8_softmax_seed43,43,154,7,False,False,True,0.8378,0.0,-0.04691911,0.0057159504,-6.950021003149232e-08,3.5876382753485814e-05,3.587644823710434e-05,7e267c0bf303542b
2,day2_n8_softmax_seed43,43,155,0,False,False,True,0.839,0.0,-0.013691172,-0.007004759,-9.811400580872487e-09,3.694208862725645e-05,3.694208862725645e-05,7e267c0bf303542b
2,day2_n8_softmax_seed43,43,155,1,False,False,True,0.8366,0.0,-0.034933507,0.06008534,-7.63667316050487e-08,3.750963878701441e-05,3.750971518456936e-05,7e267c0bf303542b
2,day2_n8_softmax_seed43,43,155,2,False,False,True,0.8382,0.0,-0.07059988,-0.15227732,-1.4096046641043358e-07,3.845071842079051e-05,3.845098035526462e-05,7e267c0bf303542b
2,day2_n8_softmax_seed43,43,155,3,False,False,True,0.838,0.0,0.16884072,-0.040778283,-2.3113367220162218e-08,3.881359225488268e-05,3.881359953084029e-05,7e267c0bf303542b
2,day2_n8_softmax_seed43,43,155,4,False,False,True,0.8384,0.0,-0.024900569,0.018581955,-7.819094349770239e-08,3.623519296525046e-05,3.6235276638763025e-05,7e267c0bf303542b
2,day2_n8_softmax_seed43,43,155,5,False,False,True,0.8398,0.0,-0.0034159925,0.03243648,-9.82215979661305e-08,3.733873018063605e-05,3.7338857509894297e-05,7e267c0bf303542b
2,day2_n8_softmax_seed43,43,155,6,False,False,True,0.8398,0.0,-0.020757455,0.061384495,-9.145867352344794e-08,3.673540777526796e-05,3.6735524190589786e-05,7e267c0bf303542b
2,day2_n8_softmax_seed43,43,155,7,False,False,True,0.8364,0.0,-0.0005420786,0.027572246,-1.2534420079646225e-07,3.70756424672436e-05,3.7075857107993215e-05,7e267c0bf303542b
2,day2_n8_softmax_seed43,43,156,0,False,False,True,0.8386,0.0,-0.015222424,-0.035170164,-6.49690221621313e-08,3.766934241866693e-05,3.766940062632784e-05,7e267c0bf303542b
2,day2_n8_softmax_seed43,43,156,1,False,False,True,0.8402,0.0,-0.022483042,0.0061509674,-1.8091766662564623e-07,3.728900628630072e-05,3.728944648173638e-05,7e267c0bf303542b
2,day2_n8_softmax_seed43,43,156,2,False,False,True,0.8388,0.0,-0.0859837,0.13506137,-3.348146648818329e-08,3.893898974638432e-05,3.893900429829955e-05,7e267c0bf303542b
2,day2_n8_softmax_seed43,43,156,3,False,False,True,0.8386,0.0,-0.0056012487,-0.09814586,-4.8359133586473035e-08,3.806469976552762e-05,3.8064732507336885e-05,7e267c0bf303542b
2,day2_n8_softmax_seed43,43,156,4,False,False,True,0.8394,0.0,-0.03263872,-0.0018732235,-6.872139834968038e-08,3.6822875699726865e-05,3.682294118334539e-05,7e267c0bf303542b
2,day2_n8_softmax_seed43,43,156,5,False,False,True,0.8408,0.0,0.1699674,0.059789095,-1.3349631444725674e-07,4.047598849865608e-05,4.047621041536331e-05,7e267c0bf303542b
2,day2_n8_softmax_seed43,43,156,6,False,False,True,0.8388,0.0,0.0001810042,-0.011666661,-4.7255028334802773e-08,3.706940697156824e-05,3.7069439713377506e-05,7e267c0bf303542b
2,day2_n8_softmax_seed43,43,156,7,False,False,True,0.8362,0.0,-0.008219274,-0.054145485,-8.177863719538436e-08,3.641228977357969e-05,3.6412380723049864e-05,7e267c0bf303542b
2,day2_n8_softmax_seed43,43,157,0,False,False,True,0.8376,0.0,-0.055646528,-0.13840741,-6.48663416313866e-08,3.934945198125206e-05,3.9349506550934166e-05,7e267c0bf303542b
2,day2_n8_softmax_seed43,43,157,1,False,False,True,0.8376,0.0,-0.0026363968,0.08998478,-1.3875083482162154e-07,3.893674147548154e-05,3.893699249601923e-05,7e267c0bf303542b
2,day2_n8_softmax_seed43,43,157,2,False,False,True,0.84,0.0,-0.094612196,-0.0063497173,-1.1632477026068955e-07,3.9045538869686425e-05,3.9045713492669165e-05,7e267c0bf303542b
2,day2_n8_softmax_seed43,43,157,3,False,False,True,0.839,0.0,0.15727049,-0.0583206,-6.16985715851115e-08,3.984573049820028e-05,3.984577415394597e-05,7e267c0bf303542b
2,day2_n8_softmax_seed43,43,157,4,False,False,True,0.8384,0.0,-0.020856986,0.0018236374,-1.0271892847413255e-07,3.6747271224157885e-05,3.674741310533136e-05,7e267c0bf303542b
2,day2_n8_softmax_seed43,43,157,5,False,False,True,0.8372,0.0,0.015889313,0.071113564,-3.544243298847505e-08,3.84473278245423e-05,3.8447346014436334e-05,7e267c0bf303542b
2,day2_n8_softmax_seed43,43,157,6,False,False,True,0.8368,0.0,-0.0043707076,0.019767549,-3.3394748299997445e-08,3.7163470551604405e-05,3.7163485103519633e-05,7e267c0bf303542b
2,day2_n8_softmax_seed43,43,157,7,False,False,True,0.836,0.0,0.0049629947,0.020388272,-8.693159969652697e-08,3.555979856173508e-05,3.5559904063120484e-05,7e267c0bf303542b
2,day2_n8_softmax_seed43,43,158,0,False,False,True,0.8372,0.0,-0.18859527,-0.0014346543,-7.840664295599709e-08,4.184538920526393e-05,4.184545832686126e-05,7e267c0bf303542b
2,day2_n8_softmax_seed43,43,158,1,False,False,True,0.8388,0.0,0.021770809,-0.097183466,-1.4092591982262093e-07,3.8011392462067306e-05,3.801165439654142e-05,7e267c0bf303542b
2,day2_n8_softmax_seed43,43,158,2,False,False,True,0.8366,0.0,0.02672199,-0.07575134,-9.529266264962644e-08,3.8094840419944376e-05,3.80949568352662e-05,7e267c0bf303542b
2,day2_n8_softmax_seed43,43,158,3,False,False,True,0.8394,0.0,0.019663222,0.097928196,-5.068398678531594e-08,3.8055826735217124e-05,3.805585583904758e-05,7e267c0bf303542b
2,day2_n8_softmax_seed43,43,158,4,False,False,True,0.8388,0.0,0.029669214,-0.016891232,-5.992341556293468e-08,3.7174042518017814e-05,3.7174089811742306e-05,7e267c0bf303542b
2,day2_n8_softmax_seed43,43,158,5,False,False,True,0.8402,0.0,0.026137207,0.09447263,-3.8953604786229334e-08,3.84262966690585e-05,3.8426318496931344e-05,7e267c0bf303542b
2,day2_n8_softmax_seed43,43,158,6,False,False,True,0.8392,0.0,0.03260599,0.021141615,-9.253039934264962e-08,3.712718535098247e-05,3.71273017663043e-05,7e267c0bf303542b
2,day2_n8_softmax_seed43,43,158,7,False,False,True,0.8346,0.0,0.03202648,-0.022281816,-1.0828774321680612e-07,3.753813507501036e-05,3.753829514607787e-05,7e267c0bf303542b
2,day2_n8_softmax_seed43,43,159,0,False,False,True,0.8378,0.0,-0.053125568,-0.038360212,3.9465994916554337e-08,3.880282383761369e-05,3.880284202750772e-05,7e267c0bf303542b
2,day2_n8_softmax_seed43,43,159,1,False,False,True,0.8378,0.0,-0.13201433,-0.051110826,-1.4218733213056112e-07,3.929646481992677e-05,3.929672311642207e-05,7e267c0bf303542b
2,day2_n8_softmax_seed43,43,159,2,False,False,True,0.8392,0.0,0.024469396,0.03417077,-1.0467394417901232e-07,3.858294803649187e-05,3.8583093555644155e-05,7e267c0bf303542b
2,day2_n8_softmax_seed43,43,159,3,False,False,True,0.8378,0.0,0.119499326,-0.1252221,-7.977760674293677e-08,3.960423782700673e-05,3.9604317862540483e-05,7e267c0bf303542b
2,day2_n8_softmax_seed43,43,159,4,False,False,True,0.8372,0.0,0.033336617,0.09508461,-1.3340078908186115e-07,3.906339406967163e-05,3.906362326233648e-05,7e267c0bf303542b
2,day2_n8_softmax_seed43,43,159,5,False,False,True,0.841,0.0,0.02442379,0.08380292,-7.968780124656405e-08,3.924578049918637e-05,3.924586417269893e-05,7e267c0bf303542b
2,day2_n8_softmax_seed43,43,159,6,False,False,True,0.8376,0.0,-0.026185043,-0.0030822353,-1.9155335095888404e-08,3.769746399484575e-05,3.7697467632824555e-05,7e267c0bf303542b
2,day2_n8_softmax_seed43,43,159,7,False,False,True,0.8368,0.0,0.009595873,0.004717141,-9.89957555930232e-08,3.700498564285226e-05,3.700511661008932e-05,7e267c0bf303542b
2,day2_n8_softmax_seed43,43,160,0,False,False,True,0.837,0.0,0.073863216,0.068460934,-2.8811875552037236e-08,3.994638245785609e-05,3.994639337179251e-05,7e267c0bf303542b
2,day2_n8_softmax_seed43,43,160,1,False,False,True,0.8392,0.0,-0.022367937,-0.027475215,-2.4446370261443917e-08,3.9306887629209086e-05,3.93068949051667e-05,7e267c0bf303542b
2,day2_n8_softmax_seed43,43,160,2,False,False,True,0.8374,0.0,0.09070982,0.0761819,-1.1182768844264501e-07,3.9787846617400646e-05,3.978800305048935e-05,7e267c0bf303542b
2,day2_n8_softmax_seed43,43,160,3,False,False,True,0.8374,0.0,-0.025427597,-0.113548286,-1.247787082547802e-07,3.942451803595759e-05,3.942471812479198e-05,7e267c0bf303542b
2,day2_n8_softmax_seed43,43,160,4,False,False,True,0.8396,0.0,0.020911347,-0.013687105,-1.2425630302459467e-07,3.707788710016757e-05,3.707809082698077e-05,7e267c0bf303542b
2,day2_n8_softmax_seed43,43,160,5,False,False,True,0.8398,0.0,-0.15274796,0.08836113,-4.0238298026906705e-08,4.020901178591885e-05,4.020902997581288e-05,7e267c0bf303542b
2,day2_n8_softmax_seed43,43,160,6,False,False,True,0.8404,0.0,-0.008012316,-0.0038774898,-6.02210761257993e-08,3.734790880116634e-05,3.7347952456912026e-05,7e267c0bf303542b
2,day2_n8_softmax_seed43,43,160,7,False,False,True,0.8368,0.0,0.02307142,-0.074415945,-1.4070586473735602e-07,3.8659560232190415e-05,3.865981852868572e-05,7e267c0bf303542b
2,day2_n8_softmax_seed43,43,161,0,False,False,True,0.8384,0.0,-0.062109843,-0.062072415,-6.480025405153356e-08,3.88624393963255e-05,3.8862493966007605e-05,7e267c0bf303542b
2,day2_n8_softmax_seed43,43,161,1,False,False,True,0.8394,0.0,-0.14122204,0.051883537,-3.4974057427916705e-08,3.9844027924118564e-05,3.984404247603379e-05,7e267c0bf303542b
2,day2_n8_softmax_seed43,43,161,2,False,False,True,0.8368,0.0,0.008037986,-0.07636412,-1.0142539252910865e-07,3.8942351238802075e-05,3.894248220603913e-05,7e267c0bf303542b
2,day2_n8_softmax_seed43,43,161,3,False,False,True,0.8364,0.0,0.09014466,0.0632522,-1.5858129032153556e-08,3.8929581933189183e-05,3.892958557116799e-05,7e267c0bf303542b
2,day2_n8_softmax_seed43,43,161,4,False,False,True,0.8386,0.0,0.002567257,-0.028257983,-4.122191299416045e-08,3.6947614717064425e-05,3.6947640182916075e-05,7e267c0bf303542b
2,day2_n8_softmax_seed43,43,161,5,False,False,True,0.8406,0.0,0.017767271,0.12912455,-8.212936997153975e-09,3.947186633013189e-05,3.947186633013189e-05,7e267c0bf303542b
2,day2_n8_softmax_seed43,43,161,6,False,False,True,0.8358,0.0,0.0142532755,-0.02904139,-8.401070772379171e-08,3.8692847738275304e-05,3.869293868774548e-05,7e267c0bf303542b
2,day2_n8_softmax_seed43,43,161,7,False,False,True,0.8354,0.0,0.070561424,-0.048524372,-1.6996582985484565e-07,3.881009615724906e-05,3.8810467231087387e-05,7e267c0bf303542b
2,day2_n8_softmax_seed43,43,162,0,False,False,True,0.8378,0.0,0.01935824,0.02055951,-1.3755618510913337e-07,3.951159669668414e-05,3.9511836803285405e-05,7e267c0bf303542b
2,day2_n8_softmax_seed43,43,162,1,False,False,True,0.8386,0.0,0.048026096,-0.15116204,-1.8322867845199653e-07,4.010870179627091e-05,4.010912016383372e-05,7e267c0bf303542b
2,day2_n8_softmax_seed43,43,162,2,False,False,True,0.841,0.0,0.03160991,0.05394908,-1.575315167201552e-07,3.99894779548049e-05,3.99897871830035e-05,7e267c0bf303542b
2,day2_n8_softmax_seed43,43,162,3,False,False,True,0.8384,0.0,-0.17451787,-0.03754554,-7.859524231434989e-08,4.1029055864783004e-05,4.102913226233795e-05,7e267c0bf303542b
2,day2_n8_softmax_seed43,43,162,4,False,False,True,0.8396,0.0,0.021290766,0.0017943982,-9.103640508101307e-08,3.7537090975092724e-05,3.753720011445694e-05,7e267c0bf303542b
2,day2_n8_softmax_seed43,43,162,5,False,False,True,0.8396,0.0,-0.020573206,0.10349221,-9.950481683063117e-08,3.995392398792319e-05,3.995404767920263e-05,7e267c0bf303542b
2,day2_n8_softmax_seed43,43,162,6,False,False,True,0.8388,0.0,0.072647326,0.009586765,-7.344139874021494e-08,3.9842638216214254e-05,3.984270733781159e-05,7e267c0bf303542b
2,day2_n8_softmax_seed43,43,162,7,False,False,True,0.8348,0.0,0.002158547,-0.0006743589,-9.158553382349055e-08,3.716130959219299e-05,3.716142236953601e-05,7e267c0bf303542b
2,day2_n8_softmax_seed43,43,163,0,False,False,True,0.839,0.0,0.0056233583,0.09558732,-5.008664061278978e-08,4.0028997318586335e-05,4.00290300603956e-05,7e267c0bf303542b
2,day2_n8_softmax_seed43,43,163,1,False,False,True,0.8384,0.0,-0.04515375,-0.15689372,-5.327542851318867e-08,4.036261816509068e-05,4.036265454487875e-05,7e267c0bf303542b
2,day2_n8_softmax_seed43,43,163,2,False,False,True,0.8356,0.0,-0.07091253,0.04454357,-4.449676893614196e-08,3.921090319636278e-05,3.9210932300193235e-05,7e267c0bf303542b
2,day2_n8_softmax_seed43,43,163,3,False,False,True,0.8382,0.0,0.16868365,-0.029372584,-8.246291827163077e-08,4.0305847505806014e-05,4.030593117931858e-05,7e267c0bf303542b
2,day2_n8_softmax_seed43,43,163,4,False,False,True,0.8418,0.0,-0.003333709,0.013300986,2.6194506119736616e-08,3.735116115421988e-05,3.7351168430177495e-05,7e267c0bf303542b
2,day2_n8_softmax_seed43,43,163,5,False,False,True,0.8392,0.0,-5.689513e-05,0.0006103575,-7.646553257245614e-08,3.881453812937252e-05,3.881461452692747e-05,7e267c0bf303542b
2,day2_n8_softmax_seed43,43,163,6,False,False,True,0.8386,0.0,-0.057727855,-0.0073121334,8.7389437908314e-09,3.9545549952890724e-05,3.9545549952890724e-05,7e267c0bf303542b
2,day2_n8_softmax_seed43,43,163,7,False,False,True,0.8364,0.0,0.0028776967,0.03953622,1.3419215072474344e-08,3.828258559224196e-05,3.8282589230220765e-05,7e267c0bf303542b
2,day2_n8_softmax_seed43,43,164,0,False,False,True,0.8378,0.0,0.030618157,-0.022483934,-8.60408491121234e-08,3.937268047593534e-05,3.9372775063384324e-05,7e267c0bf303542b
2,day2_n8_softmax_seed43,43,164,1,False,False,True,0.839,0.0,-0.00664034,-0.03734009,-7.009705882410344e-08,3.957748049288057e-05,3.957754233852029e-05,7e267c0bf303542b
2,day2_n8_softmax_seed43,43,164,2,False,False,True,0.8384,0.0,0.15477617,0.007009394,-1.2173332208931242e-07,4.084367537871003e-05,4.0843857277650386e-05,7e267c0bf303542b
2,day2_n8_softmax_seed43,43,164,3,False,False,True,0.8376,0.0,-0.08676617,-0.1283157,-6.624748039030237e-08,4.0395996620645747e-05,4.039605119032785e-05,7e267c0bf303542b
2,day2_n8_softmax_seed43,43,164,4,False,False,True,0.839,0.0,0.010016983,-0.0008420085,1.4761281974529084e-08,3.8908739952603355e-05,3.890874359058216e-05,7e267c0bf303542b
2,day2_n8_softmax_seed43,43,164,5,False,False,True,0.838,0.0,-0.019775279,0.00783255,-6.075192260368567e-08,3.996400482719764e-05,3.9964048482943326e-05,7e267c0bf303542b
2,day2_n8_softmax_seed43,43,164,6,False,False,True,0.8398,0.0,-0.0840264,0.1389771,-7.088291198442676e-08,4.043337321490981e-05,4.043343506054953e-05,7e267c0bf303542b
2,day2_n8_softmax_seed43,43,164,7,False,False,True,0.8372,0.0,0.0017969853,0.035162874,-9.436702441689704e-08,3.860277865896933e-05,3.860289143631235e-05,7e267c0bf303542b
2,day2_n8_softmax_seed43,43,165,0,False,False,True,0.84,0.0,-0.0488904,-0.060089197,-4.565761102526267e-08,3.9858463424025103e-05,3.985849252785556e-05,7e267c0bf303542b
2,day2_n8_softmax_seed43,43,165,1,False,False,True,0.8372,0.0,0.026743637,-0.019330215,-4.58848674611545e-08,3.951245525968261e-05,3.951248436351307e-05,7e267c0bf303542b
2,day2_n8_softmax_seed43,43,165,2,False,False,True,0.8372,0.0,-0.16343454,0.032885607,-3.8430279403200984e-08,4.08485830121208e-05,4.0848601202014834e-05,7e267c0bf303542b
2,day2_n8_softmax_seed43,43,165,3,False,False,True,0.8392,0.0,0.06566326,-0.11482121,-4.24099795282018e-08,4.0596707549411803e-05,4.0596729377284646e-05,7e267c0bf303542b
2,day2_n8_softmax_seed43,43,165,4,False,False,True,0.8378,0.0,-0.0054182657,-0.0065171337,-7.393897760721302e-08,3.959865352953784e-05,3.959871901315637e-05,7e267c0bf303542b
2,day2_n8_softmax_seed43,43,165,5,False,False,True,0.8394,0.0,0.014049088,-0.02743815,-5.0453859756771635e-08,3.8830992707517e-05,3.883102908730507e-05,7e267c0bf303542b
2,day2_n8_softmax_seed43,43,165,6,False,False,True,0.8386,0.0,0.0551791,0.123754896,-1.2467513954561582e-07,4.002094647148624e-05,4.0021142922341824e-05,7e267c0bf303542b
2,day2_n8_softmax_seed43,43,165,7,False,False,True,0.835,0.0,0.056108225,0.0715554,-8.933852768677752e-08,3.973778075305745e-05,3.9737886254442856e-05,7e267c0bf303542b
2,day2_n8_softmax_seed43,43,166,0,False,False,True,0.8366,0.0,-0.022716366,-0.044517882,-7.065034424158512e-08,4.045007881359197e-05,4.045014065923169e-05,7e267c0bf303542b
2,day2_n8_softmax_seed43,43,166,1,False,False,True,0.8414,0.0,0.020419288,-0.045633562,-7.386666567299471e-08,4.0117934986483306e-05,4.011800410808064e-05,7e267c0bf303542b
2,day2_n8_softmax_seed43,43,166,2,False,False,True,0.8386,0.0,0.1428478,0.10611279,-5.7440846745748786e-08,4.088380228495225e-05,4.088384594069794e-05,7e267c0bf303542b
2,day2_n8_softmax_seed43,43,166,3,False,False,True,0.837,0.0,-0.060986508,0.02858267,-1.0427113750210992e-07,4.017660103272647e-05,4.0176739275921136e-05,7e267c0bf303542b
2,day2_n8_softmax_seed43,43,166,4,False,False,True,0.8396,0.0,0.013900623,0.016689446,-7.022405412726584e-08,3.911333988071419e-05,3.911340536433272e-05,7e267c0bf303542b
2,day2_n8_softmax_seed43,43,166,5,False,False,True,0.8398,0.0,0.057741635,-0.14004771,-4.2642650299740126e-08,4.07360857934691e-05,4.073610398336314e-05,7e267c0bf303542b
2,day2_n8_softmax_seed43,43,166,6,False,False,True,0.8392,0.0,-0.085819334,0.023799557,-7.939892299191342e-08,3.9798957004677504e-05,3.979903704021126e-05,7e267c0bf303542b
2,day2_n8_softmax_seed43,43,166,7,False,False,True,0.8342,0.0,-0.06538718,0.0550147,-2.3612882316115247e-08,3.9293678128160536e-05,3.929368540411815e-05,7e267c0bf303542b
2,day2_n8_softmax_seed43,43,167,0,False,False,True,0.836,0.0,0.010631262,-0.018455861,-5.835564920175784e-08,3.986709634773433e-05,3.986714000348002e-05,7e267c0bf303542b
2,day2_n8_softmax_seed43,43,167,1,False,False,True,0.8364,0.0,0.02359668,-0.047097974,-2.2180307723829173e-07,4.016506136395037e-05,4.016567254438996e-05,7e267c0bf303542b
2,day2_n8_softmax_seed43,43,167,2,False,False,True,0.8364,0.0,-0.18190879,0.046086676,-1.3918988628347506e-08,4.197984890197404e-05,4.197985617793165e-05,7e267c0bf303542b
2,day2_n8_softmax_seed43,43,167,3,False,False,True,0.8362,0.0,0.07088334,0.135936,-8.338481194414271e-08,4.0892795368563384e-05,4.0892882680054754e-05,7e267c0bf303542b
2,day2_n8_softmax_seed43,43,167,4,False,False,True,0.8396,0.0,-0.010540063,-0.07287264,-1.0327675425969574e-07,4.0609716961625963e-05,4.060984429088421e-05,7e267c0bf303542b
2,day2_n8_softmax_seed43,43,167,5,False,False,True,0.8414,0.0,0.03215302,0.062301494,-1.0658243354555452e-07,4.023656583740376e-05,4.023670408059843e-05,7e267c0bf303542b
2,day2_n8_softmax_seed43,43,167,6,False,False,True,0.8384,0.0,0.024538588,-0.08671607,-4.870900127684763e-08,4.0194267057813704e-05,4.019429616164416e-05,7e267c0bf303542b
2,day2_n8_softmax_seed43,43,167,7,False,False,True,0.837,0.0,0.030645832,-0.019181602,-5.8010257930618536e-08,4.004446600447409e-05,4.0044509660219774e-05,7e267c0bf303542b
2,day2_n8_softmax_seed43,43,168,0,False,False,True,0.8388,0.0,-0.00022912766,-0.1469075,-5.515030920832942e-08,4.088134301127866e-05,4.088138302904554e-05,7e267c0bf303542b
2,day2_n8_softmax_seed43,43,168,1,False,False,True,0.8386,0.0,0.03195794,-0.019100804,-8.965275100081271e-08,4.082500527147204e-05,4.0825107134878635e-05,7e267c0bf303542b
2,day2_n8_softmax_seed43,43,168,2,False,False,True,0.837,0.0,-0.18077755,0.03991434,-2.088816408729599e-08,4.214236469124444e-05,4.214237196720205e-05,7e267c0bf303542b
2,day2_n8_softmax_seed43,43,168,3,False,False,True,0.8402,0.0,0.016406951,-0.012069532,-2.3056600184645504e-08,3.980462497565895e-05,3.980463225161657e-05,7e267c0bf303542b
2,day2_n8_softmax_seed43,43,168,4,False,False,True,0.841,0.0,-0.0156404,0.011690681,-8.557085351412752e-08,3.9268586988328025e-05,3.926868157577701e-05,7e267c0bf303542b
2,day2_n8_softmax_seed43,43,168,5,False,False,True,0.8378,0.0,0.038617007,-0.041536123,-1.0888084034377243e-07,4.0716855437494814e-05,4.07170009566471e-05,7e267c0bf303542b
2,day2_n8_softmax_seed43,43,168,6,False,False,True,0.8378,0.0,0.07534577,0.09777354,-1.3533687592826027e-07,4.0709073800826445e-05,4.070929571753368e-05,7e267c0bf303542b
2,day2_n8_softmax_seed43,43,168,7,False,False,True,0.836,0.0,0.03431928,0.07023544,-6.755077919251562e-08,3.963322888012044e-05,3.9633287087781355e-05,7e267c0bf303542b
2,day2_n8_softmax_seed43,43,169,0,False,False,True,0.8362,0.0,-0.0066051846,0.00015531275,1.1788276133017916e-08,3.9662743802182376e-05,3.9662743802182376e-05,7e267c0bf303542b
2,day2_n8_softmax_seed43,43,169,1,False,False,True,0.8364,0.0,0.013564188,0.07663684,-1.6199370733716023e-08,4.0963419451145455e-05,4.096342672710307e-05,7e267c0bf303542b
2,day2_n8_softmax_seed43,43,169,2,False,False,True,0.84,0.0,0.074520774,-0.16623555,-6.192584578457172e-08,4.169665407971479e-05,4.169670137343928e-05,7e267c0bf303542b
2,day2_n8_softmax_seed43,43,169,3,False,False,True,0.8398,0.0,0.02508425,0.010592355,-1.4158239025618968e-07,4.035604069940746e-05,4.035628808196634e-05,7e267c0bf303542b
2,day2_n8_softmax_seed43,43,169,4,False,False,True,0.8378,0.0,0.008384791,0.019975249,2.8233699822521885e-08,3.970414036302827e-05,3.9704151276964694e-05,7e267c0bf303542b
2,day2_n8_softmax_seed43,43,169,5,False,False,True,0.8402,0.0,-0.18260226,-0.042250223,-1.0773676706321567e-07,4.276423715054989e-05,4.276437175576575e-05,7e267c0bf303542b
2,day2_n8_softmax_seed43,43,169,6,False,False,True,0.8372,0.0,0.012228068,0.055642433,-4.542110687566492e-08,3.9586029743077233e-05,3.958605884690769e-05,7e267c0bf303542b
2,day2_n8_softmax_seed43,43,169,7,False,False,True,0.8358,0.0,0.055425256,0.045483556,-5.792141877236645e-08,3.992579513578676e-05,3.992583879153244e-05,7e267c0bf303542b
2,day2_n8_softmax_seed43,43,170,0,False,False,True,0.8402,0.0,-0.028494481,0.02656407,-2.6501767891318195e-08,4.101447848370299e-05,4.10144857596606e-05,7e267c0bf303542b
2,day2_n8_softmax_seed43,43,170,1,False,False,True,0.8368,0.0,-0.053618684,-0.15224035,-6.861698409466044e-08,4.104958497919142e-05,4.1049643186852336e-05,7e267c0bf303542b
2,day2_n8_softmax_seed43,43,170,2,False,False,True,0.836,0.0,0.18668151,-0.036339637,2.2720509917917298e-08,4.2720483179436997e-05,4.2720486817415804e-05,7e267c0bf303542b
2,day2_n8_softmax_seed43,43,170,3,False,False,True,0.8384,0.0,-0.03314794,0.012518706,-1.0688049201235117e-07,4.041314241476357e-05,4.0413284295937046e-05,7e267c0bf303542b
2,day2_n8_softmax_seed43,43,170,4,False,False,True,0.8372,0.0,0.00945477,0.032347105,-3.7856633383626104e-08,3.876080154441297e-05,3.876082337228581e-05,7e267c0bf303542b
2,day2_n8_softmax_seed43,43,170,5,False,False,True,0.84,0.0,-0.052081063,-0.03488985,-5.830947813478815e-08,4.068849375471473e-05,4.0688533772481605e-05,7e267c0bf303542b
2,day2_n8_softmax_seed43,43,170,6,False,False,True,0.8386,0.0,-0.017330507,0.10006981,2.667215892593333e-10,4.0348037146031857e-05,4.0348037146031857e-05,7e267c0bf303542b
2,day2_n8_softmax_seed43,43,170,7,False,False,True,0.8382,0.0,-0.011463605,0.051970087,-1.6618595566342265e-07,3.9003047277219594e-05,3.900340379914269e-05,7e267c0bf303542b
2,day2_n8_softmax_seed43,43,171,0,False,False,True,0.8398,0.0,-0.06705302,-0.02241853,3.375767576585531e-08,4.097774944966659e-05,4.097776400158182e-05,7e267c0bf303542b
2,day2_n8_softmax_seed43,43,171,1,False,False,True,0.8394,0.0,0.15279058,0.07441038,-1.4092900357809413e-07,4.190055187791586e-05,4.190078834653832e-05,7e267c0bf303542b
2,day2_n8_softmax_seed43,43,171,2,False,False,True,0.8356,0.0,-0.080805555,-0.011513816,-6.334057900403423e-08,4.060680294060148e-05,4.060685387230478e-05,7e267c0bf303542b
2,day2_n8_softmax_seed43,43,171,3,False,False,True,0.8372,0.0,0.065804824,-0.111794256,-6.890154224947764e-08,4.143341720919125e-05,4.143347905483097e-05,7e267c0bf303542b
2,day2_n8_softmax_seed43,43,171,4,False,False,True,0.8356,0.0,-0.01762599,-0.007509262,-4.236016337699766e-08,3.965773794334382e-05,3.965775977121666e-05,7e267c0bf303542b
2,day2_n8_softmax_seed43,43,171,5,False,False,True,0.8372,0.0,-0.040923364,0.13530615,-2.0428601033017912e-08,4.1368162783328444e-05,4.136816642130725e-05,7e267c0bf303542b
2,day2_n8_softmax_seed43,43,171,6,False,False,True,0.8386,0.0,-0.02741705,0.0042492812,-9.049855975717946e-08,3.981012923759408e-05,3.981023473897949e-05,7e267c0bf303542b
2,day2_n8_softmax_seed43,43,171,7,False,False,True,0.8336,0.0,0.015229479,-0.060730156,-1.0595827149018078e-07,4.045283640152775e-05,4.045297464472242e-05,7e267c0bf303542b
2,day2_n8_softmax_seed43,43,172,0,False,False,True,0.8362,0.0,0.029874062,0.0077684955,-9.052104843476627e-09,4.214836371829733e-05,4.214836371829733e-05,7e267c0bf303542b
2,day2_n8_softmax_seed43,43,172,1,False,False,True,0.8374,0.0,0.039457336,-0.15701343,-4.310935608486943e-08,4.284331953385845e-05,4.2843337723752484e-05,7e267c0bf303542b
2,day2_n8_softmax_seed43,43,172,2,False,False,True,0.8372,0.0,-0.2532904,0.0021120512,-4.4075557070755167e-07,5.765118476119824e-05,5.7652865507407114e-05,7e267c0bf303542b
2,day2_n8_softmax_seed43,43,172,3,False,False,True,0.836,0.0,0.04510902,0.13738987,-1.2162779228219733e-07,4.290460128686391e-05,4.290477590984665e-05,7e267c0bf303542b
2,day2_n8_softmax_seed43,43,172,4,False,False,True,0.838,0.0,0.027907955,0.0030576123,-1.2907958080177195e-07,3.997718158643693e-05,3.9977385313250124e-05,7e267c0bf303542b
2,day2_n8_softmax_seed43,43,172,5,False,False,True,0.8388,0.0,0.038191833,-0.008154104,-1.4628896849444573e-07,4.101526428712532e-05,4.101552258362062e-05,7e267c0bf303542b
2,day2_n8_softmax_seed43,43,172,6,False,False,True,0.84,0.0,0.0370791,-0.0018209228,-1.2182280784145405e-07,4.0031136450124905e-05,4.003131834906526e-05,7e267c0bf303542b
2,day2_n8_softmax_seed43,43,172,7,False,False,True,0.8356,0.0,0.03567161,0.01666038,-6.72290525471908e-08,4.119848381378688e-05,4.119854202144779e-05,7e267c0bf303542b
2,day2_n8_softmax_seed43,43,173,0,False,False,True,0.8378,0.0,-0.020270936,0.014970742,-4.550394905322719e-08,4.108886423637159e-05,4.108888970222324e-05,7e267c0bf303542b
2,day2_n8_softmax_seed43,43,173,1,False,False,True,0.8356,0.0,-0.083358146,-0.16105497,-7.442095295573381e-08,4.2572279198793694e-05,4.257234468241222e-05,7e267c0bf303542b
2,day2_n8_softmax_seed43,43,173,2,False,False,True,0.8378,0.0,-0.036665574,0.10723036,-2.0396539568423577e-08,4.189789615338668e-05,4.1897903429344296e-05,7e267c0bf303542b
2,day2_n8_softmax_seed43,43,173,3,False,False,True,0.8388,0.0,-0.013649041,0.0014684151,-6.680549802240421e-08,4.066788824275136e-05,4.066793917445466e-05,7e267c0bf303542b
2,day2_n8_softmax_seed43,43,173,4,False,False,True,0.8368,0.0,0.004358827,0.038558707,1.0390381000036086e-08,4.065006578457542e-05,4.0650069422554225e-05,7e267c0bf303542b
2,day2_n8_softmax_seed43,43,173,5,False,False,True,0.8388,0.0,0.1837072,-0.04703192,-4.403552722465065e-08,4.2893811041722074e-05,4.289383286959492e-05,7e267c0bf303542b
2,day2_n8_softmax_seed43,43,173,6,False,False,True,0.8368,0.0,-0.020657925,0.011200946,2.5372001388745957e-08,4.0738294046605006e-05,4.073830496054143e-05,7e267c0bf303542b
2,day2_n8_softmax_seed43,43,173,7,False,False,True,0.8334,0.0,-0.013464459,0.034657776,-5.170571970580795e-09,4.044447632622905e-05,4.044447632622905e-05,7e267c0bf303542b
2,day2_n8_softmax_seed43,43,174,0,False,False,True,0.8364,0.0,0.047681104,0.0075048124,-1.0891153578995727e-07,4.243158036842942e-05,4.24317222496029e-05,7e267c0bf303542b
2,day2_n8_softmax_seed43,43,174,1,False,False,True,0.8366,0.0,0.02192474,0.12336776,-1.9481579016655814e-08,4.2437532101757824e-05,4.243753937771544e-05,7e267c0bf303542b
2,day2_n8_softmax_seed43,43,174,2,False,False,True,0.8358,0.0,0.096048586,-0.1468534,-2.0814523438161814e-08,4.278581764083356e-05,4.2785821278812364e-05,7e267c0bf303542b
2,day2_n8_softmax_seed43,43,174,3,False,False,True,0.8376,0.0,-0.17740096,-0.057115942,5.915821787993991e-08,4.320795778767206e-05,4.3207997805438936e-05,7e267c0bf303542b
2,day2_n8_softmax_seed43,43,174,4,False,False,True,0.8378,0.0,0.02867883,0.00900822,4.4240415775220754e-08,4.064039603690617e-05,4.0640425140736625e-05,7e267c0bf303542b
2,day2_n8_softmax_seed43,43,174,5,False,False,True,0.8412,0.0,0.011322971,0.059376895,6.77988083452874e-08,4.202018681098707e-05,4.2020241380669177e-05,7e267c0bf303542b
2,day2_n8_softmax_seed43,43,174,6,False,False,True,0.8408,0.0,-0.011860438,0.012479348,2.901776952057844e-08,4.019961488666013e-05,4.019962580059655e-05,7e267c0bf303542b
2,day2_n8_softmax_seed43,43,174,7,False,False,True,0.8334,0.0,-0.016394878,-0.0077677467,-1.1004946998127707e-07,4.0660863305674866e-05,4.066100882482715e-05,7e267c0bf303542b
2,day2_n8_softmax_seed43,43,175,0,False,False,True,0.8416,0.0,0.03640422,0.042500112,1.8651020283755315e-08,4.144397462368943e-05,4.144398189964704e-05,7e267c0bf303542b
2,day2_n8_softmax_seed43,43,175,1,False,False,True,0.8392,0.0,0.020739106,0.008507433,-1.3143255728209624e-07,4.154308044235222e-05,4.1543287807144225e-05,7e267c0bf303542b
2,day2_n8_softmax_seed43,43,175,2,False,False,True,0.838,0.0,0.058936734,0.069903485,-6.39729975659975e-08,4.181602344033308e-05,4.181607437203638e-05,7e267c0bf303542b
2,day2_n8_softmax_seed43,43,175,3,False,False,True,0.8362,0.0,-0.19436114,0.022056676,-1.3454601344164985e-07,4.478837945498526e-05,4.478858318179846e-05,7e267c0bf303542b
2,day2_n8_softmax_seed43,43,175,4,False,False,True,0.8378,0.0,0.0517691,0.03247667,8.096037618088303e-09,4.162827099207789e-05,4.1628274630056694e-05,7e267c0bf303542b
2,day2_n8_softmax_seed43,43,175,5,False,False,True,0.839,0.0,0.015669335,-0.18613845,-5.141655989859828e-08,4.320564403315075e-05,4.3205673136981204e-05,7e267c0bf303542b
2,day2_n8_softmax_seed43,43,175,6,False,False,True,0.8396,0.0,0.0136539675,-0.017678948,2.1257992699474926e-08,3.983408532803878e-05,3.9834092603996396e-05,7e267c0bf303542b
2,day2_n8_softmax_seed43,43,175,7,False,False,True,0.8352,0.0,-0.0028114205,0.028373038,-2.1979648323622314e-08,4.148946754867211e-05,4.1489474824629724e-05,7e267c0bf303542b
2,day2_n8_softmax_seed43,43,176,0,False,False,True,0.8372,0.0,0.07911062,-0.029786417,4.856232749261835e-08,4.269995042704977e-05,4.2699983168859035e-05,7e267c0bf303542b
2,day2_n8_softmax_seed43,43,176,1,False,False,True,0.8374,0.0,0.117822185,-0.10204991,-5.551155624061721e-08,4.250268102623522e-05,4.2502717406023294e-05,7e267c0bf303542b
2,day2_n8_softmax_seed43,43,176,2,False,False,True,0.8366,0.0,-0.11388879,-0.04444819,-3.824462080359581e-09,4.2146461055381224e-05,4.2146461055381224e-05,7e267c0bf303542b
2,day2_n8_softmax_seed43,43,176,3,False,False,True,0.8388,0.0,-0.0047905296,0.013365757,-5.119771273598417e-08,4.0579416236141697e-05,4.057944897795096e-05,7e267c0bf303542b
2,day2_n8_softmax_seed43,43,176,4,False,False,True,0.8378,0.0,-0.030927654,-0.032560952,-1.380497849368112e-08,4.1105573473032564e-05,4.1105573473032564e-05,7e267c0bf303542b
2,day2_n8_softmax_seed43,43,176,5,False,False,True,0.8396,0.0,0.05560286,0.16465542,-3.142734783523338e-08,4.253404404153116e-05,4.253405859344639e-05,7e267c0bf303542b
2,day2_n8_softmax_seed43,43,176,6,False,False,True,0.8362,0.0,-0.029660445,0.033896085,-1.962372842001514e-08,4.136659117648378e-05,4.136659481446259e-05,7e267c0bf303542b
2,day2_n8_softmax_seed43,43,176,7,False,False,True,0.8338,0.0,-0.073268205,-0.003071848,-1.5529857932961022e-07,4.0905615605879575e-05,4.090591028216295e-05,7e267c0bf303542b
2,day2_n8_softmax_seed43,43,177,0,False,False,True,0.8342,0.0,0.030222889,-0.030945908,-3.469980924819538e-08,4.1800198232522234e-05,4.180021278443746e-05,7e267c0bf303542b
2,day2_n8_softmax_seed43,43,177,1,False,False,True,0.8368,0.0,-0.18570192,-0.022799682,-1.0329283384180599e-07,4.2682921048253775e-05,4.268304837751202e-05,7e267c0bf303542b
2,day2_n8_softmax_seed43,43,177,2,False,False,True,0.8376,0.0,0.03286184,0.14348787,-1.1067351124438574e-07,4.217169771436602e-05,4.21718432335183e-05,7e267c0bf303542b
2,day2_n8_softmax_seed43,43,177,3,False,False,True,0.8342,0.0,0.058753043,-0.11722569,-5.230459976246493e-08,4.188855746178888e-05,4.188859384157695e-05,7e267c0bf303542b
2,day2_n8_softmax_seed43,43,177,4,False,False,True,0.84,0.0,-0.013337435,0.00089742703,-1.507590638993861e-07,4.020414053229615e-05,4.020442793262191e-05,7e267c0bf303542b
2,day2_n8_softmax_seed43,43,177,5,False,False,True,0.8386,0.0,0.009865432,0.07362687,1.7355006320940447e-08,4.1999639506684616e-05,4.199964314466342e-05,7e267c0bf303542b
2,day2_n8_softmax_seed43,43,177,6,False,False,True,0.837,0.0,0.016240822,-0.016141597,-1.0829099039710854e-07,4.12075241911225e-05,4.120766607229598e-05,7e267c0bf303542b
2,day2_n8_softmax_seed43,43,177,7,False,False,True,0.8346,0.0,0.051095463,-0.0308994,-8.41666647488637e-08,4.132073081564158e-05,4.1320814489154145e-05,7e267c0bf303542b
2,day2_n8_softmax_seed43,43,178,0,False,False,True,0.8366,0.0,0.028044874,-0.024289181,-4.611632409279309e-09,4.1202467400580645e-05,4.1202467400580645e-05,7e267c0bf303542b
2,day2_n8_softmax_seed43,43,178,1,False,False,True,0.839,0.0,0.08418458,-0.031917635,-1.250180048373295e-07,4.224276926834136e-05,4.2242954805260524e-05,7e267c0bf303542b
2,day2_n8_softmax_seed43,43,178,2,False,False,True,0.8418,0.0,0.017342262,0.09325009,-2.620509498285628e-08,4.167531005805358e-05,4.16753173340112e-05,7e267c0bf303542b
2,day2_n8_softmax_seed43,43,178,3,False,False,True,0.8384,0.0,-0.01854738,-0.15789856,-1.1261906962545254e-07,4.1806040826486424e-05,4.1806189983617514e-05,7e267c0bf303542b
2,day2_n8_softmax_seed43,43,178,4,False,False,True,0.8392,0.0,0.029455002,0.07616747,-8.418533070653211e-08,4.096531120012514e-05,4.096540214959532e-05,7e267c0bf303542b
2,day2_n8_softmax_seed43,43,178,5,False,False,True,0.8364,0.0,-0.17587817,0.020184198,-7.22910513673014e-08,4.258803528500721e-05,4.258809713064693e-05,7e267c0bf303542b
2,day2_n8_softmax_seed43,43,178,6,False,False,True,0.8344,0.0,0.052688826,0.007895442,-1.6258425716841884e-08,4.146377614233643e-05,4.146377614233643e-05,7e267c0bf303542b
2,day2_n8_softmax_seed43,43,178,7,False,False,True,0.8374,0.0,-0.017290112,0.016608227,-2.9063839335208286e-08,4.129597436985932e-05,4.1295985283795744e-05,7e267c0bf303542b
2,day2_n8_softmax_seed43,43,179,0,False,False,True,0.8382,0.0,-0.015130251,-0.0466749,-3.341504495324443e-08,4.233967047184706e-05,4.2339685023762286e-05,7e267c0bf303542b
2,day2_n8_softmax_seed43,43,179,1,False,False,True,0.8388,0.0,-0.008384726,-0.1741882,-1.3640386953284178e-07,4.299731153878383e-05,4.299752617953345e-05,7e267c0bf303542b
2,day2_n8_softmax_seed43,43,179,2,False,False,True,0.8366,0.0,0.025903134,0.04212818,1.9361301450970814e-09,4.273970625945367e-05,4.273970625945367e-05,7e267c0bf303542b
2,day2_n8_softmax_seed43,43,179,3,False,False,True,0.8388,0.0,-0.16179217,0.067944564,-9.524596578103228e-08,4.3599069613264874e-05,4.359917147667147e-05,7e267c0bf303542b
2,day2_n8_softmax_seed43,43,179,4,False,False,True,0.8378,0.0,0.018792776,-0.0057716193,-6.783362493933964e-08,4.1444902308285236e-05,4.144496051594615e-05,7e267c0bf303542b
2,day2_n8_softmax_seed43,43,179,5,False,False,True,0.8406,0.0,-0.025983585,0.0290586,-3.501086709434276e-08,4.241061469656415e-05,4.241062924847938e-05,7e267c0bf303542b
2,day2_n8_softmax_seed43,43,179,6,False,False,True,0.8354,0.0,0.121526584,0.06088029,-8.25975163820658e-08,4.326915950514376e-05,4.326923590269871e-05,7e267c0bf303542b
2,day2_n8_softmax_seed43,43,179,7,False,False,True,0.8344,0.0,0.045068454,0.026623115,-4.583730017770904e-08,4.0564358641859144e-05,4.05643877456896e-05,7e267c0bf303542b
2,day2_n8_softmax_seed43,43,180,0,False,False,True,0.839,0.0,-0.019160401,-0.019267108,-3.843157259098007e-08,4.202486525173299e-05,4.2024883441627026e-05,7e267c0bf303542b
2,day2_n8_softmax_seed43,43,180,1,False,False,True,0.8388,0.0,-0.02752376,0.17642047,-1.209469360219373e-07,4.38050483353436e-05,4.3805215682368726e-05,7e267c0bf303542b
2,day2_n8_softmax_seed43,43,180,2,False,False,True,0.8396,0.0,-0.018818412,-0.110235706,-7.44889447901187e-08,4.295769758755341e-05,4.295775943319313e-05,7e267c0bf303542b
2,day2_n8_softmax_seed43,43,180,3,False,False,True,0.8364,0.0,-0.06598877,-0.0044357534,-4.5482813959552004e-08,4.331656964495778e-05,4.331659511080943e-05,7e267c0bf303542b
2,day2_n8_softmax_seed43,43,180,4,False,False,True,0.8374,0.0,-0.026482055,-0.019175632,-4.6955349830568593e-08,4.0871316741686314e-05,4.0871342207537964e-05,7e267c0bf303542b
2,day2_n8_softmax_seed43,43,180,5,False,False,True,0.8404,0.0,0.19627641,0.0020580038,3.274539039921365e-08,4.411007830640301e-05,4.411009285831824e-05,7e267c0bf303542b
2,day2_n8_softmax_seed43,43,180,6,False,False,True,0.8354,0.0,-0.0046536457,0.012214789,2.2991500259195163e-08,4.103419269085862e-05,4.103419996681623e-05,7e267c0bf303542b
2,day2_n8_softmax_seed43,43,180,7,False,False,True,0.8346,0.0,-0.03364959,-0.037579067,-6.255493190110428e-08,4.125276245758869e-05,4.125280611333437e-05,7e267c0bf303542b
2,day2_n8_softmax_seed43,43,181,0,False,False,True,0.8386,0.0,-0.019109644,0.009822608,3.905120493641334e-08,4.240333510097116e-05,4.24033532908652e-05,7e267c0bf303542b
2,day2_n8_softmax_seed43,43,181,1,False,False,True,0.8394,0.0,-0.13346578,-0.14623488,-8.87905287072499e-08,4.439536860445514e-05,4.4395455915946513e-05,7e267c0bf303542b
2,day2_n8_softmax_seed43,43,181,2,False,False,True,0.8392,0.0,-0.0076837386,0.07377778,-8.673588780538921e-08,4.1931478335754946e-05,4.1931565647246316e-05,7e267c0bf303542b
2,day2_n8_softmax_seed43,43,181,3,False,False,True,0.8378,0.0,0.17034273,-0.10743907,-3.817632077129929e-08,4.465598613023758e-05,4.465600068215281e-05,7e267c0bf303542b
2,day2_n8_softmax_seed43,43,181,4,False,False,True,0.8354,0.0,0.008391539,0.04887732,-3.566153949918771e-08,4.10531138186343e-05,4.105312837054953e-05,7e267c0bf303542b
2,day2_n8_softmax_seed43,43,181,5,False,False,True,0.8402,0.0,-0.013038696,0.056217708,-1.2099053492420353e-07,4.3660675146384165e-05,4.3660838855430484e-05,7e267c0bf303542b
2,day2_n8_softmax_seed43,43,181,6,False,False,True,0.84,0.0,-0.00852707,0.029202813,-7.964204939980846e-08,4.0921266190707684e-05,4.092134622624144e-05,7e267c0bf303542b
2,day2_n8_softmax_seed43,43,181,7,False,False,True,0.8366,0.0,0.0030906163,0.035775952,-1.1478763894956501e-07,4.1088122088694945e-05,4.108827852178365e-05,7e267c0bf303542b
2,day2_n8_softmax_seed43,43,182,0,False,False,True,0.843,0.0,-0.017943798,-0.014370331,-3.066899978421134e-08,4.277041807654314e-05,4.277042899047956e-05,7e267c0bf303542b
2,day2_n8_softmax_seed43,43,182,1,False,False,True,0.8382,0.0,0.14423013,-0.03487343,-5.969404526240396e-08,4.386969521874562e-05,4.38697352365125e-05,7e267c0bf303542b
2,day2_n8_softmax_seed43,43,182,2,False,False,True,0.8386,0.0,0.06745811,0.103460185,-7.797796541808566e-08,4.41451084043365e-05,4.414517752593383e-05,7e267c0bf303542b
2,day2_n8_softmax_seed43,43,182,3,False,False,True,0.8338,0.0,-0.12176437,0.11334727,-8.025977393799621e-08,4.4161024561617523e-05,4.4161097321193665e-05,7e267c0bf303542b
2,day2_n8_softmax_seed43,43,182,4,False,False,True,0.838,0.0,-0.007744683,-0.029358963,-3.7144843645364745e-08,4.219074980937876e-05,4.2190764361293986e-05,7e267c0bf303542b
2,day2_n8_softmax_seed43,43,182,5,False,False,True,0.8366,0.0,0.014202403,0.012010981,-1.250198664592972e-07,4.198109309072606e-05,4.198128226562403e-05,7e267c0bf303542b
2,day2_n8_softmax_seed43,43,182,6,False,False,True,0.8378,0.0,-0.07864609,-0.14238533,1.3626745953843056e-08,4.39353498222772e-05,4.39353498222772e-05,7e267c0bf303542b
2,day2_n8_softmax_seed43,43,182,7,False,False,True,0.8352,0.0,0.00020841608,-0.007830428,-8.44878229599999e-08,4.074924800079316e-05,4.074933167430572e-05,7e267c0bf303542b
2,day2_n8_softmax_seed43,43,183,0,False,False,True,0.8362,0.0,-0.0028418277,-0.023149008,4.314703971886047e-08,4.279538552509621e-05,4.279540735296905e-05,7e267c0bf303542b
2,day2_n8_softmax_seed43,43,183,1,False,False,True,0.8384,0.0,0.028538365,0.12163615,-2.1674601669019466e-08,4.2934039811370894e-05,4.293404708732851e-05,7e267c0bf303542b
2,day2_n8_softmax_seed43,43,183,2,False,False,True,0.8374,0.0,-0.19769268,-0.0028599855,-5.688570681172678e-08,4.477900802157819e-05,4.4779044401366264e-05,7e267c0bf303542b
2,day2_n8_softmax_seed43,43,183,3,False,False,True,0.8402,0.0,0.04051989,0.11814495,-6.4068203187162e-08,4.30423860962037e-05,4.304243338992819e-05,7e267c0bf303542b
2,day2_n8_softmax_seed43,43,183,4,False,False,True,0.8374,0.0,0.009830054,-0.05956167,-5.995104412903629e-09,4.1546863940311596e-05,4.1546863940311596e-05,7e267c0bf303542b
2,day2_n8_softmax_seed43,43,183,5,False,False,True,0.8408,0.0,0.018454136,-0.007770918,-2.2175536074087177e-08,4.130038360017352e-05,4.130039087613113e-05,7e267c0bf303542b
2,day2_n8_softmax_seed43,43,183,6,False,False,True,0.8382,0.0,0.038870644,-0.04944415,-3.963111439020395e-08,4.198357055429369e-05,4.1983592382166535e-05,7e267c0bf303542b
2,day2_n8_softmax_seed43,43,183,7,False,False,True,0.8348,0.0,0.064321265,-0.096995525,4.9675634272716707e-08,4.2809413571376354e-05,4.280944267520681e-05,7e267c0bf303542b
2,day2_n8_softmax_seed43,43,184,0,False,False,True,0.8374,0.0,-0.101044334,-0.023849843,-3.190996267221635e-08,4.41694755863864e-05,4.4169490138301626e-05,7e267c0bf303542b
2,day2_n8_softmax_seed43,43,184,1,False,False,True,0.8368,0.0,-0.03643406,0.14128275,-7.16124688437958e-08,4.4155280193081126e-05,4.415533476276323e-05,7e267c0bf303542b
2,day2_n8_softmax_seed43,43,184,2,False,False,True,0.8392,0.0,0.0030973556,-0.115449965,-1.413600188016062e-07,4.392856135382317e-05,4.392879054648802e-05,7e267c0bf303542b
2,day2_n8_softmax_seed43,43,184,3,False,False,True,0.8378,0.0,-0.009245721,-0.032052852,6.698960675066701e-08,4.4105418055551127e-05,4.4105468987254426e-05,7e267c0bf303542b
2,day2_n8_softmax_seed43,43,184,4,False,False,True,0.839,0.0,-0.03143034,-0.07181933,-1.384657792868893e-07,4.271210855222307e-05,4.271233410690911e-05,7e267c0bf303542b
2,day2_n8_softmax_seed43,43,184,5,False,False,True,0.8402,0.0,0.1898508,0.0075379815,-9.656329069684944e-08,4.538267967291176e-05,4.538278153631836e-05,7e267c0bf303542b
2,day2_n8_softmax_seed43,43,184,6,False,False,True,0.8402,0.0,-0.010003156,0.08393964,6.9200267738267485e-09,4.3470423406688496e-05,4.3470423406688496e-05,7e267c0bf303542b
2,day2_n8_softmax_seed43,43,184,7,False,False,True,0.8368,0.0,-0.004790515,0.0104115615,-8.603561241216084e-08,4.169069870840758e-05,4.169078965787776e-05,7e267c0bf303542b
2,day2_n8_softmax_seed43,43,185,0,False,False,True,0.838,0.0,-0.018049141,0.07448007,-2.371055352057283e-08,4.379096571938135e-05,4.379097299533896e-05,7e267c0bf303542b
2,day2_n8_softmax_seed43,43,185,1,False,False,True,0.8384,0.0,-0.11102549,-0.16130137,-7.933057588616066e-08,4.449854895938188e-05,4.449861808097921e-05,7e267c0bf303542b
2,day2_n8_softmax_seed43,43,185,2,False,False,True,0.8372,0.0,0.17916888,-0.08199543,-8.031499021399213e-08,4.477765833144076e-05,4.4777727453038096e-05,7e267c0bf303542b
2,day2_n8_softmax_seed43,43,185,3,False,False,True,0.8378,0.0,-0.04813397,0.04462305,-8.025090636465393e-08,4.33476670878008e-05,4.334774348535575e-05,7e267c0bf303542b
2,day2_n8_softmax_seed43,43,185,4,False,False,True,0.8354,0.0,0.018731786,0.049365047,-1.0210823120360146e-07,4.257195905665867e-05,4.257208638591692e-05,7e267c0bf303542b
2,day2_n8_softmax_seed43,43,185,5,False,False,True,0.8398,0.0,-0.002338228,0.04886546,-1.5552883425584696e-08,4.2548686906229705e-05,4.254869054420851e-05,7e267c0bf303542b
2,day2_n8_softmax_seed43,43,185,6,False,False,True,0.8366,0.0,-0.0005948652,-0.004351576,-7.108125998911419e-08,4.230619015288539e-05,4.230625199852511e-05,7e267c0bf303542b
2,day2_n8_softmax_seed43,43,185,7,False,False,True,0.837,0.0,-0.017759081,0.030314792,-1.4152039540249461e-08,4.201458432362415e-05,4.2014587961602956e-05,7e267c0bf303542b
2,day2_n8_softmax_seed43,43,186,0,False,False,True,0.8386,0.0,-0.015536236,0.017630655,-1.0420028928592728e-07,4.2738323827506974e-05,4.273845115676522e-05,7e267c0bf303542b
2,day2_n8_softmax_seed43,43,186,1,False,False,True,0.8394,0.0,-0.17137124,0.023093635,-1.9392400574247404e-08,4.42649434262421e-05,4.4264947064220905e-05,7e267c0bf303542b
2,day2_n8_softmax_seed43,43,186,2,False,False,True,0.8368,0.0,0.057250615,0.14506331,-7.976750993066162e-08,4.3811545765493065e-05,4.3811622163048014e-05,7e267c0bf303542b
2,day2_n8_softmax_seed43,43,186,3,False,False,True,0.8356,0.0,-0.0225643,-0.120033644,-1.2212053945859225e-07,4.3251668103039265e-05,4.3251842726022005e-05,7e267c0bf303542b
2,day2_n8_softmax_seed43,43,186,4,False,False,True,0.838,0.0,0.044978034,0.051808745,-7.239797383817859e-08,4.2626706999726593e-05,4.2626768845366314e-05,7e267c0bf303542b
2,day2_n8_softmax_seed43,43,186,5,False,False,True,0.8384,0.0,-0.021193564,-0.0023158698,-3.287206951085864e-08,4.335648554842919e-05,4.335649646236561e-05,7e267c0bf303542b
2,day2_n8_softmax_seed43,43,186,6,False,False,True,0.8364,0.0,0.022555046,-0.036497783,-1.1648233311234435e-07,4.2464664147701114e-05,4.246482058078982e-05,7e267c0bf303542b
2,day2_n8_softmax_seed43,43,186,7,False,False,True,0.8362,0.0,0.10588156,-0.07874913,-1.5770698524875115e-08,4.363846892374568e-05,4.363847619970329e-05,7e267c0bf303542b
2,day2_n8_softmax_seed43,43,187,0,False,False,True,0.8384,0.0,0.032726415,-0.0057488154,-5.289228610649843e-08,4.4524294935399666e-05,4.452432403923012e-05,7e267c0bf303542b
2,day2_n8_softmax_seed43,43,187,1,False,False,True,0.8412,0.0,0.0400916,0.010301677,-7.433121851363467e-08,4.3934822315350175e-05,4.3934884160989895e-05,7e267c0bf303542b
2,day2_n8_softmax_seed43,43,187,2,False,False,True,0.839,0.0,0.019622102,0.13418105,-8.684454400054165e-08,4.436612653080374e-05,4.43662102043163e-05,7e267c0bf303542b
2,day2_n8_softmax_seed43,43,187,3,False,False,True,0.8378,0.0,0.06423428,-0.16327927,4.1221245083988833e-08,4.4626205635722727e-05,4.462622382561676e-05,7e267c0bf303542b
2,day2_n8_softmax_seed43,43,187,4,False,False,True,0.838,0.0,0.007395632,0.007029112,-3.2781768410927725e-09,4.091374285053462e-05,4.091373921255581e-05,7e267c0bf303542b
2,day2_n8_softmax_seed43,43,187,5,False,False,True,0.8384,0.0,0.045588505,0.04337567,-4.6623032545767273e-08,4.4185700971866027e-05,4.418572279973887e-05,7e267c0bf303542b
2,day2_n8_softmax_seed43,43,187,6,False,False,True,0.8372,0.0,-0.0073345,0.0018920454,-1.5512812012730137e-07,4.292539233574644e-05,4.292567609809339e-05,7e267c0bf303542b
2,day2_n8_softmax_seed43,43,187,7,False,False,True,0.8318,0.0,-0.2023241,-0.027751507,-7.20092074857348e-08,4.6496279537677765e-05,4.649633410735987e-05,7e267c0bf303542b
2,day2_n8_softmax_seed43,43,188,0,False,False,True,0.839,0.0,-0.006720667,0.021528771,-1.696749130086772e-10,4.381575854495168e-05,4.381575854495168e-05,7e267c0bf303542b
2,day2_n8_softmax_seed43,43,188,1,False,False,True,0.8398,0.0,0.057340942,0.090175316,-1.2454749764856388e-07,4.4635362428380176e-05,4.463553705136292e-05,7e267c0bf303542b
2,day2_n8_softmax_seed43,43,188,2,False,False,True,0.8376,0.0,0.08723442,-0.17800444,-1.0025106433886322e-07,4.5238848542794585e-05,4.52389576821588e-05,7e267c0bf303542b
2,day2_n8_softmax_seed43,43,188,3,False,False,True,0.8374,0.0,-0.19468842,-0.042041898,-5.199044394998964e-08,4.642673957278021e-05,4.642677231458947e-05,7e267c0bf303542b
2,day2_n8_softmax_seed43,43,188,4,False,False,True,0.8366,0.0,0.03865712,0.015575382,-1.5693283117457213e-08,4.215199442114681e-05,4.215199442114681e-05,7e267c0bf303542b
2,day2_n8_softmax_seed43,43,188,5,False,False,True,0.838,0.0,-0.01280357,0.0019142663,-7.626336184785032e-08,4.2723760998342186e-05,4.2723826481960714e-05,7e267c0bf303542b
2,day2_n8_softmax_seed43,43,188,6,False,False,True,0.8374,0.0,0.022291735,0.06983875,-1.1960688084400317e-07,4.276461186236702e-05,4.2764779209392145e-05,7e267c0bf303542b
2,day2_n8_softmax_seed43,43,188,7,False,False,True,0.835,0.0,0.00868863,0.021013988,-4.6252978336269734e-08,4.263913069735281e-05,4.2639152525225654e-05,7e267c0bf303542b
2,day2_n8_softmax_seed43,43,189,0,False,False,True,0.8394,0.0,0.0081886565,-0.0034632464,2.292732403930131e-08,4.384271596791223e-05,4.3842719605891034e-05,7e267c0bf303542b
2,day2_n8_softmax_seed43,43,189,1,False,False,True,0.8374,0.0,0.052745465,0.12576361,1.0912080483649333e-07,4.4716809497913346e-05,4.471694410312921e-05,7e267c0bf303542b
2,day2_n8_softmax_seed43,43,189,2,False,False,True,0.8372,0.0,-0.1977391,0.023936834,-1.1716669945371905e-07,4.5574215619126335e-05,4.557436841423623e-05,7e267c0bf303542b
2,day2_n8_softmax_seed43,43,189,3,False,False,True,0.8368,0.0,0.018866003,-0.17798841,-5.269797043183644e-09,4.5069951738696545e-05,4.5069951738696545e-05,7e267c0bf303542b
2,day2_n8_softmax_seed43,43,189,4,False,False,True,0.8394,0.0,0.004839071,0.014844791,9.536866230064334e-08,4.331753370934166e-05,4.331763557274826e-05,7e267c0bf303542b
2,day2_n8_softmax_seed43,43,189,5,False,False,True,0.8424,0.0,0.056108013,0.011106552,-1.3167581869311107e-07,4.460372656467371e-05,4.460392301552929e-05,7e267c0bf303542b
2,day2_n8_softmax_seed43,43,189,6,False,False,True,0.8388,0.0,0.064226724,0.01165718,-7.805041946085112e-08,4.479192284634337e-05,4.4791988329961896e-05,7e267c0bf303542b
2,day2_n8_softmax_seed43,43,189,7,False,False,True,0.835,0.0,-0.007234849,-0.0058571706,-4.6930793473620724e-08,4.351442839833908e-05,4.351445022621192e-05,7e267c0bf303542b
2,day2_n8_softmax_seed43,43,190,0,False,False,True,0.8358,0.0,-0.010540903,0.010303114,-4.4739959292883213e-08,4.3680978706106544e-05,4.3681000533979386e-05,7e267c0bf303542b
2,day2_n8_softmax_seed43,43,190,1,False,False,True,0.8376,0.0,-0.040829852,0.120079905,-3.051141561627446e-08,4.4721728045260534e-05,4.472173532121815e-05,7e267c0bf303542b
2,day2_n8_softmax_seed43,43,190,2,False,False,True,0.8368,0.0,0.21245728,-0.015976997,-6.064292534802007e-08,4.7731882659718394e-05,4.7731919039506465e-05,7e267c0bf303542b
2,day2_n8_softmax_seed43,43,190,3,False,False,True,0.84,0.0,-0.057476327,-0.17627893,-1.85041013622822e-08,4.5288157707545906e-05,4.528816498350352e-05,7e267c0bf303542b
2,day2_n8_softmax_seed43,43,190,4,False,False,True,0.8376,0.0,-0.023549732,0.027732087,-1.9566023468087224e-08,4.2949213820975274e-05,4.294922109693289e-05,7e267c0bf303542b
2,day2_n8_softmax_seed43,43,190,5,False,False,True,0.8396,0.0,-0.028522559,-0.012168758,-4.8674067443243985e-08,4.410308611113578e-05,4.410311521496624e-05,7e267c0bf303542b
2,day2_n8_softmax_seed43,43,190,6,False,False,True,0.8348,0.0,-0.033714283,0.03741756,-9.987496163432752e-09,4.298689600545913e-05,4.298689964343794e-05,7e267c0bf303542b
2,day2_n8_softmax_seed43,43,190,7,False,False,True,0.8372,0.0,-0.017823618,0.008892133,-1.6923927148582152e-08,4.26349688495975e-05,4.2634972487576306e-05,7e267c0bf303542b
2,day2_n8_softmax_seed43,43,191,0,False,False,True,0.8434,0.0,0.14472803,-0.017795067,-7.294435278026867e-08,4.477433685678989e-05,4.47743950644508e-05,7e267c0bf303542b
2,day2_n8_softmax_seed43,43,191,1,False,False,True,0.8408,0.0,0.08793311,-0.014761649,1.663130611007091e-08,4.432889909367077e-05,4.432889909367077e-05,7e267c0bf303542b
2,day2_n8_softmax_seed43,43,191,2,False,False,True,0.8384,0.0,-0.06420016,0.14311154,-5.503008893015249e-08,4.4738411816069856e-05,4.473844455787912e-05,7e267c0bf303542b
2,day2_n8_softmax_seed43,43,191,3,False,False,True,0.8364,0.0,-0.11909014,-0.1368561,-1.428408324954944e-07,4.521697701420635e-05,4.521720256889239e-05,7e267c0bf303542b
2,day2_n8_softmax_seed43,43,191,4,False,False,True,0.8384,0.0,-0.0068566496,0.040959876,-9.859319760607832e-08,4.288191848900169e-05,4.288203126634471e-05,7e267c0bf303542b
2,day2_n8_softmax_seed43,43,191,5,False,False,True,0.8396,0.0,0.017834868,-0.07407961,-1.0401573291574095e-07,4.485331373871304e-05,4.485343742999248e-05,7e267c0bf303542b
2,day2_n8_softmax_seed43,43,191,6,False,False,True,0.8388,0.0,-0.020507494,0.037888512,-6.141457475905554e-08,4.380964674055576e-05,4.380969039630145e-05,7e267c0bf303542b
2,day2_n8_softmax_seed43,43,191,7,False,False,True,0.835,0.0,-0.03984161,0.021532683,-8.41578327026582e-08,4.2700419726315886e-05,4.270049976184964e-05,7e267c0bf303542b
2,day2_n8_softmax_seed43,43,192,0,False,False,True,0.8402,0.0,0.03420431,0.08835678,-1.2074710120657528e-08,4.4171705667395145e-05,4.4171705667395145e-05,7e267c0bf303542b
2,day2_n8_softmax_seed43,43,192,1,False,False,True,0.8374,0.0,0.007836288,0.06910875,-2.1610640388303182e-08,4.414873183122836e-05,4.414873183122836e-05,7e267c0bf303542b
2,day2_n8_softmax_seed43,43,192,2,False,False,True,0.838,0.0,0.16704291,-0.106410146,-3.4118322389531386e-08,4.5530337956734e-05,4.5530345232691616e-05,7e267c0bf303542b
2,day2_n8_softmax_seed43,43,192,3,False,False,True,0.84,0.0,-0.12446195,-0.14483649,-4.292673594363805e-08,4.574080594466068e-05,4.5740824134554714e-05,7e267c0bf303542b
2,day2_n8_softmax_seed43,43,192,4,False,False,True,0.8396,0.0,0.012918907,0.017281856,-2.223005246548837e-08,4.283907401259057e-05,4.2839081288548186e-05,7e267c0bf303542b
2,day2_n8_softmax_seed43,43,192,5,False,False,True,0.8384,0.0,0.008139061,0.0016759488,1.1134405042412254e-07,4.4680946302833036e-05,4.468108818400651e-05,7e267c0bf303542b
2,day2_n8_softmax_seed43,43,192,6,False,False,True,0.8356,0.0,-0.05492486,0.061050095,-7.39648555736494e-08,4.395061841933057e-05,4.395068026497029e-05,7e267c0bf303542b
2,day2_n8_softmax_seed43,43,192,7,False,False,True,0.8354,0.0,-0.050754618,0.01377323,-6.804789620673546e-08,4.397357042762451e-05,4.397362135932781e-05,7e267c0bf303542b
2,day2_n8_softmax_seed43,43,193,0,False,False,True,0.8398,0.0,0.30409023,-0.001794138,3.832817583315773e-07,6.935582496225834e-05,6.935688725207001e-05,7e267c0bf303542b
2,day2_n8_softmax_seed43,43,193,1,False,False,True,0.8376,0.0,-0.04473864,-0.16936716,-1.0813865003456158e-07,4.6855675464030355e-05,4.6855799155309796e-05,7e267c0bf303542b
2,day2_n8_softmax_seed43,43,193,2,False,False,True,0.838,0.0,-0.041468978,0.14662458,-9.436575965082739e-08,4.6529654355254024e-05,4.6529752580681816e-05,7e267c0bf303542b
2,day2_n8_softmax_seed43,43,193,3,False,False,True,0.8398,0.0,-0.0436321,-0.004957618,7.666379531201528e-08,4.542467286228202e-05,4.5424734707921743e-05,7e267c0bf303542b
2,day2_n8_softmax_seed43,43,193,4,False,False,True,0.8362,0.0,-0.04077932,0.024583442,-1.8380312383214914e-08,4.340850136941299e-05,4.3408505007391796e-05,7e267c0bf303542b
2,day2_n8_softmax_seed43,43,193,5,False,False,True,0.84,0.0,-0.045861553,0.02203386,-1.1686280032563445e-07,4.452867869986221e-05,4.452883149497211e-05,7e267c0bf303542b
2,day2_n8_softmax_seed43,43,193,6,False,False,True,0.8386,0.0,-0.046832077,-0.024305064,-1.2103447488698293e-07,4.4578271626960486e-05,4.4578435336006805e-05,7e267c0bf303542b
2,day2_n8_softmax_seed43,43,193,7,False,False,True,0.8354,0.0,-0.040777996,0.0071821404,-8.271852891539311e-08,4.426798113854602e-05,4.426805753610097e-05,7e267c0bf303542b
2,day2_n8_softmax_seed43,43,194,0,False,False,True,0.836,0.0,0.013151516,0.10177051,-6.846673983318396e-08,4.45916157332249e-05,4.4591670302907005e-05,7e267c0bf303542b
2,day2_n8_softmax_seed43,43,194,1,False,False,True,0.8386,0.0,0.012248925,0.11320857,-3.429340722505003e-08,4.487964906729758e-05,4.4879663619212806e-05,7e267c0bf303542b
2,day2_n8_softmax_seed43,43,194,2,False,False,True,0.8376,0.0,-0.18296885,-0.019484414,-1.494797032819406e-07,4.554089537123218e-05,4.554113911581226e-05,7e267c0bf303542b
2,day2_n8_softmax_seed43,43,194,3,False,False,True,0.8364,0.0,0.053194672,-0.13303448,-4.1571155406927573e-08,4.5179469452705234e-05,4.517948400462046e-05,7e267c0bf303542b
2,day2_n8_softmax_seed43,43,194,4,False,False,True,0.8368,0.0,-0.0015635042,-0.075540885,-4.984595847190576e-08,4.4008964323438704e-05,4.400899342726916e-05,7e267c0bf303542b
2,day2_n8_softmax_seed43,43,194,5,False,False,True,0.8406,0.0,0.11391532,0.007643822,2.3664366466391584e-08,4.525483018369414e-05,4.5254833821672946e-05,7e267c0bf303542b
2,day2_n8_softmax_seed43,43,194,6,False,False,True,0.838,0.0,-0.0070365337,0.032348588,-3.2716641840124794e-08,4.419244214659557e-05,4.4192456698510796e-05,7e267c0bf303542b
2,day2_n8_softmax_seed43,43,194,7,False,False,True,0.838,0.0,-0.00094146136,-0.026911482,2.7610269626165973e-08,4.348492802819237e-05,4.3484935304149985e-05,7e267c0bf303542b
2,day2_n8_softmax_seed43,43,195,0,False,False,True,0.8404,0.0,0.029694593,-0.011722,-3.195477660256074e-08,4.503976015257649e-05,4.503977106651291e-05,7e267c0bf303542b
2,day2_n8_softmax_seed43,43,195,1,False,False,True,0.8396,0.0,0.011580664,0.060379773,-7.43605568231942e-08,4.3845520849572495e-05,4.384557905723341e-05,7e267c0bf303542b
2,day2_n8_softmax_seed43,43,195,2,False,False,True,0.8366,0.0,0.073472634,-0.18599434,-7.501736121184877e-08,4.549988079816103e-05,4.5499949919758365e-05,7e267c0bf303542b
2,day2_n8_softmax_seed43,43,195,3,False,False,True,0.8372,0.0,-0.20272473,-0.043549456,-3.138687887371816e-08,4.6536195441149175e-05,4.6536206355085596e-05,7e267c0bf303542b
2,day2_n8_softmax_seed43,43,195,4,False,False,True,0.8374,0.0,0.033194445,0.065399624,5.664679747496848e-08,4.434319998836145e-05,4.434323273017071e-05,7e267c0bf303542b
2,day2_n8_softmax_seed43,43,195,5,False,False,True,0.8414,0.0,0.02828802,0.027169334,-1.5373429196330335e-09,4.37552880612202e-05,4.37552880612202e-05,7e267c0bf303542b
2,day2_n8_softmax_seed43,43,195,6,False,False,True,0.8374,0.0,0.038686305,0.05155592,-2.659762898815643e-08,4.419183824211359e-05,4.419184915605001e-05,7e267c0bf303542b
2,day2_n8_softmax_seed43,43,195,7,False,False,True,0.8396,0.0,-0.012191824,0.03676128,-3.9990659672639595e-08,4.4202151912031695e-05,4.420217010192573e-05,7e267c0bf303542b
2,day2_n8_softmax_seed43,43,196,0,False,False,True,0.8404,0.0,0.00420333,-0.014842918,3.766853851061569e-08,4.5147193304728717e-05,4.514721149462275e-05,7e267c0bf303542b
2,day2_n8_softmax_seed43,43,196,1,False,False,True,0.838,0.0,-0.09377014,-0.094357155,-1.5795971819443366e-07,4.64063705294393e-05,4.6406639739871025e-05,7e267c0bf303542b
2,day2_n8_softmax_seed43,43,196,2,False,False,True,0.839,0.0,0.20072518,0.0038053934,-1.4849035778752295e-07,4.72510073450394e-05,4.725124017568305e-05,7e267c0bf303542b
2,day2_n8_softmax_seed43,43,196,3,False,False,True,0.8348,0.0,-0.05499995,0.19607104,4.995774460780922e-08,4.65921766590327e-05,4.659220212488435e-05,7e267c0bf303542b
2,day2_n8_softmax_seed43,43,196,4,False,False,True,0.8386,0.0,-0.006941676,-0.045734152,-2.7188033158154212e-08,4.459719275473617e-05,4.4597200030693784e-05,7e267c0bf303542b
2,day2_n8_softmax_seed43,43,196,5,False,False,True,0.8372,0.0,-0.022344401,-0.03354894,-9.054499372496139e-08,4.48150749434717e-05,4.481516589294188e-05,7e267c0bf303542b
2,day2_n8_softmax_seed43,43,196,6,False,False,True,0.8382,0.0,-0.01221089,0.00017050395,-1.0992502552653605e-07,4.4594133214559406e-05,4.459426781977527e-05,7e267c0bf303542b
2,day2_n8_softmax_seed43,43,196,7,False,False,True,0.835,0.0,-0.014661342,-0.011563829,-3.967644701674544e-08,4.4463478843681514e-05,4.446349703357555e-05,7e267c0bf303542b
2,day2_n8_softmax_seed43,43,197,0,False,False,True,0.8414,0.0,0.09611184,-0.07374331,-7.247877675808923e-08,4.5958793634781614e-05,4.595885184244253e-05,7e267c0bf303542b
2,day2_n8_softmax_seed43,43,197,1,False,False,True,0.838,0.0,0.0025940468,0.16227762,-6.782389050385973e-08,4.582726614899002e-05,4.5827320718672127e-05,7e267c0bf303542b
2,day2_n8_softmax_seed43,43,197,2,False,False,True,0.8378,0.0,-0.1743036,-0.0747397,-1.4743123699645366e-07,4.6150278649292886e-05,4.615051147993654e-05,7e267c0bf303542b
2,day2_n8_softmax_seed43,43,197,3,False,False,True,0.8388,0.0,0.10310561,-0.047221992,-5.7196324121377984e-08,4.539412111626007e-05,4.5394161134026945e-05,7e267c0bf303542b
2,day2_n8_softmax_seed43,43,197,4,False,False,True,0.837,0.0,-0.026971342,-0.016079647,-4.308266809971428e-08,4.441669079824351e-05,4.441670898813754e-05,7e267c0bf303542b
2,day2_n8_softmax_seed43,43,197,5,False,False,True,0.8416,0.0,-0.01672187,0.09000655,-2.0763195607287344e-07,4.564424307318404e-05,4.564471237245016e-05,7e267c0bf303542b
2,day2_n8_softmax_seed43,43,197,6,False,False,True,0.838,0.0,0.0061653876,0.0038185723,-1.2262682957953075e-07,4.4038497435394675e-05,4.403866842039861e-05,7e267c0bf303542b
2,day2_n8_softmax_seed43,43,197,7,False,False,True,0.837,0.0,0.010019767,-0.044318035,-9.21864682368323e-08,4.35888759966474e-05,4.358897058409639e-05,7e267c0bf303542b
2,day2_n8_softmax_seed43,43,198,0,False,False,True,0.8388,0.0,0.023436295,0.1992115,5.168404726418885e-08,4.6761932026129216e-05,4.676196112995967e-05,7e267c0bf303542b
2,day2_n8_softmax_seed43,43,198,1,False,False,True,0.8368,0.0,0.06768334,0.025213225,9.22452727536438e-08,4.607457958627492e-05,4.60746705357451e-05,7e267c0bf303542b
2,day2_n8_softmax_seed43,43,198,2,False,False,True,0.8402,0.0,0.03328929,-0.058664475,-2.529939635564915e-08,4.4639928091783077e-05,4.4639931729761884e-05,7e267c0bf303542b
2,day2_n8_softmax_seed43,43,198,3,False,False,True,0.8366,0.0,-0.2157918,0.002002005,-5.3206107963887916e-08,4.8716665332904086e-05,4.871669443673454e-05,7e267c0bf303542b
2,day2_n8_softmax_seed43,43,198,4,False,False,True,0.8388,0.0,0.011993437,-0.03920019,-6.115724460187266e-08,4.261041249264963e-05,4.261045251041651e-05,7e267c0bf303542b
2,day2_n8_softmax_seed43,43,198,5,False,False,True,0.8402,0.0,0.026905729,-0.016998507,-5.233786382063954e-08,4.430735862115398e-05,4.430738772498444e-05,7e267c0bf303542b
2,day2_n8_softmax_seed43,43,198,6,False,False,True,0.8382,0.0,0.03821563,-0.06142895,1.2009552463609907e-08,4.421430276124738e-05,4.421430639922619e-05,7e267c0bf303542b
2,day2_n8_softmax_seed43,43,198,7,False,False,True,0.8356,0.0,0.014268144,-0.05013468,-4.664309471991146e-08,4.325321424403228e-05,4.325323970988393e-05,7e267c0bf303542b
2,day2_n8_softmax_seed43,43,199,0,False,False,True,0.84,0.0,-0.094992034,0.0031633594,-9.245414389624784e-08,4.558062573778443e-05,4.5580720325233415e-05,7e267c0bf303542b
2,day2_n8_softmax_seed43,43,199,1,False,False,True,0.8376,0.0,0.17356656,-0.0607239,-3.143681581718738e-08,4.6179164201021194e-05,4.617917147697881e-05,7e267c0bf303542b
2,day2_n8_softmax_seed43,43,199,2,False,False,True,0.8384,0.0,-0.09496919,-0.057620827,-1.6903480837271445e-09,4.548235301626846e-05,4.548235301626846e-05,7e267c0bf303542b
2,day2_n8_softmax_seed43,43,199,3,False,False,True,0.8374,0.0,0.045490276,0.12874371,-1.548389327865607e-08,4.5205852075014263e-05,4.520585571299307e-05,7e267c0bf303542b
2,day2_n8_softmax_seed43,43,199,4,False,False,True,0.839,0.0,-0.009168193,-0.0220866,-4.503900541408257e-08,4.324580731918104e-05,4.324582914705388e-05,7e267c0bf303542b
2,day2_n8_softmax_seed43,43,199,5,False,False,True,0.8392,0.0,-0.0050156643,0.13273627,-1.3234849660648251e-08,4.529373472905718e-05,4.529373472905718e-05,7e267c0bf303542b
2,day2_n8_softmax_seed43,43,199,6,False,False,True,0.8388,0.0,-0.030420547,-0.041389298,-8.35588664926945e-08,4.5033277274342254e-05,4.50333536718972e-05,7e267c0bf303542b
2,day2_n8_softmax_seed43,43,199,7,False,False,True,0.8368,0.0,0.0155087905,-0.08282262,-3.320549879504142e-08,4.510753933573142e-05,4.5107553887646645e-05,7e267c0bf303542b
2,day2_n8_softmax_seed43,43,200,0,False,False,True,0.8374,0.0,0.17949927,-0.10698088,8.314681565479987e-08,4.702128717326559e-05,4.702136357082054e-05,7e267c0bf303542b
2,day2_n8_softmax_seed43,43,200,1,False,False,True,0.8392,0.0,-0.0065023955,0.07283894,-6.301438304490148e-08,4.575199636747129e-05,4.575204002321698e-05,7e267c0bf303542b
2,day2_n8_softmax_seed43,43,200,2,False,False,True,0.8382,0.0,-0.039716315,0.04828351,-1.0260212235380095e-07,4.5174365368438885e-05,4.517448542173952e-05,7e267c0bf303542b
2,day2_n8_softmax_seed43,43,200,3,False,False,True,0.8356,0.0,-0.13657178,-0.15729508,-2.448098612717331e-08,4.698685006587766e-05,4.698685370385647e-05,7e267c0bf303542b
2,day2_n8_softmax_seed43,43,200,4,False,False,True,0.836,0.0,-0.0102943815,0.03681793,2.9620606412095185e-08,4.4873046135762706e-05,4.487305341172032e-05,7e267c0bf303542b
2,day2_n8_softmax_seed43,43,200,5,False,False,True,0.8386,0.0,0.007555167,0.049549866,-7.189155581954765e-08,4.535102561931126e-05,4.535108746495098e-05,7e267c0bf303542b
2,day2_n8_softmax_seed43,43,200,6,False,False,True,0.8378,0.0,0.0021611392,0.060228273,-5.516576706554588e-08,4.50534098490607e-05,4.505344622884877e-05,7e267c0bf303542b
2,day2_n8_softmax_seed43,43,200,7,False,False,True,0.8366,0.0,0.0038692912,-0.003442558,-3.417046912090882e-08,4.4299173168838024e-05,4.429919135873206e-05,7e267c0bf303542b
