day,run_name,seed,epoch,worker_id,is_malicious,is_flagged,is_accepted,validation_acc,detector_score,projection_1,projection_2,update_mean,update_std,update_rms,config_hash
2,day2_n4_topk_seed43,43,1,0,False,False,True,0.097,0.0,-358.56482,-93.36973,-2.4312712412211113e-05,0.07972371578216553,0.07972371578216553,7e267c0bf303542b
2,day2_n4_topk_seed43,43,1,1,False,False,True,0.0962,0.0,1164.7192,10.901386,0.0004258819099050015,0.3143748939037323,0.3143751919269562,7e267c0bf303542b
2,day2_n4_topk_seed43,43,1,2,False,False,True,0.1272,0.0,-419.02966,446.69482,0.0010033022845163941,0.12605734169483185,0.126061350107193,7e267c0bf303542b
2,day2_n4_topk_seed43,43,1,3,False,False,True,0.1246,0.0,-387.12717,-364.22705,0.00023692697868682444,0.10969849675893784,0.10969875007867813,7e267c0bf303542b
2,day2_n4_topk_seed43,43,2,0,False,False,True,0.1438,0.0,-32.379253,25.580833,-0.00027290539583191276,0.014702516607940197,0.014705048874020576,7e267c0bf303542b
2,day2_n4_topk_seed43,43,2,1,False,False,True,0.1602,0.0,-84.23743,-27.250822,-0.0003421074361540377,0.015432935208082199,0.015436725690960884,7e267c0bf303542b
2,day2_n4_topk_seed43,43,2,2,False,False,True,0.088,0.0,76.15137,-43.009335,-0.00019394072296563536,0.02599548175930977,0.02599620632827282,7e267c0bf303542b
2,day2_n4_topk_seed43,43,2,3,False,False,True,0.16,0.0,40.465378,44.679386,-0.00017307561938650906,0.02100127749145031,0.021001989021897316,7e267c0bf303542b
2,day2_n4_topk_seed43,43,3,0,False,False,True,0.1546,0.0,3.3123145,7.339041,-4.621709376806393e-05,0.0044425115920603275,0.004442751873284578,7e267c0bf303542b
2,day2_n4_topk_seed43,43,3,1,False,False,True,0.1228,0.0,2.836596,-1.434429,-5.023640187573619e-05,0.004285523667931557,0.004285817965865135,7e267c0bf303542b
2,day2_n4_topk_seed43,43,3,2,False,False,True,0.1606,0.0,-9.44277,0.06212275,-4.865973460255191e-05,0.004538689274340868,0.00453895004466176,7e267c0bf303542b
2,day2_n4_topk_seed43,43,3,3,False,False,True,0.1464,0.0,3.2938817,-5.9667306,-6.031769953551702e-05,0.004226393532007933,0.004226823803037405,7e267c0bf303542b
2,day2_n4_topk_seed43,43,4,0,False,False,True,0.1846,0.0,4.604478,0.5951708,-6.283499533310533e-05,0.0038705298211425543,0.0038710397202521563,7e267c0bf303542b
2,day2_n4_topk_seed43,43,4,1,False,False,True,0.1826,0.0,-1.3681449,-2.1806002,-6.307303556241095e-05,0.003735142294317484,0.0037356747779995203,7e267c0bf303542b
2,day2_n4_topk_seed43,43,4,2,False,False,True,0.2084,0.0,-0.8518475,-1.2680107,-6.368893082253635e-05,0.0037220364902168512,0.0037225813139230013,7e267c0bf303542b
2,day2_n4_topk_seed43,43,4,3,False,False,True,0.1864,0.0,-2.3844893,2.853432,-6.58622884657234e-05,0.0037464722990989685,0.0037470513489097357,7e267c0bf303542b
2,day2_n4_topk_seed43,43,5,0,False,False,True,0.2052,0.0,0.18100776,-2.250287,-6.0603764723055065e-05,0.0035327416844666004,0.0035332615952938795,7e267c0bf303542b
2,day2_n4_topk_seed43,43,5,1,False,False,True,0.2146,0.0,-1.9057801,2.0515947,-4.673514195019379e-05,0.0035613279324024916,0.0035616345703601837,7e267c0bf303542b
2,day2_n4_topk_seed43,43,5,2,False,False,True,0.2144,0.0,-1.3463454,-0.83917546,-5.3780076996190473e-05,0.0035331568215042353,0.0035335661377757788,7e267c0bf303542b
2,day2_n4_topk_seed43,43,5,3,False,False,True,0.2176,0.0,3.071109,1.0378623,-5.610274456557818e-05,0.0035681945737451315,0.0035686353221535683,7e267c0bf303542b
2,day2_n4_topk_seed43,43,6,0,False,False,True,0.2374,0.0,1.7703526,1.156872,-5.620941738015972e-05,0.003359405556693673,0.003359875874593854,7e267c0bf303542b
2,day2_n4_topk_seed43,43,6,1,False,False,True,0.2406,0.0,-1.6187887,1.0487274,-5.555505049414933e-05,0.003355135675519705,0.003355595516040921,7e267c0bf303542b
2,day2_n4_topk_seed43,43,6,2,False,False,True,0.2308,0.0,-0.6009154,-0.6100215,-5.340311327017844e-05,0.0033459735568612814,0.003346399636939168,7e267c0bf303542b
2,day2_n4_topk_seed43,43,6,3,False,False,True,0.242,0.0,0.4493511,-1.5955805,-5.5460146541008726e-05,0.003357460955157876,0.003357919165864587,7e267c0bf303542b
2,day2_n4_topk_seed43,43,7,0,False,False,True,0.2498,0.0,0.4590626,1.3631076,-4.926343171973713e-05,0.0032286352943629026,0.00322901108302176,7e267c0bf303542b
2,day2_n4_topk_seed43,43,7,1,False,False,True,0.2612,0.0,0.9034672,0.5876006,-5.240674363449216e-05,0.0032303158659487963,0.0032307410147041082,7e267c0bf303542b
2,day2_n4_topk_seed43,43,7,2,False,False,True,0.2486,0.0,-2.154152,-0.13157761,-5.3292147640604526e-05,0.003243976505473256,0.0032444142270833254,7e267c0bf303542b
2,day2_n4_topk_seed43,43,7,3,False,False,True,0.2538,0.0,0.7916236,-1.819132,-4.7578309022355825e-05,0.003235392039641738,0.0032357419840991497,7e267c0bf303542b
2,day2_n4_topk_seed43,43,8,0,False,False,True,0.2782,0.0,-1.6218857,1.1246685,-4.645935769076459e-05,0.003118043066933751,0.003118388820439577,7e267c0bf303542b
2,day2_n4_topk_seed43,43,8,1,False,False,True,0.2876,0.0,-0.4532475,-2.2312887,-4.721190998679958e-05,0.003118274500593543,0.0031186318956315517,7e267c0bf303542b
2,day2_n4_topk_seed43,43,8,2,False,False,True,0.2754,0.0,-0.30507296,0.6782283,-4.5783679524902254e-05,0.0031116169411689043,0.0031119538471102715,7e267c0bf303542b
2,day2_n4_topk_seed43,43,8,3,False,False,True,0.2806,0.0,2.3802009,0.4283957,-4.616704973159358e-05,0.0031252852641046047,0.003125626128166914,7e267c0bf303542b
2,day2_n4_topk_seed43,43,9,0,False,False,True,0.3198,0.0,2.2677712,-0.6712805,-4.600752436090261e-05,0.003015312133356929,0.003015663009136915,7e267c0bf303542b
2,day2_n4_topk_seed43,43,9,1,False,False,True,0.2836,0.0,-0.47034872,2.003532,-4.6223496610764414e-05,0.0030000146944075823,0.003000370692461729,7e267c0bf303542b
2,day2_n4_topk_seed43,43,9,2,False,False,True,0.3076,0.0,-0.20214161,0.24358775,-4.4362630433170125e-05,0.0030020030681043863,0.0030023306608200073,7e267c0bf303542b
2,day2_n4_topk_seed43,43,9,3,False,False,True,0.3016,0.0,-1.5952832,-1.5758386,-4.556945350486785e-05,0.0030008892063051462,0.003001234959810972,7e267c0bf303542b
2,day2_n4_topk_seed43,43,10,0,False,False,True,0.3278,0.0,0.30498564,-0.5181707,-4.6135734010022134e-05,0.0028737178072333336,0.002874088240787387,7e267c0bf303542b
2,day2_n4_topk_seed43,43,10,1,False,False,True,0.308,0.0,-1.8726429,1.3767408,-4.927901682094671e-05,0.002885962137952447,0.002886383095756173,7e267c0bf303542b
2,day2_n4_topk_seed43,43,10,2,False,False,True,0.3082,0.0,-0.33214262,-1.956722,-4.677463221014477e-05,0.002884092042222619,0.002884471323341131,7e267c0bf303542b
2,day2_n4_topk_seed43,43,10,3,False,False,True,0.3378,0.0,1.8997988,1.098152,-4.5366916310740635e-05,0.0028885004576295614,0.002888856688514352,7e267c0bf303542b
2,day2_n4_topk_seed43,43,11,0,False,False,True,0.3526,0.0,-1.7115167,0.26368734,-4.390338290249929e-05,0.0027682101354002953,0.0027685584500432014,7e267c0bf303542b
2,day2_n4_topk_seed43,43,11,1,False,False,True,0.3436,0.0,-0.7825692,0.12867509,-4.752437234856188e-05,0.0027664718218147755,0.0027668799739331007,7e267c0bf303542b
2,day2_n4_topk_seed43,43,11,2,False,False,True,0.3488,0.0,0.95689017,-1.9905715,-4.6652716264361516e-05,0.002772217383608222,0.0027726099360734224,7e267c0bf303542b
2,day2_n4_topk_seed43,43,11,3,False,False,True,0.3434,0.0,1.5371964,1.5982093,-4.36718764831312e-05,0.0027736665215343237,0.002774010179564357,7e267c0bf303542b
2,day2_n4_topk_seed43,43,12,0,False,False,True,0.365,0.0,-0.753279,1.0538247,-4.345010529505089e-05,0.002679060446098447,0.0026794124860316515,7e267c0bf303542b
2,day2_n4_topk_seed43,43,12,1,False,False,True,0.3758,0.0,2.570525,-0.028258596,-4.327621718402952e-05,0.0026911383029073477,0.00269148638471961,7e267c0bf303542b
2,day2_n4_topk_seed43,43,12,2,False,False,True,0.3616,0.0,-0.8900393,-2.2717361,-4.177166192675941e-05,0.002677075332030654,0.0026774012949317694,7e267c0bf303542b
2,day2_n4_topk_seed43,43,12,3,False,False,True,0.3554,0.0,-0.9272157,1.246173,-4.6747336455155164e-05,0.002681142184883356,0.0026815496385097504,7e267c0bf303542b
2,day2_n4_topk_seed43,43,13,0,False,False,True,0.3914,0.0,-1.2353677,0.083667,-3.956244472647086e-05,0.002584872767329216,0.002585175447165966,7e267c0bf303542b
2,day2_n4_topk_seed43,43,13,1,False,False,True,0.3934,0.0,1.6223557,-1.8281875,-4.080453800270334e-05,0.0025796066038310528,0.0025799295399338007,7e267c0bf303542b
2,day2_n4_topk_seed43,43,13,2,False,False,True,0.3942,0.0,1.2121865,2.084088,-4.284263195586391e-05,0.002579270163550973,0.002579625928774476,7e267c0bf303542b
2,day2_n4_topk_seed43,43,13,3,False,False,True,0.3974,0.0,-1.599175,-0.33956715,-4.0528295357944444e-05,0.002576725324615836,0.002577044302597642,7e267c0bf303542b
2,day2_n4_topk_seed43,43,14,0,False,False,True,0.4046,0.0,-1.3541738,0.7542485,-3.902134267264046e-05,0.0024836468510329723,0.0024839534889906645,7e267c0bf303542b
2,day2_n4_topk_seed43,43,14,1,False,False,True,0.3846,0.0,-1.3143822,-2.3436313,-3.759945320780389e-05,0.002484571887180209,0.002484856406226754,7e267c0bf303542b
2,day2_n4_topk_seed43,43,14,2,False,False,True,0.3958,0.0,-1.4577092,1.5432094,-3.891641244990751e-05,0.0024817532394081354,0.002482058247551322,7e267c0bf303542b
2,day2_n4_topk_seed43,43,14,3,False,False,True,0.367,0.0,4.126255,0.04616928,-4.057903788634576e-05,0.0026456371415406466,0.002645948203280568,7e267c0bf303542b
2,day2_n4_topk_seed43,43,15,0,False,False,True,0.3992,0.0,-0.61276174,-2.0360906,-3.9495600503869355e-05,0.0023899876978248358,0.0023903141263872385,7e267c0bf303542b
2,day2_n4_topk_seed43,43,15,1,False,False,True,0.4044,0.0,0.19159138,-0.61474895,-3.9780967199476436e-05,0.002393726259469986,0.0023940568789839745,7e267c0bf303542b
2,day2_n4_topk_seed43,43,15,2,False,False,True,0.4048,0.0,-1.8666917,1.7317398,-3.900810770574026e-05,0.0023884442634880543,0.002388762542977929,7e267c0bf303542b
2,day2_n4_topk_seed43,43,15,3,False,False,True,0.4222,0.0,2.2878616,0.91909665,-3.7435293052112684e-05,0.002399495569989085,0.002399787772446871,7e267c0bf303542b
2,day2_n4_topk_seed43,43,16,0,False,False,True,0.4174,0.0,-0.18706478,-0.12642397,-3.531761831254698e-05,0.0023079835809767246,0.0023082538973540068,7e267c0bf303542b
2,day2_n4_topk_seed43,43,16,1,False,False,True,0.418,0.0,-1.0483092,2.2434402,-3.513525371090509e-05,0.0023121959529817104,0.0023124630097299814,7e267c0bf303542b
2,day2_n4_topk_seed43,43,16,2,False,False,True,0.4118,0.0,2.61697,-0.1492265,-3.394395753275603e-05,0.0023135559167712927,0.0023138050455600023,7e267c0bf303542b
2,day2_n4_topk_seed43,43,16,3,False,False,True,0.4316,0.0,-1.3815967,-1.9677893,-3.5255307011539117e-05,0.0023117882665246725,0.002312056953087449,7e267c0bf303542b
2,day2_n4_topk_seed43,43,17,0,False,False,True,0.4256,0.0,0.6723484,-1.3738279,-3.366505552548915e-05,0.0022305212914943695,0.0022307755425572395,7e267c0bf303542b
2,day2_n4_topk_seed43,43,17,1,False,False,True,0.4112,0.0,-2.6718893,0.13449097,-3.5506291169440374e-05,0.002234769519418478,0.002235051477327943,7e267c0bf303542b
2,day2_n4_topk_seed43,43,17,2,False,False,True,0.436,0.0,0.9874291,-1.1624727,-3.577972165658139e-05,0.0022245508152991533,0.0022248385939747095,7e267c0bf303542b
2,day2_n4_topk_seed43,43,17,3,False,False,True,0.424,0.0,1.0121098,2.4018097,-3.404552990105003e-05,0.0022281266283243895,0.002228386700153351,7e267c0bf303542b
2,day2_n4_topk_seed43,43,18,0,False,False,True,0.4522,0.0,-1.4621558,0.6637346,-3.413765807636082e-05,0.002154250629246235,0.002154520945623517,7e267c0bf303542b
2,day2_n4_topk_seed43,43,18,1,False,False,True,0.4176,0.0,-1.1042093,1.1629277,-3.303879566374235e-05,0.002154395915567875,0.0021546492353081703,7e267c0bf303542b
2,day2_n4_topk_seed43,43,18,2,False,False,True,0.4184,0.0,-0.03685119,-2.6551578,-3.507811561576091e-05,0.0021501367446035147,0.0021504228934645653,7e267c0bf303542b
2,day2_n4_topk_seed43,43,18,3,False,False,True,0.4392,0.0,2.6032147,0.8284961,-3.5754441341850907e-05,0.0021642681676894426,0.0021645633969455957,7e267c0bf303542b
2,day2_n4_topk_seed43,43,19,0,False,False,True,0.4422,0.0,-0.6075788,2.6929798,-3.129648030153476e-05,0.002086017047986388,0.0020862517412751913,7e267c0bf303542b
2,day2_n4_topk_seed43,43,19,1,False,False,True,0.4316,0.0,-0.6852338,-0.632373,-3.3331521990476176e-05,0.0020833248272538185,0.002083591418340802,7e267c0bf303542b
2,day2_n4_topk_seed43,43,19,2,False,False,True,0.448,0.0,-1.523515,-1.6143941,-3.254033435950987e-05,0.002085926942527294,0.002086180727928877,7e267c0bf303542b
2,day2_n4_topk_seed43,43,19,3,False,False,True,0.4428,0.0,2.8163273,-0.44621232,-3.3163814805448055e-05,0.0020964054856449366,0.002096667652949691,7e267c0bf303542b
2,day2_n4_topk_seed43,43,20,0,False,False,True,0.4538,0.0,1.4959141,2.4426324,-3.137404200970195e-05,0.0020232151728123426,0.0020234582480043173,7e267c0bf303542b
2,day2_n4_topk_seed43,43,20,1,False,False,True,0.4492,0.0,-0.015383923,-0.4468163,-3.0125866032904014e-05,0.0020105193834751844,0.0020107452291995287,7e267c0bf303542b
2,day2_n4_topk_seed43,43,20,2,False,False,True,0.4336,0.0,-2.807496,0.24488454,-2.8714266591123305e-05,0.0020306783262640238,0.00203088135458529,7e267c0bf303542b
2,day2_n4_topk_seed43,43,20,3,False,False,True,0.4608,0.0,1.3269651,-2.2406993,-2.9706165150855668e-05,0.0020244561601430178,0.002024674089625478,7e267c0bf303542b
2,day2_n4_topk_seed43,43,21,0,False,False,True,0.455,0.0,-2.0085194,2.1819177,-2.8567139452206902e-05,0.0019669777248054743,0.00196718517690897,7e267c0bf303542b
2,day2_n4_topk_seed43,43,21,1,False,False,True,0.465,0.0,-1.2576448,-2.0776696,-2.9142878702259623e-05,0.0019673181232064962,0.0019675339572131634,7e267c0bf303542b
2,day2_n4_topk_seed43,43,21,2,False,False,True,0.4646,0.0,0.82180923,-1.2475922,-3.39741563948337e-05,0.0019563704263418913,0.0019566654227674007,7e267c0bf303542b
2,day2_n4_topk_seed43,43,21,3,False,False,True,0.4656,0.0,2.444355,1.143343,-3.118903623544611e-05,0.0019671921618282795,0.00196743942797184,7e267c0bf303542b
2,day2_n4_topk_seed43,43,22,0,False,False,True,0.4552,0.0,2.9669058,-1.4804662,-2.8820459192502312e-05,0.00196406920440495,0.0019642808474600315,7e267c0bf303542b
2,day2_n4_topk_seed43,43,22,1,False,False,True,0.4538,0.0,0.46518332,2.7311952,-2.8045162252965383e-05,0.001915185945108533,0.0019153913017362356,7e267c0bf303542b
2,day2_n4_topk_seed43,43,22,2,False,False,True,0.4768,0.0,-1.2268817,0.37184355,-2.9005552278249525e-05,0.001897008391097188,0.0018972300458699465,7e267c0bf303542b
2,day2_n4_topk_seed43,43,22,3,False,False,True,0.4624,0.0,-2.2052047,-1.6225734,-2.629658774822019e-05,0.0019068790134042501,0.0019070603884756565,7e267c0bf303542b
2,day2_n4_topk_seed43,43,23,0,False,False,True,0.4488,0.0,0.95759153,2.9004781,-2.6839581551030278e-05,0.001847605686634779,0.001847800682298839,7e267c0bf303542b
2,day2_n4_topk_seed43,43,23,1,False,False,True,0.4758,0.0,1.47252,-1.5023524,-2.986971230711788e-05,0.0018431240459904075,0.0018433661898598075,7e267c0bf303542b
2,day2_n4_topk_seed43,43,23,2,False,False,True,0.4694,0.0,0.73767567,-1.2787714,-2.8122582079959102e-05,0.0018415985396131873,0.001841813325881958,7e267c0bf303542b
2,day2_n4_topk_seed43,43,23,3,False,False,True,0.444,0.0,-3.167785,-0.11935444,-2.9582481147372164e-05,0.0018574189161881804,0.0018576544243842363,7e267c0bf303542b
2,day2_n4_topk_seed43,43,24,0,False,False,True,0.4714,0.0,-0.59965837,-2.6876924,-2.6608760890667327e-05,0.001794365351088345,0.0017945626750588417,7e267c0bf303542b
2,day2_n4_topk_seed43,43,24,1,False,False,True,0.4774,0.0,-1.6006169,2.2930918,-2.4632130589452572e-05,0.0017840734217315912,0.0017842436209321022,7e267c0bf303542b
2,day2_n4_topk_seed43,43,24,2,False,False,True,0.4716,0.0,-0.87488735,-0.21397226,-2.4719083739910275e-05,0.001776132732629776,0.0017763047944754362,7e267c0bf303542b
2,day2_n4_topk_seed43,43,24,3,False,False,True,0.4722,0.0,3.0751572,0.6085744,-2.6808524125954136e-05,0.0017997175455093384,0.0017999171977862716,7e267c0bf303542b
2,day2_n4_topk_seed43,43,25,0,False,False,True,0.4636,0.0,-1.4845263,1.5584536,-2.631883580761496e-05,0.0017494079656898975,0.0017496058717370033,7e267c0bf303542b
2,day2_n4_topk_seed43,43,25,1,False,False,True,0.4792,0.0,-2.2410402,-1.0100808,-2.5530707716825418e-05,0.0017477658111602068,0.0017479523085057735,7e267c0bf303542b
2,day2_n4_topk_seed43,43,25,2,False,False,True,0.4726,0.0,1.6290259,-2.565966,-2.5794955945457332e-05,0.001749033690430224,0.0017492237966507673,7e267c0bf303542b
2,day2_n4_topk_seed43,43,25,3,False,False,True,0.4706,0.0,2.0965385,2.0175924,-2.651616341609042e-05,0.0017461237730458379,0.0017463250551372766,7e267c0bf303542b
2,day2_n4_topk_seed43,43,26,0,False,False,True,0.4764,0.0,-0.8568405,3.0585306,-2.6275594791513868e-05,0.001713321777060628,0.0017135231755673885,7e267c0bf303542b
2,day2_n4_topk_seed43,43,26,1,False,False,True,0.4958,0.0,-0.75051033,-0.26330236,-2.4266149921459146e-05,0.0016972403973340988,0.001697413856163621,7e267c0bf303542b
2,day2_n4_topk_seed43,43,26,2,False,False,True,0.4704,0.0,3.4186785,-0.5047835,-2.552306432335172e-05,0.0017193654784932733,0.0017195548862218857,7e267c0bf303542b
2,day2_n4_topk_seed43,43,26,3,False,False,True,0.482,0.0,-1.81133,-2.2904468,-2.316383324796334e-05,0.0017156675457954407,0.001715824007987976,7e267c0bf303542b
2,day2_n4_topk_seed43,43,27,0,False,False,True,0.4782,0.0,1.2495741,2.6897533,-2.5512888896628283e-05,0.001669535762630403,0.0016697307582944632,7e267c0bf303542b
2,day2_n4_topk_seed43,43,27,1,False,False,True,0.4924,0.0,1.974219,-0.6194477,-2.5495470254099928e-05,0.001662503113038838,0.0016626985743641853,7e267c0bf303542b
2,day2_n4_topk_seed43,43,27,2,False,False,True,0.474,0.0,0.06519326,-2.6675162,-2.3503502234234475e-05,0.0016604118281975389,0.0016605783021077514,7e267c0bf303542b
2,day2_n4_topk_seed43,43,27,3,False,False,True,0.4986,0.0,-3.2889864,0.59721035,-2.394156217633281e-05,0.0016705070156604052,0.001670678611844778,7e267c0bf303542b
2,day2_n4_topk_seed43,43,28,0,False,False,True,0.4954,0.0,-0.15676217,-0.99358624,-2.5857045329757966e-05,0.0016333683161064982,0.0016335730906575918,7e267c0bf303542b
2,day2_n4_topk_seed43,43,28,1,False,False,True,0.482,0.0,0.13293128,-2.843415,-2.3125341613194905e-05,0.0016281005227938294,0.0016282646683976054,7e267c0bf303542b
2,day2_n4_topk_seed43,43,28,2,False,False,True,0.5008,0.0,-2.8946493,1.888138,-2.198343281634152e-05,0.0016492297872900963,0.0016493762377649546,7e267c0bf303542b
2,day2_n4_topk_seed43,43,28,3,False,False,True,0.503,0.0,2.918481,1.9488633,-2.250052784802392e-05,0.0016316351247951388,0.0016317903064191341,7e267c0bf303542b
2,day2_n4_topk_seed43,43,29,0,False,False,True,0.5024,0.0,-2.3228855,2.1978755,-2.0961835616617464e-05,0.0016162485117092729,0.001616384368389845,7e267c0bf303542b
2,day2_n4_topk_seed43,43,29,1,False,False,True,0.5112,0.0,-0.0073534646,0.74813694,-2.3239681468112394e-05,0.0015843597939237952,0.0015845303423702717,7e267c0bf303542b
2,day2_n4_topk_seed43,43,29,2,False,False,True,0.4992,0.0,-1.0198009,-3.4280818,-2.3392476578010246e-05,0.0015999620081856847,0.0016001330222934484,7e267c0bf303542b
2,day2_n4_topk_seed43,43,29,3,False,False,True,0.5162,0.0,3.350036,0.48207062,-2.0281158867874183e-05,0.0016099967760965228,0.001610124483704567,7e267c0bf303542b
2,day2_n4_topk_seed43,43,30,0,False,False,True,0.5214,0.0,-1.2809694,3.3406801,-2.251734804303851e-05,0.0015773066552355886,0.0015774673083797097,7e267c0bf303542b
2,day2_n4_topk_seed43,43,30,1,False,False,True,0.485,0.0,-1.2332835,-0.9065712,-2.2150366930873133e-05,0.0015618258621543646,0.0015619829064235091,7e267c0bf303542b
2,day2_n4_topk_seed43,43,30,2,False,False,True,0.5032,0.0,-1.2306509,-2.4674177,-2.350665454287082e-05,0.0015691842418164015,0.0015693603781983256,7e267c0bf303542b
2,day2_n4_topk_seed43,43,30,3,False,False,True,0.5186,0.0,3.7449024,0.033303913,-2.0652887542382814e-05,0.001581270364113152,0.0015814052894711494,7e267c0bf303542b
2,day2_n4_topk_seed43,43,31,0,False,False,True,0.518,0.0,-0.42326343,3.79516,-2.183400465582963e-05,0.001569546526297927,0.0015696983318775892,7e267c0bf303542b
2,day2_n4_topk_seed43,43,31,1,False,False,True,0.5018,0.0,3.7818594,-1.0746915,-2.1867339455639012e-05,0.0015697111375629902,0.0015698634088039398,7e267c0bf303542b
2,day2_n4_topk_seed43,43,31,2,False,False,True,0.513,0.0,-0.8978264,-0.65502036,-2.2752510631107725e-05,0.001547696185298264,0.0015478634741157293,7e267c0bf303542b
2,day2_n4_topk_seed43,43,31,3,False,False,True,0.508,0.0,-2.4607708,-2.0654466,-2.1564241251326166e-05,0.0015596714802086353,0.0015598206082358956,7e267c0bf303542b
2,day2_n4_topk_seed43,43,32,0,False,False,True,0.5268,0.0,-3.2650545,-2.181305,-1.5993757187970914e-05,0.0015427228063344955,0.0015428056940436363,7e267c0bf303542b
2,day2_n4_topk_seed43,43,32,1,False,False,True,0.5298,0.0,0.3265718,1.3555032,-1.8679769709706306e-05,0.0015105431666597724,0.0015106587670743465,7e267c0bf303542b
2,day2_n4_topk_seed43,43,32,2,False,False,True,0.516,0.0,-0.24738662,2.9696686,-1.9241324480390176e-05,0.0015178312314674258,0.0015179532347247005,7e267c0bf303542b
2,day2_n4_topk_seed43,43,32,3,False,False,True,0.5104,0.0,3.185875,-2.143868,-2.017136284848675e-05,0.001530417357571423,0.0015305501874536276,7e267c0bf303542b
2,day2_n4_topk_seed43,43,33,0,False,False,True,0.5252,0.0,2.268038,3.167344,-1.9418675947235897e-05,0.0015048222849145532,0.0015049474313855171,7e267c0bf303542b
2,day2_n4_topk_seed43,43,33,1,False,False,True,0.5224,0.0,0.73517144,-2.8082223,-1.907636942632962e-05,0.0014988392358645797,0.0014989606570452452,7e267c0bf303542b
2,day2_n4_topk_seed43,43,33,2,False,False,True,0.53,0.0,0.89644384,-1.3593522,-2.0261424651835114e-05,0.0014948119642212987,0.0014949494507163763,7e267c0bf303542b
2,day2_n4_topk_seed43,43,33,3,False,False,True,0.525,0.0,-3.899652,1.0002304,-1.9936947865062393e-05,0.0015290487790480256,0.0015291786985471845,7e267c0bf303542b
2,day2_n4_topk_seed43,43,34,0,False,False,True,0.5224,0.0,1.2069677,3.4640968,-1.7425465557607822e-05,0.0015064863255247474,0.0015065871411934495,7e267c0bf303542b
2,day2_n4_topk_seed43,43,34,1,False,False,True,0.5326,0.0,1.9858806,-3.255991,-1.657966640777886e-05,0.0015025833854451776,0.0015026747714728117,7e267c0bf303542b
2,day2_n4_topk_seed43,43,34,2,False,False,True,0.5408,0.0,1.0720261,0.2618412,-2.071373637591023e-05,0.001502489554695785,0.0015026323962956667,7e267c0bf303542b
2,day2_n4_topk_seed43,43,34,3,False,False,True,0.5206,0.0,-4.2648735,-0.46994475,-1.901837094919756e-05,0.001538577489554882,0.0015386950690299273,7e267c0bf303542b
2,day2_n4_topk_seed43,43,35,0,False,False,True,0.533,0.0,2.7805486,2.3485045,-1.72025083884364e-05,0.0014881024835631251,0.0014882019022479653,7e267c0bf303542b
2,day2_n4_topk_seed43,43,35,1,False,False,True,0.5064,0.0,0.18962169,1.0209504,-1.9548770069377497e-05,0.0014766498934477568,0.0014767793472856283,7e267c0bf303542b
2,day2_n4_topk_seed43,43,35,2,False,False,True,0.5502,0.0,-3.9427996,0.7011581,-1.6124302419484593e-05,0.0014888594159856439,0.001488946727477014,7e267c0bf303542b
2,day2_n4_topk_seed43,43,35,3,False,False,True,0.5444,0.0,0.9726298,-4.0706143,-1.7447699065087363e-05,0.0014919774839654565,0.0014920794637873769,7e267c0bf303542b
2,day2_n4_topk_seed43,43,36,0,False,False,True,0.548,0.0,4.297274,0.47933847,-1.8369224562775344e-05,0.0015058486023917794,0.0015059607103466988,7e267c0bf303542b
2,day2_n4_topk_seed43,43,36,1,False,False,True,0.5464,0.0,-1.0131937,2.1880472,-1.8729035218711942e-05,0.0014686816139146686,0.0014688011724501848,7e267c0bf303542b
2,day2_n4_topk_seed43,43,36,2,False,False,True,0.54,0.0,-0.92126864,-4.263116,-1.7046311768353917e-05,0.001498185796663165,0.001498282770626247,7e267c0bf303542b
2,day2_n4_topk_seed43,43,36,3,False,False,True,0.5286,0.0,-2.3628142,1.5957278,-1.9490005797706544e-05,0.0014727760571986437,0.001472905045375228,7e267c0bf303542b
2,day2_n4_topk_seed43,43,37,0,False,False,True,0.5584,0.0,3.965976,-1.6237543,-1.7158748960355297e-05,0.0014721908373758197,0.001472290838137269,7e267c0bf303542b
2,day2_n4_topk_seed43,43,37,1,False,False,True,0.5634,0.0,-1.5661099,-2.2309446,-1.3095173926558346e-05,0.0014551577623933554,0.0014552167849615216,7e267c0bf303542b
2,day2_n4_topk_seed43,43,37,2,False,False,True,0.5532,0.0,-2.8344216,-0.38873923,-1.5820751286810264e-05,0.0014715684810653329,0.0014716535806655884,7e267c0bf303542b
2,day2_n4_topk_seed43,43,37,3,False,False,True,0.5144,0.0,0.43455645,4.243437,-1.541583515063394e-05,0.0014774100854992867,0.0014774904120713472,7e267c0bf303542b
2,day2_n4_topk_seed43,43,38,0,False,False,True,0.5596,0.0,4.2072906,-1.3306218,-1.726667323964648e-05,0.0014746974920853972,0.0014747986570000648,7e267c0bf303542b
2,day2_n4_topk_seed43,43,38,1,False,False,True,0.544,0.0,0.3878067,3.1455534,-1.6493440853082575e-05,0.0014455420896410942,0.0014456361532211304,7e267c0bf303542b
2,day2_n4_topk_seed43,43,38,2,False,False,True,0.5458,0.0,-2.3376968,-3.504884,-1.312076437898213e-05,0.0014846069971099496,0.0014846649719402194,7e267c0bf303542b
2,day2_n4_topk_seed43,43,38,3,False,False,True,0.5774,0.0,-2.2574031,1.689954,-1.5244956557580736e-05,0.0014812905574217439,0.0014813690213486552,7e267c0bf303542b
2,day2_n4_topk_seed43,43,39,0,False,False,True,0.5674,0.0,0.6406743,4.816041,-1.2221858014527243e-05,0.0015155221335589886,0.0015155714936554432,7e267c0bf303542b
2,day2_n4_topk_seed43,43,39,1,False,False,True,0.572,0.0,4.540562,-2.1996217,-1.339116624876624e-05,0.0015700090443715453,0.0015700660878792405,7e267c0bf303542b
2,day2_n4_topk_seed43,43,39,2,False,False,True,0.5826,0.0,-2.4121428,-0.9611814,-1.5272433302015997e-05,0.0014820204814895988,0.0014820991782471538,7e267c0bf303542b
2,day2_n4_topk_seed43,43,39,3,False,False,True,0.5712,0.0,-2.7690926,-1.6552359,-1.092551519832341e-05,0.0014810252469033003,0.0014810655266046524,7e267c0bf303542b
2,day2_n4_topk_seed43,43,40,0,False,False,True,0.5728,0.0,0.59076315,-0.5702975,-1.3121105439495295e-05,0.0014654536498710513,0.001465512439608574,7e267c0bf303542b
2,day2_n4_topk_seed43,43,40,1,False,False,True,0.5792,0.0,3.637505,-2.2007253,-1.2267059901205357e-05,0.0014664271147921681,0.0014664784539490938,7e267c0bf303542b
2,day2_n4_topk_seed43,43,40,2,False,False,True,0.587,0.0,0.03940786,4.6824937,-1.4512692359858193e-05,0.001481668557971716,0.0014817395713180304,7e267c0bf303542b
2,day2_n4_topk_seed43,43,40,3,False,False,True,0.5752,0.0,-4.267671,-1.9114735,-1.5190236808848567e-05,0.0015131377149373293,0.001513213966973126,7e267c0bf303542b
2,day2_n4_topk_seed43,43,41,0,False,False,True,0.5938,0.0,-4.2572856,-2.5617955,-1.2170026820967905e-05,0.0015122120967134833,0.0015122611075639725,7e267c0bf303542b
2,day2_n4_topk_seed43,43,41,1,False,False,True,0.58,0.0,3.0894437,-1.8916888,-1.2830158084398136e-05,0.0014809936983510852,0.0014810491120442748,7e267c0bf303542b
2,day2_n4_topk_seed43,43,41,2,False,False,True,0.5984,0.0,-0.9447357,4.733031,-1.4552341781381983e-05,0.0014808166306465864,0.00148088822606951,7e267c0bf303542b
2,day2_n4_topk_seed43,43,41,3,False,False,True,0.5668,0.0,2.1125777,-0.2795463,-1.373427494399948e-05,0.001481619430705905,0.0014816831098869443,7e267c0bf303542b
2,day2_n4_topk_seed43,43,42,0,False,False,True,0.5994,0.0,-2.7381866,2.8984554,-1.1948741303058341e-05,0.0015143165364861488,0.0015143636846914887,7e267c0bf303542b
2,day2_n4_topk_seed43,43,42,1,False,False,True,0.5918,0.0,-1.3045335,1.7025547,-1.1321575584588572e-05,0.0015095063718035817,0.0015095488633960485,7e267c0bf303542b
2,day2_n4_topk_seed43,43,42,2,False,False,True,0.5512,0.0,5.5001135,0.49616474,-1.4553280379914213e-05,0.0016212547197937965,0.0016213201452046633,7e267c0bf303542b
2,day2_n4_topk_seed43,43,42,3,False,False,True,0.5974,0.0,-1.4573936,-5.097173,-1.0020101399277337e-05,0.0015637321630492806,0.0015637642936781049,7e267c0bf303542b
2,day2_n4_topk_seed43,43,43,0,False,False,True,0.6038,0.0,-0.6902462,-3.9276845,-1.5433468433911912e-05,0.0014920004177838564,0.0014920802786946297,7e267c0bf303542b
2,day2_n4_topk_seed43,43,43,1,False,False,True,0.6034,0.0,4.1405287,2.8452961,-1.2260935363883618e-05,0.001498929806984961,0.0014989798655733466,7e267c0bf303542b
2,day2_n4_topk_seed43,43,43,2,False,False,True,0.6016,0.0,-4.3394403,2.9557676,-1.5359739336417988e-05,0.0015429084887728095,0.001542984857223928,7e267c0bf303542b
2,day2_n4_topk_seed43,43,43,3,False,False,True,0.5928,0.0,0.88915545,-1.8733759,-1.4468143490375951e-05,0.0014830495929345489,0.001483120140619576,7e267c0bf303542b
2,day2_n4_topk_seed43,43,44,0,False,False,True,0.5704,0.0,-6.502338,0.33861092,-1.7494889107183553e-05,0.0018268125131726265,0.00182689621578902,7e267c0bf303542b
2,day2_n4_topk_seed43,43,44,1,False,False,True,0.5648,0.0,2.3513026,0.3838638,-1.2495646842580754e-05,0.00148050207644701,0.0014805549290031195,7e267c0bf303542b
2,day2_n4_topk_seed43,43,44,2,False,False,True,0.5744,0.0,1.7461654,-4.6099954,-1.1918917152797803e-05,0.001513394177891314,0.0015134409768506885,7e267c0bf303542b
2,day2_n4_topk_seed43,43,44,3,False,False,True,0.6072,0.0,2.4048753,3.8875177,-1.3276695426611695e-05,0.0015022121369838715,0.0015022708103060722,7e267c0bf303542b
2,day2_n4_topk_seed43,43,45,0,False,False,True,0.5928,0.0,5.498942,0.9495988,-1.543173857498914e-05,0.0015849388437345624,0.0015850139316171408,7e267c0bf303542b
2,day2_n4_topk_seed43,43,45,1,False,False,True,0.6072,0.0,-1.0211807,-3.310785,-1.2414888260536827e-05,0.001467077643610537,0.0014671300305053592,7e267c0bf303542b
2,day2_n4_topk_seed43,43,45,2,False,False,True,0.5886,0.0,-1.7345618,-2.1072986,-1.3920815035817213e-05,0.0014570460189133883,0.0014571126084774733,7e267c0bf303542b
2,day2_n4_topk_seed43,43,45,3,False,False,True,0.6016,0.0,-2.7432005,4.468481,-1.0559133443166502e-05,0.0014955810038372874,0.001495618256740272,7e267c0bf303542b
2,day2_n4_topk_seed43,43,46,0,False,False,True,0.627,0.0,3.0633593,3.8199067,-1.2042362868669443e-05,0.0015309880254790187,0.0015310354065150023,7e267c0bf303542b
2,day2_n4_topk_seed43,43,46,1,False,False,True,0.5866,0.0,-8.62432,0.13604769,-9.813519682211336e-06,0.0023764013312757015,0.0023764215875416994,7e267c0bf303542b
2,day2_n4_topk_seed43,43,46,2,False,False,True,0.6148,0.0,2.8575664,1.0779305,-1.3975945876154583e-05,0.001489883055910468,0.0014899485977366567,7e267c0bf303542b
2,day2_n4_topk_seed43,43,46,3,False,False,True,0.613,0.0,2.7034163,-5.033885,-1.3426040823105723e-05,0.0015408204635605216,0.0015408790204674006,7e267c0bf303542b
2,day2_n4_topk_seed43,43,47,0,False,False,True,0.6118,0.0,-3.4518268,-3.641474,-1.0956752703350503e-05,0.0015422723954543471,0.0015423112781718373,7e267c0bf303542b
2,day2_n4_topk_seed43,43,47,1,False,False,True,0.6254,0.0,5.49601,-2.0392187,-8.357834303751588e-06,0.001631315448321402,0.0016313368687406182,7e267c0bf303542b
2,day2_n4_topk_seed43,43,47,2,False,False,True,0.596,0.0,-0.006420494,5.028077,-1.0937575098068919e-05,0.0015395812224596739,0.0015396199887618423,7e267c0bf303542b
2,day2_n4_topk_seed43,43,47,3,False,False,True,0.6066,0.0,-2.0377634,0.6526196,-1.3427954399958253e-05,0.0015231454744935036,0.0015232047298923135,7e267c0bf303542b
2,day2_n4_topk_seed43,43,48,0,False,False,True,0.6318,0.0,-0.791151,2.8948925,-1.069560858013574e-05,0.0014909617602825165,0.0014910000609233975,7e267c0bf303542b
2,day2_n4_topk_seed43,43,48,1,False,False,True,0.6284,0.0,-0.25778118,3.628746,-1.0592645594442729e-05,0.001501175807788968,0.0015012131771072745,7e267c0bf303542b
2,day2_n4_topk_seed43,43,48,2,False,False,True,0.6232,0.0,5.311994,-2.567606,-1.4152768017083872e-05,0.001623949152417481,0.0016240107361227274,7e267c0bf303542b
2,day2_n4_topk_seed43,43,48,3,False,False,True,0.591,0.0,-4.2630644,-3.9560337,-9.81108496489469e-06,0.0016065760282799602,0.0016066059470176697,7e267c0bf303542b
2,day2_n4_topk_seed43,43,49,0,False,False,True,0.6152,0.0,5.793943,0.08775154,-1.0650112926668953e-05,0.0015745203709229827,0.0015745563432574272,7e267c0bf303542b
2,day2_n4_topk_seed43,43,49,1,False,False,True,0.576,0.0,-2.177443,-5.231932,-8.735746632737573e-06,0.001552323461510241,0.0015523480251431465,7e267c0bf303542b
2,day2_n4_topk_seed43,43,49,2,False,False,True,0.5678,0.0,-0.86028415,1.2014277,-6.180905984365381e-06,0.001554516376927495,0.0015545286005362868,7e267c0bf303542b
2,day2_n4_topk_seed43,43,49,3,False,False,True,0.6004,0.0,-2.7562196,3.942752,-1.0384254892414901e-05,0.0015627093380317092,0.0015627439133822918,7e267c0bf303542b
2,day2_n4_topk_seed43,43,50,0,False,False,True,0.6222,0.0,-1.495573,-3.6321065,-1.0608930097077973e-05,0.0015035306569188833,0.0015035680262371898,7e267c0bf303542b
2,day2_n4_topk_seed43,43,50,1,False,False,True,0.6488,0.0,-2.885555,4.7971478,-1.1612053640419617e-05,0.0015320138772949576,0.0015320578822866082,7e267c0bf303542b
2,day2_n4_topk_seed43,43,50,2,False,False,True,0.6132,0.0,-1.2065613,-2.19601,-7.656858542759437e-06,0.0015235260361805558,0.0015235452447086573,7e267c0bf303542b
2,day2_n4_topk_seed43,43,50,3,False,False,True,0.638,0.0,5.5876894,1.0309691,-8.130631613312289e-06,0.0015483100432902575,0.0015483313472941518,7e267c0bf303542b
2,day2_n4_topk_seed43,43,51,0,False,False,True,0.633,0.0,-2.610223,4.7905083,-7.110433671186911e-06,0.0015927867498248816,0.00159280258230865,7e267c0bf303542b
2,day2_n4_topk_seed43,43,51,1,False,False,True,0.6106,0.0,7.7937393,-0.10614859,-9.610663255443797e-06,0.0021094498224556446,0.002109471708536148,7e267c0bf303542b
2,day2_n4_topk_seed43,43,51,2,False,False,True,0.6412,0.0,-2.3519,0.14015546,-1.1456353604444303e-05,0.0015492694219574332,0.0015493116807192564,7e267c0bf303542b
2,day2_n4_topk_seed43,43,51,3,False,False,True,0.5574,0.0,-2.8316267,-4.824515,-6.950345778022893e-06,0.0015447671758010983,0.001544782891869545,7e267c0bf303542b
2,day2_n4_topk_seed43,43,52,0,False,False,True,0.65,0.0,-4.3464756,-4.572219,-1.0089023817272391e-05,0.0016811131499707699,0.0016811434179544449,7e267c0bf303542b
2,day2_n4_topk_seed43,43,52,1,False,False,True,0.6038,0.0,-1.4436667,5.1470795,-8.269357749668416e-06,0.001636121654883027,0.001636142609640956,7e267c0bf303542b
2,day2_n4_topk_seed43,43,52,2,False,False,True,0.6418,0.0,-0.24081951,1.4310744,-9.850483365880791e-06,0.0015527738723903894,0.001552805071696639,7e267c0bf303542b
2,day2_n4_topk_seed43,43,52,3,False,False,True,0.5842,0.0,6.030955,-2.0059407,-9.62891681410838e-06,0.0017381362849846482,0.0017381630605086684,7e267c0bf303542b
2,day2_n4_topk_seed43,43,53,0,False,False,True,0.6384,0.0,2.2108228,5.838136,-7.125755018932978e-06,0.0015977902803570032,0.0015978063456714153,7e267c0bf303542b
2,day2_n4_topk_seed43,43,53,1,False,False,True,0.6442,0.0,3.1294851,-3.0399988,-8.99356382433325e-06,0.0015675603644922376,0.0015675862086936831,7e267c0bf303542b
2,day2_n4_topk_seed43,43,53,2,False,False,True,0.6334,0.0,2.609411,-2.4280257,-4.8054866965685505e-06,0.001576043083332479,0.001576050417497754,7e267c0bf303542b
2,day2_n4_topk_seed43,43,53,3,False,False,True,0.6406,0.0,-7.949707,-0.37010923,-9.327764018962625e-06,0.002146722050383687,0.0021467425394803286,7e267c0bf303542b
2,day2_n4_topk_seed43,43,54,0,False,False,True,0.6314,0.0,-2.4750345,5.2636895,-7.033827841951279e-06,0.0015745442360639572,0.0015745599521324039,7e267c0bf303542b
2,day2_n4_topk_seed43,43,54,1,False,False,True,0.6236,0.0,5.7600017,0.05223217,-9.56529584072996e-06,0.0016080728964880109,0.0016081013018265367,7e267c0bf303542b
2,day2_n4_topk_seed43,43,54,2,False,False,True,0.6108,0.0,-0.2766381,-1.1952629,-6.608054263779195e-06,0.0015444328309968114,0.0015444470336660743,7e267c0bf303542b
2,day2_n4_topk_seed43,43,54,3,False,False,True,0.6466,0.0,-3.0083299,-4.1206594,-7.178448413469596e-06,0.001578722964040935,0.0015787392621859908,7e267c0bf303542b
2,day2_n4_topk_seed43,43,55,0,False,False,True,0.6042,0.0,5.7618904,-1.5139633,-1.0301210750185419e-05,0.0015798697713762522,0.001579903531819582,7e267c0bf303542b
2,day2_n4_topk_seed43,43,55,1,False,False,True,0.6744,0.0,-1.0046868,0.44514152,-1.2469762623368297e-05,0.0015338604571297765,0.0015339110977947712,7e267c0bf303542b
2,day2_n4_topk_seed43,43,55,2,False,False,True,0.6424,0.0,-3.626618,-4.15817,-9.74115391727537e-06,0.0015721498057246208,0.001572179957292974,7e267c0bf303542b
2,day2_n4_topk_seed43,43,55,3,False,False,True,0.6108,0.0,-1.1305871,5.226994,-1.1951587111980189e-05,0.0015489344950765371,0.0015489807119593024,7e267c0bf303542b
2,day2_n4_topk_seed43,43,56,0,False,False,True,0.6716,0.0,1.6103909,-3.682796,-9.046034392667934e-06,0.0015381991397589445,0.0015382257988676429,7e267c0bf303542b
2,day2_n4_topk_seed43,43,56,1,False,False,True,0.6538,0.0,-5.9757533,0.4568867,-5.779349521617405e-06,0.0015649208799004555,0.0015649315901100636,7e267c0bf303542b
2,day2_n4_topk_seed43,43,56,2,False,False,True,0.6516,0.0,1.9631096,-2.075806,-4.46282456323388e-06,0.001535750925540924,0.0015357574447989464,7e267c0bf303542b
2,day2_n4_topk_seed43,43,56,3,False,False,True,0.6484,0.0,2.402246,5.3017125,-2.6950569917971734e-06,0.0015522765461355448,0.0015522788744419813,7e267c0bf303542b
2,day2_n4_topk_seed43,43,57,0,False,False,True,0.6596,0.0,-4.529277,-3.813529,-9.770766155270394e-06,0.001556911040097475,0.0015569416573271155,7e267c0bf303542b
2,day2_n4_topk_seed43,43,57,1,False,False,True,0.6808,0.0,4.911735,-2.0286005,-6.132203907327494e-06,0.001543806865811348,0.0015438190894201398,7e267c0bf303542b
2,day2_n4_topk_seed43,43,57,2,False,False,True,0.6554,0.0,1.1093326,0.54079473,-7.26251937521738e-06,0.001532699796371162,0.0015327170258387923,7e267c0bf303542b
2,day2_n4_topk_seed43,43,57,3,False,False,True,0.6774,0.0,-1.4917947,5.301335,-3.055590923395357e-06,0.0015557657461613417,0.0015557687729597092,7e267c0bf303542b
2,day2_n4_topk_seed43,43,58,0,False,False,True,0.644,0.0,1.6610847,-4.2809577,-1.835655211834819e-06,0.0015312910545617342,0.0015312922187149525,7e267c0bf303542b
2,day2_n4_topk_seed43,43,58,1,False,False,True,0.6556,0.0,-5.4151797,2.1253707,-5.640760718961246e-06,0.0015607083914801478,0.0015607186360284686,7e267c0bf303542b
2,day2_n4_topk_seed43,43,58,2,False,False,True,0.6448,0.0,-0.31099537,-2.25261,-5.244416570349131e-06,0.0015377410454675555,0.0015377500094473362,7e267c0bf303542b
2,day2_n4_topk_seed43,43,58,3,False,False,True,0.6796,0.0,4.0650926,4.4082017,-6.8840390667901374e-06,0.0015425854362547398,0.001542600686661899,7e267c0bf303542b
2,day2_n4_topk_seed43,43,59,0,False,False,True,0.6392,0.0,-1.773185,-1.9106585,-6.42762279312592e-06,0.0015456242254003882,0.0015456377295777202,7e267c0bf303542b
2,day2_n4_topk_seed43,43,59,1,False,False,True,0.6348,0.0,6.0703473,0.7869427,-7.662622010684572e-06,0.0015678397612646222,0.0015678585041314363,7e267c0bf303542b
2,day2_n4_topk_seed43,43,59,2,False,False,True,0.6252,0.0,-1.5330951,-4.1097207,-5.020790922571905e-06,0.0015591701958328485,0.0015591783449053764,7e267c0bf303542b
2,day2_n4_topk_seed43,43,59,3,False,False,True,0.6592,0.0,-2.7640655,5.2334366,-2.902547976191272e-06,0.0015659602358937263,0.0015659627970308065,7e267c0bf303542b
2,day2_n4_topk_seed43,43,60,0,False,False,True,0.6496,0.0,1.8068867,5.355212,-1.3352047972148284e-05,0.0015758154913783073,0.0015758720692247152,7e267c0bf303542b
2,day2_n4_topk_seed43,43,60,1,False,False,True,0.6532,0.0,-6.201404,-0.39826697,-7.215497589641018e-06,0.0016100640641525388,0.0016100802458822727,7e267c0bf303542b
2,day2_n4_topk_seed43,43,60,2,False,False,True,0.665,0.0,1.9010004,-0.36146325,-8.791103937255684e-06,0.0015656461473554373,0.0015656708274036646,7e267c0bf303542b
2,day2_n4_topk_seed43,43,60,3,False,False,True,0.631,0.0,2.4935186,-4.595487,-6.358554855978582e-06,0.0015637921169400215,0.0015638050390407443,7e267c0bf303542b
2,day2_n4_topk_seed43,43,61,0,False,False,True,0.6756,0.0,-0.20563196,5.520048,-6.654643129877513e-06,0.001583995413966477,0.0015840093838050961,7e267c0bf303542b
2,day2_n4_topk_seed43,43,61,1,False,False,True,0.6126,0.0,5.6945434,-2.3436503,-4.702049864135915e-06,0.0015858542174100876,0.0015858612023293972,7e267c0bf303542b
2,day2_n4_topk_seed43,43,61,2,False,False,True,0.676,0.0,-1.4306574,0.60529894,-4.312031251174631e-06,0.0015535593265667558,0.0015535653801634908,7e267c0bf303542b
2,day2_n4_topk_seed43,43,61,3,False,False,True,0.6864,0.0,-4.0582495,-3.781702,-4.592220648191869e-06,0.0015765440184623003,0.0015765506541356444,7e267c0bf303542b
2,day2_n4_topk_seed43,43,62,0,False,False,True,0.6726,0.0,-4.778955,3.6743026,-9.513705663266592e-06,0.0016187239671126008,0.0016187519067898393,7e267c0bf303542b
2,day2_n4_topk_seed43,43,62,1,False,False,True,0.6588,0.0,-0.36790428,-5.5533104,-2.5585488856449956e-06,0.0016099632484838367,0.0016099652275443077,7e267c0bf303542b
2,day2_n4_topk_seed43,43,62,2,False,False,True,0.6844,0.0,-0.43074262,-0.83814204,-7.206916961877141e-06,0.0015656935283914208,0.0015657100593671203,7e267c0bf303542b
2,day2_n4_topk_seed43,43,62,3,False,False,True,0.693,0.0,5.577598,2.7171583,-6.948554528207751e-06,0.0016088283155113459,0.0016088432166725397,7e267c0bf303542b
2,day2_n4_topk_seed43,43,63,0,False,False,True,0.6638,0.0,2.4641135,4.438008,-8.950431947596371e-06,0.0016098888590931892,0.0016099137719720602,7e267c0bf303542b
2,day2_n4_topk_seed43,43,63,1,False,False,True,0.6466,0.0,2.0726058,0.90343446,-6.3863899413263425e-06,0.0016092153964564204,0.0016092280857264996,7e267c0bf303542b
2,day2_n4_topk_seed43,43,63,2,False,False,True,0.6858,0.0,1.8320903,-5.7099686,-4.40018811787013e-06,0.0016115095932036638,0.0016115154139697552,7e267c0bf303542b
2,day2_n4_topk_seed43,43,63,3,False,False,True,0.6852,0.0,-6.368805,0.36852133,-5.9384433370723855e-06,0.0016261187847703695,0.0016261296113952994,7e267c0bf303542b
2,day2_n4_topk_seed43,43,64,0,False,False,True,0.7082,0.0,-0.5373573,2.0904353,-4.371035629446851e-06,0.0016284307930618525,0.0016284366138279438,7e267c0bf303542b
2,day2_n4_topk_seed43,43,64,1,False,False,True,0.68,0.0,-1.5081104,4.7728343,-7.7261447586352e-06,0.0016364636830985546,0.0016364820767194033,7e267c0bf303542b
2,day2_n4_topk_seed43,43,64,2,False,False,True,0.6498,0.0,6.0734715,-1.9129883,-4.513680778472917e-06,0.0016301366267725825,0.0016301429131999612,7e267c0bf303542b
2,day2_n4_topk_seed43,43,64,3,False,False,True,0.6692,0.0,-4.0280004,-4.9502835,-5.445452188723721e-06,0.001647482393309474,0.0016474914737045765,7e267c0bf303542b
2,day2_n4_topk_seed43,43,65,0,False,False,True,0.692,0.0,-0.586405,5.705405,-5.3282728913472965e-06,0.0015955939888954163,0.001595602952875197,7e267c0bf303542b
2,day2_n4_topk_seed43,43,65,1,False,False,True,0.673,0.0,5.6572475,-0.4025438,-4.872274985245895e-06,0.001619987771846354,0.0016199949895963073,7e267c0bf303542b
2,day2_n4_topk_seed43,43,65,2,False,False,True,0.677,0.0,-0.38494924,-4.4701133,-8.678755875735078e-06,0.0016121548833325505,0.0016121782828122377,7e267c0bf303542b
2,day2_n4_topk_seed43,43,65,3,False,False,True,0.6176,0.0,-4.6858926,-0.8327556,-2.2607641767535824e-06,0.0016266455641016364,0.001626647193916142,7e267c0bf303542b
2,day2_n4_topk_seed43,43,66,0,False,False,True,0.6474,0.0,-1.7048069,-2.777114,-7.766965381961199e-07,0.001617455156520009,0.0016174552729353309,7e267c0bf303542b
2,day2_n4_topk_seed43,43,66,1,False,False,True,0.6668,0.0,-3.5433526,-2.56489,-3.5966634186479496e-06,0.0016353423707187176,0.0016353463288396597,7e267c0bf303542b
2,day2_n4_topk_seed43,43,66,2,False,False,True,0.6914,0.0,-1.1063378,6.402568,-1.5922207694529789e-06,0.0016449353424832225,0.001644936273805797,7e267c0bf303542b
2,day2_n4_topk_seed43,43,66,3,False,False,True,0.6668,0.0,6.3544974,-1.0605646,-2.014442543440964e-06,0.001661229645833373,0.0016612308099865913,7e267c0bf303542b
2,day2_n4_topk_seed43,43,67,0,False,False,True,0.6998,0.0,-0.8148784,-2.22055,-7.018957148829941e-06,0.0016271558124572039,0.0016271710628643632,7e267c0bf303542b
2,day2_n4_topk_seed43,43,67,1,False,False,True,0.6512,0.0,6.0055847,2.5323873,-5.722907189920079e-06,0.0016518860356882215,0.001651895814575255,7e267c0bf303542b
2,day2_n4_topk_seed43,43,67,2,False,False,True,0.666,0.0,-0.7047558,-4.870638,-2.590142003100482e-06,0.0016174371121451259,0.0016174392076209188,7e267c0bf303542b
2,day2_n4_topk_seed43,43,67,3,False,False,True,0.6258,0.0,-4.48595,4.5588017,-1.159908649128738e-07,0.0016626107972115278,0.0016626109136268497,7e267c0bf303542b
2,day2_n4_topk_seed43,43,68,0,False,False,True,0.6932,0.0,6.653382,0.47058922,-3.162580014759442e-06,0.0016874091234058142,0.0016874120337888598,7e267c0bf303542b
2,day2_n4_topk_seed43,43,68,1,False,False,True,0.6942,0.0,-1.7619486,-6.3192735,-1.3050819234194933e-06,0.0016670034965500236,0.0016670041950419545,7e267c0bf303542b
2,day2_n4_topk_seed43,43,68,2,False,False,True,0.6716,0.0,-2.499436,2.561408,-3.969646513724001e-06,0.0016373354010283947,0.0016373402904719114,7e267c0bf303542b
2,day2_n4_topk_seed43,43,68,3,False,False,True,0.697,0.0,-2.3919995,3.2872782,-3.17633748636581e-06,0.0016480182530358434,0.0016480212798342109,7e267c0bf303542b
2,day2_n4_topk_seed43,43,69,0,False,False,True,0.6688,0.0,-1.3890432,6.3616405,-4.708721917268122e-06,0.0016577884089201689,0.001657795044593513,7e267c0bf303542b
2,day2_n4_topk_seed43,43,69,1,False,False,True,0.7164,0.0,0.523734,-1.7269099,-3.465767576926737e-06,0.0016059369081631303,0.0016059407498687506,7e267c0bf303542b
2,day2_n4_topk_seed43,43,69,2,False,False,True,0.6864,0.0,-4.794341,-3.4409792,-3.1501858757110313e-06,0.0016447905218228698,0.0016447934322059155,7e267c0bf303542b
2,day2_n4_topk_seed43,43,69,3,False,False,True,0.6912,0.0,5.6596503,-1.1937476,-1.8885828012571437e-06,0.0016378054860979319,0.0016378066502511501,7e267c0bf303542b
2,day2_n4_topk_seed43,43,70,0,False,False,True,0.6926,0.0,1.2438899,0.4958948,-1.3792541722068563e-06,0.0016404137713834643,0.0016404143534600735,7e267c0bf303542b
2,day2_n4_topk_seed43,43,70,1,False,False,True,0.6564,0.0,3.0433235,4.9474616,-3.959197329095332e-06,0.0016588395228609443,0.0016588442958891392,7e267c0bf303542b
2,day2_n4_topk_seed43,43,70,2,False,False,True,0.6964,0.0,-6.560189,0.37370038,-7.723365342826582e-06,0.0016865537036210299,0.0016865715151652694,7e267c0bf303542b
2,day2_n4_topk_seed43,43,70,3,False,False,True,0.6616,0.0,2.2729735,-5.8170595,-2.2905364858161192e-06,0.0016570457955822349,0.0016570474253967404,7e267c0bf303542b
2,day2_n4_topk_seed43,43,71,0,False,False,True,0.6984,0.0,2.1132693,2.740935,-3.608903170970734e-06,0.0016370662488043308,0.0016370703233405948,7e267c0bf303542b
2,day2_n4_topk_seed43,43,71,1,False,False,True,0.708,0.0,1.9036206,3.7341526,1.7754093732946785e-06,0.0016385705675929785,0.001638571615330875,7e267c0bf303542b
2,day2_n4_topk_seed43,43,71,2,False,False,True,0.675,0.0,-6.7007885,-0.47712803,-8.42948429635726e-06,0.0016974278260022402,0.001697448780760169,7e267c0bf303542b
2,day2_n4_topk_seed43,43,71,3,False,False,True,0.6964,0.0,2.683894,-5.9979563,-1.5649895885871956e-06,0.0016664833528921008,0.00166648393496871,7e267c0bf303542b
2,day2_n4_topk_seed43,43,72,0,False,False,True,0.6936,0.0,-3.7845845,-5.3400993,-2.722538738453295e-06,0.0016773731913417578,0.0016773752868175507,7e267c0bf303542b
2,day2_n4_topk_seed43,43,72,1,False,False,True,0.6614,0.0,-1.2618622,1.9816751,-6.490277428383706e-06,0.0016554180765524507,0.0016554308822378516,7e267c0bf303542b
2,day2_n4_topk_seed43,43,72,2,False,False,True,0.6912,0.0,6.537259,-1.5822809,-8.630165211798158e-06,0.0017053039046004415,0.001705325674265623,7e267c0bf303542b
2,day2_n4_topk_seed43,43,72,3,False,False,True,0.7024,0.0,-1.490814,4.940706,-3.412530986679485e-06,0.00167187862098217,0.001671882113441825,7e267c0bf303542b
2,day2_n4_topk_seed43,43,73,0,False,False,True,0.682,0.0,6.7812905,0.04152955,-5.062710442871321e-06,0.001697469037026167,0.0016974766040220857,7e267c0bf303542b
2,day2_n4_topk_seed43,43,73,1,False,False,True,0.6758,0.0,-2.3801322,-5.280543,-6.481296622951049e-06,0.0016800258308649063,0.0016800382873043418,7e267c0bf303542b
2,day2_n4_topk_seed43,43,73,2,False,False,True,0.6968,0.0,-1.9808999,-0.387478,-6.656235655100318e-06,0.0016783170867711306,0.0016783303581178188,7e267c0bf303542b
2,day2_n4_topk_seed43,43,73,3,False,False,True,0.654,0.0,-2.4202588,5.6264935,-1.5416445648952504e-06,0.0016721521969884634,0.0016721528954803944,7e267c0bf303542b
2,day2_n4_topk_seed43,43,74,0,False,False,True,0.6846,0.0,6.0280976,1.2704082,-4.644716227630852e-06,0.001705347327515483,0.0017053536139428616,7e267c0bf303542b
2,day2_n4_topk_seed43,43,74,1,False,False,True,0.695,0.0,-3.8900714,5.6112905,-6.662065970886033e-06,0.0017224014736711979,0.0017224143957719207,7e267c0bf303542b
2,day2_n4_topk_seed43,43,74,2,False,False,True,0.6872,0.0,-3.1557002,-5.0734763,-1.9873502878908766e-06,0.0017028297297656536,0.0017028310103341937,7e267c0bf303542b
2,day2_n4_topk_seed43,43,74,3,False,False,True,0.6954,0.0,1.0176773,-1.8082236,-5.414561201178003e-06,0.0016919568879529834,0.0016919656191021204,7e267c0bf303542b
2,day2_n4_topk_seed43,43,75,0,False,False,True,0.6772,0.0,1.0955222,1.6199656,-2.787007133520092e-06,0.0017168113263323903,0.0017168137710541487,7e267c0bf303542b
2,day2_n4_topk_seed43,43,75,1,False,False,True,0.7032,0.0,-6.8775473,-0.09718164,-6.119590580055956e-06,0.0017452826723456383,0.0017452933825552464,7e267c0bf303542b
2,day2_n4_topk_seed43,43,75,2,False,False,True,0.7062,0.0,2.7126353,-6.2535806,2.2965575681155315e-06,0.0017514836508780718,0.0017514851642772555,7e267c0bf303542b
2,day2_n4_topk_seed43,43,75,3,False,False,True,0.6574,0.0,3.0693846,4.730785,4.2661565657908795e-07,0.001721769804134965,0.001721769804134965,7e267c0bf303542b
2,day2_n4_topk_seed43,43,76,0,False,False,True,0.7106,0.0,-1.270504,-0.41485175,5.479695630583592e-08,0.0016957223415374756,0.0016957223415374756,7e267c0bf303542b
2,day2_n4_topk_seed43,43,76,1,False,False,True,0.6874,0.0,-4.0470767,4.8455815,-2.8691968054772587e-06,0.0017192799132317305,0.0017192821251228452,7e267c0bf303542b
2,day2_n4_topk_seed43,43,76,2,False,False,True,0.6968,0.0,6.675141,1.6269009,-1.8052180621452862e-06,0.0017338708275929093,0.001733871758915484,7e267c0bf303542b
2,day2_n4_topk_seed43,43,76,3,False,False,True,0.6684,0.0,-1.3575569,-6.057636,-3.666736120067071e-06,0.0017229490913450718,0.001722953049466014,7e267c0bf303542b
2,day2_n4_topk_seed43,43,77,0,False,False,True,0.6758,0.0,3.3720853,4.059274,-6.285018116614083e-06,0.0017185740871354938,0.0017185856122523546,7e267c0bf303542b
2,day2_n4_topk_seed43,43,77,1,False,False,True,0.672,0.0,1.2248937,2.1361058,-2.6210452688246733e-06,0.0017096076626330614,0.0017096096416935325,7e267c0bf303542b
2,day2_n4_topk_seed43,43,77,2,False,False,True,0.7172,0.0,-6.8035793,0.292332,-1.5188981024039094e-06,0.001729524228721857,0.001729524927213788,7e267c0bf303542b
2,day2_n4_topk_seed43,43,77,3,False,False,True,0.682,0.0,2.2066069,-6.4877048,1.6877397683856543e-06,0.001731769647449255,0.0017317704623565078,7e267c0bf303542b
2,day2_n4_topk_seed43,43,78,0,False,False,True,0.695,0.0,1.8107373,2.8835332,1.7993208984989906e-06,0.0016887043602764606,0.001688705408014357,7e267c0bf303542b
2,day2_n4_topk_seed43,43,78,1,False,False,True,0.6982,0.0,1.4667249,4.236643,-4.955288204655517e-06,0.0016881885239854455,0.0016881958581507206,7e267c0bf303542b
2,day2_n4_topk_seed43,43,78,2,False,False,True,0.6778,0.0,-6.753501,-1.3015941,-3.5065797874267446e-06,0.0017216356936842203,0.001721639302559197,7e267c0bf303542b
2,day2_n4_topk_seed43,43,78,3,False,False,True,0.7166,0.0,3.476039,-5.8185854,-2.9586456093966262e-06,0.0017093599308282137,0.001709362375549972,7e267c0bf303542b
2,day2_n4_topk_seed43,43,79,0,False,False,True,0.682,0.0,-1.9142277,-1.6727225,-7.713664672337472e-06,0.0017296865116804838,0.0017297037411481142,7e267c0bf303542b
2,day2_n4_topk_seed43,43,79,1,False,False,True,0.6504,0.0,6.865417,1.5067339,-7.058961273287423e-06,0.0017572330543771386,0.0017572472570464015,7e267c0bf303542b
2,day2_n4_topk_seed43,43,79,2,False,False,True,0.6846,0.0,-1.2720902,-5.374155,-2.2911813175596762e-06,0.0017442608950659633,0.001744262408465147,7e267c0bf303542b
2,day2_n4_topk_seed43,43,79,3,False,False,True,0.7076,0.0,-3.6791015,5.540142,-2.1853922760328715e-07,0.0017447636928409338,0.0017447636928409338,7e267c0bf303542b
2,day2_n4_topk_seed43,43,80,0,False,False,True,0.6722,0.0,-1.0598286,-1.5941541,-5.783278538729064e-06,0.001698666950687766,0.0016986768459901214,7e267c0bf303542b
2,day2_n4_topk_seed43,43,80,1,False,False,True,0.6864,0.0,-2.4256551,-5.2110157,-4.1107041397481225e-06,0.0017551849596202374,0.0017551897326484323,7e267c0bf303542b
2,day2_n4_topk_seed43,43,80,2,False,False,True,0.663,0.0,-3.460595,5.9191704,-1.6449977238153224e-06,0.0017566491151228547,0.0017566498136147857,7e267c0bf303542b
2,day2_n4_topk_seed43,43,80,3,False,False,True,0.705,0.0,6.9460692,0.88599795,-4.311559678171761e-06,0.001775408280082047,0.0017754135187715292,7e267c0bf303542b
2,day2_n4_topk_seed43,43,81,0,False,False,True,0.6406,0.0,-0.7334271,-0.45825848,-3.6258995805837912e-06,0.0017683000769466162,0.0017683038022369146,7e267c0bf303542b
2,day2_n4_topk_seed43,43,81,1,False,False,True,0.674,0.0,-2.958106,-5.703921,7.119698466340196e-07,0.0017675453564152122,0.001767545472830534,7e267c0bf303542b
2,day2_n4_topk_seed43,43,81,2,False,False,True,0.701,0.0,-3.2528694,5.8840804,-4.01190618504188e-06,0.0017749554244801402,0.0017749599646776915,7e267c0bf303542b
2,day2_n4_topk_seed43,43,81,3,False,False,True,0.6846,0.0,6.944406,0.2780989,-3.7840811728528934e-06,0.0017799552297219634,0.0017799593042582273,7e267c0bf303542b
2,day2_n4_topk_seed43,43,82,0,False,False,True,0.7058,0.0,0.8491957,0.45150638,1.9280792002973612e-06,0.0017162078293040395,0.001716208877041936,7e267c0bf303542b
2,day2_n4_topk_seed43,43,82,1,False,False,True,0.6966,0.0,1.9518007,6.2152147,-7.61013438932423e-07,0.00179182062856853,0.0017918209778144956,7e267c0bf303542b
2,day2_n4_topk_seed43,43,82,2,False,False,True,0.7038,0.0,-6.940487,-1.3612415,6.809105457250553e-07,0.0018083793111145496,0.0018083795439451933,7e267c0bf303542b
2,day2_n4_topk_seed43,43,82,3,False,False,True,0.6898,0.0,4.1394916,-5.3054724,-4.867188749813067e-07,0.0017812644364312291,0.001781264552846551,7e267c0bf303542b
2,day2_n4_topk_seed43,43,83,0,False,False,True,0.7198,0.0,6.0178366,-2.9791615,-4.770118948727031e-07,0.0017898998921737075,0.0017899000085890293,7e267c0bf303542b
2,day2_n4_topk_seed43,43,83,1,False,False,True,0.6602,0.0,0.33473054,0.169554,-1.8316684702313069e-07,0.0017273228149861097,0.001727322698570788,7e267c0bf303542b
2,day2_n4_topk_seed43,43,83,2,False,False,True,0.691,0.0,-5.7367296,-3.8277726,-3.62881269211357e-06,0.0017921596299856901,0.0017921633552759886,7e267c0bf303542b
2,day2_n4_topk_seed43,43,83,3,False,False,True,0.695,0.0,-0.61583775,6.6373777,-2.9960760912217665e-06,0.0017812104197219014,0.0017812129808589816,7e267c0bf303542b
2,day2_n4_topk_seed43,43,84,0,False,False,True,0.7132,0.0,-0.9136046,0.21839252,3.943756325952563e-07,0.0017160475254058838,0.001716047408990562,7e267c0bf303542b
2,day2_n4_topk_seed43,43,84,1,False,False,True,0.686,0.0,-2.1364753,6.13121,-4.4751400309905875e-06,0.0017708952073007822,0.00177090079523623,7e267c0bf303542b
2,day2_n4_topk_seed43,43,84,2,False,False,True,0.7058,0.0,-3.929489,-5.281499,-1.5611930166414822e-06,0.0017802068032324314,0.0017802072688937187,7e267c0bf303542b
2,day2_n4_topk_seed43,43,84,3,False,False,True,0.6966,0.0,6.9795694,-1.0681012,-1.1314075436530402e-06,0.0018003106815740466,0.001800311147235334,7e267c0bf303542b
2,day2_n4_topk_seed43,43,85,0,False,False,True,0.7284,0.0,3.805437,5.45776,-3.100816002188367e-06,0.0017564642475917935,0.0017564670415595174,7e267c0bf303542b
2,day2_n4_topk_seed43,43,85,1,False,False,True,0.701,0.0,0.6689509,-0.35265532,-6.656976438534912e-06,0.0017289143288508058,0.0017289272509515285,7e267c0bf303542b
2,day2_n4_topk_seed43,43,85,2,False,False,True,0.705,0.0,-6.9085197,0.8677109,-3.2766611184342764e-06,0.001788661233149469,0.0017886641435325146,7e267c0bf303542b
2,day2_n4_topk_seed43,43,85,3,False,False,True,0.6886,0.0,2.4341362,-5.9728174,6.749870067324082e-07,0.0017680606106296182,0.00176806072704494,7e267c0bf303542b
2,day2_n4_topk_seed43,43,86,0,False,False,True,0.6966,0.0,5.485858,-4.4513946,-8.915031912692939e-08,0.0017815526807680726,0.0017815526807680726,7e267c0bf303542b
2,day2_n4_topk_seed43,43,86,1,False,False,True,0.6886,0.0,0.025641754,1.7821245,-4.0399145291303284e-06,0.0017563877627253532,0.0017563925357535481,7e267c0bf303542b
2,day2_n4_topk_seed43,43,86,2,False,False,True,0.7286,0.0,-6.240859,-3.21757,-2.955880972876912e-06,0.0018068873323500156,0.0018068900099024177,7e267c0bf303542b
2,day2_n4_topk_seed43,43,86,3,False,False,True,0.7094,0.0,0.72935826,5.8868437,-2.0200902781652985e-06,0.0017744085052981973,0.0017744095530360937,7e267c0bf303542b
2,day2_n4_topk_seed43,43,87,0,False,False,True,0.69,0.0,-4.5485725,-5.5350685,-4.558758064376889e-07,0.0018046641489490867,0.0018046641489490867,7e267c0bf303542b
2,day2_n4_topk_seed43,43,87,1,False,False,True,0.713,0.0,-0.2025856,2.1212826,-7.626707656527287e-07,0.0017518760869279504,0.0017518762033432722,7e267c0bf303542b
2,day2_n4_topk_seed43,43,87,2,False,False,True,0.6832,0.0,6.802782,-2.0038755,-3.564311327863834e-06,0.0018203507643193007,0.0018203542567789555,7e267c0bf303542b
2,day2_n4_topk_seed43,43,87,3,False,False,True,0.7186,0.0,-2.051623,5.4176617,-7.705517646172666e-07,0.0017667240463197231,0.0017667242791503668,7e267c0bf303542b
2,day2_n4_topk_seed43,43,88,0,False,False,True,0.7168,0.0,-0.9585333,-0.33525446,-3.008395594861213e-07,0.0017465236596763134,0.0017465237760916352,7e267c0bf303542b
2,day2_n4_topk_seed43,43,88,1,False,False,True,0.7256,0.0,-4.247365,-4.9765644,-2.7428368412074633e-06,0.0018068283097818494,0.0018068304052576423,7e267c0bf303542b
2,day2_n4_topk_seed43,43,88,2,False,False,True,0.7236,0.0,-1.8433514,6.623823,-2.1103498966112966e-06,0.0018146517686545849,0.0018146531656384468,7e267c0bf303542b
2,day2_n4_topk_seed43,43,88,3,False,False,True,0.7206,0.0,7.0492487,-1.3120002,-2.7594007860898273e-06,0.0018200126942247152,0.00182001490611583,7e267c0bf303542b
2,day2_n4_topk_seed43,43,89,0,False,False,True,0.6986,0.0,-3.0137854,5.116556,-6.996440788498148e-06,0.0017966622253879905,0.0017966758459806442,7e267c0bf303542b
2,day2_n4_topk_seed43,43,89,1,False,False,True,0.7014,0.0,-2.2844503,0.7786168,-9.855241387413116e-07,0.001778429257683456,0.0017784296069294214,7e267c0bf303542b
2,day2_n4_topk_seed43,43,89,2,False,False,True,0.6752,0.0,7.2726197,0.60123146,-2.440567413941608e-06,0.001824636128731072,0.0018246376421302557,7e267c0bf303542b
2,day2_n4_topk_seed43,43,89,3,False,False,True,0.6908,0.0,-1.9743829,-6.4964023,-4.985888608644018e-06,0.0018027715850621462,0.0018027783371508121,7e267c0bf303542b
2,day2_n4_topk_seed43,43,90,0,False,False,True,0.7202,0.0,2.1492658,5.780986,-1.8590779973237659e-06,0.0017633067909628153,0.00176330772228539,7e267c0bf303542b
2,day2_n4_topk_seed43,43,90,1,False,False,True,0.702,0.0,4.416867,-5.3667197,-2.3996672098292038e-06,0.0017684269696474075,0.0017684285994619131,7e267c0bf303542b
2,day2_n4_topk_seed43,43,90,2,False,False,True,0.6984,0.0,-6.6393843,-1.684815,-2.552188561821822e-06,0.0017917705699801445,0.0017917724326252937,7e267c0bf303542b
2,day2_n4_topk_seed43,43,90,3,False,False,True,0.7004,0.0,0.07325516,1.2705446,-5.316114311426645e-06,0.001756759244017303,0.001756767276674509,7e267c0bf303542b
2,day2_n4_topk_seed43,43,91,0,False,False,True,0.7148,0.0,-2.0901349,-4.367424,-9.844520718615968e-07,0.0017989898333325982,0.0017989900661632419,7e267c0bf303542b
2,day2_n4_topk_seed43,43,91,1,False,False,True,0.7034,0.0,7.4480085,0.5464591,-7.115598350537766e-07,0.0018607384990900755,0.0018607386155053973,7e267c0bf303542b
2,day2_n4_topk_seed43,43,91,2,False,False,True,0.6858,0.0,-2.9921684,6.6392636,-6.143023256299784e-06,0.0018380654510110617,0.0018380758119747043,7e267c0bf303542b
2,day2_n4_topk_seed43,43,91,3,False,False,True,0.6864,0.0,-2.3657029,-2.8182967,-6.365187346091261e-07,0.0018117232248187065,0.0018117234576493502,7e267c0bf303542b
2,day2_n4_topk_seed43,43,92,0,False,False,True,0.6918,0.0,-2.5679967,5.17636,-5.5372183851432055e-06,0.001813284121453762,0.0018132926197722554,7e267c0bf303542b
2,day2_n4_topk_seed43,43,92,1,False,False,True,0.7166,0.0,-4.125129,-6.095341,-3.3935630199266598e-06,0.0018442516447976232,0.0018442547880113125,7e267c0bf303542b
2,day2_n4_topk_seed43,43,92,2,False,False,True,0.6942,0.0,7.013696,-1.575699,-2.80889798887074e-06,0.001856971182860434,0.0018569733947515488,7e267c0bf303542b
2,day2_n4_topk_seed43,43,92,3,False,False,True,0.707,0.0,-0.3205704,2.4946802,9.815782959776698e-07,0.001817304641008377,0.0018173048738390207,7e267c0bf303542b
2,day2_n4_topk_seed43,43,93,0,False,False,True,0.7248,0.0,-1.3510563,-4.591798,-2.534045506763505e-06,0.0017984698060899973,0.0017984714359045029,7e267c0bf303542b
2,day2_n4_topk_seed43,43,93,1,False,False,True,0.6796,0.0,7.393261,1.0899407,-3.084065269831626e-07,0.0018727690912783146,0.0018727692076936364,7e267c0bf303542b
2,day2_n4_topk_seed43,43,93,2,False,False,True,0.7278,0.0,-3.4223535,6.339724,-4.507629455474671e-06,0.001837051473557949,0.0018370570614933968,7e267c0bf303542b
2,day2_n4_topk_seed43,43,93,3,False,False,True,0.7294,0.0,-2.61985,-2.8378673,2.342918037356867e-07,0.0017935491632670164,0.0017935491632670164,7e267c0bf303542b
2,day2_n4_topk_seed43,43,94,0,False,False,True,0.7158,0.0,-0.8330719,5.444015,-1.948515091498848e-06,0.0017996487440541387,0.0017996496753767133,7e267c0bf303542b
2,day2_n4_topk_seed43,43,94,1,False,False,True,0.6716,0.0,-5.562019,-4.8303037,-4.058847025589785e-06,0.001866887672804296,0.0018668920965865254,7e267c0bf303542b
2,day2_n4_topk_seed43,43,94,2,False,False,True,0.7052,0.0,6.550603,-3.344174,4.003518938588968e-07,0.001853126916103065,0.001853126916103065,7e267c0bf303542b
2,day2_n4_topk_seed43,43,94,3,False,False,True,0.6894,0.0,-0.1555136,2.7304657,-1.6823559008116717e-06,0.001762279076501727,0.00176227989140898,7e267c0bf303542b
2,day2_n4_topk_seed43,43,95,0,False,False,True,0.7254,0.0,2.7897525,1.2393658,-4.177145171979646e-07,0.001808962319046259,0.0018089624354615808,7e267c0bf303542b
2,day2_n4_topk_seed43,43,95,1,False,False,True,0.6982,0.0,-0.9207384,-7.251189,-1.3380284826780553e-06,0.0018398178508505225,0.0018398184329271317,7e267c0bf303542b
2,day2_n4_topk_seed43,43,95,2,False,False,True,0.7158,0.0,-6.5342283,3.409138,-4.533447281573899e-06,0.0018387066666036844,0.0018387122545391321,7e267c0bf303542b
2,day2_n4_topk_seed43,43,95,3,False,False,True,0.6826,0.0,4.6652207,2.6026878,-1.385059817948786e-06,0.0018300097435712814,0.001830010092817247,7e267c0bf303542b
2,day2_n4_topk_seed43,43,96,0,False,False,True,0.733,0.0,5.281204,-4.8816566,2.1116784409969114e-06,0.0018573191482573748,0.0018573201959952712,7e267c0bf303542b
2,day2_n4_topk_seed43,43,96,1,False,False,True,0.7126,0.0,-0.59138227,0.09652841,6.037275852577295e-07,0.0018452784279361367,0.0018452785443514585,7e267c0bf303542b
2,day2_n4_topk_seed43,43,96,2,False,False,True,0.6936,0.0,1.8810211,6.777258,1.3565686458605342e-06,0.0018448552582412958,0.001844855840317905,7e267c0bf303542b
2,day2_n4_topk_seed43,43,96,3,False,False,True,0.7158,0.0,-6.5708375,-1.9921268,-1.531273028376745e-06,0.0018691136501729488,0.001869114232249558,7e267c0bf303542b
2,day2_n4_topk_seed43,43,97,0,False,False,True,0.6898,0.0,7.1739125,1.7581961,1.338882952950371e-06,0.00185593927744776,0.0018559397431090474,7e267c0bf303542b
2,day2_n4_topk_seed43,43,97,1,False,False,True,0.713,0.0,-0.85127383,-7.214439,1.4689417184854392e-06,0.0018239059718325734,0.0018239066703245044,7e267c0bf303542b
2,day2_n4_topk_seed43,43,97,2,False,False,True,0.7402,0.0,-4.1644616,3.478608,-1.5450456203325302e-06,0.0018310034647583961,0.0018310041632503271,7e267c0bf303542b
2,day2_n4_topk_seed43,43,97,3,False,False,True,0.7266,0.0,-2.158176,1.977634,1.5829298263270175e-06,0.0017949363682419062,0.0017949369503185153,7e267c0bf303542b
2,day2_n4_topk_seed43,43,98,0,False,False,True,0.6994,0.0,7.4324675,-0.27081218,-5.038479685026687e-06,0.0019035193836316466,0.001903525902889669,7e267c0bf303542b
2,day2_n4_topk_seed43,43,98,1,False,False,True,0.685,0.0,-0.9394539,-0.053712368,-4.574716058414197e-06,0.001843402162194252,0.0018434077501296997,7e267c0bf303542b
2,day2_n4_topk_seed43,43,98,2,False,False,True,0.663,0.0,-2.9995112,6.267442,1.4283854454788525e-07,0.0018561488250270486,0.0018561488250270486,7e267c0bf303542b
2,day2_n4_topk_seed43,43,98,3,False,False,True,0.7294,0.0,-3.4935012,-5.9429226,-3.274363734817598e-06,0.0018535751150920987,0.0018535780254751444,7e267c0bf303542b
2,day2_n4_topk_seed43,43,99,0,False,False,True,0.7394,0.0,4.961841,-3.8706203,-1.0665772833817755e-06,0.0018401822308078408,0.0018401824636384845,7e267c0bf303542b
2,day2_n4_topk_seed43,43,99,1,False,False,True,0.6846,0.0,-6.365573,0.85959804,3.5465375276544364e-06,0.001883994904346764,0.0018839981639757752,7e267c0bf303542b
2,day2_n4_topk_seed43,43,99,2,False,False,True,0.6928,0.0,-1.4502598,-3.7367141,2.8545430268422933e-06,0.0018678543856367469,0.0018678564811125398,7e267c0bf303542b
2,day2_n4_topk_seed43,43,99,3,False,False,True,0.709,0.0,2.853999,6.7477355,-2.381299736953224e-06,0.0018568409141153097,0.0018568421946838498,7e267c0bf303542b
2,day2_n4_topk_seed43,43,100,0,False,False,True,0.7076,0.0,4.353184,5.9234247,-1.4768862683922634e-06,0.0018342459807172418,0.001834246446378529,7e267c0bf303542b
2,day2_n4_topk_seed43,43,100,1,False,False,True,0.7184,0.0,1.5838851,-5.0750394,2.2508163510792656e-06,0.0018265910912305117,0.0018265924882143736,7e267c0bf303542b
2,day2_n4_topk_seed43,43,100,2,False,False,True,0.7292,0.0,1.3084972,-2.793355,5.05955419782822e-08,0.0018211574060842395,0.0018211574060842395,7e267c0bf303542b
2,day2_n4_topk_seed43,43,100,3,False,False,True,0.653,0.0,-7.24556,1.9449673,-2.116824134645867e-06,0.0018676649779081345,0.0018676661420613527,7e267c0bf303542b
2,day2_n4_topk_seed43,43,101,0,False,False,True,0.821,0.0,0.42486528,0.30678034,-2.051317778750672e-06,0.0002492915082257241,0.0002492999192327261,7e267c0bf303542b
2,day2_n4_topk_seed43,43,101,1,False,False,True,0.8138,0.0,-0.46367633,0.52058196,-1.0737834372775978e-06,0.00024348414444830269,0.00024348650185856968,7e267c0bf303542b
2,day2_n4_topk_seed43,43,101,2,False,False,True,0.813,0.0,-0.4128324,-0.5607026,-1.2466923635656713e-06,0.00024192982527893037,0.0002419330267002806,7e267c0bf303542b
2,day2_n4_topk_seed43,43,101,3,False,False,True,0.8148,0.0,0.45164266,-0.26665998,-8.633434163130005e-07,0.00024908961495384574,0.0002490910701453686,7e267c0bf303542b
2,day2_n4_topk_seed43,43,102,0,False,False,True,0.8242,0.0,0.18026145,-0.61236125,-3.9901459558677743e-07,0.0002147547056665644,0.00021475506946444511,7e267c0bf303542b
2,day2_n4_topk_seed43,43,102,1,False,False,True,0.8232,0.0,-0.8181602,0.17899421,-3.043609808628389e-08,0.00022097108012530953,0.00022097108012530953,7e267c0bf303542b
2,day2_n4_topk_seed43,43,102,2,False,False,True,0.8168,0.0,0.18751712,-0.2345314,-9.983380095945904e-07,0.00021584384376183152,0.00021584615751635283,7e267c0bf303542b
2,day2_n4_topk_seed43,43,102,3,False,False,True,0.8154,0.0,0.45038226,0.66789865,-5.982264497106371e-07,0.00021722196834161878,0.0002172227978007868,7e267c0bf303542b
2,day2_n4_topk_seed43,43,103,0,False,False,True,0.8264,0.0,0.41252735,0.7325827,-3.7105880323906604e-07,0.00021424620354082435,0.00021424652368295938,7e267c0bf303542b
2,day2_n4_topk_seed43,43,103,1,False,False,True,0.8208,0.0,-0.85411793,0.14784124,-1.3281136546083872e-07,0.00021998898591846228,0.00021998902957420796,7e267c0bf303542b
2,day2_n4_topk_seed43,43,103,2,False,False,True,0.8198,0.0,0.12219653,-0.53380805,-5.28905786723044e-07,0.0002158803108613938,0.00021588093659374863,7e267c0bf303542b
2,day2_n4_topk_seed43,43,103,3,False,False,True,0.8198,0.0,0.3193941,-0.3466159,-1.5110782669580658e-07,0.00021939794532954693,0.00021939800353720784,7e267c0bf303542b
2,day2_n4_topk_seed43,43,104,0,False,False,True,0.8248,0.0,-0.13579564,-0.5466553,-4.069890024993583e-08,0.0002198789588874206,0.00021987898799125105,7e267c0bf303542b
2,day2_n4_topk_seed43,43,104,1,False,False,True,0.8246,0.0,-0.5600693,0.7129916,1.0019518867920851e-06,0.00022558726777788252,0.00022558949422091246,7e267c0bf303542b
2,day2_n4_topk_seed43,43,104,2,False,False,True,0.8262,0.0,0.87036395,0.28335363,-6.660052349616308e-07,0.0002308965486008674,0.00023089749447535723,7e267c0bf303542b
2,day2_n4_topk_seed43,43,104,3,False,False,True,0.8234,0.0,-0.17449914,-0.4496897,1.5236707895383006e-07,0.00022510311100631952,0.0002251031546620652,7e267c0bf303542b
2,day2_n4_topk_seed43,43,105,0,False,False,True,0.824,0.0,-0.0146131,-0.28008577,-1.9537286277682142e-07,0.00021846176241524518,0.00021846184972673655,7e267c0bf303542b
2,day2_n4_topk_seed43,43,105,1,False,False,True,0.8268,0.0,-0.25472715,-0.6736441,8.564146014578e-07,0.0002266179071739316,0.00022661950788460672,7e267c0bf303542b
2,day2_n4_topk_seed43,43,105,2,False,False,True,0.8252,0.0,-0.57228476,0.69196093,-6.2110778742408e-08,0.00022224248095881194,0.00022224249551072717,7e267c0bf303542b
2,day2_n4_topk_seed43,43,105,3,False,False,True,0.8248,0.0,0.8416247,0.26176795,2.1045580922418594e-07,0.00022962129150982946,0.00022962137882132083,7e267c0bf303542b
2,day2_n4_topk_seed43,43,106,0,False,False,True,0.8272,0.0,-0.26447892,0.55307853,-3.8766145848967426e-07,0.0002270764671266079,0.00022707678726874292,7e267c0bf303542b
2,day2_n4_topk_seed43,43,106,1,False,False,True,0.8302,0.0,-0.69438225,-0.5873062,1.9594666866851185e-07,0.00022897744202055037,0.00022897752933204174,7e267c0bf303542b
2,day2_n4_topk_seed43,43,106,2,False,False,True,0.8248,0.0,0.7585696,-0.4807509,-6.063845603421214e-07,0.00022822708706371486,0.0002282278728671372,7e267c0bf303542b
2,day2_n4_topk_seed43,43,106,3,False,False,True,0.827,0.0,0.20029165,0.5149779,4.841681970901845e-07,0.00022949236154090613,0.00022949288540985435,7e267c0bf303542b
2,day2_n4_topk_seed43,43,107,0,False,False,True,0.8282,0.0,-0.13868749,-0.45377532,-1.0220369972557819e-07,0.0002252623380627483,0.00022526235261466354,7e267c0bf303542b
2,day2_n4_topk_seed43,43,107,1,False,False,True,0.828,0.0,-0.64943844,0.68703616,4.0465985762239143e-07,0.000234826366067864,0.00023482670076191425,7e267c0bf303542b
2,day2_n4_topk_seed43,43,107,2,False,False,True,0.8254,0.0,-0.094183005,-0.6032444,-2.29040921340129e-07,0.0002309243573108688,0.0002309244591742754,7e267c0bf303542b
2,day2_n4_topk_seed43,43,107,3,False,False,True,0.8252,0.0,0.882309,0.3699831,3.5366355177757214e-07,0.00024070583458524197,0.00024070609651971608,7e267c0bf303542b
2,day2_n4_topk_seed43,43,108,0,False,False,True,0.8288,0.0,0.11968571,0.20785601,-8.089297125479789e-07,0.00022915560111869127,0.00022915704175829887,7e267c0bf303542b
2,day2_n4_topk_seed43,43,108,1,False,False,True,0.831,0.0,-0.9543906,-0.10170621,3.34394741230426e-07,0.0002391256275586784,0.00023912587494123727,7e267c0bf303542b
2,day2_n4_topk_seed43,43,108,2,False,False,True,0.8328,0.0,0.4678829,-0.8213515,-3.030415030025324e-07,0.0002407634601695463,0.0002407636638963595,7e267c0bf303542b
2,day2_n4_topk_seed43,43,108,3,False,False,True,0.8302,0.0,0.3668219,0.7152013,2.2218590345346456e-07,0.00024044916790444404,0.00024044926976785064,7e267c0bf303542b
2,day2_n4_topk_seed43,43,109,0,False,False,True,0.833,0.0,-0.48405376,0.63114893,1.3791400022000744e-08,0.00023961423721630126,0.00023961423721630126,7e267c0bf303542b
2,day2_n4_topk_seed43,43,109,1,False,False,True,0.8334,0.0,-0.36142528,0.06092618,5.581509867624845e-07,0.00023295388382393867,0.00023295455321203917,7e267c0bf303542b
2,day2_n4_topk_seed43,43,109,2,False,False,True,0.831,0.0,-0.1198618,-0.9174497,-1.3465569281834178e-07,0.00023739441530779004,0.00023739445896353573,7e267c0bf303542b
2,day2_n4_topk_seed43,43,109,3,False,False,True,0.8314,0.0,0.96534055,0.22537437,2.6690466370382637e-07,0.0002486579760443419,0.0002486581215634942,7e267c0bf303542b
2,day2_n4_topk_seed43,43,110,0,False,False,True,0.8328,0.0,0.34632474,0.3329533,1.5219126225929358e-07,0.00023882590176071972,0.0002388259454164654,7e267c0bf303542b
2,day2_n4_topk_seed43,43,110,1,False,False,True,0.8314,0.0,0.7174544,-0.5219127,3.2235743674391415e-07,0.00024054592358879745,0.00024054612731561065,7e267c0bf303542b
2,day2_n4_topk_seed43,43,110,2,False,False,True,0.8334,0.0,-0.79503846,-0.5888671,6.003772909934924e-07,0.000249547534622252,0.00024954823311418295,7e267c0bf303542b
2,day2_n4_topk_seed43,43,110,3,False,False,True,0.8316,0.0,-0.2687404,0.7778275,2.6055798230117944e-07,0.0002500569971743971,0.0002500571426935494,7e267c0bf303542b
2,day2_n4_topk_seed43,43,111,0,False,False,True,0.8374,0.0,0.16816731,-0.6311384,1.7557450604499536e-08,0.00024193583521991968,0.00024193583521991968,7e267c0bf303542b
2,day2_n4_topk_seed43,43,111,1,False,False,True,0.8334,0.0,-0.78429055,0.6302902,4.6954153276601573e-07,0.0002533258229959756,0.00025332625955343246,7e267c0bf303542b
2,day2_n4_topk_seed43,43,111,2,False,False,True,0.8374,0.0,-0.24879816,-0.53849626,-1.190367200365472e-07,0.0002466709993313998,0.00024667102843523026,7e267c0bf303542b
2,day2_n4_topk_seed43,43,111,3,False,False,True,0.832,0.0,0.8649215,0.53934467,7.646960966667393e-07,0.00025843700859695673,0.00025843814364634454,7e267c0bf303542b
2,day2_n4_topk_seed43,43,112,0,False,False,True,0.8342,0.0,0.1465671,0.39877117,3.898032048255118e-07,0.00024673622101545334,0.00024673654115758836,7e267c0bf303542b
2,day2_n4_topk_seed43,43,112,1,False,False,True,0.832,0.0,0.6600651,-0.8109794,3.523432212659827e-07,0.0002581195440143347,0.00025811977684497833,7e267c0bf303542b
2,day2_n4_topk_seed43,43,112,2,False,False,True,0.8294,0.0,0.19853424,0.7403751,1.0822309803870667e-07,0.00024883385049179196,0.00024883385049179196,7e267c0bf303542b
2,day2_n4_topk_seed43,43,112,3,False,False,True,0.8324,0.0,-1.0051677,-0.32816678,1.0176596560995677e-06,0.00026447707205079496,0.000264479051111266,7e267c0bf303542b
2,day2_n4_topk_seed43,43,113,0,False,False,True,0.8338,0.0,0.026724895,0.14526242,-1.408094192356657e-07,0.0002459632814861834,0.00024596331059001386,7e267c0bf303542b
2,day2_n4_topk_seed43,43,113,1,False,False,True,0.8396,0.0,-0.9655191,-0.3366752,5.524395305656071e-07,0.0002610813535284251,0.00026108193560503423,7e267c0bf303542b
2,day2_n4_topk_seed43,43,113,2,False,False,True,0.8298,0.0,0.7283776,-0.71284413,3.1031316893859184e-07,0.00025906178052537143,0.0002590619260445237,7e267c0bf303542b
2,day2_n4_topk_seed43,43,113,3,False,False,True,0.8356,0.0,0.21041706,0.9042576,3.505163022055058e-07,0.00025363569147884846,0.0002536359243094921,7e267c0bf303542b
2,day2_n4_topk_seed43,43,114,0,False,False,True,0.8404,0.0,0.30531445,-0.88735145,-1.144510974881996e-07,0.00025713208015076816,0.0002571321092545986,7e267c0bf303542b
2,day2_n4_topk_seed43,43,114,1,False,False,True,0.84,0.0,-1.0555756,0.13153683,6.064893796065007e-07,0.0002611263480503112,0.00026112704654224217,7e267c0bf303542b
2,day2_n4_topk_seed43,43,114,2,False,False,True,0.834,0.0,0.23317216,-0.06672827,-1.753782896685152e-07,0.00025555535103194416,0.00025555540923960507,7e267c0bf303542b
2,day2_n4_topk_seed43,43,114,3,False,False,True,0.8344,0.0,0.51708895,0.82254225,3.3777121188904857e-07,0.0002533942461013794,0.00025339447893202305,7e267c0bf303542b
2,day2_n4_topk_seed43,43,115,0,False,False,True,0.838,0.0,-0.17977649,-0.5031498,-4.0720786387282715e-07,0.0002586960617918521,0.00025869638193398714,7e267c0bf303542b
2,day2_n4_topk_seed43,43,115,1,False,False,True,0.8358,0.0,0.8602716,0.6778529,3.3308103297713387e-07,0.00026434543542563915,0.0002643456100486219,7e267c0bf303542b
2,day2_n4_topk_seed43,43,115,2,False,False,True,0.835,0.0,-0.90544325,0.56112653,-4.5491640321415616e-07,0.000270291231572628,0.00027029160992242396,7e267c0bf303542b
2,day2_n4_topk_seed43,43,115,3,False,False,True,0.837,0.0,0.22494856,-0.73583025,3.257212100038487e-08,0.00026685959892347455,0.0002668595698196441,7e267c0bf303542b
2,day2_n4_topk_seed43,43,116,0,False,False,True,0.8418,0.0,-0.08027277,0.044933524,-5.489567911354243e-07,0.0002581692242529243,0.00025816980632953346,7e267c0bf303542b
2,day2_n4_topk_seed43,43,116,1,False,False,True,0.8326,0.0,0.5300673,0.9128302,6.4190453485935e-07,0.0002740357012953609,0.0002740364579949528,7e267c0bf303542b
2,day2_n4_topk_seed43,43,116,2,False,False,True,0.8352,0.0,-1.0329826,-0.04844854,-2.571079882329741e-08,0.00027775493799708784,0.0002777549088932574,7e267c0bf303542b
2,day2_n4_topk_seed43,43,116,3,False,False,True,0.8328,0.0,0.5831871,-0.9093151,7.223651010690446e-08,0.0002700416080188006,0.0002700416080188006,7e267c0bf303542b
2,day2_n4_topk_seed43,43,117,0,False,False,True,0.8384,0.0,-0.26496816,-0.42895126,-1.1558196888472594e-07,0.0002610941883176565,0.000261094217421487,7e267c0bf303542b
2,day2_n4_topk_seed43,43,117,1,False,False,True,0.8302,0.0,1.1173811,-0.14922376,8.656788281768968e-07,0.00028408545767888427,0.0002840867673512548,7e267c0bf303542b
2,day2_n4_topk_seed43,43,117,2,False,False,True,0.8342,0.0,-0.2382192,1.0856912,2.5907088030407976e-08,0.0002712217392399907,0.0002712217392399907,7e267c0bf303542b
2,day2_n4_topk_seed43,43,117,3,False,False,True,0.8362,0.0,-0.61419433,-0.507516,2.0547231827094947e-07,0.0002724961959756911,0.00027249628328718245,7e267c0bf303542b
2,day2_n4_topk_seed43,43,118,0,False,False,True,0.8358,0.0,0.0072296658,0.20523341,3.318881454106304e-07,0.00026443155365996063,0.00026443172828294337,7e267c0bf303542b
2,day2_n4_topk_seed43,43,118,1,False,False,True,0.8336,0.0,-1.078841,-0.31623563,3.6510868994810153e-07,0.0002908346359618008,0.00029083486879244447,7e267c0bf303542b
2,day2_n4_topk_seed43,43,118,2,False,False,True,0.844,0.0,0.75940377,-0.84371656,4.4959267597732833e-07,0.0002844341506715864,0.0002844344999175519,7e267c0bf303542b
2,day2_n4_topk_seed43,43,118,3,False,False,True,0.835,0.0,0.31220737,0.9547178,5.803233875667502e-07,0.0002749007544480264,0.000274901365628466,7e267c0bf303542b
2,day2_n4_topk_seed43,43,119,0,False,False,True,0.8366,0.0,-0.1069024,0.14613558,-2.1283469209265604e-07,0.0002663436462171376,0.0002663437044247985,7e267c0bf303542b
2,day2_n4_topk_seed43,43,119,1,False,False,True,0.8314,0.0,1.0842762,0.30737996,1.1647105111478595e-06,0.00029228621860966086,0.00029228851781226695,7e267c0bf303542b
2,day2_n4_topk_seed43,43,119,2,False,False,True,0.836,0.0,-0.18533567,-1.1156466,-6.917785100313267e-08,0.00028128179837949574,0.00028128179837949574,7e267c0bf303542b
2,day2_n4_topk_seed43,43,119,3,False,False,True,0.8396,0.0,-0.7920368,0.6621305,1.1965640567268565e-07,0.0002825325937010348,0.00028253262280486524,7e267c0bf303542b
2,day2_n4_topk_seed43,43,120,0,False,False,True,0.84,0.0,0.20040645,0.33974218,-4.732404192964168e-07,0.0002709974069148302,0.00027099778526462615,7e267c0bf303542b
2,day2_n4_topk_seed43,43,120,1,False,False,True,0.8398,0.0,-1.1860846,-0.17931373,7.25293944014993e-07,0.0002995285321958363,0.00029952940531075,7e267c0bf303542b
2,day2_n4_topk_seed43,43,120,2,False,False,True,0.832,0.0,0.6028027,-0.99734795,-2.1125334814797725e-09,0.00029043242102488875,0.00029043242102488875,7e267c0bf303542b
2,day2_n4_topk_seed43,43,120,3,False,False,True,0.832,0.0,0.38287565,0.83691955,2.3834853379867127e-07,0.000278586579952389,0.00027858666726388037,7e267c0bf303542b
2,day2_n4_topk_seed43,43,121,0,False,False,True,0.8362,0.0,-0.04198486,0.08644826,-2.3452126640677307e-07,0.00027484525344334543,0.00027484536985866725,7e267c0bf303542b
2,day2_n4_topk_seed43,43,121,1,False,False,True,0.836,0.0,-1.1211702,0.11336828,9.63869183578936e-07,0.00029299219022504985,0.000292993790935725,7e267c0bf303542b
2,day2_n4_topk_seed43,43,121,2,False,False,True,0.838,0.0,0.7082051,0.8751748,6.495623665614403e-07,0.00029711530078202486,0.0002971159992739558,7e267c0bf303542b
2,day2_n4_topk_seed43,43,121,3,False,False,True,0.8362,0.0,0.45495108,-1.0749925,7.407181357166337e-08,0.00029591729980893433,0.00029591729980893433,7e267c0bf303542b
2,day2_n4_topk_seed43,43,122,0,False,False,True,0.8354,0.0,-0.23366433,-0.108481325,-6.090436386330111e-07,0.0002855966449715197,0.00028559728525578976,7e267c0bf303542b
2,day2_n4_topk_seed43,43,122,1,False,False,True,0.8354,0.0,1.2413125,0.06772351,8.875235835148487e-07,0.00030810374300926924,0.00030810502357780933,7e267c0bf303542b
2,day2_n4_topk_seed43,43,122,2,False,False,True,0.836,0.0,-0.45955697,-0.9835382,1.1525857956939944e-07,0.00029915806953795254,0.00029915806953795254,7e267c0bf303542b
2,day2_n4_topk_seed43,43,122,3,False,False,True,0.8446,0.0,-0.5480905,1.0242949,5.502163844539609e-07,0.000302277272567153,0.00030227776733227074,7e267c0bf303542b
2,day2_n4_topk_seed43,43,123,0,False,False,True,0.8392,0.0,-0.31457672,-0.21641213,1.8101468413078692e-07,0.0002887551090680063,0.0002887551672756672,7e267c0bf303542b
2,day2_n4_topk_seed43,43,123,1,False,False,True,0.8378,0.0,1.233321,-0.02612983,6.99384202107467e-07,0.00030797006911598146,0.00030797088402323425,7e267c0bf303542b
2,day2_n4_topk_seed43,43,123,2,False,False,True,0.8342,0.0,-0.49828494,-0.84967786,-4.714525232429878e-07,0.00028919856413267553,0.00028919894248247147,7e267c0bf303542b
2,day2_n4_topk_seed43,43,123,3,False,False,True,0.8304,0.0,-0.42045906,1.0922197,4.430499700447399e-07,0.0002934145159088075,0.00029341483605094254,7e267c0bf303542b
2,day2_n4_topk_seed43,43,124,0,False,False,True,0.8432,0.0,0.13142169,0.47609392,-2.9528925438171427e-07,0.00028757003019563854,0.0002875702048186213,7e267c0bf303542b
2,day2_n4_topk_seed43,43,124,1,False,False,True,0.8398,0.0,-1.1966602,-0.33005938,3.235088854580681e-07,0.0003041604650206864,0.00030416063964366913,7e267c0bf303542b
2,day2_n4_topk_seed43,43,124,2,False,False,True,0.8396,0.0,0.73882234,-0.99384826,6.779105774512573e-07,0.0003045806079171598,0.0003045813355129212,7e267c0bf303542b
2,day2_n4_topk_seed43,43,124,3,False,False,True,0.8354,0.0,0.32641572,0.84781337,-3.383936686418565e-08,0.0003013606765307486,0.0003013606765307486,7e267c0bf303542b
2,day2_n4_topk_seed43,43,125,0,False,False,True,0.8408,0.0,0.25748038,0.04157578,-1.1933322241475253e-07,0.00029055646155029535,0.00029055646155029535,7e267c0bf303542b
2,day2_n4_topk_seed43,43,125,1,False,False,True,0.8334,0.0,-1.2816147,-0.045457985,-7.982777106008143e-08,0.000312458403641358,0.000312458403641358,7e267c0bf303542b
2,day2_n4_topk_seed43,43,125,2,False,False,True,0.8318,0.0,0.5463545,-1.0327394,2.4172490498131083e-07,0.00031204873812384903,0.0003120488254353404,7e267c0bf303542b
2,day2_n4_topk_seed43,43,125,3,False,False,True,0.839,0.0,0.47778034,1.0366218,1.5860835844705434e-07,0.00031135237077251077,0.0003113523998763412,7e267c0bf303542b
2,day2_n4_topk_seed43,43,126,0,False,False,True,0.8412,0.0,-0.107131414,0.10410735,-6.872611493236036e-07,0.00029663273016922176,0.0002966335159726441,7e267c0bf303542b
2,day2_n4_topk_seed43,43,126,1,False,False,True,0.8316,0.0,-0.8545585,-0.8796248,1.0135319143955712e-06,0.0003176437458023429,0.00031764531740918756,7e267c0bf303542b
2,day2_n4_topk_seed43,43,126,2,False,False,True,0.8334,0.0,1.2215987,-0.36380088,1.1566735480528223e-07,0.0003218748024664819,0.0003218748024664819,7e267c0bf303542b
2,day2_n4_topk_seed43,43,126,3,False,False,True,0.8392,0.0,-0.25990924,1.139318,7.325802471314091e-07,0.00031111142016015947,0.0003111122641712427,7e267c0bf303542b
2,day2_n4_topk_seed43,43,127,0,False,False,True,0.8396,0.0,0.30234146,0.092187,-3.4238118473695067e-07,0.0003024091711267829,0.00030240934574976563,7e267c0bf303542b
2,day2_n4_topk_seed43,43,127,1,False,False,True,0.841,0.0,-1.3313438,0.14189292,2.295314232014789e-07,0.0003345549339428544,0.0003345550212543458,7e267c0bf303542b
2,day2_n4_topk_seed43,43,127,2,False,False,True,0.8344,0.0,0.38399297,-1.1954036,-1.2982630970270748e-08,0.00033188684028573334,0.0003318868693895638,7e267c0bf303542b
2,day2_n4_topk_seed43,43,127,3,False,False,True,0.842,0.0,0.64500946,0.9613238,-1.1281128564633036e-07,0.00031751670758239925,0.0003175167366862297,7e267c0bf303542b
2,day2_n4_topk_seed43,43,128,0,False,False,True,0.8384,0.0,0.13821249,0.50826895,-3.3642263019828533e-07,0.00031058667809702456,0.00031058682361617684,7e267c0bf303542b
2,day2_n4_topk_seed43,43,128,1,False,False,True,0.8382,0.0,-1.2010936,-0.54240036,6.960794252108826e-08,0.0003205908287782222,0.00032059079967439175,7e267c0bf303542b
2,day2_n4_topk_seed43,43,128,2,False,False,True,0.8354,0.0,0.9284047,-0.914834,7.305919069722222e-08,0.000328131893184036,0.000328131893184036,7e267c0bf303542b
2,day2_n4_topk_seed43,43,128,3,False,False,True,0.8396,0.0,0.13447636,0.9489658,-3.046087613256532e-07,0.0003075704735238105,0.0003075706190429628,7e267c0bf303542b
2,day2_n4_topk_seed43,43,129,0,False,False,True,0.844,0.0,-0.12508473,0.53795886,-6.230119424799341e-07,0.0003062292526010424,0.00030622989288531244,7e267c0bf303542b
2,day2_n4_topk_seed43,43,129,1,False,False,True,0.8466,0.0,1.2386721,-0.603741,7.052365731397003e-07,0.0003407701151445508,0.0003407708427403122,7e267c0bf303542b
2,day2_n4_topk_seed43,43,129,2,False,False,True,0.8342,0.0,-1.0079179,-0.91114473,7.894046234468988e-07,0.00034141179639846087,0.00034141266951337457,7e267c0bf303542b
2,day2_n4_topk_seed43,43,129,3,False,False,True,0.8424,0.0,-0.10566956,0.9769273,-1.498375468145241e-07,0.0003120142500847578,0.0003120142500847578,7e267c0bf303542b
2,day2_n4_topk_seed43,43,130,0,False,False,True,0.846,0.0,0.12105899,-0.24107799,-8.225648429061039e-08,0.000312870746711269,0.000312870746711269,7e267c0bf303542b
2,day2_n4_topk_seed43,43,130,1,False,False,True,0.8342,0.0,1.0956699,0.71007437,-3.163580117870879e-07,0.00033449658076278865,0.00033449672628194094,7e267c0bf303542b
2,day2_n4_topk_seed43,43,130,2,False,False,True,0.8438,0.0,-1.1544322,0.7124006,3.5648702123580733e-07,0.0003421309811528772,0.00034213115577585995,7e267c0bf303542b
2,day2_n4_topk_seed43,43,130,3,False,False,True,0.8338,0.0,-0.06229557,-1.1813966,2.512551873223856e-07,0.0003275999042671174,0.00032759999157860875,7e267c0bf303542b
2,day2_n4_topk_seed43,43,131,0,False,False,True,0.8458,0.0,-0.19269373,0.20702015,-1.1618726603046525e-07,0.0003132093697786331,0.0003132093697786331,7e267c0bf303542b
2,day2_n4_topk_seed43,43,131,1,False,False,True,0.8302,0.0,1.3055865,-0.46701276,1.2491308325479622e-06,0.0003468836366664618,0.00034688584855757654,7e267c0bf303542b
2,day2_n4_topk_seed43,43,131,2,False,False,True,0.8396,0.0,-0.92607147,-0.9444578,7.596494242534391e-07,0.00033639490720815957,0.0003363957512192428,7e267c0bf303542b
2,day2_n4_topk_seed43,43,131,3,False,False,True,0.8392,0.0,-0.18682246,1.2044501,2.5668634862086037e-07,0.0003373133949935436,0.000337313482305035,7e267c0bf303542b
2,day2_n4_topk_seed43,43,132,0,False,False,True,0.8404,0.0,0.27047148,0.22305122,-4.86234000618424e-07,0.0003193268203176558,0.00031932719866745174,7e267c0bf303542b
2,day2_n4_topk_seed43,43,132,1,False,False,True,0.8426,0.0,-1.3753132,-0.27722716,1.1934972690141876e-06,0.0003502913750708103,0.00035029338323511183,7e267c0bf303542b
2,day2_n4_topk_seed43,43,132,2,False,False,True,0.8392,0.0,0.7670854,-1.0712094,-3.145576954466378e-07,0.00033256702590733767,0.00033256717142648995,7e267c0bf303542b
2,day2_n4_topk_seed43,43,132,3,False,False,True,0.8386,0.0,0.3377554,1.1253866,2.723419640915381e-07,0.000337792414939031,0.00033779253135435283,7e267c0bf303542b
2,day2_n4_topk_seed43,43,133,0,False,False,True,0.8346,0.0,-0.20551524,-0.034293793,-5.615685836346529e-07,0.00032764163915999234,0.0003276421339251101,7e267c0bf303542b
2,day2_n4_topk_seed43,43,133,1,False,False,True,0.8456,0.0,-0.7975494,1.0404147,8.763226446717454e-07,0.00034620295627973974,0.0003462040622252971,7e267c0bf303542b
2,day2_n4_topk_seed43,43,133,2,False,False,True,0.8396,0.0,1.4099078,0.2275493,3.0154697583384404e-07,0.0003568532411009073,0.0003568533866200596,7e267c0bf303542b
2,day2_n4_topk_seed43,43,133,3,False,False,True,0.8432,0.0,-0.40684414,-1.233669,4.12272271432812e-07,0.0003462604363448918,0.0003462606982793659,7e267c0bf303542b
2,day2_n4_topk_seed43,43,134,0,False,False,True,0.8422,0.0,0.049979784,0.3810713,-1.0440340929562808e-06,0.00033068747143261135,0.0003306891303509474,7e267c0bf303542b
2,day2_n4_topk_seed43,43,134,1,False,False,True,0.8412,0.0,-1.3583037,-0.3298727,-3.2966235608000716e-07,0.00034842759487219155,0.00034842774039134383,7e267c0bf303542b
2,day2_n4_topk_seed43,43,134,2,False,False,True,0.835,0.0,0.8526611,-1.1178478,1.3382054930843879e-07,0.0003506969951558858,0.0003506969951558858,7e267c0bf303542b
2,day2_n4_topk_seed43,43,134,3,False,False,True,0.8388,0.0,0.45566207,1.0666505,-2.1592356347355235e-07,0.0003378047258593142,0.0003378048131708056,7e267c0bf303542b
2,day2_n4_topk_seed43,43,135,0,False,False,True,0.8442,0.0,-0.08416804,-0.057570267,-1.3431478009806597e-06,0.0003255038755014539,0.00032550664036534727,7e267c0bf303542b
2,day2_n4_topk_seed43,43,135,1,False,False,True,0.8388,0.0,-1.090574,0.8211114,3.57536492856525e-07,0.0003500856691971421,0.00035008584382012486,7e267c0bf303542b
2,day2_n4_topk_seed43,43,135,2,False,False,True,0.8406,0.0,1.2834942,0.5800697,-8.763078795936963e-08,0.0003587345709092915,0.0003587345709092915,7e267c0bf303542b
2,day2_n4_topk_seed43,43,135,3,False,False,True,0.841,0.0,-0.108752415,-1.343613,-1.1919444631303122e-07,0.00035383322392590344,0.0003538332530297339,7e267c0bf303542b
2,day2_n4_topk_seed43,43,136,0,False,False,True,0.8434,0.0,-0.12650838,-0.3708532,-3.381776139121939e-07,0.0003328454040456563,0.00033284557866863906,7e267c0bf303542b
2,day2_n4_topk_seed43,43,136,1,False,False,True,0.8436,0.0,-1.0113544,1.0617388,3.4514741287239303e-08,0.00037019018782302737,0.00037019021692685783,7e267c0bf303542b
2,day2_n4_topk_seed43,43,136,2,False,False,True,0.837,0.0,1.4024537,0.5063307,1.356654024675663e-06,0.00037269515451043844,0.0003726975992321968,7e267c0bf303542b
2,day2_n4_topk_seed43,43,136,3,False,False,True,0.8414,0.0,-0.26459098,-1.1972185,3.9819767039261933e-07,0.00035358144668862224,0.00035358165041543543,7e267c0bf303542b
2,day2_n4_topk_seed43,43,137,0,False,False,True,0.8432,0.0,-0.009840906,-0.023372352,-4.218215678974957e-07,0.0003414775419514626,0.00034147780388593674,7e267c0bf303542b
2,day2_n4_topk_seed43,43,137,1,False,False,True,0.83,0.0,1.0681335,0.98215353,8.011973307020526e-08,0.00037059164606034756,0.0003705916169565171,7e267c0bf303542b
2,day2_n4_topk_seed43,43,137,2,False,False,True,0.8336,0.0,-1.3776184,0.4379264,7.482422574867087e-07,0.0003777732199523598,0.0003777739475481212,7e267c0bf303542b
2,day2_n4_topk_seed43,43,137,3,False,False,True,0.8428,0.0,0.31932577,-1.3967084,-3.1586401405547804e-07,0.00037118387990631163,0.00037118399632163346,7e267c0bf303542b
2,day2_n4_topk_seed43,43,138,0,False,False,True,0.8454,0.0,-0.27877137,-0.38772056,-7.880664156800776e-07,0.00034442098694853485,0.00034442186006344855,7e267c0bf303542b
2,day2_n4_topk_seed43,43,138,1,False,False,True,0.8476,0.0,-1.0126276,1.0933563,-2.1139459960295426e-08,0.0003795937809627503,0.0003795937809627503,7e267c0bf303542b
2,day2_n4_topk_seed43,43,138,2,False,False,True,0.8472,0.0,1.4674238,0.53233683,6.221958415153495e-07,0.0003903649630956352,0.00039036545786075294,7e267c0bf303542b
2,day2_n4_topk_seed43,43,138,3,False,False,True,0.8404,0.0,-0.17602511,-1.2379736,-2.0607643591574742e-07,0.00036479474510997534,0.00036479480331763625,7e267c0bf303542b
2,day2_n4_topk_seed43,43,139,0,False,False,True,0.8478,0.0,-0.1260389,-0.53847474,-8.373868354283331e-07,0.0003400817804504186,0.0003400827699806541,7e267c0bf303542b
2,day2_n4_topk_seed43,43,139,1,False,False,True,0.8348,0.0,-0.97291297,1.0723023,-9.295123248875825e-08,0.0003535972791723907,0.00035359730827622116,7e267c0bf303542b
2,day2_n4_topk_seed43,43,139,2,False,False,True,0.8432,0.0,1.3668444,0.5091842,-4.0043858007265953e-07,0.0003578360774554312,0.00035783625207841396,7e267c0bf303542b
2,day2_n4_topk_seed43,43,139,3,False,False,True,0.837,0.0,-0.26789036,-1.0430107,-3.764646905324298e-08,0.000347745866747573,0.000347745866747573,7e267c0bf303542b
2,day2_n4_topk_seed43,43,140,0,False,False,True,0.84,0.0,-0.3377786,-0.029813837,-1.352563344880764e-06,0.0003440237487666309,0.00034402639721520245,7e267c0bf303542b
2,day2_n4_topk_seed43,43,140,1,False,False,True,0.8398,0.0,1.4025953,0.58158314,-9.02965311411208e-08,0.000375329633243382,0.00037532966234721243,7e267c0bf303542b
2,day2_n4_topk_seed43,43,140,2,False,False,True,0.8384,0.0,-0.03507989,-1.4014614,-2.1095583235819504e-07,0.0003627022379077971,0.00036270226701162755,7e267c0bf303542b
2,day2_n4_topk_seed43,43,140,3,False,False,True,0.8346,0.0,-1.0297374,0.8496912,7.767422971483029e-07,0.00036852245102636516,0.00036852326593361795,7e267c0bf303542b
2,day2_n4_topk_seed43,43,141,0,False,False,True,0.8358,0.0,-0.13308433,0.24685308,-5.095637902741146e-07,0.0003493413969408721,0.000349341775290668,7e267c0bf303542b
2,day2_n4_topk_seed43,43,141,1,False,False,True,0.84,0.0,-0.2106892,1.3345037,1.1754349316106527e-06,0.0003713748592417687,0.0003713766927830875,7e267c0bf303542b
2,day2_n4_topk_seed43,43,141,2,False,False,True,0.8372,0.0,1.4276211,-0.5574158,6.717218070662057e-07,0.00038220363785512745,0.0003822042199317366,7e267c0bf303542b
2,day2_n4_topk_seed43,43,141,3,False,False,True,0.8398,0.0,-1.0838481,-1.0239407,7.636770646968216e-07,0.00038269555079750717,0.0003826962783932686,7e267c0bf303542b
2,day2_n4_topk_seed43,43,142,0,False,False,True,0.8414,0.0,-0.19900177,-0.53106934,-7.287428616109537e-07,0.0003588190593291074,0.0003588198160286993,7e267c0bf303542b
2,day2_n4_topk_seed43,43,142,1,False,False,True,0.848,0.0,-1.0458441,1.0923997,1.1857266457582227e-07,0.00037112869904376566,0.00037112869904376566,7e267c0bf303542b
2,day2_n4_topk_seed43,43,142,2,False,False,True,0.8408,0.0,1.4233464,0.584698,-2.0350893237264245e-07,0.00037839621654711664,0.0003783962456509471,7e267c0bf303542b
2,day2_n4_topk_seed43,43,142,3,False,False,True,0.83,0.0,-0.17850204,-1.1460285,-2.427150320727378e-07,0.0003648645943030715,0.00036486468161456287,7e267c0bf303542b
2,day2_n4_topk_seed43,43,143,0,False,False,True,0.84,0.0,-0.23234862,-0.07816173,-7.14226814579888e-07,0.0003547758678905666,0.00035477656638249755,7e267c0bf303542b
2,day2_n4_topk_seed43,43,143,1,False,False,True,0.8382,0.0,-0.9697916,1.105305,-5.608586093330814e-07,0.0003822938888333738,0.00038229423807933927,7e267c0bf303542b
2,day2_n4_topk_seed43,43,143,2,False,False,True,0.8472,0.0,1.5382739,0.37798348,6.811873731749074e-07,0.0003997678868472576,0.0003997684398200363,7e267c0bf303542b
2,day2_n4_topk_seed43,43,143,3,False,False,True,0.839,0.0,-0.3361348,-1.4051268,-2.45150545197248e-07,0.0003854405658785254,0.00038544065319001675,7e267c0bf303542b
2,day2_n4_topk_seed43,43,144,0,False,False,True,0.8402,0.0,-0.15096535,0.051016774,-8.654828320686647e-08,0.0003560551267582923,0.0003560551267582923,7e267c0bf303542b
2,day2_n4_topk_seed43,43,144,1,False,False,True,0.8434,0.0,-0.9847017,-1.1032815,-2.031882502251392e-07,0.00038828107062727213,0.00038828112883493304,7e267c0bf303542b
2,day2_n4_topk_seed43,43,144,2,False,False,True,0.84,0.0,1.5185418,-0.35542664,3.2636921787343454e-07,0.00038743126788176596,0.00038743141340091825,7e267c0bf303542b
2,day2_n4_topk_seed43,43,144,3,False,False,True,0.8358,0.0,-0.38287586,1.4076924,5.464701189339394e-07,0.00038554161437787116,0.0003855419927276671,7e267c0bf303542b
2,day2_n4_topk_seed43,43,145,0,False,False,True,0.8394,0.0,0.2543832,0.109070376,-2.2424507051255205e-07,0.00036542207817547023,0.00036542213638313115,7e267c0bf303542b
2,day2_n4_topk_seed43,43,145,1,False,False,True,0.8368,0.0,0.70235753,1.3060108,-1.8319731509564008e-07,0.00039740666397847235,0.00039740672218613327,7e267c0bf303542b
2,day2_n4_topk_seed43,43,145,2,False,False,True,0.8412,0.0,-1.6558466,-0.01879375,4.6214370286179474e-07,0.00041505962144583464,0.0004150598542764783,7e267c0bf303542b
2,day2_n4_topk_seed43,43,145,3,False,False,True,0.8406,0.0,0.6991047,-1.396288,2.5304603923359537e-07,0.0004081587539985776,0.00040815884131006896,7e267c0bf303542b
2,day2_n4_topk_seed43,43,146,0,False,False,True,0.8504,0.0,0.08168481,-0.13503884,-2.1632281743677595e-07,0.00036110804649069905,0.0003611080755945295,7e267c0bf303542b
2,day2_n4_topk_seed43,43,146,1,False,False,True,0.8442,0.0,-1.3388246,0.7056367,5.756375998089425e-08,0.00038177738315425813,0.0003817773540504277,7e267c0bf303542b
2,day2_n4_topk_seed43,43,146,2,False,False,True,0.8428,0.0,0.0413864,-1.4045538,-5.393009132603765e-07,0.00037405843613669276,0.0003740588144864887,7e267c0bf303542b
2,day2_n4_topk_seed43,43,146,3,False,False,True,0.8428,0.0,1.2157536,0.83395547,-1.0761815616433523e-07,0.00037465660716407,0.00037465663626790047,7e267c0bf303542b
2,day2_n4_topk_seed43,43,147,0,False,False,True,0.8446,0.0,0.20888428,-0.2067792,-6.022296474839095e-07,0.0003640490467660129,0.00036404954153113067,7e267c0bf303542b
2,day2_n4_topk_seed43,43,147,1,False,False,True,0.8346,0.0,0.25235474,-1.4131997,-1.7704095967019384e-07,0.0003871390363201499,0.0003871390363201499,7e267c0bf303542b
2,day2_n4_topk_seed43,43,147,2,False,False,True,0.8392,0.0,-1.5512508,0.51716673,8.209249813262431e-07,0.0004071490257047117,0.00040714984061196446,7e267c0bf303542b
2,day2_n4_topk_seed43,43,147,3,False,False,True,0.837,0.0,1.090011,1.1028103,4.805978051081183e-07,0.00040304308640770614,0.0004030433774460107,7e267c0bf303542b
2,day2_n4_topk_seed43,43,148,0,False,False,True,0.8378,0.0,0.049380783,0.07514815,-1.2816067282983568e-06,0.00037349850754253566,0.0003735006903298199,7e267c0bf303542b
2,day2_n4_topk_seed43,43,148,1,False,False,True,0.8408,0.0,0.4131144,1.474754,-8.307100074489426e-08,0.00040255888598039746,0.00040255888598039746,7e267c0bf303542b
2,day2_n4_topk_seed43,43,148,2,False,False,True,0.8424,0.0,1.0850132,-1.1439382,-5.599637802333746e-07,0.0004003270296379924,0.0004003274079877883,7e267c0bf303542b
2,day2_n4_topk_seed43,43,148,3,False,False,True,0.8396,0.0,-1.5475085,-0.40596572,6.760850510545424e-07,0.00041318690637126565,0.00041318745934404433,7e267c0bf303542b
2,day2_n4_topk_seed43,43,149,0,False,False,True,0.8466,0.0,0.33391783,0.02912768,-7.608188639096625e-07,0.0003817129472736269,0.0003817137039732188,7e267c0bf303542b
2,day2_n4_topk_seed43,43,149,1,False,False,True,0.836,0.0,0.5841988,-1.3799518,-1.0246642290212549e-07,0.00039539282443001866,0.0003953927953261882,7e267c0bf303542b
2,day2_n4_topk_seed43,43,149,2,False,False,True,0.8388,0.0,0.72514164,1.2735159,-5.406682817010733e-07,0.00039221643237397075,0.0003922168107237667,7e267c0bf303542b
2,day2_n4_topk_seed43,43,149,3,False,False,True,0.8306,0.0,-1.643259,0.07730933,7.4817882023126e-07,0.0004075158794876188,0.0004075165488757193,7e267c0bf303542b
2,day2_n4_topk_seed43,43,150,0,False,False,True,0.8348,0.0,-0.02447486,-0.05812863,-6.525593789774575e-07,0.0003762266715057194,0.00037622719537466764,7e267c0bf303542b
2,day2_n4_topk_seed43,43,150,1,False,False,True,0.8392,0.0,-1.6058266,0.1894825,2.2104718766513543e-07,0.0004166963626630604,0.0004166963917668909,7e267c0bf303542b
2,day2_n4_topk_seed43,43,150,2,False,False,True,0.8352,0.0,0.66679794,-1.4472734,-4.6793070396233816e-07,0.0004080190556123853,0.0004080193175468594,7e267c0bf303542b
2,day2_n4_topk_seed43,43,150,3,False,False,True,0.8438,0.0,0.96350324,1.3159193,9.034007462105365e-07,0.0004181285621598363,0.00041812952258624136,7e267c0bf303542b
2,day2_n4_topk_seed43,43,151,0,False,False,True,0.8634,0.0,-0.028139537,-0.031901952,-5.0644960225554314e-08,4.4047214032616466e-05,4.4047239498468116e-05,7e267c0bf303542b
2,day2_n4_topk_seed43,43,151,1,False,False,True,0.8596,0.0,-0.029609118,-0.14379501,-1.7043907618585763e-08,4.4575819629244506e-05,4.4575823267223313e-05,7e267c0bf303542b
2,day2_n4_topk_seed43,43,151,2,False,False,True,0.8604,0.0,-0.110226244,0.12461496,-3.2113401715605505e-08,4.66772289655637e-05,4.667724351747893e-05,7e267c0bf303542b
2,day2_n4_topk_seed43,43,151,3,False,False,True,0.8582,0.0,0.1679749,0.051082004,6.047620182414448e-10,4.576132778311148e-05,4.576132778311148e-05,7e267c0bf303542b
2,day2_n4_topk_seed43,43,152,0,False,False,True,0.862,0.0,-0.0057016863,-0.042893115,-1.2349836708835937e-07,3.967090742662549e-05,3.9671100239502266e-05,7e267c0bf303542b
2,day2_n4_topk_seed43,43,152,1,False,False,True,0.8616,0.0,-0.013618844,-0.14196126,-1.3037846358088245e-09,4.140370583627373e-05,4.140370947425254e-05,7e267c0bf303542b
2,day2_n4_topk_seed43,43,152,2,False,False,True,0.861,0.0,-0.13456926,0.10616793,1.795885395949881e-08,4.305886250222102e-05,4.305886250222102e-05,7e267c0bf303542b
2,day2_n4_topk_seed43,43,152,3,False,False,True,0.861,0.0,0.1538898,0.07868634,-5.5092559847480516e-08,4.373967385618016e-05,4.373970296001062e-05,7e267c0bf303542b
2,day2_n4_topk_seed43,43,153,0,False,False,True,0.8612,0.0,-0.02510043,-0.031578172,-3.35855681043995e-08,3.897419082932174e-05,3.897420174325816e-05,7e267c0bf303542b
2,day2_n4_topk_seed43,43,153,1,False,False,True,0.8622,0.0,-0.07013476,-0.13692611,-6.417087661247933e-08,4.215733497403562e-05,4.215738226776011e-05,7e267c0bf303542b
2,day2_n4_topk_seed43,43,153,2,False,False,True,0.8602,0.0,-0.08796011,0.15218252,3.535505221918811e-09,4.500487193581648e-05,4.500487193581648e-05,7e267c0bf303542b
2,day2_n4_topk_seed43,43,153,3,False,False,True,0.8604,0.0,0.18319519,0.01632187,1.7464452994886415e-08,4.6002074668649584e-05,4.600207830662839e-05,7e267c0bf303542b
2,day2_n4_topk_seed43,43,154,0,False,False,True,0.8592,0.0,-0.007784239,0.0015092462,-1.1832413804313546e-07,3.861713776132092e-05,3.8617316022282466e-05,7e267c0bf303542b
2,day2_n4_topk_seed43,43,154,1,False,False,True,0.863,0.0,-0.10306736,-0.13303608,-3.71627493223059e-08,4.258715489413589e-05,4.258716944605112e-05,7e267c0bf303542b
2,day2_n4_topk_seed43,43,154,2,False,False,True,0.8592,0.0,-0.065415494,0.1526125,-4.328804692477206e-08,4.3783024011645466e-05,4.378304583951831e-05,7e267c0bf303542b
2,day2_n4_topk_seed43,43,154,3,False,False,True,0.8586,0.0,0.17626683,-0.021085698,-5.201837538493237e-08,4.609177267411724e-05,4.609179813996889e-05,7e267c0bf303542b
2,day2_n4_topk_seed43,43,155,0,False,False,True,0.863,0.0,0.03324108,0.004241956,-9.866350580978178e-08,4.013296711491421e-05,4.013309080619365e-05,7e267c0bf303542b
2,day2_n4_topk_seed43,43,155,1,False,False,True,0.862,0.0,0.06947342,0.14953153,-2.397136888987461e-08,4.183246710454114e-05,4.183247438049875e-05,7e267c0bf303542b
2,day2_n4_topk_seed43,43,155,2,False,False,True,0.8612,0.0,0.08466365,-0.1446221,-8.341174861925538e-09,4.485420140554197e-05,4.485420140554197e-05,7e267c0bf303542b
2,day2_n4_topk_seed43,43,155,3,False,False,True,0.8584,0.0,-0.18737794,-0.009151347,5.414881698584395e-08,4.6790577471256256e-05,4.6790602937107906e-05,7e267c0bf303542b
2,day2_n4_topk_seed43,43,156,0,False,False,True,0.858,0.0,-0.012996428,-0.037318364,-7.429736825770306e-08,3.834219023701735e-05,3.834226299659349e-05,7e267c0bf303542b
2,day2_n4_topk_seed43,43,156,1,False,False,True,0.8624,0.0,-0.026290676,-0.15039922,-4.304192913195948e-08,4.1189807234331965e-05,4.1189825424226e-05,7e267c0bf303542b
2,day2_n4_topk_seed43,43,156,2,False,False,True,0.8626,0.0,-0.13191952,0.12066788,-5.2976840692053884e-08,4.590227035805583e-05,4.590229946188629e-05,7e267c0bf303542b
2,day2_n4_topk_seed43,43,156,3,False,False,True,0.862,0.0,0.17120661,0.06704965,1.5532647168470248e-08,4.705788887804374e-05,4.705788887804374e-05,7e267c0bf303542b
2,day2_n4_topk_seed43,43,157,0,False,False,True,0.8594,0.0,0.037473127,-0.019081505,-3.9286277342398535e-08,4.0824070310918614e-05,4.082408850081265e-05,7e267c0bf303542b
2,day2_n4_topk_seed43,43,157,1,False,False,True,0.86,0.0,0.074879244,-0.14241329,-1.4771346812381125e-08,4.259647903381847e-05,4.2596482671797276e-05,7e267c0bf303542b
2,day2_n4_topk_seed43,43,157,2,False,False,True,0.8624,0.0,0.07554935,0.15837488,-2.3384822966932006e-08,4.4667864131042734e-05,4.4667864131042734e-05,7e267c0bf303542b
2,day2_n4_topk_seed43,43,157,3,False,False,True,0.8632,0.0,-0.18790181,0.0031201225,8.590691180643262e-08,4.70317572762724e-05,4.703183367382735e-05,7e267c0bf303542b
2,day2_n4_topk_seed43,43,158,0,False,False,True,0.8594,0.0,-0.02702731,-0.053736184,-1.3837710355346644e-07,4.053874363307841e-05,4.0538976463722065e-05,7e267c0bf303542b
2,day2_n4_topk_seed43,43,158,1,False,False,True,0.8612,0.0,-0.037022203,-0.13940115,3.6029302208362424e-08,4.2772546294145286e-05,4.277255720808171e-05,7e267c0bf303542b
2,day2_n4_topk_seed43,43,158,2,False,False,True,0.8586,0.0,-0.117899135,0.13925186,2.1900763869098228e-08,4.4556694774655625e-05,4.455670205061324e-05,7e267c0bf303542b
2,day2_n4_topk_seed43,43,158,3,False,False,True,0.859,0.0,0.18194866,0.05388547,8.781879756725175e-08,4.638457903638482e-05,4.638465907191858e-05,7e267c0bf303542b
2,day2_n4_topk_seed43,43,159,0,False,False,True,0.8578,0.0,-0.023647603,-0.027567538,-1.1453577286602012e-07,3.924971315427683e-05,3.924987686332315e-05,7e267c0bf303542b
2,day2_n4_topk_seed43,43,159,1,False,False,True,0.8608,0.0,-0.07285268,-0.14363217,-1.019053641471146e-08,4.2898900574073195e-05,4.2898900574073195e-05,7e267c0bf303542b
2,day2_n4_topk_seed43,43,159,2,False,False,True,0.8614,0.0,-0.09215136,0.1546029,-2.9126283607183723e-08,4.537040149443783e-05,4.537040877039544e-05,7e267c0bf303542b
2,day2_n4_topk_seed43,43,159,3,False,False,True,0.8594,0.0,0.18865152,0.016596608,1.3649150787387043e-07,4.738372808787972e-05,4.738392090075649e-05,7e267c0bf303542b
2,day2_n4_topk_seed43,43,160,0,False,False,True,0.8582,0.0,-0.034471914,-0.041072752,3.342998056155011e-08,4.2186798964394256e-05,4.2186813516309485e-05,7e267c0bf303542b
2,day2_n4_topk_seed43,43,160,1,False,False,True,0.8608,0.0,-0.08278179,-0.12659082,7.565713389112716e-09,4.2957442929036915e-05,4.295743929105811e-05,7e267c0bf303542b
2,day2_n4_topk_seed43,43,160,2,False,False,True,0.8622,0.0,-0.06850155,0.16927627,-6.355302417659914e-08,4.445879676495679e-05,4.445884042070247e-05,7e267c0bf303542b
2,day2_n4_topk_seed43,43,160,3,False,False,True,0.8578,0.0,0.18575531,-0.0016127848,2.5097321554312657e-08,4.6212673623813316e-05,4.621267726179212e-05,7e267c0bf303542b
2,day2_n4_topk_seed43,43,161,0,False,False,True,0.8598,0.0,-0.018580187,-0.04551385,-1.5667050945467054e-07,4.235002052155323e-05,4.2350307921878994e-05,7e267c0bf303542b
2,day2_n4_topk_seed43,43,161,1,False,False,True,0.8608,0.0,-0.022456273,-0.15180974,-2.7406409586205882e-08,4.216734305373393e-05,4.2167350329691544e-05,7e267c0bf303542b
2,day2_n4_topk_seed43,43,161,2,False,False,True,0.8602,0.0,-0.13559215,0.12525666,5.5929724851466744e-08,4.571399767883122e-05,4.571403405861929e-05,7e267c0bf303542b
2,day2_n4_topk_seed43,43,161,3,False,False,True,0.8622,0.0,0.17662857,0.072066925,-3.681925520027107e-08,4.752083259518258e-05,4.7520843509119004e-05,7e267c0bf303542b
2,day2_n4_topk_seed43,43,162,0,False,False,True,0.8622,0.0,-0.02324937,-0.074295595,-1.0666821026461548e-07,4.25201615144033e-05,4.252029611961916e-05,7e267c0bf303542b
2,day2_n4_topk_seed43,43,162,1,False,False,True,0.8612,0.0,-0.02782309,-0.13242573,-3.651480895427994e-08,4.141381577937864e-05,4.1413830331293866e-05,7e267c0bf303542b
2,day2_n4_topk_seed43,43,162,2,False,False,True,0.86,0.0,-0.13068114,0.13757798,-1.6097619948141073e-07,4.632698983186856e-05,4.6327269956236705e-05,7e267c0bf303542b
2,day2_n4_topk_seed43,43,162,3,False,False,True,0.8564,0.0,0.18175346,0.06914329,1.650900571803504e-08,4.753588291350752e-05,4.7535879275528714e-05,7e267c0bf303542b
2,day2_n4_topk_seed43,43,163,0,False,False,True,0.8612,0.0,0.018935062,0.07069153,-5.7427524069453284e-08,4.0626153349876404e-05,4.062619336764328e-05,7e267c0bf303542b
2,day2_n4_topk_seed43,43,163,1,False,False,True,0.8618,0.0,0.032875545,0.13900143,-5.680653103468103e-08,4.2500400013523176e-05,4.250043639331125e-05,7e267c0bf303542b
2,day2_n4_topk_seed43,43,163,2,False,False,True,0.8572,0.0,-0.18347219,-0.06886032,-3.954370342285074e-08,4.866540984949097e-05,4.86654244014062e-05,7e267c0bf303542b
2,day2_n4_topk_seed43,43,163,3,False,False,True,0.8574,0.0,0.13166171,-0.14083253,4.003125297913357e-08,4.8095444071805105e-05,4.809545862372033e-05,7e267c0bf303542b
2,day2_n4_topk_seed43,43,164,0,False,False,True,0.8592,0.0,0.0045634573,-0.06834226,-6.646626360407026e-08,4.1635415982455015e-05,4.163547055213712e-05,7e267c0bf303542b
2,day2_n4_topk_seed43,43,164,1,False,False,True,0.8602,0.0,0.016377848,-0.14811544,-8.152434816111054e-08,4.327965871198103e-05,4.327972783357836e-05,7e267c0bf303542b
2,day2_n4_topk_seed43,43,164,2,False,False,True,0.8604,0.0,0.15112041,0.123712674,-7.657090606016936e-08,4.791035098605789e-05,4.7910409193718806e-05,7e267c0bf303542b
2,day2_n4_topk_seed43,43,164,3,False,False,True,0.8588,0.0,-0.1720617,0.09274476,-6.8722583179692265e-09,4.939876453136094e-05,4.939876453136094e-05,7e267c0bf303542b
2,day2_n4_topk_seed43,43,165,0,False,False,True,0.8618,0.0,-0.045907184,-0.04910292,-1.0589346999267946e-07,4.248926416039467e-05,4.248939148965292e-05,7e267c0bf303542b
2,day2_n4_topk_seed43,43,165,1,False,False,True,0.8638,0.0,-0.06961469,-0.13378936,5.532642077810124e-08,4.306107803131454e-05,4.30611107731238e-05,7e267c0bf303542b
2,day2_n4_topk_seed43,43,165,2,False,False,True,0.8616,0.0,-0.084547974,0.16920625,-1.875902633230453e-08,4.630323383025825e-05,4.630323746823706e-05,7e267c0bf303542b
2,day2_n4_topk_seed43,43,165,3,False,False,True,0.8608,0.0,0.2000699,0.013686064,9.147526469632794e-08,4.987077772966586e-05,4.9870861403178424e-05,7e267c0bf303542b
2,day2_n4_topk_seed43,43,166,0,False,False,True,0.8608,0.0,-0.039383877,-0.046232052,-1.0044223586191947e-07,4.2495234083617106e-05,4.249535049893893e-05,7e267c0bf303542b
2,day2_n4_topk_seed43,43,166,1,False,False,True,0.8584,0.0,-0.07758709,-0.1377932,-5.642421285756427e-08,4.437114330357872e-05,4.437117604538798e-05,7e267c0bf303542b
2,day2_n4_topk_seed43,43,166,2,False,False,True,0.8572,0.0,-0.0852629,0.1729685,2.700280887779627e-08,4.792728941538371e-05,4.7927296691341326e-05,7e267c0bf303542b
2,day2_n4_topk_seed43,43,166,3,False,False,True,0.8628,0.0,0.20223367,0.011056637,9.324990557502133e-09,5.075061199022457e-05,5.075060835224576e-05,7e267c0bf303542b
2,day2_n4_topk_seed43,43,167,0,False,False,True,0.8596,0.0,-0.026113555,-0.05976524,-1.150811641537075e-07,4.24969221057836e-05,4.2497074900893494e-05,7e267c0bf303542b
2,day2_n4_topk_seed43,43,167,1,False,False,True,0.8614,0.0,-0.06696724,-0.14164564,-6.677716868352945e-08,4.5570512156700715e-05,4.557055945042521e-05,7e267c0bf303542b
2,day2_n4_topk_seed43,43,167,2,False,False,True,0.8602,0.0,-0.1069342,0.16723119,7.095066933970884e-08,4.8911242629401386e-05,4.891128992312588e-05,7e267c0bf303542b
2,day2_n4_topk_seed43,43,167,3,False,False,True,0.8626,0.0,0.2000149,0.034179628,5.645671308229794e-08,4.923339292872697e-05,4.923342203255743e-05,7e267c0bf303542b
2,day2_n4_topk_seed43,43,168,0,False,False,True,0.8598,0.0,0.013839937,0.03809055,-1.2944367711043014e-07,4.282420195522718e-05,4.2824398406082764e-05,7e267c0bf303542b
2,day2_n4_topk_seed43,43,168,1,False,False,True,0.8618,0.0,0.013509067,0.16625066,1.1293172619275538e-08,4.470654312171973e-05,4.470654312171973e-05,7e267c0bf303542b
2,day2_n4_topk_seed43,43,168,2,False,False,True,0.861,0.0,-0.17762654,-0.08519209,4.5607709608930236e-08,4.92523358843755e-05,4.925235407426953e-05,7e267c0bf303542b
2,day2_n4_topk_seed43,43,168,3,False,False,True,0.8596,0.0,0.15027739,-0.11914925,1.262231830168048e-08,4.759949297294952e-05,4.759949297294952e-05,7e267c0bf303542b
2,day2_n4_topk_seed43,43,169,0,False,False,True,0.8616,0.0,0.0052841017,-0.07547547,-1.2867147347606078e-07,4.323971370467916e-05,4.323990651755594e-05,7e267c0bf303542b
2,day2_n4_topk_seed43,43,169,1,False,False,True,0.862,0.0,-0.0059010317,-0.14613706,-3.840541396016306e-08,4.416145384311676e-05,4.416146839503199e-05,7e267c0bf303542b
2,day2_n4_topk_seed43,43,169,2,False,False,True,0.8618,0.0,0.16796018,0.10921986,-1.3398559417510114e-07,4.897515827906318e-05,4.8975340178003535e-05,7e267c0bf303542b
2,day2_n4_topk_seed43,43,169,3,False,False,True,0.861,0.0,-0.16734318,0.11239254,-1.860802889552815e-08,4.927691406919621e-05,4.9276917707175016e-05,7e267c0bf303542b
2,day2_n4_topk_seed43,43,170,0,False,False,True,0.8616,0.0,0.022102915,0.024049781,-8.65424638618606e-08,4.461518255993724e-05,4.461526987142861e-05,7e267c0bf303542b
2,day2_n4_topk_seed43,43,170,1,False,False,True,0.8622,0.0,0.03858141,0.17301019,3.68242609738445e-08,4.534939944278449e-05,4.534941035672091e-05,7e267c0bf303542b
2,day2_n4_topk_seed43,43,170,2,False,False,True,0.8624,0.0,0.13275036,-0.13895431,-3.9279257180169225e-08,4.875568993156776e-05,4.8755708121461794e-05,7e267c0bf303542b
2,day2_n4_topk_seed43,43,170,3,False,False,True,0.8584,0.0,-0.1934347,-0.05810585,-1.0289102014837681e-08,5.046193837188184e-05,5.046194200986065e-05,7e267c0bf303542b
2,day2_n4_topk_seed43,43,171,0,False,False,True,0.8614,0.0,-0.016651403,-0.06259387,-5.1890083341277204e-08,4.489923958317377e-05,4.4899265049025416e-05,7e267c0bf303542b
2,day2_n4_topk_seed43,43,171,1,False,False,True,0.8624,0.0,0.0043198406,-0.15607417,-1.5511036011162105e-08,4.526627526502125e-05,4.526627526502125e-05,7e267c0bf303542b
2,day2_n4_topk_seed43,43,171,2,False,False,True,0.863,0.0,-0.16327925,0.11439841,-4.4763890372223614e-08,4.8343885282520205e-05,4.834390711039305e-05,7e267c0bf303542b
2,day2_n4_topk_seed43,43,171,3,False,False,True,0.8616,0.0,0.17561089,0.10426931,4.477927006973914e-08,5.079867332824506e-05,5.0798691518139094e-05,7e267c0bf303542b
2,day2_n4_topk_seed43,43,172,0,False,False,True,0.8624,0.0,-0.058341257,0.11803558,-1.9345840485129884e-07,4.6847519115544856e-05,4.6847919293213636e-05,7e267c0bf303542b
2,day2_n4_topk_seed43,43,172,1,False,False,True,0.862,0.0,-0.045741793,0.086145565,-1.1337120753296404e-07,4.419564356794581e-05,4.4195785449119285e-05,7e267c0bf303542b
2,day2_n4_topk_seed43,43,172,2,False,False,True,0.8614,0.0,-0.10217198,-0.17164572,-1.289880469101945e-08,4.718440322903916e-05,4.718440322903916e-05,7e267c0bf303542b
2,day2_n4_topk_seed43,43,172,3,False,False,True,0.863,0.0,0.206255,-0.032535385,-1.739103971942768e-08,5.2283521654317155e-05,5.2283521654317155e-05,7e267c0bf303542b
2,day2_n4_topk_seed43,43,173,0,False,False,True,0.8602,0.0,-0.017043075,-0.02799004,-9.057352201580215e-08,4.352955875219777e-05,4.352964970166795e-05,7e267c0bf303542b
2,day2_n4_topk_seed43,43,173,1,False,False,True,0.8618,0.0,-0.055098485,-0.16572097,3.8872420837776644e-09,4.601082764565945e-05,4.601082764565945e-05,7e267c0bf303542b
2,day2_n4_topk_seed43,43,173,2,False,False,True,0.8608,0.0,-0.12504789,0.14835574,8.515424476662758e-10,4.886728129349649e-05,4.886728129349649e-05,7e267c0bf303542b
2,day2_n4_topk_seed43,43,173,3,False,False,True,0.861,0.0,0.19718932,0.045355204,8.588935429543199e-08,4.9687652790453285e-05,4.968772555002943e-05,7e267c0bf303542b
2,day2_n4_topk_seed43,43,174,0,False,False,True,0.8626,0.0,-0.010251569,-0.08222706,-8.974573972864164e-08,4.414874638314359e-05,4.414883369463496e-05,7e267c0bf303542b
2,day2_n4_topk_seed43,43,174,1,False,False,True,0.862,0.0,-0.01786611,-0.14200759,3.738983878065483e-08,4.4177286326885223e-05,4.4177297240821645e-05,7e267c0bf303542b
2,day2_n4_topk_seed43,43,174,2,False,False,True,0.8612,0.0,-0.15583508,0.1313427,-1.718898268165958e-08,4.95807544211857e-05,4.95807544211857e-05,7e267c0bf303542b
2,day2_n4_topk_seed43,43,174,3,False,False,True,0.859,0.0,0.1839528,0.09289188,2.294510137446082e-09,4.9616675823926926e-05,4.961667218594812e-05,7e267c0bf303542b
2,day2_n4_topk_seed43,43,175,0,False,False,True,0.8624,0.0,-0.029176349,-0.06913694,-1.3501386320058373e-07,4.398051532916725e-05,4.3980719055980444e-05,7e267c0bf303542b
2,day2_n4_topk_seed43,43,175,1,False,False,True,0.8624,0.0,-0.04106917,-0.14844789,-9.260240574349154e-08,4.5400152885122225e-05,4.54002438345924e-05,7e267c0bf303542b
2,day2_n4_topk_seed43,43,175,2,False,False,True,0.859,0.0,-0.13171443,0.15601198,3.571917872591257e-08,4.969553629052825e-05,4.969555084244348e-05,7e267c0bf303542b
2,day2_n4_topk_seed43,43,175,3,False,False,True,0.859,0.0,0.20195992,0.061572816,1.4482415622296685e-07,5.204776971368119e-05,5.2047966164536774e-05,7e267c0bf303542b
2,day2_n4_topk_seed43,43,176,0,False,False,True,0.8594,0.0,0.030633565,0.086941116,-1.5469037606408165e-08,4.333558536018245e-05,4.333558536018245e-05,7e267c0bf303542b
2,day2_n4_topk_seed43,43,176,1,False,False,True,0.8604,0.0,0.04500303,0.13356704,5.509112277479744e-09,4.480357893044129e-05,4.480357893044129e-05,7e267c0bf303542b
2,day2_n4_topk_seed43,43,176,2,False,False,True,0.8596,0.0,0.13363275,-0.1598703,-2.6448368828368984e-08,5.126785981701687e-05,5.126785981701687e-05,7e267c0bf303542b
2,day2_n4_topk_seed43,43,176,3,False,False,True,0.8578,0.0,-0.20926924,-0.060638037,1.7683932540535352e-08,5.416715066530742e-05,5.416715066530742e-05,7e267c0bf303542b
2,day2_n4_topk_seed43,43,177,0,False,False,True,0.8606,0.0,-0.026351012,-0.08317403,-1.3658033992669516e-07,4.536167034530081e-05,4.5361874072114006e-05,7e267c0bf303542b
2,day2_n4_topk_seed43,43,177,1,False,False,True,0.8624,0.0,-0.049078554,-0.13926539,-4.299091926895926e-08,4.581173197948374e-05,4.5811750169377774e-05,7e267c0bf303542b
2,day2_n4_topk_seed43,43,177,2,False,False,True,0.8598,0.0,-0.13314345,0.16218556,-9.358303287854142e-08,5.077707828604616e-05,5.077716559753753e-05,7e267c0bf303542b
2,day2_n4_topk_seed43,43,177,3,False,False,True,0.8608,0.0,0.20857304,0.06025362,4.3296804363990304e-08,5.369655991671607e-05,5.3696578106610104e-05,7e267c0bf303542b
2,day2_n4_topk_seed43,43,178,0,False,False,True,0.859,0.0,-0.026991557,-0.0726376,-1.43851636380532e-07,4.591213655658066e-05,4.5912358473287895e-05,7e267c0bf303542b
2,day2_n4_topk_seed43,43,178,1,False,False,True,0.8628,0.0,-0.038113475,-0.14639111,-1.0869278810332617e-07,4.54167602583766e-05,4.5416891225613654e-05,7e267c0bf303542b
2,day2_n4_topk_seed43,43,178,2,False,False,True,0.8622,0.0,-0.13647689,0.15290919,-4.689014332370789e-08,5.054003850091249e-05,5.054005669080652e-05,7e267c0bf303542b
2,day2_n4_topk_seed43,43,178,3,False,False,True,0.8604,0.0,0.20158193,0.0661195,5.2729525634731544e-08,5.112444705446251e-05,5.112446888233535e-05,7e267c0bf303542b
2,day2_n4_topk_seed43,43,179,0,False,False,True,0.86,0.0,-0.027357072,0.092753366,-8.852818211835256e-08,4.6936871513025835e-05,4.693695154855959e-05,7e267c0bf303542b
2,day2_n4_topk_seed43,43,179,1,False,False,True,0.8616,0.0,-0.041544273,0.13540046,-8.861866973575161e-08,4.658949183067307e-05,4.6589571866206825e-05,7e267c0bf303542b
2,day2_n4_topk_seed43,43,179,2,False,False,True,0.8612,0.0,-0.13703373,-0.16079444,8.609355894861892e-09,5.056741429143585e-05,5.056741429143585e-05,7e267c0bf303542b
2,day2_n4_topk_seed43,43,179,3,False,False,True,0.8592,0.0,0.20593502,-0.06735953,3.393609304680467e-08,5.3514104365604e-05,5.351411164156161e-05,7e267c0bf303542b
2,day2_n4_topk_seed43,43,180,0,False,False,True,0.8608,0.0,-0.024361683,-0.067305036,-5.90430886404647e-08,4.732624802272767e-05,4.732628440251574e-05,7e267c0bf303542b
2,day2_n4_topk_seed43,43,180,1,False,False,True,0.8618,0.0,-0.038346037,-0.15860158,2.0378058351866457e-08,4.674447700381279e-05,4.67444806417916e-05,7e267c0bf303542b
2,day2_n4_topk_seed43,43,180,2,False,False,True,0.8616,0.0,-0.14309172,0.15538624,1.5859811242080468e-08,5.0967024435522035e-05,5.0967024435522035e-05,7e267c0bf303542b
2,day2_n4_topk_seed43,43,180,3,False,False,True,0.8606,0.0,0.20579958,0.07052043,-1.4017505378660644e-08,5.409960067481734e-05,5.409960067481734e-05,7e267c0bf303542b
2,day2_n4_topk_seed43,43,181,0,False,False,True,0.8636,0.0,-0.0418341,0.11871005,-8.132883522193879e-08,4.875901868217625e-05,4.8759084165794775e-05,7e267c0bf303542b
2,day2_n4_topk_seed43,43,181,1,False,False,True,0.8614,0.0,-0.07667829,0.09107316,1.593358867069128e-08,4.6335488150361925e-05,4.6335488150361925e-05,7e267c0bf303542b
2,day2_n4_topk_seed43,43,181,2,False,False,True,0.8614,0.0,-0.09877045,-0.1820319,-8.92744296265846e-08,4.919798084301874e-05,4.919805724057369e-05,7e267c0bf303542b
2,day2_n4_topk_seed43,43,181,3,False,False,True,0.862,0.0,0.21728271,-0.027751429,1.745596378555092e-08,5.46141091035679e-05,5.46141091035679e-05,7e267c0bf303542b
2,day2_n4_topk_seed43,43,182,0,False,False,True,0.8612,0.0,-0.031159326,-0.08073966,1.2137299165715376e-08,4.6242883399827406e-05,4.6242883399827406e-05,7e267c0bf303542b
2,day2_n4_topk_seed43,43,182,1,False,False,True,0.8622,0.0,-0.050313,-0.14012127,-7.725307682449056e-08,4.706852632807568e-05,4.70685881737154e-05,7e267c0bf303542b
2,day2_n4_topk_seed43,43,182,2,False,False,True,0.8618,0.0,-0.12508833,0.16640155,3.7062058311221335e-08,5.0192753406008705e-05,5.019276431994513e-05,7e267c0bf303542b
2,day2_n4_topk_seed43,43,182,3,False,False,True,0.8596,0.0,0.20656067,0.054459453,7.65731034135797e-09,5.202600732445717e-05,5.202600732445717e-05,7e267c0bf303542b
2,day2_n4_topk_seed43,43,183,0,False,False,True,0.861,0.0,0.03820859,-0.09439949,-9.26461538597323e-08,4.6871649828972295e-05,4.687174077844247e-05,7e267c0bf303542b
2,day2_n4_topk_seed43,43,183,1,False,False,True,0.8622,0.0,0.07020636,-0.11732364,-1.0838750341690684e-08,4.566064308164641e-05,4.566064308164641e-05,7e267c0bf303542b
2,day2_n4_topk_seed43,43,183,2,False,False,True,0.862,0.0,0.10695293,0.17821403,-3.929100245159134e-08,4.951294613420032e-05,4.951295704813674e-05,7e267c0bf303542b
2,day2_n4_topk_seed43,43,183,3,False,False,True,0.8614,0.0,-0.21536796,0.033509035,1.731526140247297e-07,5.4238142183749005e-05,5.423842230811715e-05,7e267c0bf303542b
2,day2_n4_topk_seed43,43,184,0,False,False,True,0.8606,0.0,-0.05092714,-0.04683149,-8.992680022856803e-08,4.673379589803517e-05,4.673387957154773e-05,7e267c0bf303542b
2,day2_n4_topk_seed43,43,184,1,False,False,True,0.8606,0.0,-0.09943028,-0.13597964,-1.700268903448432e-08,4.724190148408525e-05,4.724190148408525e-05,7e267c0bf303542b
2,day2_n4_topk_seed43,43,184,2,False,False,True,0.8594,0.0,-0.06786916,0.19503875,3.390271885450602e-08,5.03860464959871e-05,5.038606104790233e-05,7e267c0bf303542b
2,day2_n4_topk_seed43,43,184,3,False,False,True,0.8578,0.0,0.21822648,-0.012227508,1.087362377916179e-07,5.44510294275824e-05,5.4451131290989e-05,7e267c0bf303542b
2,day2_n4_topk_seed43,43,185,0,False,False,True,0.863,0.0,-0.037039045,-0.05662014,-1.7613171365837843e-08,4.6384575398406014e-05,4.6384575398406014e-05,7e267c0bf303542b
2,day2_n4_topk_seed43,43,185,1,False,False,True,0.8634,0.0,-0.06358531,-0.15560998,2.0702983771769823e-09,4.7389221435878426e-05,4.7389221435878426e-05,7e267c0bf303542b
2,day2_n4_topk_seed43,43,185,2,False,False,True,0.8626,0.0,-0.118364826,0.17331283,-8.081825875194681e-09,5.136411709827371e-05,5.136411709827371e-05,7e267c0bf303542b
2,day2_n4_topk_seed43,43,185,3,False,False,True,0.8586,0.0,0.21898918,0.038917363,3.019861694042447e-08,5.5202675866894424e-05,5.520268314285204e-05,7e267c0bf303542b
2,day2_n4_topk_seed43,43,186,0,False,False,True,0.8604,0.0,-0.040560775,-0.07814061,-1.6488012022364273e-07,4.648929098038934e-05,4.648958201869391e-05,7e267c0bf303542b
2,day2_n4_topk_seed43,43,186,1,False,False,True,0.8624,0.0,-0.054251704,-0.1454746,-3.835721429368277e-08,4.726936822407879e-05,4.726938277599402e-05,7e267c0bf303542b
2,day2_n4_topk_seed43,43,186,2,False,False,True,0.8602,0.0,-0.12911874,0.17316559,-3.773905277171252e-08,5.218219303060323e-05,5.2182200306560844e-05,7e267c0bf303542b
2,day2_n4_topk_seed43,43,186,3,False,False,True,0.8624,0.0,0.22393098,0.050449632,3.43680888192921e-08,5.725305891246535e-05,5.725306982640177e-05,7e267c0bf303542b
2,day2_n4_topk_seed43,43,187,0,False,False,True,0.8622,0.0,0.025777005,-0.1037709,-6.847572109336397e-08,4.764295954373665e-05,4.7643006837461144e-05,7e267c0bf303542b
2,day2_n4_topk_seed43,43,187,1,False,False,True,0.8626,0.0,0.05423539,-0.12953338,-3.891913635811761e-08,4.7175417421385646e-05,4.7175431973300874e-05,7e267c0bf303542b
2,day2_n4_topk_seed43,43,187,2,False,False,True,0.863,0.0,0.13255437,0.17180315,9.387490784718011e-09,5.35034341737628e-05,5.35034341737628e-05,7e267c0bf303542b
2,day2_n4_topk_seed43,43,187,3,False,False,True,0.8622,0.0,-0.21256672,0.06150098,-6.880595293523584e-08,5.4320989875122905e-05,5.432102989288978e-05,7e267c0bf303542b
2,day2_n4_topk_seed43,43,188,0,False,False,True,0.8606,0.0,0.026305256,-0.11544428,-8.925788108626875e-08,4.884226291324012e-05,4.8842342948773876e-05,7e267c0bf303542b
2,day2_n4_topk_seed43,43,188,1,False,False,True,0.8616,0.0,0.045621295,-0.12126745,-3.2458189025419415e-08,4.646722663892433e-05,4.6467233914881945e-05,7e267c0bf303542b
2,day2_n4_topk_seed43,43,188,2,False,False,True,0.8626,0.0,0.14388599,0.16584596,-8.199896939231621e-08,5.261281694401987e-05,5.26128824276384e-05,7e267c0bf303542b
2,day2_n4_topk_seed43,43,188,3,False,False,True,0.86,0.0,-0.21581262,0.07086583,5.280079662384196e-08,5.6096094340318814e-05,5.6096116168191656e-05,7e267c0bf303542b
2,day2_n4_topk_seed43,43,189,0,False,False,True,0.8606,0.0,0.044508614,-0.09936998,-1.5958922006120702e-07,4.8572310333838686e-05,4.857256863033399e-05,7e267c0bf303542b
2,day2_n4_topk_seed43,43,189,1,False,False,True,0.8614,0.0,0.028697241,-0.13608402,-4.719423429833114e-08,4.7347668441943824e-05,4.734769026981667e-05,7e267c0bf303542b
2,day2_n4_topk_seed43,43,189,2,False,False,True,0.8636,0.0,0.14410488,0.16461585,3.627787137361338e-08,5.272238558973186e-05,5.2722400141647086e-05,7e267c0bf303542b
2,day2_n4_topk_seed43,43,189,3,False,False,True,0.8602,0.0,-0.21731073,0.07083814,9.684836044243639e-09,5.653703192365356e-05,5.653702828567475e-05,7e267c0bf303542b
2,day2_n4_topk_seed43,43,190,0,False,False,True,0.863,0.0,0.05208824,-0.09293688,-3.510892199187765e-08,4.9438287533121184e-05,4.943830208503641e-05,7e267c0bf303542b
2,day2_n4_topk_seed43,43,190,1,False,False,True,0.8616,0.0,0.061388742,-0.13118583,-8.69550902393712e-08,4.816812361241318e-05,4.816820000996813e-05,7e267c0bf303542b
2,day2_n4_topk_seed43,43,190,2,False,False,True,0.8614,0.0,0.11395369,0.18708128,-2.7640940647444268e-09,5.246150976745412e-05,5.246150612947531e-05,7e267c0bf303542b
2,day2_n4_topk_seed43,43,190,3,False,False,True,0.8612,0.0,-0.2274307,0.03704142,6.078626313410496e-08,5.735198283218779e-05,5.7352011936018243e-05,7e267c0bf303542b
2,day2_n4_topk_seed43,43,191,0,False,False,True,0.8634,0.0,0.046310365,-0.065261416,-1.2827477746668592e-07,4.909762355964631e-05,4.9097790906671435e-05,7e267c0bf303542b
2,day2_n4_topk_seed43,43,191,1,False,False,True,0.8624,0.0,0.05831477,-0.15930995,-3.1456881544045245e-08,4.8256035370286554e-05,4.8256046284222975e-05,7e267c0bf303542b
2,day2_n4_topk_seed43,43,191,2,False,False,True,0.8626,0.0,0.12687756,0.17942183,1.0028232821923666e-07,5.421667083282955e-05,5.421676178229973e-05,7e267c0bf303542b
2,day2_n4_topk_seed43,43,191,3,False,False,True,0.8618,0.0,-0.23150255,0.045149356,8.467743128903749e-08,5.889013482374139e-05,5.88901893934235e-05,7e267c0bf303542b
2,day2_n4_topk_seed43,43,192,0,False,False,True,0.8628,0.0,0.040783525,-0.0963497,-9.728804428732474e-08,4.807527147931978e-05,4.8075366066768765e-05,7e267c0bf303542b
2,day2_n4_topk_seed43,43,192,1,False,False,True,0.8628,0.0,0.090124,-0.12192508,-3.601232023697776e-08,5.012953624827787e-05,5.01295508001931e-05,7e267c0bf303542b
2,day2_n4_topk_seed43,43,192,2,False,False,True,0.8624,0.0,0.10208523,0.19629543,1.3064695281173044e-07,5.2520779718179256e-05,5.2520943427225575e-05,7e267c0bf303542b
2,day2_n4_topk_seed43,43,192,3,False,False,True,0.8614,0.0,-0.23299275,0.021979216,1.3408789634183904e-08,5.849896479048766e-05,5.8498961152508855e-05,7e267c0bf303542b
2,day2_n4_topk_seed43,43,193,0,False,False,True,0.8628,0.0,0.046317715,-0.058017362,-1.2724754583359754e-07,4.6662426029797643e-05,4.666259701480158e-05,7e267c0bf303542b
2,day2_n4_topk_seed43,43,193,1,False,False,True,0.8594,0.0,0.07029232,-0.15957657,1.190430864994596e-07,4.9605205276748165e-05,4.960534715792164e-05,7e267c0bf303542b
2,day2_n4_topk_seed43,43,193,2,False,False,True,0.8606,0.0,0.11925656,0.18367553,1.2348517763882683e-08,5.365882316255011e-05,5.365882316255011e-05,7e267c0bf303542b
2,day2_n4_topk_seed43,43,193,3,False,False,True,0.8584,0.0,-0.23586658,0.033918634,3.008142712701556e-08,5.9903733927058056e-05,5.990373756503686e-05,7e267c0bf303542b
2,day2_n4_topk_seed43,43,194,0,False,False,True,0.863,0.0,-0.04464439,0.08332763,-5.4669815341412686e-08,4.731985609396361e-05,4.7319885197794065e-05,7e267c0bf303542b
2,day2_n4_topk_seed43,43,194,1,False,False,True,0.8642,0.0,-0.066842094,0.14313799,2.9208326424168263e-08,4.96818647661712e-05,4.968186840415001e-05,7e267c0bf303542b
2,day2_n4_topk_seed43,43,194,2,False,False,True,0.8616,0.0,-0.12358608,-0.18547887,-5.766079280711267e-10,5.314392183208838e-05,5.3143918194109574e-05,7e267c0bf303542b
2,day2_n4_topk_seed43,43,194,3,False,False,True,0.8594,0.0,0.23507266,-0.04098668,7.724835882072512e-08,6.026675328030251e-05,6.0266800574027e-05,7e267c0bf303542b
2,day2_n4_topk_seed43,43,195,0,False,False,True,0.8614,0.0,0.034213297,-0.102138944,-5.1386479071879876e-08,4.831431579077616e-05,4.831434125662781e-05,7e267c0bf303542b
2,day2_n4_topk_seed43,43,195,1,False,False,True,0.8612,0.0,0.06958884,-0.13571858,-9.771467546215717e-08,5.007984509575181e-05,5.007993240724318e-05,7e267c0bf303542b
2,day2_n4_topk_seed43,43,195,2,False,False,True,0.8616,0.0,0.13285,0.18735625,-2.2634468521687268e-08,5.550801506615244e-05,5.5508018704131246e-05,7e267c0bf303542b
2,day2_n4_topk_seed43,43,195,3,False,False,True,0.864,0.0,-0.23665224,0.050501384,-4.8702261778998945e-08,6.092502371757291e-05,6.092503826948814e-05,7e267c0bf303542b
2,day2_n4_topk_seed43,43,196,0,False,False,True,0.8636,0.0,-0.04203353,0.08813236,-1.361130586019499e-07,4.885819726041518e-05,4.885838279733434e-05,7e267c0bf303542b
2,day2_n4_topk_seed43,43,196,1,False,False,True,0.8634,0.0,-0.069383435,0.13968866,-3.163027884056646e-08,5.0653885409701616e-05,5.065389632363804e-05,7e267c0bf303542b
2,day2_n4_topk_seed43,43,196,2,False,False,True,0.8602,0.0,-0.12272176,-0.18701506,4.3417614392637915e-08,5.354387030820362e-05,5.354388486011885e-05,7e267c0bf303542b
2,day2_n4_topk_seed43,43,196,3,False,False,True,0.862,0.0,0.23413879,-0.040805858,8.142763618934623e-08,5.797864287160337e-05,5.797869380330667e-05,7e267c0bf303542b
2,day2_n4_topk_seed43,43,197,0,False,False,True,0.8642,0.0,-0.049164202,-0.068802044,-1.7528185480841785e-07,4.804831405635923e-05,4.804863056051545e-05,7e267c0bf303542b
2,day2_n4_topk_seed43,43,197,1,False,False,True,0.864,0.0,-0.068306334,-0.15724756,-1.0598060384836572e-07,4.996070856577717e-05,4.996081770514138e-05,7e267c0bf303542b
2,day2_n4_topk_seed43,43,197,2,False,False,True,0.8618,0.0,-0.12359753,0.18816394,-7.783861377674839e-08,5.509464244823903e-05,5.509468974196352e-05,7e267c0bf303542b
2,day2_n4_topk_seed43,43,197,3,False,False,True,0.8606,0.0,0.24106795,0.0378856,-2.374511964831072e-08,6.069059963920154e-05,6.069059963920154e-05,7e267c0bf303542b
2,day2_n4_topk_seed43,43,198,0,False,False,True,0.8624,0.0,0.05072528,-0.11000732,1.4368903400452382e-08,4.878111576545052e-05,4.878111940342933e-05,7e267c0bf303542b
2,day2_n4_topk_seed43,43,198,1,False,False,True,0.8624,0.0,0.04735762,-0.1308177,5.373701483790683e-08,4.982859536539763e-05,4.982862446922809e-05,7e267c0bf303542b
2,day2_n4_topk_seed43,43,198,2,False,False,True,0.863,0.0,0.13609757,0.18410997,3.133804682420305e-08,5.600885924650356e-05,5.600886288448237e-05,7e267c0bf303542b
2,day2_n4_topk_seed43,43,198,3,False,False,True,0.866,0.0,-0.23418029,0.05671507,4.229571359815054e-09,6.056800339138135e-05,6.0567999753402546e-05,7e267c0bf303542b
2,day2_n4_topk_seed43,43,199,0,False,False,True,0.8628,0.0,0.054240048,-0.10903464,-3.0158204822328116e-08,4.967472705175169e-05,4.9674730689730495e-05,7e267c0bf303542b
2,day2_n4_topk_seed43,43,199,1,False,False,True,0.8654,0.0,0.06268165,-0.12137682,-8.119107164361594e-09,4.9981703341472894e-05,4.998169970349409e-05,7e267c0bf303542b
2,day2_n4_topk_seed43,43,199,2,False,False,True,0.8646,0.0,0.11586917,0.19262259,1.1406243061173882e-08,5.394166873884387e-05,5.394166873884387e-05,7e267c0bf303542b
2,day2_n4_topk_seed43,43,199,3,False,False,True,0.862,0.0,-0.23279093,0.03778874,3.996657227389733e-08,5.7194421970052645e-05,5.719442924601026e-05,7e267c0bf303542b
2,day2_n4_topk_seed43,43,200,0,False,False,True,0.8656,0.0,0.045085493,-0.10531166,-9.93644775348912e-08,4.942778832628392e-05,4.94278829137329e-05,7e267c0bf303542b
2,day2_n4_topk_seed43,43,200,1,False,False,True,0.864,0.0,0.05256347,-0.13476215,-1.7503859472967065e-09,4.873428406426683e-05,4.8734280426288024e-05,7e267c0bf303542b
2,day2_n4_topk_seed43,43,200,2,False,False,True,0.8628,0.0,0.13553645,0.18391433,3.289021677232995e-08,5.440748282126151e-05,5.4407490097219124e-05,7e267c0bf303542b
2,day2_n4_topk_seed43,43,200,3,False,False,True,0.8616,0.0,-0.23318529,0.056159254,9.6271932648051e-08,5.921299816691317e-05,5.9213074564468116e-05,7e267c0bf303542b
