day,run_name,seed,epoch,worker_id,is_malicious,is_flagged,is_accepted,validation_acc,detector_score,projection_1,projection_2,update_mean,update_std,update_rms,config_hash
2,day2_n4_softmax_seed44,44,1,0,False,False,True,0.1166,0.0,-154.89636,-105.60146,0.00025046750670298934,0.09045900404453278,0.09045935422182083,7e267c0bf303542b
2,day2_n4_softmax_seed44,44,1,1,False,False,True,0.0974,0.0,-189.79434,-253.95888,0.0006876503466628492,0.08688446134328842,0.0868871733546257,7e267c0bf303542b
2,day2_n4_softmax_seed44,44,1,2,False,False,True,0.1288,0.0,507.1645,-9.166249,0.0004402190388645977,0.127999946475029,0.12800069153308868,7e267c0bf303542b
2,day2_n4_softmax_seed44,44,1,3,False,False,True,0.1388,0.0,-162.47386,368.72653,0.00034723823773674667,0.09830879420042038,0.09830939769744873,7e267c0bf303542b
2,day2_n4_softmax_seed44,44,2,0,False,False,True,0.1466,0.0,49.72941,-56.313297,-0.00040412877569906414,0.018434567376971245,0.018438996747136116,7e267c0bf303542b
2,day2_n4_softmax_seed44,44,2,1,False,False,True,0.1578,0.0,24.604052,30.127327,-0.0002505095035303384,0.012656401842832565,0.012658881023526192,7e267c0bf303542b
2,day2_n4_softmax_seed44,44,2,2,False,False,True,0.1532,0.0,-99.95842,-11.053643,-0.0002845406415872276,0.027133189141750336,0.02713468112051487,7e267c0bf303542b
2,day2_n4_softmax_seed44,44,2,3,False,False,True,0.179,0.0,25.625105,37.239582,-0.00023228461213875562,0.0140917943790555,0.01409370917826891,7e267c0bf303542b
2,day2_n4_softmax_seed44,44,3,0,False,False,True,0.1578,0.0,-4.0751247,-10.773161,-5.52087694813963e-05,0.004300427157431841,0.004300781525671482,7e267c0bf303542b
2,day2_n4_softmax_seed44,44,3,1,False,False,True,0.157,0.0,-18.650263,13.71454,-8.22286747279577e-05,0.006217742804437876,0.0062182871624827385,7e267c0bf303542b
2,day2_n4_softmax_seed44,44,3,2,False,False,True,0.188,0.0,26.27436,6.754382,-7.733766688033938e-05,0.007776757702231407,0.007777142338454723,7e267c0bf303542b
2,day2_n4_softmax_seed44,44,3,3,False,False,True,0.1954,0.0,-3.5490017,-9.695879,-0.00012442460865713656,0.004858422093093395,0.004860015586018562,7e267c0bf303542b
2,day2_n4_softmax_seed44,44,4,0,False,False,True,0.1998,0.0,8.31752,-0.052336928,-6.699675577692688e-05,0.0036865125875920057,0.0036871214397251606,7e267c0bf303542b
2,day2_n4_softmax_seed44,44,4,1,False,False,True,0.204,0.0,-2.8620267,-5.261972,-5.134557432029396e-05,0.0030744075775146484,0.003074836218729615,7e267c0bf303542b
2,day2_n4_softmax_seed44,44,4,2,False,False,True,0.1812,0.0,-2.1635284,2.5433035,-5.192074604565278e-05,0.0031403617467731237,0.0031407910864800215,7e267c0bf303542b
2,day2_n4_softmax_seed44,44,4,3,False,False,True,0.1834,0.0,-3.291976,2.7710044,-5.2327966841403395e-05,0.003123209811747074,0.0031236479990184307,7e267c0bf303542b
2,day2_n4_softmax_seed44,44,5,0,False,False,True,0.2338,0.0,2.4158707,-1.3933829,-3.936098437407054e-05,0.0027821080293506384,0.0027823864948004484,7e267c0bf303542b
2,day2_n4_softmax_seed44,44,5,1,False,False,True,0.2256,0.0,0.32901493,0.27582297,-4.1634917579358444e-05,0.0027543094474822283,0.0027546242345124483,7e267c0bf303542b
2,day2_n4_softmax_seed44,44,5,2,False,False,True,0.2184,0.0,-2.5868208,-1.4213536,-4.623919812729582e-05,0.0027765831910073757,0.002776968525722623,7e267c0bf303542b
2,day2_n4_softmax_seed44,44,5,3,False,False,True,0.2284,0.0,-0.15806141,2.5389152,-3.9758815546520054e-05,0.0027598803862929344,0.0027601667679846287,7e267c0bf303542b
2,day2_n4_softmax_seed44,44,6,0,False,False,True,0.2762,0.0,0.2856498,2.35782,-4.15091089962516e-05,0.002641519997268915,0.0026418461930006742,7e267c0bf303542b
2,day2_n4_softmax_seed44,44,6,1,False,False,True,0.2744,0.0,-2.5601823,-0.5759166,-4.494602035265416e-05,0.0026556665543466806,0.002656046999618411,7e267c0bf303542b
2,day2_n4_softmax_seed44,44,6,2,False,False,True,0.2492,0.0,1.5809128,-1.027845,-3.6513250961434096e-05,0.0026411800645291805,0.0026414324529469013,7e267c0bf303542b
2,day2_n4_softmax_seed44,44,6,3,False,False,True,0.256,0.0,0.69362235,-0.7540549,-4.093805546290241e-05,0.002626864006742835,0.002627182751893997,7e267c0bf303542b
2,day2_n4_softmax_seed44,44,7,0,False,False,True,0.296,0.0,2.3136377,-0.35179493,-4.238715337123722e-05,0.002541452646255493,0.0025418060831725597,7e267c0bf303542b
2,day2_n4_softmax_seed44,44,7,1,False,False,True,0.2914,0.0,-1.0484121,-1.052047,-4.011243800050579e-05,0.0025361147709190845,0.0025364321190863848,7e267c0bf303542b
2,day2_n4_softmax_seed44,44,7,2,False,False,True,0.2956,0.0,-0.440451,2.260598,-4.279135828255676e-05,0.0025385338813066483,0.0025388943031430244,7e267c0bf303542b
2,day2_n4_softmax_seed44,44,7,3,False,False,True,0.2798,0.0,-0.8247749,-0.8567557,-4.054416422150098e-05,0.0025304306764155626,0.0025307554751634598,7e267c0bf303542b
2,day2_n4_softmax_seed44,44,8,0,False,False,True,0.3176,0.0,-1.2297528,1.3779651,-4.0398248529527336e-05,0.002432531677186489,0.0024328669533133507,7e267c0bf303542b
2,day2_n4_softmax_seed44,44,8,1,False,False,True,0.3108,0.0,-0.44057423,0.5597346,-3.996114537585527e-05,0.0024261607322841883,0.002426489721983671,7e267c0bf303542b
2,day2_n4_softmax_seed44,44,8,2,False,False,True,0.312,0.0,-0.6217131,-2.1904533,-3.8236867112573236e-05,0.0024377142544835806,0.0024380141403526068,7e267c0bf303542b
2,day2_n4_softmax_seed44,44,8,3,False,False,True,0.2904,0.0,2.292041,0.25275624,-3.902963362634182e-05,0.0024386856239289045,0.0024389978498220444,7e267c0bf303542b
2,day2_n4_softmax_seed44,44,9,0,False,False,True,0.3258,0.0,-1.0856321,0.7957256,-3.604947778512724e-05,0.0023437144700437784,0.00234399177134037,7e267c0bf303542b
2,day2_n4_softmax_seed44,44,9,1,False,False,True,0.3014,0.0,-1.1760371,0.7885286,-4.2689036490628496e-05,0.0023412134032696486,0.002341602696105838,7e267c0bf303542b
2,day2_n4_softmax_seed44,44,9,2,False,False,True,0.3216,0.0,-0.021919208,-2.346116,-4.0729126340011135e-05,0.0023425896652042866,0.0023429435677826405,7e267c0bf303542b
2,day2_n4_softmax_seed44,44,9,3,False,False,True,0.3382,0.0,2.2835867,0.7618624,-3.801848288276233e-05,0.0023486940190196037,0.0023490015882998705,7e267c0bf303542b
2,day2_n4_softmax_seed44,44,10,0,False,False,True,0.3422,0.0,0.26041543,-0.64273185,-3.4249234886374325e-05,0.002239418448880315,0.0022396803833544254,7e267c0bf303542b
2,day2_n4_softmax_seed44,44,10,1,False,False,True,0.3398,0.0,-0.90721565,-1.6401297,-3.8787216908531263e-05,0.0022441684268414974,0.002244503702968359,7e267c0bf303542b
2,day2_n4_softmax_seed44,44,10,2,False,False,True,0.3526,0.0,2.0338364,0.5395804,-3.850890425383113e-05,0.002247546100988984,0.0022478760220110416,7e267c0bf303542b
2,day2_n4_softmax_seed44,44,10,3,False,False,True,0.3418,0.0,-1.3870355,1.7432811,-3.593448127503507e-05,0.0022456529550254345,0.002245940500870347,7e267c0bf303542b
2,day2_n4_softmax_seed44,44,11,0,False,False,True,0.3412,0.0,0.23357917,0.089514285,-3.505129279801622e-05,0.0021522173192352057,0.0021525027696043253,7e267c0bf303542b
2,day2_n4_softmax_seed44,44,11,1,False,False,True,0.3568,0.0,0.54120636,1.9562128,-3.4999648050870746e-05,0.0021576040890067816,0.0021578881423920393,7e267c0bf303542b
2,day2_n4_softmax_seed44,44,11,2,False,False,True,0.3408,0.0,1.4248148,-1.5393937,-3.676694177556783e-05,0.002157717477530241,0.0021580306347459555,7e267c0bf303542b
2,day2_n4_softmax_seed44,44,11,3,False,False,True,0.3376,0.0,-2.1996005,-0.50633186,-3.313167690066621e-05,0.002165458397939801,0.0021657117176800966,7e267c0bf303542b
2,day2_n4_softmax_seed44,44,12,0,False,False,True,0.3584,0.0,1.1211474,-1.7889233,-3.874779577017762e-05,0.0020868375431746244,0.002087197033688426,7e267c0bf303542b
2,day2_n4_softmax_seed44,44,12,1,False,False,True,0.3544,0.0,0.058792934,-0.35018796,-3.396935062482953e-05,0.0020836370531469584,0.002083913888782263,7e267c0bf303542b
2,day2_n4_softmax_seed44,44,12,2,False,False,True,0.3488,0.0,-2.338101,0.12905191,-3.0887513275956735e-05,0.0020951591432094574,0.0020953870844095945,7e267c0bf303542b
2,day2_n4_softmax_seed44,44,12,3,False,False,True,0.3594,0.0,1.1581618,2.0100574,-3.182214641128667e-05,0.0020875507034361362,0.00208779308013618,7e267c0bf303542b
2,day2_n4_softmax_seed44,44,13,0,False,False,True,0.3804,0.0,0.9376703,0.9974375,-3.4848439099732786e-05,0.0020080371759831905,0.0020083393901586533,7e267c0bf303542b
2,day2_n4_softmax_seed44,44,13,1,False,False,True,0.3528,0.0,-1.6938733,1.4250892,-3.346780431456864e-05,0.0020121766719967127,0.0020124551374465227,7e267c0bf303542b
2,day2_n4_softmax_seed44,44,13,2,False,False,True,0.3744,0.0,-0.9807326,-2.092392,-3.463938264758326e-05,0.002017072169110179,0.002017369493842125,7e267c0bf303542b
2,day2_n4_softmax_seed44,44,13,3,False,False,True,0.3662,0.0,1.7369355,-0.3301352,-3.175969686708413e-05,0.00201585004106164,0.0020161003340035677,7e267c0bf303542b
2,day2_n4_softmax_seed44,44,14,0,False,False,True,0.3992,0.0,-0.8931498,2.1363857,-3.144129732390866e-05,0.0019499536138027906,0.0019502071663737297,7e267c0bf303542b
2,day2_n4_softmax_seed44,44,14,1,False,False,True,0.3674,0.0,-0.4649719,-0.0570299,-3.418418418732472e-05,0.0019450896652415395,0.001945390016771853,7e267c0bf303542b
2,day2_n4_softmax_seed44,44,14,2,False,False,True,0.3958,0.0,-1.2363085,-1.8994621,-3.1548024708172306e-05,0.0019508198602125049,0.0019510750425979495,7e267c0bf303542b
2,day2_n4_softmax_seed44,44,14,3,False,False,True,0.3668,0.0,2.5944314,-0.17989494,-3.231941082049161e-05,0.001965302275493741,0.0019655681680887938,7e267c0bf303542b
2,day2_n4_softmax_seed44,44,15,0,False,False,True,0.3944,0.0,1.2588356,-0.18910013,-2.9010932848905213e-05,0.0018889214843511581,0.001889144186861813,7e267c0bf303542b
2,day2_n4_softmax_seed44,44,15,1,False,False,True,0.3872,0.0,-2.4373207,-0.99678844,-3.088252924499102e-05,0.001897915848530829,0.0018981671892106533,7e267c0bf303542b
2,day2_n4_softmax_seed44,44,15,2,False,False,True,0.4,0.0,1.3459407,-1.3168188,-3.099907553405501e-05,0.0018922793678939342,0.0018925332697108388,7e267c0bf303542b
2,day2_n4_softmax_seed44,44,15,3,False,False,True,0.388,0.0,-0.16745393,2.5027063,-2.7021014830097556e-05,0.0018968142103403807,0.0018970066448673606,7e267c0bf303542b
2,day2_n4_softmax_seed44,44,16,0,False,False,True,0.3964,0.0,-0.10364428,1.2832675,-3.2108953746501356e-05,0.0018340495880693197,0.00183433061465621,7e267c0bf303542b
2,day2_n4_softmax_seed44,44,16,1,False,False,True,0.3966,0.0,0.46856704,1.8469349,-3.367942917975597e-05,0.0018385598668828607,0.0018388682510703802,7e267c0bf303542b
2,day2_n4_softmax_seed44,44,16,2,False,False,True,0.3964,0.0,-2.4676912,-1.2798887,-3.2667830964783207e-05,0.0018496033735573292,0.0018498918507248163,7e267c0bf303542b
2,day2_n4_softmax_seed44,44,16,3,False,False,True,0.3966,0.0,2.1027684,-1.850313,-2.588300958450418e-05,0.0018548014340922236,0.0018549819942563772,7e267c0bf303542b
2,day2_n4_softmax_seed44,44,17,0,False,False,True,0.4052,0.0,2.6909952,0.8698833,-2.8193129764986224e-05,0.001794846961274743,0.0017950684996321797,7e267c0bf303542b
2,day2_n4_softmax_seed44,44,17,1,False,False,True,0.4166,0.0,-0.713237,0.30175665,-2.845193557732273e-05,0.001784884138032794,0.0017851109150797129,7e267c0bf303542b
2,day2_n4_softmax_seed44,44,17,2,False,False,True,0.3938,0.0,-0.22164775,-2.7261376,-3.053313048440032e-05,0.0017935866490006447,0.001793846720829606,7e267c0bf303542b
2,day2_n4_softmax_seed44,44,17,3,False,False,True,0.3958,0.0,-1.7561119,1.5544972,-2.8928998290211894e-05,0.0017882498214021325,0.0017884838161990047,7e267c0bf303542b
2,day2_n4_softmax_seed44,44,18,0,False,False,True,0.3636,0.0,3.0475988,0.26844293,-2.9515869755414315e-05,0.0017654222901910543,0.0017656690906733274,7e267c0bf303542b
2,day2_n4_softmax_seed44,44,18,1,False,False,True,0.4298,0.0,-1.0999768,-2.2337954,-2.5579296561772935e-05,0.0017458545044064522,0.0017460418166592717,7e267c0bf303542b
2,day2_n4_softmax_seed44,44,18,2,False,False,True,0.4262,0.0,-1.409129,2.5463014,-2.8433389161364175e-05,0.001750117284245789,0.0017503482522442937,7e267c0bf303542b
2,day2_n4_softmax_seed44,44,18,3,False,False,True,0.4414,0.0,-0.53849363,-0.5809501,-2.8826072593801655e-05,0.0017375067109242082,0.0017377458279952407,7e267c0bf303542b
2,day2_n4_softmax_seed44,44,19,0,False,False,True,0.4462,0.0,-2.7379036,-1.5905848,-2.6610561690176837e-05,0.0017133301589637995,0.0017135367961600423,7e267c0bf303542b
2,day2_n4_softmax_seed44,44,19,1,False,False,True,0.435,0.0,2.355679,-1.803918,-2.7795389542006887e-05,0.0017061728285625577,0.001706399256363511,7e267c0bf303542b
2,day2_n4_softmax_seed44,44,19,2,False,False,True,0.3904,0.0,0.6519563,0.87902474,-2.7528792998054996e-05,0.0016906012315303087,0.0016908254474401474,7e267c0bf303542b
2,day2_n4_softmax_seed44,44,19,3,False,False,True,0.418,0.0,-0.26973084,2.5154788,-2.5710525733302347e-05,0.0017077462980523705,0.001707939780317247,7e267c0bf303542b
2,day2_n4_softmax_seed44,44,20,0,False,False,True,0.4496,0.0,-0.46960643,2.9228315,-2.3239994334289804e-05,0.001653175917454064,0.0016533391317352653,7e267c0bf303542b
2,day2_n4_softmax_seed44,44,20,1,False,False,True,0.44,0.0,-2.5885968,-1.0283338,-2.4673474399605766e-05,0.0016512277070432901,0.0016514119924977422,7e267c0bf303542b
2,day2_n4_softmax_seed44,44,20,2,False,False,True,0.4424,0.0,0.6316318,-1.8428335,-2.7606070943875238e-05,0.001652279170230031,0.001652509905397892,7e267c0bf303542b
2,day2_n4_softmax_seed44,44,20,3,False,False,True,0.4176,0.0,2.4265707,-0.051665284,-2.6869363864534535e-05,0.0016561673255637288,0.0016563852550461888,7e267c0bf303542b
2,day2_n4_softmax_seed44,44,21,0,False,False,True,0.4138,0.0,0.1551267,1.1644033,-2.2766391339246184e-05,0.0016072002472355962,0.0016073614824563265,7e267c0bf303542b
2,day2_n4_softmax_seed44,44,21,1,False,False,True,0.46,0.0,-3.0071368,-1.2613229,-2.5670407922007143e-05,0.0016266530146822333,0.0016268555773422122,7e267c0bf303542b
2,day2_n4_softmax_seed44,44,21,2,False,False,True,0.4656,0.0,2.2937942,-2.320666,-2.8181751986267045e-05,0.0016206440050154924,0.0016208890592679381,7e267c0bf303542b
2,day2_n4_softmax_seed44,44,21,3,False,False,True,0.448,0.0,0.55821425,2.4175847,-2.326784306205809e-05,0.001621200586669147,0.0016213675262406468,7e267c0bf303542b
2,day2_n4_softmax_seed44,44,22,0,False,False,True,0.462,0.0,3.340452,0.034326028,-2.4145520001184195e-05,0.0015810240292921662,0.001581208547577262,7e267c0bf303542b
2,day2_n4_softmax_seed44,44,22,1,False,False,True,0.4746,0.0,-1.191389,-2.4770913,-2.1920972358202562e-05,0.0015652254223823547,0.0015653789741918445,7e267c0bf303542b
2,day2_n4_softmax_seed44,44,22,2,False,False,True,0.4742,0.0,-0.94209576,-0.4436045,-2.342329935345333e-05,0.0015660570934414864,0.001566232298500836,7e267c0bf303542b
2,day2_n4_softmax_seed44,44,22,3,False,False,True,0.4732,0.0,-1.2069693,2.8863714,-2.4697210392332636e-05,0.0015770187601447105,0.001577212242409587,7e267c0bf303542b
2,day2_n4_softmax_seed44,44,23,0,False,False,True,0.4552,0.0,1.9273843,2.8742278,-2.021535692620091e-05,0.0015484117902815342,0.001548543805256486,7e267c0bf303542b
2,day2_n4_softmax_seed44,44,23,1,False,False,True,0.4526,0.0,-3.2525828,0.69637907,-2.2670774342259392e-05,0.0015496155247092247,0.0015497813001275063,7e267c0bf303542b
2,day2_n4_softmax_seed44,44,23,2,False,False,True,0.4406,0.0,1.4006354,-2.4010148,-2.158565985155292e-05,0.0015419286210089922,0.0015420797280967236,7e267c0bf303542b
2,day2_n4_softmax_seed44,44,23,3,False,False,True,0.4682,0.0,-0.07543784,-1.1695912,-2.5195016860379837e-05,0.0015413290821015835,0.0015415350208058953,7e267c0bf303542b
2,day2_n4_softmax_seed44,44,24,0,False,False,True,0.4792,0.0,0.042333227,-2.5615494,-1.8826605810318142e-05,0.0015101023018360138,0.0015102196484804153,7e267c0bf303542b
2,day2_n4_softmax_seed44,44,24,1,False,False,True,0.4548,0.0,2.2853193,2.6190493,-1.8970033124787733e-05,0.0015232041478157043,0.0015233221929520369,7e267c0bf303542b
2,day2_n4_softmax_seed44,44,24,2,False,False,True,0.497,0.0,1.064193,-1.3626337,-2.1444611775223166e-05,0.001506381668150425,0.00150653428863734,7e267c0bf303542b
2,day2_n4_softmax_seed44,44,24,3,False,False,True,0.458,0.0,-3.3918455,1.3051361,-2.206053068221081e-05,0.0015404634177684784,0.0015406213933601975,7e267c0bf303542b
2,day2_n4_softmax_seed44,44,25,0,False,False,True,0.4698,0.0,-3.1747696,0.7712235,-2.0479590602917597e-05,0.0014950406039133668,0.0014951808843761683,7e267c0bf303542b
2,day2_n4_softmax_seed44,44,25,1,False,False,True,0.483,0.0,0.4603716,2.2191381,-2.1781861505587585e-05,0.0014840475050732493,0.0014842073433101177,7e267c0bf303542b
2,day2_n4_softmax_seed44,44,25,2,False,False,True,0.4958,0.0,-0.08200332,-3.400869,-1.939226422109641e-05,0.0014799954369664192,0.0014801224460825324,7e267c0bf303542b
2,day2_n4_softmax_seed44,44,25,3,False,False,True,0.4806,0.0,2.7964005,0.41050825,-2.3488262741011567e-05,0.0015001780120655894,0.0015003618318587542,7e267c0bf303542b
2,day2_n4_softmax_seed44,44,26,0,False,False,True,0.4894,0.0,-0.35597664,-3.1256304,-2.2546200852957554e-05,0.0014736291486769915,0.001473801676183939,7e267c0bf303542b
2,day2_n4_softmax_seed44,44,26,1,False,False,True,0.491,0.0,-1.8196899,2.8898778,-2.3207738195196725e-05,0.0014817675109952688,0.0014819492353126407,7e267c0bf303542b
2,day2_n4_softmax_seed44,44,26,2,False,False,True,0.4844,0.0,-1.5810761,-0.6108055,-2.2836837160866708e-05,0.0014700054889544845,0.0014701827894896269,7e267c0bf303542b
2,day2_n4_softmax_seed44,44,26,3,False,False,True,0.4756,0.0,3.7567432,0.8465575,-1.8148537492379546e-05,0.0014923736453056335,0.0014924841234460473,7e267c0bf303542b
2,day2_n4_softmax_seed44,44,27,0,False,False,True,0.4966,0.0,1.3820363,2.7751558,-1.7608470443519764e-05,0.0014439600054174662,0.0014440673403441906,7e267c0bf303542b
2,day2_n4_softmax_seed44,44,27,1,False,False,True,0.499,0.0,1.5220062,0.4534371,-1.945189433172345e-05,0.0014347197720780969,0.0014348516706377268,7e267c0bf303542b
2,day2_n4_softmax_seed44,44,27,2,False,False,True,0.4978,0.0,1.2302377,-3.3317835,-1.94868025573669e-05,0.0014434573240578175,0.0014435889897868037,7e267c0bf303542b
2,day2_n4_softmax_seed44,44,27,3,False,False,True,0.4962,0.0,-4.1342783,0.10319047,-1.7335303709842265e-05,0.0015120054595172405,0.001512104761786759,7e267c0bf303542b
2,day2_n4_softmax_seed44,44,28,0,False,False,True,0.4998,0.0,-1.1782607,1.2131896,-1.7231803212780505e-05,0.0014160380233079195,0.0014161429135128856,7e267c0bf303542b
2,day2_n4_softmax_seed44,44,28,1,False,False,True,0.503,0.0,-1.7798783,-3.4465942,-1.961214184120763e-05,0.0014322102069854736,0.00143234443385154,7e267c0bf303542b
2,day2_n4_softmax_seed44,44,28,2,False,False,True,0.5022,0.0,4.135711,-0.39054233,-1.4134431694401428e-05,0.001481724320910871,0.0014817917253822088,7e267c0bf303542b
2,day2_n4_softmax_seed44,44,28,3,False,False,True,0.5036,0.0,-1.1775737,2.6239488,-2.1389634639490396e-05,0.00143137585837394,0.0014315356966108084,7e267c0bf303542b
2,day2_n4_softmax_seed44,44,29,0,False,False,True,0.5248,0.0,-0.3036794,3.4670413,-2.2120342691778205e-05,0.001406696392223239,0.0014068703167140484,7e267c0bf303542b
2,day2_n4_softmax_seed44,44,29,1,False,False,True,0.4966,0.0,-1.6742611,-2.8725038,-1.7623144231038168e-05,0.0014009136939421296,0.001401024404913187,7e267c0bf303542b
2,day2_n4_softmax_seed44,44,29,2,False,False,True,0.4904,0.0,3.8894134,-0.8434733,-2.0631972802220844e-05,0.0014117072569206357,0.0014118581311777234,7e267c0bf303542b
2,day2_n4_softmax_seed44,44,29,3,False,False,True,0.519,0.0,-1.9114748,0.24893627,-1.9498824258334935e-05,0.0014091761549934745,0.001409311080351472,7e267c0bf303542b
2,day2_n4_softmax_seed44,44,30,0,False,False,True,0.5314,0.0,-2.8930995,2.115253,-1.7804175513447262e-05,0.0014066757867112756,0.0014067883603274822,7e267c0bf303542b
2,day2_n4_softmax_seed44,44,30,1,False,False,True,0.502,0.0,-0.68791807,-4.0452824,-1.9140230506309308e-05,0.001405173446983099,0.0014053038321435452,7e267c0bf303542b
2,day2_n4_softmax_seed44,44,30,2,False,False,True,0.5146,0.0,3.7822905,0.9351628,-1.7165002645924687e-05,0.0014101510168984532,0.0014102555578574538,7e267c0bf303542b
2,day2_n4_softmax_seed44,44,30,3,False,False,True,0.516,0.0,-0.20127437,0.9948668,-1.6593950931564905e-05,0.0013899070909246802,0.001390006160363555,7e267c0bf303542b
2,day2_n4_softmax_seed44,44,31,0,False,False,True,0.5366,0.0,4.0922723,0.99922645,-1.5600306142005138e-05,0.001408214564435184,0.0014083009446039796,7e267c0bf303542b
2,day2_n4_softmax_seed44,44,31,1,False,False,True,0.5232,0.0,-0.26565364,-2.0881383,-2.0497744117164984e-05,0.0013887629611417651,0.0013889140682294965,7e267c0bf303542b
2,day2_n4_softmax_seed44,44,31,2,False,False,True,0.531,0.0,-1.4860379,-2.4517612,-1.4989082956162747e-05,0.0013921414501965046,0.0013922221260145307,7e267c0bf303542b
2,day2_n4_softmax_seed44,44,31,3,False,False,True,0.515,0.0,-2.3405805,3.5406766,-1.4241192729969043e-05,0.0014027421129867435,0.0014028142904862761,7e267c0bf303542b
2,day2_n4_softmax_seed44,44,32,0,False,False,True,0.5384,0.0,0.74498516,2.5143032,-1.7011618183460087e-05,0.001395524013787508,0.001395627623423934,7e267c0bf303542b
2,day2_n4_softmax_seed44,44,32,1,False,False,True,0.5016,0.0,0.34909603,2.3716388,-1.7332096831523813e-05,0.0013792485697194934,0.0013793574180454016,7e267c0bf303542b
2,day2_n4_softmax_seed44,44,32,2,False,False,True,0.5356,0.0,-4.0561414,-1.6772674,-1.879559385997709e-05,0.001412243233062327,0.0014123683795332909,7e267c0bf303542b
2,day2_n4_softmax_seed44,44,32,3,False,False,True,0.5276,0.0,2.9620576,-3.2086775,-1.4453124094870873e-05,0.00140796706546098,0.0014080412220209837,7e267c0bf303542b
2,day2_n4_softmax_seed44,44,33,0,False,False,True,0.5418,0.0,4.5989194,0.46654162,-1.943618008226622e-05,0.0014369954587891698,0.0014371268916875124,7e267c0bf303542b
2,day2_n4_softmax_seed44,44,33,1,False,False,True,0.5382,0.0,-1.1392632,-1.3217106,-1.3119637515046634e-05,0.0013786503113806248,0.001378712709993124,7e267c0bf303542b
2,day2_n4_softmax_seed44,44,33,2,False,False,True,0.5216,0.0,-1.4258919,-3.1456342,-1.513440929556964e-05,0.001399407279677689,0.0013994890032336116,7e267c0bf303542b
2,day2_n4_softmax_seed44,44,33,3,False,False,True,0.5226,0.0,-2.0337653,4.000805,-1.1044153325201478e-05,0.0014213569229468703,0.0014213997637853026,7e267c0bf303542b
2,day2_n4_softmax_seed44,44,34,0,False,False,True,0.536,0.0,4.5397797,-0.48065192,-1.6677870007697493e-05,0.0014150092611089349,0.0014151075156405568,7e267c0bf303542b
2,day2_n4_softmax_seed44,44,34,1,False,False,True,0.5426,0.0,-1.5764308,3.848215,-1.5704918041592464e-05,0.001386962248943746,0.0013870513066649437,7e267c0bf303542b
2,day2_n4_softmax_seed44,44,34,2,False,False,True,0.5476,0.0,-0.61653566,0.1996542,-1.6931484424276277e-05,0.0013875925214961171,0.0013876957818865776,7e267c0bf303542b
2,day2_n4_softmax_seed44,44,34,3,False,False,True,0.534,0.0,-2.3468134,-3.5672169,-1.1233159057155717e-05,0.001393339829519391,0.0013933852314949036,7e267c0bf303542b
2,day2_n4_softmax_seed44,44,35,0,False,False,True,0.5312,0.0,2.9010108,1.8556814,-1.7600899809622206e-05,0.0014066767180338502,0.0014067868469282985,7e267c0bf303542b
2,day2_n4_softmax_seed44,44,35,1,False,False,True,0.5146,0.0,0.1510549,-4.694963,-1.7081767509807833e-05,0.0013957901392132044,0.0013958947965875268,7e267c0bf303542b
2,day2_n4_softmax_seed44,44,35,2,False,False,True,0.5542,0.0,-4.457623,1.4778546,-1.5425241144839674e-05,0.0014145561726763844,0.0014146402245387435,7e267c0bf303542b
2,day2_n4_softmax_seed44,44,35,3,False,False,True,0.5372,0.0,1.4055579,1.3614278,-1.209457877848763e-05,0.0013979410286992788,0.0013979932991787791,7e267c0bf303542b
2,day2_n4_softmax_seed44,44,36,0,False,False,True,0.5522,0.0,4.603459,-1.0463152,-1.701331348158419e-05,0.0014256569556891918,0.001425758469849825,7e267c0bf303542b
2,day2_n4_softmax_seed44,44,36,1,False,False,True,0.5576,0.0,-0.64072496,-1.3789583,-1.3895335541747045e-05,0.0014052923070266843,0.0014053609920665622,7e267c0bf303542b
2,day2_n4_softmax_seed44,44,36,2,False,False,True,0.5198,0.0,-3.190514,-2.4008663,-9.380946721648797e-06,0.0014166360488161445,0.0014166671317070723,7e267c0bf303542b
2,day2_n4_softmax_seed44,44,36,3,False,False,True,0.5278,0.0,-0.7722248,4.826138,-1.4209964319888968e-05,0.0014248412335291505,0.0014249120140448213,7e267c0bf303542b
2,day2_n4_softmax_seed44,44,37,0,False,False,True,0.5008,0.0,-1.2122933,2.608987,-1.2398998478602152e-05,0.0013937540352344513,0.0013938090996816754,7e267c0bf303542b
2,day2_n4_softmax_seed44,44,37,1,False,False,True,0.5376,0.0,-3.0182831,-3.8173258,-1.7046266293618828e-05,0.0014033003244549036,0.0014034038176760077,7e267c0bf303542b
2,day2_n4_softmax_seed44,44,37,2,False,False,True,0.5224,0.0,-0.40806815,2.766945,-1.1070967957493849e-05,0.00139323016628623,0.0013932741712778807,7e267c0bf303542b
2,day2_n4_softmax_seed44,44,37,3,False,False,True,0.541,0.0,4.638646,-1.5586048,-1.240660458279308e-05,0.0014157583937048912,0.0014158127596601844,7e267c0bf303542b
2,day2_n4_softmax_seed44,44,38,0,False,False,True,0.5488,0.0,-0.039917957,4.6414204,-1.3516149010683876e-05,0.0014204352628439665,0.001420499524101615,7e267c0bf303542b
2,day2_n4_softmax_seed44,44,38,1,False,False,True,0.569,0.0,4.5012293,-0.8999176,-1.5952471585478634e-05,0.00140759174246341,0.0014076821971684694,7e267c0bf303542b
2,day2_n4_softmax_seed44,44,38,2,False,False,True,0.5476,0.0,-0.8520438,-3.3613758,-1.2302830327826086e-05,0.0014148009940981865,0.001414854428730905,7e267c0bf303542b
2,day2_n4_softmax_seed44,44,38,3,False,False,True,0.5168,0.0,-3.6092672,-0.38012505,-1.1867566172441002e-05,0.0014151852810755372,0.0014152349904179573,7e267c0bf303542b
2,day2_n4_softmax_seed44,44,39,0,False,False,True,0.528,0.0,-3.4774678,3.8960636,-1.104466264223447e-05,0.0014461842365562916,0.001446226378902793,7e267c0bf303542b
2,day2_n4_softmax_seed44,44,39,1,False,False,True,0.5922,0.0,-0.54763955,-2.9728017,-1.2695824807451572e-05,0.0014236703282222152,0.001423727022483945,7e267c0bf303542b
2,day2_n4_softmax_seed44,44,39,2,False,False,True,0.556,0.0,4.8670464,1.9518495,-1.2593308383657131e-05,0.001459074905142188,0.0014591292710974813,7e267c0bf303542b
2,day2_n4_softmax_seed44,44,39,3,False,False,True,0.5678,0.0,-0.8419405,-2.8751113,-1.5381478078779764e-05,0.0014412831515073776,0.0014413653407245874,7e267c0bf303542b
2,day2_n4_softmax_seed44,44,40,0,False,False,True,0.5662,0.0,1.6063027,2.9895523,-1.1694480235746596e-05,0.001457582344301045,0.0014576292596757412,7e267c0bf303542b
2,day2_n4_softmax_seed44,44,40,1,False,False,True,0.5618,0.0,1.4705609,2.579825,-9.890272849588655e-06,0.0014429931761696935,0.001443027053028345,7e267c0bf303542b
2,day2_n4_softmax_seed44,44,40,2,False,False,True,0.5598,0.0,-5.8443317,-0.7916134,-8.586579497205094e-06,0.0016067672986537218,0.0016067902324721217,7e267c0bf303542b
2,day2_n4_softmax_seed44,44,40,3,False,False,True,0.5696,0.0,2.7674794,-4.777766,-1.3741549992118962e-05,0.001497179502621293,0.0014972425997257233,7e267c0bf303542b
2,day2_n4_softmax_seed44,44,41,0,False,False,True,0.568,0.0,-1.3908765,-2.6077936,-8.651539246784523e-06,0.0014599504647776484,0.0014599760761484504,7e267c0bf303542b
2,day2_n4_softmax_seed44,44,41,1,False,False,True,0.5702,0.0,-3.366087,4.39453,-1.4890059901517816e-05,0.0015004605520516634,0.0015005344757810235,7e267c0bf303542b
2,day2_n4_softmax_seed44,44,41,2,False,False,True,0.556,0.0,-0.6350137,-3.4510274,-1.259268719877582e-05,0.0014701118925586343,0.0014701657928526402,7e267c0bf303542b
2,day2_n4_softmax_seed44,44,41,3,False,False,True,0.5476,0.0,5.3919773,1.6642885,-1.1784831258410122e-05,0.0015321472892537713,0.001532192574813962,7e267c0bf303542b
2,day2_n4_softmax_seed44,44,42,0,False,False,True,0.5468,0.0,-1.0905758,0.37990558,-1.0489358828635886e-05,0.0014760572230443358,0.0014760943595319986,7e267c0bf303542b
2,day2_n4_softmax_seed44,44,42,1,False,False,True,0.552,0.0,-0.99717486,4.936472,-1.650122612772975e-05,0.0014953997451812029,0.0014954906655475497,7e267c0bf303542b
2,day2_n4_softmax_seed44,44,42,2,False,False,True,0.5166,0.0,-3.3193247,-3.9057221,-1.5589075701427646e-05,0.0014992993092164397,0.0014993803342804313,7e267c0bf303542b
2,day2_n4_softmax_seed44,44,42,3,False,False,True,0.5602,0.0,5.407078,-1.4106557,-1.2534049346868414e-05,0.0015157844172790647,0.0015158363385125995,7e267c0bf303542b
2,day2_n4_softmax_seed44,44,43,0,False,False,True,0.5702,0.0,-1.4734668,5.478788,-1.0628525160427671e-05,0.0015139570459723473,0.0015139944152906537,7e267c0bf303542b
2,day2_n4_softmax_seed44,44,43,1,False,False,True,0.5612,0.0,-1.5808401,-1.7221524,-9.007206244859844e-06,0.001490750233642757,0.0014907774748280644,7e267c0bf303542b
2,day2_n4_softmax_seed44,44,43,2,False,False,True,0.5832,0.0,5.811624,-0.584421,-9.511070857115556e-06,0.0015693146269768476,0.0015693434979766607,7e267c0bf303542b
2,day2_n4_softmax_seed44,44,43,3,False,False,True,0.5858,0.0,-2.7573164,-3.1722138,-1.2797854651580565e-05,0.0015060377772897482,0.0015060922596603632,7e267c0bf303542b
2,day2_n4_softmax_seed44,44,44,0,False,False,True,0.5848,0.0,5.3713,-1.4046862,-9.905646038532723e-06,0.0015323527622967958,0.0015323847765102983,7e267c0bf303542b
2,day2_n4_softmax_seed44,44,44,1,False,False,True,0.5962,0.0,0.09086356,0.6656693,-1.022150809149025e-05,0.001461539650335908,0.0014615753898397088,7e267c0bf303542b
2,day2_n4_softmax_seed44,44,44,2,False,False,True,0.587,0.0,-3.766802,-4.2180247,-1.0823062439158093e-05,0.0015336241340264678,0.0015336624346673489,7e267c0bf303542b
2,day2_n4_softmax_seed44,44,44,3,False,False,True,0.5548,0.0,-1.6953562,4.957045,-9.693612810224295e-06,0.001517787459306419,0.001517818309366703,7e267c0bf303542b
2,day2_n4_softmax_seed44,44,45,0,False,False,True,0.5836,0.0,-1.8911783,5.062328,-3.795797738348483e-06,0.0015340058598667383,0.0015340104000642896,7e267c0bf303542b
2,day2_n4_softmax_seed44,44,45,1,False,False,True,0.5884,0.0,-0.37185228,0.34893405,-1.3340443729248364e-05,0.0014942921698093414,0.0014943517744541168,7e267c0bf303542b
2,day2_n4_softmax_seed44,44,45,2,False,False,True,0.6024,0.0,-3.3817847,-4.4589424,-1.2530137610156089e-05,0.0015383197460323572,0.0015383707359433174,7e267c0bf303542b
2,day2_n4_softmax_seed44,44,45,3,False,False,True,0.5816,0.0,5.644815,-0.9523192,-9.221533218806144e-06,0.0015458895359188318,0.0015459171263501048,7e267c0bf303542b
2,day2_n4_softmax_seed44,44,46,0,False,False,True,0.5874,0.0,1.9941506,1.7980402,-1.3466276868712157e-05,0.001539222663268447,0.0015392815694212914,7e267c0bf303542b
2,day2_n4_softmax_seed44,44,46,1,False,False,True,0.5924,0.0,3.85314,1.7270753,-1.610298022569623e-05,0.0015379020478576422,0.0015379863325506449,7e267c0bf303542b
2,day2_n4_softmax_seed44,44,46,2,False,False,True,0.5998,0.0,-0.465704,-5.9421606,-8.689717105880845e-06,0.001549434382468462,0.0015494587132707238,7e267c0bf303542b
2,day2_n4_softmax_seed44,44,46,3,False,False,True,0.6064,0.0,-5.3815937,2.4170384,-1.2359170796116814e-05,0.0015520731685683131,0.001552122412249446,7e267c0bf303542b
2,day2_n4_softmax_seed44,44,47,0,False,False,True,0.601,0.0,-4.3658338,4.0490947,-8.572253136662766e-06,0.0015933774411678314,0.001593400607816875,7e267c0bf303542b
2,day2_n4_softmax_seed44,44,47,1,False,False,True,0.5892,0.0,-0.8081193,-1.4984937,-1.2123679880460259e-05,0.001542821410112083,0.001542869140394032,7e267c0bf303542b
2,day2_n4_softmax_seed44,44,47,2,False,False,True,0.6164,0.0,-0.48291278,-5.03196,-1.2321997928665951e-05,0.0015613333089277148,0.0015613819705322385,7e267c0bf303542b
2,day2_n4_softmax_seed44,44,47,3,False,False,True,0.5684,0.0,5.6568675,2.4813588,-1.3975155525258742e-05,0.0015970631502568722,0.0015971242683008313,7e267c0bf303542b
2,day2_n4_softmax_seed44,44,48,0,False,False,True,0.5812,0.0,5.298257,3.3736885,-8.899508429749403e-06,0.00164364546071738,0.00164366967510432,7e267c0bf303542b
2,day2_n4_softmax_seed44,44,48,1,False,False,True,0.624,0.0,0.2889011,-2.0988398,-1.1506503142300062e-05,0.0015640977071598172,0.0015641400823369622,7e267c0bf303542b
2,day2_n4_softmax_seed44,44,48,2,False,False,True,0.6118,0.0,-0.377938,-4.9488506,-8.410834198002703e-06,0.0015956509159877896,0.0015956730348989367,7e267c0bf303542b
2,day2_n4_softmax_seed44,44,48,3,False,False,True,0.5952,0.0,-5.209222,3.6739972,-2.826531044775038e-06,0.0016440743347629905,0.0016440767794847488,7e267c0bf303542b
2,day2_n4_softmax_seed44,44,49,0,False,False,True,0.5524,0.0,5.468084,-3.2031024,-4.217215973767452e-06,0.001622480689547956,0.0016224861610680819,7e267c0bf303542b
2,day2_n4_softmax_seed44,44,49,1,False,False,True,0.6268,0.0,-0.028081201,4.024822,-7.453391390299657e-06,0.0015867582987993956,0.0015867758775129914,7e267c0bf303542b
2,day2_n4_softmax_seed44,44,49,2,False,False,True,0.6204,0.0,-4.8402805,-4.0407524,-1.2866489669249859e-05,0.001618687529116869,0.001618738635443151,7e267c0bf303542b
2,day2_n4_softmax_seed44,44,49,3,False,False,True,0.6358,0.0,-0.59972113,3.2190359,-8.182830242731143e-06,0.0016010758699849248,0.0016010968247428536,7e267c0bf303542b
2,day2_n4_softmax_seed44,44,50,0,False,False,True,0.6114,0.0,0.9891921,5.8221555,-6.553490493388381e-06,0.0016304751625284553,0.0016304883174598217,7e267c0bf303542b
2,day2_n4_softmax_seed44,44,50,1,False,False,True,0.623,0.0,1.6731547,-0.022468535,-9.261229024559725e-06,0.001597471535205841,0.001597498427145183,7e267c0bf303542b
2,day2_n4_softmax_seed44,44,50,2,False,False,True,0.6248,0.0,3.5944364,-4.2643466,-1.1589973837544676e-05,0.0016234880313277245,0.0016235294751822948,7e267c0bf303542b
2,day2_n4_softmax_seed44,44,50,3,False,False,True,0.6114,0.0,-6.256781,-1.5353401,-7.019271379249403e-06,0.0016385054914280772,0.001638520392589271,7e267c0bf303542b
2,day2_n4_softmax_seed44,44,51,0,False,False,True,0.6064,0.0,-2.0718784,3.670146,-5.982130460324697e-06,0.0016239754622802138,0.0016239865217357874,7e267c0bf303542b
2,day2_n4_softmax_seed44,44,51,1,False,False,True,0.624,0.0,-2.1975174,2.5448883,-6.997131094976794e-06,0.0016114235622808337,0.001611438812687993,7e267c0bf303542b
2,day2_n4_softmax_seed44,44,51,2,False,False,True,0.6156,0.0,-2.3801177,-6.0382843,-9.366469271299138e-07,0.001651495578698814,0.0016514959279447794,7e267c0bf303542b
2,day2_n4_softmax_seed44,44,51,3,False,False,True,0.5968,0.0,6.649513,-0.17674856,-1.0982061212416738e-05,0.0016927692340686917,0.0016928049735724926,7e267c0bf303542b
2,day2_n4_softmax_seed44,44,52,0,False,False,True,0.6238,0.0,5.282938,-3.4277413,-1.2075247468601447e-05,0.001668043085373938,0.001668086857534945,7e267c0bf303542b
2,day2_n4_softmax_seed44,44,52,1,False,False,True,0.6058,0.0,0.76046544,1.38478,-4.8645333663444035e-06,0.0016376818530261517,0.001637689070776105,7e267c0bf303542b
2,day2_n4_softmax_seed44,44,52,2,False,False,True,0.5958,0.0,-5.5471063,-3.577519,-4.453822839423083e-06,0.0016776479315012693,0.0016776539850980043,7e267c0bf303542b
2,day2_n4_softmax_seed44,44,52,3,False,False,True,0.6304,0.0,-0.4962943,5.62048,-1.2187108040961903e-05,0.0016566007398068905,0.0016566456761211157,7e267c0bf303542b
2,day2_n4_softmax_seed44,44,53,0,False,False,True,0.64,0.0,6.3856583,1.151592,-3.90770765079651e-06,0.0017205714248120785,0.001720575732178986,7e267c0bf303542b
2,day2_n4_softmax_seed44,44,53,1,False,False,True,0.6362,0.0,-2.279334,-5.953681,-7.316611117857974e-06,0.0017077382653951645,0.0017077539814636111,7e267c0bf303542b
2,day2_n4_softmax_seed44,44,53,2,False,False,True,0.6458,0.0,-4.154775,5.0334597,-1.2906905794807244e-05,0.0017182879382744431,0.0017183363670483232,7e267c0bf303542b
2,day2_n4_softmax_seed44,44,53,3,False,False,True,0.5946,0.0,0.048448987,-0.23137859,-5.91922889725538e-06,0.0016609616577625275,0.0016609722515568137,7e267c0bf303542b
2,day2_n4_softmax_seed44,44,54,0,False,False,True,0.6292,0.0,1.4054927,6.3488927,-6.516249413834885e-06,0.0016908682882785797,0.0016908807447180152,7e267c0bf303542b
2,day2_n4_softmax_seed44,44,54,1,False,False,True,0.6452,0.0,4.4290423,-4.3105707,-1.2456358490453567e-05,0.0017062164843082428,0.0017062618862837553,7e267c0bf303542b
2,day2_n4_softmax_seed44,44,54,2,False,False,True,0.64,0.0,0.5637579,-0.4127255,-4.6785621634626295e-06,0.0016611008904874325,0.0016611075261607766,7e267c0bf303542b
2,day2_n4_softmax_seed44,44,54,3,False,False,True,0.6238,0.0,-6.398291,-1.6255989,-1.4972610188124236e-05,0.0017230139346793294,0.0017230788944289088,7e267c0bf303542b
2,day2_n4_softmax_seed44,44,55,0,False,False,True,0.6026,0.0,0.79834986,-1.5245602,-8.541105671611149e-06,0.0017061819089576602,0.0017062032129615545,7e267c0bf303542b
2,day2_n4_softmax_seed44,44,55,1,False,False,True,0.6622,0.0,0.13681245,-5.8336596,-1.0611148354655597e-05,0.0017141865100711584,0.0017142192227765918,7e267c0bf303542b
2,day2_n4_softmax_seed44,44,55,2,False,False,True,0.5998,0.0,5.142155,4.1653895,-4.104286745132413e-06,0.0017276955768465996,0.0017277005827054381,7e267c0bf303542b
2,day2_n4_softmax_seed44,44,55,3,False,False,True,0.6214,0.0,-6.0773144,3.1928313,-4.7241628635674715e-06,0.0017312411218881607,0.001731247641146183,7e267c0bf303542b
2,day2_n4_softmax_seed44,44,56,0,False,False,True,0.6012,0.0,6.672661,-1.1825545,-5.958847850706661e-06,0.0017578332917764783,0.0017578433034941554,7e267c0bf303542b
2,day2_n4_softmax_seed44,44,56,1,False,False,True,0.6534,0.0,-0.26000306,1.6159743,-4.099267698620679e-06,0.0016956458566710353,0.0016956508625298738,7e267c0bf303542b
2,day2_n4_softmax_seed44,44,56,2,False,False,True,0.604,0.0,-3.8395746,-5.681623,-9.007401786220726e-06,0.0017270633252337575,0.0017270867247134447,7e267c0bf303542b
2,day2_n4_softmax_seed44,44,56,3,False,False,True,0.5764,0.0,-2.5730853,5.2482004,-4.3756758714152966e-06,0.0017212603706866503,0.0017212660750374198,7e267c0bf303542b
2,day2_n4_softmax_seed44,44,57,0,False,False,True,0.6522,0.0,6.97487,1.3253137,-8.397686542593874e-06,0.0017796758329495788,0.0017796956235542893,7e267c0bf303542b
2,day2_n4_softmax_seed44,44,57,1,False,False,True,0.656,0.0,-3.607647,5.918948,-9.164166840491816e-06,0.0017419824143871665,0.0017420065123587847,7e267c0bf303542b
2,day2_n4_softmax_seed44,44,57,2,False,False,True,0.6116,0.0,-1.734776,-2.7726068,-4.471661213756306e-06,0.0016941528301686049,0.0016941586509346962,7e267c0bf303542b
2,day2_n4_softmax_seed44,44,57,3,False,False,True,0.6674,0.0,-1.6324447,-4.471657,-8.11094832897652e-06,0.001700461725704372,0.0017004810506477952,7e267c0bf303542b
2,day2_n4_softmax_seed44,44,58,0,False,False,True,0.6394,0.0,2.8404138,-5.378999,-4.145581442571711e-06,0.001751661067828536,0.0017516660736873746,7e267c0bf303542b
2,day2_n4_softmax_seed44,44,58,1,False,False,True,0.6356,0.0,-7.1037517,-0.025275044,-8.845794582157396e-06,0.0017796409083530307,0.0017796627944335341,7e267c0bf303542b
2,day2_n4_softmax_seed44,44,58,2,False,False,True,0.6568,0.0,2.6600385,6.0888886,-1.16014261948294e-05,0.0017485340358689427,0.0017485725693404675,7e267c0bf303542b
2,day2_n4_softmax_seed44,44,58,3,False,False,True,0.6484,0.0,1.6032976,-0.68461764,-3.0550427254638635e-06,0.0017202928429469466,0.0017202955204993486,7e267c0bf303542b
2,day2_n4_softmax_seed44,44,59,0,False,False,True,0.5548,0.0,1.6494678,6.8644032,-6.428727488128061e-07,0.0017644455656409264,0.00176444579847157,7e267c0bf303542b
2,day2_n4_softmax_seed44,44,59,1,False,False,True,0.639,0.0,-5.845008,-1.5505396,-1.0278365152771585e-05,0.001750646741129458,0.0017506767762824893,7e267c0bf303542b
2,day2_n4_softmax_seed44,44,59,2,False,False,True,0.6494,0.0,5.439579,-4.039156,-6.883369223942282e-06,0.0017587533220648766,0.0017587669426575303,7e267c0bf303542b
2,day2_n4_softmax_seed44,44,59,3,False,False,True,0.6162,0.0,-1.244036,-1.2747048,-5.3688427215092815e-06,0.0017381772631779313,0.0017381854122504592,7e267c0bf303542b
2,day2_n4_softmax_seed44,44,60,0,False,False,True,0.6594,0.0,3.010663,4.3145914,2.2845144940220052e-06,0.0017899853410199285,0.0017899868544191122,7e267c0bf303542b
2,day2_n4_softmax_seed44,44,60,1,False,False,True,0.6572,0.0,2.1629465,2.1637774,-5.122079983266303e-06,0.0017675994895398617,0.0017676070565357804,7e267c0bf303542b
2,day2_n4_softmax_seed44,44,60,2,False,False,True,0.6372,0.0,2.1792183,-6.851022,-1.0151739843422547e-05,0.001794133335351944,0.0017941620899364352,7e267c0bf303542b
2,day2_n4_softmax_seed44,44,60,3,False,False,True,0.6606,0.0,-7.3528295,0.37265202,-2.1708810891141184e-06,0.0018264082027599216,0.0018264094833284616,7e267c0bf303542b
2,day2_n4_softmax_seed44,44,61,0,False,False,True,0.613,0.0,-1.6420894,-0.5680761,-4.30028330811183e-06,0.00175341940484941,0.001753424759954214,7e267c0bf303542b
2,day2_n4_softmax_seed44,44,61,1,False,False,True,0.6054,0.0,-3.369238,-5.288666,-2.899020046243095e-06,0.0017762809293344617,0.0017762832576408982,7e267c0bf303542b
2,day2_n4_softmax_seed44,44,61,2,False,False,True,0.677,0.0,-2.2646818,6.431957,-2.6167856503889197e-06,0.0017789355479180813,0.0017789374105632305,7e267c0bf303542b
2,day2_n4_softmax_seed44,44,61,3,False,False,True,0.6046,0.0,7.2760086,-0.57521576,-7.577885753562441e-06,0.0018167636590078473,0.001816779375076294,7e267c0bf303542b
2,day2_n4_softmax_seed44,44,62,0,False,False,True,0.6368,0.0,-0.28953308,5.0659666,-9.650279935158323e-06,0.0018020897405222058,0.0018021154683083296,7e267c0bf303542b
2,day2_n4_softmax_seed44,44,62,1,False,False,True,0.6688,0.0,-6.700753,-3.0600383,-8.1744465205702e-06,0.0018293785396963358,0.0018293968169018626,7e267c0bf303542b
2,day2_n4_softmax_seed44,44,62,2,False,False,True,0.6654,0.0,4.921666,-5.2183924,-7.090233793860534e-06,0.0018226386746391654,0.001822652411647141,7e267c0bf303542b
2,day2_n4_softmax_seed44,44,62,3,False,False,True,0.6418,0.0,2.0686247,3.212464,-9.753397534950636e-06,0.0017989515326917171,0.0017989780753850937,7e267c0bf303542b
2,day2_n4_softmax_seed44,44,63,0,False,False,True,0.6754,0.0,-0.24295795,3.6303372,-1.0970853736580466e-06,0.0017781190108507872,0.0017781193600967526,7e267c0bf303542b
2,day2_n4_softmax_seed44,44,63,1,False,False,True,0.669,0.0,6.4598,-3.5346038,-3.10224640998058e-06,0.0018202626379206777,0.0018202651990577579,7e267c0bf303542b
2,day2_n4_softmax_seed44,44,63,2,False,False,True,0.6588,0.0,-0.6571145,4.7286253,-3.7473394058906706e-06,0.0017791645368561149,0.001779168494977057,7e267c0bf303542b
2,day2_n4_softmax_seed44,44,63,3,False,False,True,0.6796,0.0,-5.559734,-4.82435,2.448744680805248e-06,0.0018121859757229686,0.001812187721952796,7e267c0bf303542b
2,day2_n4_softmax_seed44,44,64,0,False,False,True,0.6526,0.0,1.9080243,1.3310391,-4.653698397305561e-06,0.0017745144432410598,0.0017745206132531166,7e267c0bf303542b
2,day2_n4_softmax_seed44,44,64,1,False,False,True,0.6606,0.0,-7.167557,-2.1301756,-7.859584911784623e-06,0.0018547497456893325,0.001854766276665032,7e267c0bf303542b
2,day2_n4_softmax_seed44,44,64,2,False,False,True,0.6502,0.0,4.3657465,-5.334761,-3.1849713195697404e-06,0.0018223556689918041,0.0018223583465442061,7e267c0bf303542b
2,day2_n4_softmax_seed44,44,64,3,False,False,True,0.6622,0.0,0.8937895,6.133894,-8.193881512852386e-06,0.0017956122756004333,0.0017956307856366038,7e267c0bf303542b
2,day2_n4_softmax_seed44,44,65,0,False,False,True,0.6638,0.0,5.464171,4.136657,-4.417887794261333e-06,0.0018618499161675572,0.0018618551548570395,7e267c0bf303542b
2,day2_n4_softmax_seed44,44,65,1,False,False,True,0.6982,0.0,1.0176235,0.058928683,-7.257217021106044e-06,0.0017881339881569147,0.001788148656487465,7e267c0bf303542b
2,day2_n4_softmax_seed44,44,65,2,False,False,True,0.5886,0.0,-6.841693,2.9373252,-2.8212730285304133e-06,0.0018755629425868392,0.001875565154477954,7e267c0bf303542b
2,day2_n4_softmax_seed44,44,65,3,False,False,True,0.6932,0.0,0.35989445,-7.132907,-5.8260739024262875e-06,0.0018511711386963725,0.0018511803355067968,7e267c0bf303542b
2,day2_n4_softmax_seed44,44,66,0,False,False,True,0.704,0.0,-0.24256508,5.9299607,3.4685435821302235e-06,0.0018346135038882494,0.0018346166471019387,7e267c0bf303542b
2,day2_n4_softmax_seed44,44,66,1,False,False,True,0.654,0.0,-6.4068155,-4.100222,-9.114715794567019e-06,0.0018863911973312497,0.0018864130834117532,7e267c0bf303542b
2,day2_n4_softmax_seed44,44,66,2,False,False,True,0.632,0.0,6.125781,-4.2613606,-5.921269803366158e-06,0.0018833321519196033,0.0018833414651453495,7e267c0bf303542b
2,day2_n4_softmax_seed44,44,66,3,False,False,True,0.6298,0.0,0.52359855,2.4316223,1.69370230196364e-06,0.001808259286917746,0.0018082601018249989,7e267c0bf303542b
2,day2_n4_softmax_seed44,44,67,0,False,False,True,0.6728,0.0,3.4872484,5.1009607,-8.841716407914646e-07,0.0018472830997779965,0.0018472833326086402,7e267c0bf303542b
2,day2_n4_softmax_seed44,44,67,1,False,False,True,0.6052,0.0,2.2909958,0.82899976,-3.0933338166505564e-06,0.0018337342189624906,0.0018337368965148926,7e267c0bf303542b
2,day2_n4_softmax_seed44,44,67,2,False,False,True,0.664,0.0,-7.5259595,1.0053858,-3.047532288746879e-07,0.0018743232358247042,0.0018743232358247042,7e267c0bf303542b
2,day2_n4_softmax_seed44,44,67,3,False,False,True,0.701,0.0,1.7477236,-6.9353395,-4.393300059746252e-06,0.001846388215199113,0.001846393570303917,7e267c0bf303542b
2,day2_n4_softmax_seed44,44,68,0,False,False,True,0.6732,0.0,-4.2987943,6.0356336,-4.885147973254789e-06,0.0018640250200405717,0.0018640314228832722,7e267c0bf303542b
2,day2_n4_softmax_seed44,44,68,1,False,False,True,0.6684,0.0,-2.2334168,-5.8992476,-7.12894689058885e-06,0.0018385129515081644,0.0018385268049314618,7e267c0bf303542b
2,day2_n4_softmax_seed44,44,68,2,False,False,True,0.6688,0.0,7.376591,1.5393933,-4.029359388368903e-06,0.0018825792940333486,0.0018825834849849343,7e267c0bf303542b
2,day2_n4_softmax_seed44,44,68,3,False,False,True,0.6678,0.0,-0.844375,-1.6757818,-7.620600172231207e-06,0.0017931533511728048,0.0017931696493178606,7e267c0bf303542b
2,day2_n4_softmax_seed44,44,69,0,False,False,True,0.6414,0.0,-3.2263641,6.501628,-9.837403013079893e-06,0.0018691268051043153,0.0018691528821364045,7e267c0bf303542b
2,day2_n4_softmax_seed44,44,69,1,False,False,True,0.6648,0.0,-2.151724,-1.2481916,-5.735211743740365e-06,0.0018390662735328078,0.0018390751210972667,7e267c0bf303542b
2,day2_n4_softmax_seed44,44,69,2,False,False,True,0.7004,0.0,-2.409189,-5.8060136,-1.3269536225379852e-07,0.0018615474691614509,0.0018615474691614509,7e267c0bf303542b
2,day2_n4_softmax_seed44,44,69,3,False,False,True,0.6968,0.0,7.787281,0.55257666,-7.770068805257324e-06,0.001914161373861134,0.0019141772063449025,7e267c0bf303542b
2,day2_n4_softmax_seed44,44,70,0,False,False,True,0.651,0.0,-0.875143,1.2159294,-3.370551837633684e-07,0.001857201918028295,0.001857201918028295,7e267c0bf303542b
2,day2_n4_softmax_seed44,44,70,1,False,False,True,0.6618,0.0,-2.8575666,6.0197425,-2.8756992378475843e-06,0.0018830914050340652,0.0018830937333405018,7e267c0bf303542b
2,day2_n4_softmax_seed44,44,70,2,False,False,True,0.6684,0.0,7.551199,-0.8235432,-7.0059168137959205e-06,0.0019054196309298277,0.0019054325530305505,7e267c0bf303542b
2,day2_n4_softmax_seed44,44,70,3,False,False,True,0.6916,0.0,-3.818491,-6.4121275,-1.301837869505107e-06,0.0018900468712672591,0.0018900473369285464,7e267c0bf303542b
2,day2_n4_softmax_seed44,44,71,0,False,False,True,0.6882,0.0,2.607974,6.62246,8.19336833046691e-07,0.0018737720092758536,0.0018737723585218191,7e267c0bf303542b
2,day2_n4_softmax_seed44,44,71,1,False,False,True,0.6608,0.0,-7.281713,-1.1689785,-2.3712259462627117e-06,0.0018908473430201411,0.0018908489728346467,7e267c0bf303542b
2,day2_n4_softmax_seed44,44,71,2,False,False,True,0.6934,0.0,4.457247,-5.801499,-5.00656426538626e-07,0.0018831909401342273,0.0018831909401342273,7e267c0bf303542b
2,day2_n4_softmax_seed44,44,71,3,False,False,True,0.7084,0.0,0.21649586,0.34802064,-5.6941707953228615e-06,0.001828547683544457,0.0018285565311089158,7e267c0bf303542b
2,day2_n4_softmax_seed44,44,72,0,False,False,True,0.6194,0.0,-2.1245015,6.6522803,-5.337452421372291e-06,0.001880727824755013,0.0018807355081662536,7e267c0bf303542b
2,day2_n4_softmax_seed44,44,72,1,False,False,True,0.6616,0.0,7.4507318,-1.4900988,-6.488608050858602e-06,0.0019016466103494167,0.0019016575533896685,7e267c0bf303542b
2,day2_n4_softmax_seed44,44,72,2,False,False,True,0.6528,0.0,-0.8444682,0.5771997,-7.76598335505696e-06,0.0018325139535591006,0.0018325303681194782,7e267c0bf303542b
2,day2_n4_softmax_seed44,44,72,3,False,False,True,0.6788,0.0,-4.4817595,-5.739384,-7.871687557781115e-06,0.0018849145853891969,0.0018849311163648963,7e267c0bf303542b
2,day2_n4_softmax_seed44,44,73,0,False,False,True,0.6562,0.0,7.762191,-0.30416384,-3.906808160536457e-06,0.0019282478606328368,0.0019282519351691008,7e267c0bf303542b
2,day2_n4_softmax_seed44,44,73,1,False,False,True,0.6626,0.0,-3.7719536,-5.1532426,4.69007909487118e-06,0.0019047100795432925,0.0019047159003093839,7e267c0bf303542b
2,day2_n4_softmax_seed44,44,73,2,False,False,True,0.6758,0.0,-1.3107631,-1.7928126,-3.843099420919316e-06,0.00187721720431,0.0018772212788462639,7e267c0bf303542b
2,day2_n4_softmax_seed44,44,73,3,False,False,True,0.6736,0.0,-2.6794739,7.2502184,-5.445203441922786e-06,0.0019218743545934558,0.0019218821544200182,7e267c0bf303542b
2,day2_n4_softmax_seed44,44,74,0,False,False,True,0.6212,0.0,-1.3362843,0.21060774,-5.83370319873211e-06,0.0018701832741498947,0.0018701922381296754,7e267c0bf303542b
2,day2_n4_softmax_seed44,44,74,1,False,False,True,0.6902,0.0,-2.0624495,6.8861585,-6.667317848041421e-06,0.0019108873093500733,0.0019108988344669342,7e267c0bf303542b
2,day2_n4_softmax_seed44,44,74,2,False,False,True,0.6552,0.0,-4.309561,-5.757083,-2.6591937967168633e-06,0.001916099339723587,0.0019161010859534144,7e267c0bf303542b
2,day2_n4_softmax_seed44,44,74,3,False,False,True,0.6712,0.0,7.708299,-1.3396875,-8.415236152359284e-06,0.0019388124346733093,0.0019388307118788362,7e267c0bf303542b
2,day2_n4_softmax_seed44,44,75,0,False,False,True,0.5534,0.0,4.5369735,4.5818887,3.8243883864197414e-06,0.0019293449586257339,0.0019293488003313541,7e267c0bf303542b
2,day2_n4_softmax_seed44,44,75,1,False,False,True,0.6548,0.0,-0.7921499,-7.125514,-5.1650404202518985e-06,0.001913126208819449,0.0019131333101540804,7e267c0bf303542b
2,day2_n4_softmax_seed44,44,75,2,False,False,True,0.6892,0.0,-7.15299,3.32364,1.1858792277052999e-06,0.0019371642265468836,0.001937164575792849,7e267c0bf303542b
2,day2_n4_softmax_seed44,44,75,3,False,False,True,0.6844,0.0,3.4081635,-0.7800161,1.2451906741262064e-06,0.0019215360516682267,0.0019215362844988704,7e267c0bf303542b
2,day2_n4_softmax_seed44,44,76,0,False,False,True,0.7214,0.0,-1.3958349,0.9903881,1.3192658343541552e-06,0.0018974922131747007,0.001897492678835988,7e267c0bf303542b
2,day2_n4_softmax_seed44,44,76,1,False,False,True,0.6612,0.0,-2.0143592,6.681345,1.2452138662411016e-06,0.0019437717273831367,0.0019437720766291022,7e267c0bf303542b
2,day2_n4_softmax_seed44,44,76,2,False,False,True,0.6476,0.0,7.8561687,-1.5661727,-6.02776253799675e-06,0.0019838453736156225,0.0019838546868413687,7e267c0bf303542b
2,day2_n4_softmax_seed44,44,76,3,False,False,True,0.6818,0.0,-4.4459767,-6.1055565,-6.504564225906506e-06,0.0019520394271239638,0.0019520502537488937,7e267c0bf303542b
2,day2_n4_softmax_seed44,44,77,0,False,False,True,0.677,0.0,0.9095036,7.310991,7.708620728408278e-07,0.0019331291550770402,0.0019331293879076838,7e267c0bf303542b
2,day2_n4_softmax_seed44,44,77,1,False,False,True,0.6768,0.0,6.1657996,-4.547355,-1.168826770481246e-06,0.0019506204407662153,0.001950620673596859,7e267c0bf303542b
2,day2_n4_softmax_seed44,44,77,2,False,False,True,0.6774,0.0,-0.27468613,0.39753315,-2.0565935301419813e-06,0.001888818689621985,0.001888819970190525,7e267c0bf303542b
2,day2_n4_softmax_seed44,44,77,3,False,False,True,0.7068,0.0,-6.800615,-3.1611705,-7.794908924552146e-06,0.0019495215965434909,0.0019495370797812939,7e267c0bf303542b
2,day2_n4_softmax_seed44,44,78,0,False,False,True,0.684,0.0,-0.7025536,0.37757885,1.9015786847376148e-06,0.0019516657339408994,0.001951666665263474,7e267c0bf303542b
2,day2_n4_softmax_seed44,44,78,1,False,False,True,0.6882,0.0,-0.8214388,7.378866,6.624697448387451e-07,0.00196173251606524,0.0019617327488958836,7e267c0bf303542b
2,day2_n4_softmax_seed44,44,78,2,False,False,True,0.6536,0.0,7.322268,-2.9455652,-1.0107233947564964e-06,0.001978259766474366,0.00197825999930501,7e267c0bf303542b
2,day2_n4_softmax_seed44,44,78,3,False,False,True,0.6478,0.0,-5.7982697,-4.810879,-3.620129746195744e-06,0.0019716215319931507,0.0019716250244528055,7e267c0bf303542b
2,day2_n4_softmax_seed44,44,79,0,False,False,True,0.6662,0.0,2.1421216,1.3642786,3.110163788733189e-06,0.001918333349749446,0.0019183357944712043,7e267c0bf303542b
2,day2_n4_softmax_seed44,44,79,1,False,False,True,0.6814,0.0,2.9013746,-7.169475,-2.2475192054116633e-06,0.0019639143720269203,0.0019639157690107822,7e267c0bf303542b
2,day2_n4_softmax_seed44,44,79,2,False,False,True,0.6972,0.0,3.1085045,5.7903996,-1.8353078985455795e-06,0.001949550467543304,0.0019495512824505568,7e267c0bf303542b
2,day2_n4_softmax_seed44,44,79,3,False,False,True,0.6972,0.0,-8.1519985,0.014792932,-4.006965355074499e-06,0.0020090769976377487,0.002009080955758691,7e267c0bf303542b
2,day2_n4_softmax_seed44,44,80,0,False,False,True,0.677,0.0,1.0618985,7.9875884,-1.7245347407879308e-06,0.0019654585048556328,0.0019654594361782074,7e267c0bf303542b
2,day2_n4_softmax_seed44,44,80,1,False,False,True,0.6964,0.0,7.0747695,-3.6540225,8.74040779308416e-07,0.0019660370890051126,0.0019660375546664,7e267c0bf303542b
2,day2_n4_softmax_seed44,44,80,2,False,False,True,0.6854,0.0,-2.7850382,-2.2684922,-3.623406144015462e-07,0.0019477559253573418,0.0019477560417726636,7e267c0bf303542b
2,day2_n4_softmax_seed44,44,80,3,False,False,True,0.7066,0.0,-5.3516335,-2.065075,-8.290006007882766e-06,0.0019637378863990307,0.0019637553486973047,7e267c0bf303542b
2,day2_n4_softmax_seed44,44,81,0,False,False,True,0.7056,0.0,-1.9329114,-0.15435883,5.197292011871468e-06,0.0019400492310523987,0.0019400562159717083,7e267c0bf303542b
2,day2_n4_softmax_seed44,44,81,1,False,False,True,0.6968,0.0,-2.921515,-6.6092534,-3.89059914596146e-06,0.0019641881808638573,0.0019641921389847994,7e267c0bf303542b
2,day2_n4_softmax_seed44,44,81,2,False,False,True,0.6568,0.0,-3.301599,6.5259323,-8.881229973667359e-07,0.001958074513822794,0.0019580747466534376,7e267c0bf303542b
2,day2_n4_softmax_seed44,44,81,3,False,False,True,0.6812,0.0,8.156029,0.23769057,5.383253096624685e-07,0.0020027642603963614,0.0020027642603963614,7e267c0bf303542b
2,day2_n4_softmax_seed44,44,82,0,False,False,True,0.7232,0.0,0.21207519,-2.4026914,-2.648520421644207e-06,0.001951385522261262,0.0019513873849064112,7e267c0bf303542b
2,day2_n4_softmax_seed44,44,82,1,False,False,True,0.706,0.0,-7.2338457,3.8024318,-4.890520358458161e-06,0.002034277655184269,0.0020342834759503603,7e267c0bf303542b
2,day2_n4_softmax_seed44,44,82,2,False,False,True,0.717,0.0,0.7014083,-6.5604067,2.082924538626685e-06,0.0019754276145249605,0.001975428778678179,7e267c0bf303542b
2,day2_n4_softmax_seed44,44,82,3,False,False,True,0.6714,0.0,6.3203573,5.16067,-5.043417786509963e-06,0.0020179557614028454,0.0020179618149995804,7e267c0bf303542b
2,day2_n4_softmax_seed44,44,83,0,False,False,True,0.6824,0.0,-1.7066699,-1.4787662,-2.328298023712705e-06,0.0019426657818257809,0.0019426671788096428,7e267c0bf303542b
2,day2_n4_softmax_seed44,44,83,1,False,False,True,0.6948,0.0,8.118128,-0.42450434,-6.503910753963282e-06,0.0020037605427205563,0.0020037710200995207,7e267c0bf303542b
2,day2_n4_softmax_seed44,44,83,2,False,False,True,0.7138,0.0,-3.7513378,-5.4849424,1.7020547602442093e-06,0.0019674613140523434,0.0019674620125442743,7e267c0bf303542b
2,day2_n4_softmax_seed44,44,83,3,False,False,True,0.7086,0.0,-2.6601105,7.3882127,-2.7147823402629e-06,0.0019715719390660524,0.0019715738017112017,7e267c0bf303542b
2,day2_n4_softmax_seed44,44,84,0,False,False,True,0.693,0.0,-0.6878647,5.4246774,-7.491038104490144e-06,0.001969807781279087,0.00196982198394835,7e267c0bf303542b
2,day2_n4_softmax_seed44,44,84,1,False,False,True,0.7016,0.0,0.06112242,3.9847746,-5.140072516951477e-06,0.0019475233275443316,0.0019475301960483193,7e267c0bf303542b
2,day2_n4_softmax_seed44,44,84,2,False,False,True,0.6648,0.0,-6.446569,-5.1808066,-2.3950815375428647e-06,0.002021824475377798,0.00202182587236166,7e267c0bf303542b
2,day2_n4_softmax_seed44,44,84,3,False,False,True,0.6448,0.0,7.0733094,-4.2286477,-1.939406502060592e-06,0.0020181857980787754,0.00201818672940135,7e267c0bf303542b
2,day2_n4_softmax_seed44,44,85,0,False,False,True,0.7104,0.0,2.1774774,6.9530993,-2.7209614472667454e-06,0.0020092909689992666,0.002009292831644416,7e267c0bf303542b
2,day2_n4_softmax_seed44,44,85,1,False,False,True,0.6916,0.0,4.9353313,-1.0852611,-3.6998176256020088e-06,0.001996893435716629,0.001996896928176284,7e267c0bf303542b
2,day2_n4_softmax_seed44,44,85,2,False,False,True,0.7056,0.0,0.8168315,-6.4384675,-3.1178019526123535e-06,0.0020054178312420845,0.002005420159548521,7e267c0bf303542b
2,day2_n4_softmax_seed44,44,85,3,False,False,True,0.707,0.0,-7.9296393,0.5706377,-4.710417670139577e-06,0.00203749374486506,0.0020374993328005075,7e267c0bf303542b
2,day2_n4_softmax_seed44,44,86,0,False,False,True,0.7034,0.0,2.6365426,5.6085668,2.7789408250100678e-06,0.0020306033547967672,0.0020306052174419165,7e267c0bf303542b
2,day2_n4_softmax_seed44,44,86,1,False,False,True,0.7044,0.0,1.7363411,2.770481,-4.786740646522958e-06,0.0020170302595943213,0.002017035847529769,7e267c0bf303542b
2,day2_n4_softmax_seed44,44,86,2,False,False,True,0.6786,0.0,-8.302426,-1.0896093,1.9610677099990426e-06,0.0020463308319449425,0.002046331763267517,7e267c0bf303542b
2,day2_n4_softmax_seed44,44,86,3,False,False,True,0.6606,0.0,3.929536,-7.289442,-9.459219540985941e-08,0.0020376788452267647,0.0020376788452267647,7e267c0bf303542b
2,day2_n4_softmax_seed44,44,87,0,False,False,True,0.7164,0.0,0.90375924,1.0099419,-1.0430889005874633e-06,0.0020100632682442665,0.00201006350107491,7e267c0bf303542b
2,day2_n4_softmax_seed44,44,87,1,False,False,True,0.6876,0.0,-8.226845,-0.18537499,2.3313054953177925e-06,0.0020553572103381157,0.0020553586073219776,7e267c0bf303542b
2,day2_n4_softmax_seed44,44,87,2,False,False,True,0.702,0.0,3.6188142,-7.2157536,-1.794367250340656e-07,0.0020465566776692867,0.0020465566776692867,7e267c0bf303542b
2,day2_n4_softmax_seed44,44,87,3,False,False,True,0.717,0.0,3.704268,6.391189,3.6612304938898887e-06,0.002045798348262906,0.0020458013750612736,7e267c0bf303542b
2,day2_n4_softmax_seed44,44,88,0,False,False,True,0.7162,0.0,-2.3309767,-2.988407,4.889393039775314e-06,0.001991783268749714,0.001991789322346449,7e267c0bf303542b
2,day2_n4_softmax_seed44,44,88,1,False,False,True,0.695,0.0,8.261397,1.503636,-4.2062952161359135e-06,0.0020525099243968725,0.002052514348179102,7e267c0bf303542b
2,day2_n4_softmax_seed44,44,88,2,False,False,True,0.6422,0.0,-1.7749254,-5.552491,-3.7504485135286814e-06,0.0020003619138151407,0.0020003654062747955,7e267c0bf303542b
2,day2_n4_softmax_seed44,44,88,3,False,False,True,0.6744,0.0,-4.155496,7.0372567,-2.488713789716712e-06,0.0020197208505123854,0.0020197222474962473,7e267c0bf303542b
2,day2_n4_softmax_seed44,44,89,0,False,False,True,0.7064,0.0,-0.4846363,-2.9035864,-1.2251072121216566e-06,0.0020139403641223907,0.002013940829783678,7e267c0bf303542b
2,day2_n4_softmax_seed44,44,89,1,False,False,True,0.7034,0.0,7.820236,2.7109768,6.730163590873417e-07,0.0020498039666563272,0.0020498039666563272,7e267c0bf303542b
2,day2_n4_softmax_seed44,44,89,2,False,False,True,0.6806,0.0,-1.9086455,-6.128633,-3.902467142324895e-06,0.0020314566791057587,0.0020314601715654135,7e267c0bf303542b
2,day2_n4_softmax_seed44,44,89,3,False,False,True,0.712,0.0,-5.4269476,6.3212423,-3.877150902553694e-06,0.002036991296336055,0.0020369950216263533,7e267c0bf303542b
2,day2_n4_softmax_seed44,44,90,0,False,False,True,0.6812,0.0,4.571182,5.6870546,-3.4901213439297862e-06,0.0020640946459025145,0.0020640979055315256,7e267c0bf303542b
2,day2_n4_softmax_seed44,44,90,1,False,False,True,0.7014,0.0,1.3042085,1.1497221,-3.3020551200024784e-06,0.002020876156166196,0.0020208789501339197,7e267c0bf303542b
2,day2_n4_softmax_seed44,44,90,2,False,False,True,0.661,0.0,-8.33616,0.9884623,-3.618631353674573e-06,0.00209380267187953,0.0020938056986778975,7e267c0bf303542b
2,day2_n4_softmax_seed44,44,90,3,False,False,True,0.669,0.0,2.4607644,-7.8252344,-1.096675191547547e-06,0.002050064504146576,0.0020500647369772196,7e267c0bf303542b
2,day2_n4_softmax_seed44,44,91,0,False,False,True,0.7112,0.0,0.7783487,4.898998,4.515275122685125e-06,0.0020340560004115105,0.002034061122685671,7e267c0bf303542b
2,day2_n4_softmax_seed44,44,91,1,False,False,True,0.691,0.0,0.8458092,4.71104,-3.1346469313575653e-06,0.00204154453240335,0.0020415468607097864,7e267c0bf303542b
2,day2_n4_softmax_seed44,44,91,2,False,False,True,0.7216,0.0,-7.6655607,-3.6667717,-2.1414195998659125e-06,0.002075099153444171,0.0020751003175973892,7e267c0bf303542b
2,day2_n4_softmax_seed44,44,91,3,False,False,True,0.6156,0.0,6.041405,-5.9432573,-1.2791115295840427e-06,0.002061937702819705,0.0020619379356503487,7e267c0bf303542b
2,day2_n4_softmax_seed44,44,92,0,False,False,True,0.6696,0.0,8.583514,0.8747821,-1.230606699209602e-06,0.0021226112730801105,0.002122611738741398,7e267c0bf303542b
2,day2_n4_softmax_seed44,44,92,1,False,False,True,0.708,0.0,-4.008702,6.5912113,-3.4551869703136617e-06,0.00205483241006732,0.0020548352040350437,7e267c0bf303542b
2,day2_n4_softmax_seed44,44,92,2,False,False,True,0.6506,0.0,-2.0120943,-0.39904338,-2.387448830631911e-06,0.002022131811827421,0.002022133208811283,7e267c0bf303542b
2,day2_n4_softmax_seed44,44,92,3,False,False,True,0.6914,0.0,-2.5627122,-7.066963,1.2232613926244085e-06,0.002034191507846117,0.0020341917406767607,7e267c0bf303542b
2,day2_n4_softmax_seed44,44,93,0,False,False,True,0.7074,0.0,-3.4071226,7.44185,4.441397322807461e-06,0.002066571032628417,0.0020665759220719337,7e267c0bf303542b
2,day2_n4_softmax_seed44,44,93,1,False,False,True,0.7232,0.0,8.6145315,0.37707156,-7.3617770794953685e-06,0.0021103662438690662,0.002110379049554467,7e267c0bf303542b
2,day2_n4_softmax_seed44,44,93,2,False,False,True,0.6898,0.0,-2.9970887,-6.1323223,4.465714766865858e-07,0.002057333244010806,0.002057333244010806,7e267c0bf303542b
2,day2_n4_softmax_seed44,44,93,3,False,False,True,0.71,0.0,-2.2103157,-1.6865906,5.190871092963789e-07,0.0020251136738806963,0.00202511390671134,7e267c0bf303542b
2,day2_n4_softmax_seed44,44,94,0,False,False,True,0.7128,0.0,-4.835167,-6.9000998,-6.580231115549395e-07,0.0020626455079764128,0.0020626455079764128,7e267c0bf303542b
2,day2_n4_softmax_seed44,44,94,1,False,False,True,0.6832,0.0,-2.977984,6.4282975,-5.1507095122360624e-06,0.0020567462779581547,0.002056752797216177,7e267c0bf303542b
2,day2_n4_softmax_seed44,44,94,2,False,False,True,0.6966,0.0,-0.23856325,2.1734655,-3.5464734082779614e-07,0.0020334962755441666,0.0020334962755441666,7e267c0bf303542b
2,day2_n4_softmax_seed44,44,94,3,False,False,True,0.7016,0.0,8.051714,-1.701658,-5.5029126997396816e-06,0.0020814859308302402,0.00208149291574955,7e267c0bf303542b
2,day2_n4_softmax_seed44,44,95,0,False,False,True,0.7112,0.0,0.8025159,4.274446,1.5864279703237116e-06,0.002062386367470026,0.0020623868331313133,7e267c0bf303542b
2,day2_n4_softmax_seed44,44,95,1,False,False,True,0.6244,0.0,-8.257417,-2.479178,3.899167950294213e-06,0.0021135155111551285,0.002113519236445427,7e267c0bf303542b
2,day2_n4_softmax_seed44,44,95,2,False,False,True,0.6974,0.0,5.159552,-6.9063387,-6.878783096908592e-06,0.0020973258651793003,0.0020973370410501957,7e267c0bf303542b
2,day2_n4_softmax_seed44,44,95,3,False,False,True,0.7238,0.0,2.2953503,5.11107,-9.806490197661333e-06,0.002072769682854414,0.0020727929659187794,7e267c0bf303542b
2,day2_n4_softmax_seed44,44,96,0,False,False,True,0.6796,0.0,8.000269,1.6279596,-1.1998712352578877e-06,0.0020905090495944023,0.0020905095152556896,7e267c0bf303542b
2,day2_n4_softmax_seed44,44,96,1,False,False,True,0.7296,0.0,-5.3757563,6.1820188,-1.6524772661341558e-08,0.002098043216392398,0.002098043216392398,7e267c0bf303542b
2,day2_n4_softmax_seed44,44,96,2,False,False,True,0.7406,0.0,0.017788114,-0.16065778,-2.254056653328007e-06,0.002088146982714534,0.002088148146867752,7e267c0bf303542b
2,day2_n4_softmax_seed44,44,96,3,False,False,True,0.7214,0.0,-2.642298,-7.6493154,-1.6904906487980043e-06,0.0020935144275426865,0.0020935148932039738,7e267c0bf303542b
2,day2_n4_softmax_seed44,44,97,0,False,False,True,0.697,0.0,1.6296566,7.6583323,5.501888722392323e-07,0.0020777322351932526,0.0020777322351932526,7e267c0bf303542b
2,day2_n4_softmax_seed44,44,97,1,False,False,True,0.6882,0.0,3.4615345,-6.12267,-4.10006350648473e-06,0.0020795525051653385,0.0020795566961169243,7e267c0bf303542b
2,day2_n4_softmax_seed44,44,97,2,False,False,True,0.7128,0.0,3.4255354,-0.3655429,-1.2415518995112507e-06,0.0020681885071098804,0.0020681889727711678,7e267c0bf303542b
2,day2_n4_softmax_seed44,44,97,3,False,False,True,0.6986,0.0,-8.5167265,-1.1701165,1.167100549537281e-06,0.0020979063119739294,0.002097906544804573,7e267c0bf303542b
2,day2_n4_softmax_seed44,44,98,0,False,False,True,0.6996,0.0,1.1881607,4.131626,-5.382826657296391e-06,0.0020891090389341116,0.002089116023853421,7e267c0bf303542b
2,day2_n4_softmax_seed44,44,98,1,False,False,True,0.666,0.0,-8.568066,-1.8086247,-4.700542831415078e-06,0.0021565728820860386,0.002156578004360199,7e267c0bf303542b
2,day2_n4_softmax_seed44,44,98,2,False,False,True,0.695,0.0,2.736144,5.041888,-3.7237582546367776e-06,0.0020849257707595825,0.0020849290303885937,7e267c0bf303542b
2,day2_n4_softmax_seed44,44,98,3,False,False,True,0.6876,0.0,4.6437597,-7.3648887,-6.269504410738591e-06,0.0021129674278199673,0.002112976973876357,7e267c0bf303542b
2,day2_n4_softmax_seed44,44,99,0,False,False,True,0.7136,0.0,0.07730725,-7.031731,1.293784976041934e-06,0.002082045888528228,0.002082046354189515,7e267c0bf303542b
2,day2_n4_softmax_seed44,44,99,1,False,False,True,0.6872,0.0,-3.7490692,6.4869614,2.475561586834374e-06,0.0020871758460998535,0.0020871772430837154,7e267c0bf303542b
2,day2_n4_softmax_seed44,44,99,2,False,False,True,0.7174,0.0,-4.4402256,-1.6287597,3.7968470678606536e-06,0.0020779198966920376,0.0020779233891516924,7e267c0bf303542b
2,day2_n4_softmax_seed44,44,99,3,False,False,True,0.6718,0.0,8.111984,2.1735268,-3.995141923951451e-06,0.00210022134706378,0.0021002250723540783,7e267c0bf303542b
2,day2_n4_softmax_seed44,44,100,0,False,False,True,0.7156,0.0,1.2437857,5.0313034,-8.054755085140641e-07,0.0020955102518200874,0.002095510484650731,7e267c0bf303542b
2,day2_n4_softmax_seed44,44,100,1,False,False,True,0.7204,0.0,-8.572431,-1.8385059,-5.4454285418614745e-06,0.002146325306966901,0.002146332059055567,7e267c0bf303542b
2,day2_n4_softmax_seed44,44,100,2,False,False,True,0.6296,0.0,2.7696178,4.1702,-3.4768052046274533e-06,0.002092348877340555,0.0020923519041389227,7e267c0bf303542b
2,day2_n4_softmax_seed44,44,100,3,False,False,True,0.7232,0.0,4.5590363,-7.363002,-8.902637091523502e-06,0.002111972775310278,0.0021119914017617702,7e267c0bf303542b
2,day2_n4_softmax_seed44,44,101,0,False,False,True,0.8292,0.0,-0.03146473,0.7511339,-1.211484686791664e-06,0.00023602228611707687,0.0002360253711231053,7e267c0bf303542b
2,day2_n4_softmax_seed44,44,101,1,False,False,True,0.8242,0.0,0.78535783,-0.18853907,-1.1007078910552082e-06,0.00023470651649404317,0.00023470907763112336,7e267c0bf303542b
2,day2_n4_softmax_seed44,44,101,2,False,False,True,0.8222,0.0,-0.45804927,-0.032460798,-1.5587062307531596e-06,0.00023847035481594503,0.00023847544798627496,7e267c0bf303542b
2,day2_n4_softmax_seed44,44,101,3,False,False,True,0.821,0.0,-0.29584244,-0.5301344,-1.3438016139843967e-06,0.00023647298803552985,0.00023647680063731968,7e267c0bf303542b
2,day2_n4_softmax_seed44,44,102,0,False,False,True,0.8326,0.0,-0.25551683,-0.48989275,3.952131919504609e-07,0.00022911655833013356,0.0002291168930241838,7e267c0bf303542b
2,day2_n4_softmax_seed44,44,102,1,False,False,True,0.8314,0.0,0.90599567,0.15750197,-2.857342167317256e-07,0.00023315762518905103,0.00023315779981203377,7e267c0bf303542b
2,day2_n4_softmax_seed44,44,102,2,False,False,True,0.8266,0.0,-0.4533275,0.78985,-7.515810125369171e-07,0.0002315817546332255,0.00023158296244218946,7e267c0bf303542b
2,day2_n4_softmax_seed44,44,102,3,False,False,True,0.827,0.0,-0.19715142,-0.45745924,-1.9252603067343443e-07,0.00022741661814507097,0.00022741667635273188,7e267c0bf303542b
2,day2_n4_softmax_seed44,44,103,0,False,False,True,0.8366,0.0,-0.12150718,-0.12428026,-1.30163812173123e-07,0.00023208891798276454,0.00023208897619042546,7e267c0bf303542b
2,day2_n4_softmax_seed44,44,103,1,False,False,True,0.8324,0.0,0.94203603,0.17556956,-3.6107681467001385e-07,0.00024270608264487237,0.00024270634457934648,7e267c0bf303542b
2,day2_n4_softmax_seed44,44,103,2,False,False,True,0.8326,0.0,-0.54073954,0.7466658,-2.870221749162738e-07,0.00023968519235495478,0.00023968538152985275,7e267c0bf303542b
2,day2_n4_softmax_seed44,44,103,3,False,False,True,0.8306,0.0,-0.2797882,-0.7979548,2.866323711714358e-07,0.00023494591005146503,0.00023494608467444777,7e267c0bf303542b
2,day2_n4_softmax_seed44,44,104,0,False,False,True,0.8372,0.0,-0.23707157,0.6280582,-8.494892966837142e-08,0.0002410639717709273,0.0002410639717709273,7e267c0bf303542b
2,day2_n4_softmax_seed44,44,104,1,False,False,True,0.8344,0.0,-0.6720746,0.089321785,4.023737858460663e-07,0.0002449346357025206,0.00024493495584465563,7e267c0bf303542b
2,day2_n4_softmax_seed44,44,104,2,False,False,True,0.835,0.0,-0.0085758455,-0.93628764,-1.0539943673393282e-07,0.0002433096378808841,0.00024330966698471457,7e267c0bf303542b
2,day2_n4_softmax_seed44,44,104,3,False,False,True,0.8312,0.0,0.9177206,0.21890773,3.350257316014904e-07,0.0002444351266603917,0.00024443535949103534,7e267c0bf303542b
2,day2_n4_softmax_seed44,44,105,0,False,False,True,0.8332,0.0,0.15676947,0.30331483,4.646240654437861e-07,0.0002505456213839352,0.0002505460288375616,7e267c0bf303542b
2,day2_n4_softmax_seed44,44,105,1,False,False,True,0.8336,0.0,-0.8838585,-0.5429112,2.7941320013269433e-07,0.00025167278363369405,0.00025167292915284634,7e267c0bf303542b
2,day2_n4_softmax_seed44,44,105,2,False,False,True,0.8348,0.0,0.79773825,-0.5878481,-2.455067829032487e-07,0.00025246042059734464,0.00025246053701266646,7e267c0bf303542b
2,day2_n4_softmax_seed44,44,105,3,False,False,True,0.8304,0.0,-0.07064908,0.827444,-4.3746578626269184e-07,0.0002462567645125091,0.00024625714286230505,7e267c0bf303542b
2,day2_n4_softmax_seed44,44,106,0,False,False,True,0.835,0.0,0.19878426,0.5969033,4.1562165620234737e-07,0.00025233422638848424,0.00025233454653061926,7e267c0bf303542b
2,day2_n4_softmax_seed44,44,106,1,False,False,True,0.8374,0.0,-1.0583837,-0.02903738,-1.5622164539763617e-07,0.0002627634385135025,0.0002627634967211634,7e267c0bf303542b
2,day2_n4_softmax_seed44,44,106,2,False,False,True,0.8372,0.0,0.36220878,-0.9843246,4.49939534519217e-08,0.0002558240666985512,0.0002558240666985512,7e267c0bf303542b
2,day2_n4_softmax_seed44,44,106,3,False,False,True,0.8356,0.0,0.49739072,0.41645986,-8.216752434009322e-08,0.00025224548880942166,0.00025224548880942166,7e267c0bf303542b
2,day2_n4_softmax_seed44,44,107,0,False,False,True,0.8364,0.0,-0.018256305,0.8995442,2.0937230260642536e-07,0.0002616777492221445,0.0002616778074298054,7e267c0bf303542b
2,day2_n4_softmax_seed44,44,107,1,False,False,True,0.8402,0.0,-0.92705643,-0.5677406,6.554306537509547e-07,0.0002659551682882011,0.0002659559831954539,7e267c0bf303542b
2,day2_n4_softmax_seed44,44,107,2,False,False,True,0.8326,0.0,0.86829674,-0.6121103,-4.915278850603499e-07,0.00026536438963375986,0.0002653648261912167,7e267c0bf303542b
2,day2_n4_softmax_seed44,44,107,3,False,False,True,0.8366,0.0,0.07701667,0.280307,3.234616485769948e-07,0.0002559861750341952,0.0002559863787610084,7e267c0bf303542b
2,day2_n4_softmax_seed44,44,108,0,False,False,True,0.8404,0.0,-0.23863395,-0.9516382,4.903209855910973e-07,0.000265589653281495,0.0002655901189427823,7e267c0bf303542b
2,day2_n4_softmax_seed44,44,108,1,False,False,True,0.8376,0.0,1.1160352,0.07317178,7.3726154070641314e-09,0.0002716425515245646,0.0002716425515245646,7e267c0bf303542b
2,day2_n4_softmax_seed44,44,108,2,False,False,True,0.8358,0.0,-0.52865726,0.013316267,2.327972481452889e-07,0.0002653250703588128,0.00026532518677413464,7e267c0bf303542b
2,day2_n4_softmax_seed44,44,108,3,False,False,True,0.8374,0.0,-0.34874353,0.8651506,3.2801969496176753e-07,0.00026793975848704576,0.00026793996221385896,7e267c0bf303542b
2,day2_n4_softmax_seed44,44,109,0,False,False,True,0.8408,0.0,-0.39783943,0.522112,5.019218747293053e-07,0.00027315597981214523,0.0002731564163696021,7e267c0bf303542b
2,day2_n4_softmax_seed44,44,109,1,False,False,True,0.836,0.0,-0.42019638,-1.0640191,-4.193724976175872e-07,0.00027447077445685863,0.00027447109459899366,7e267c0bf303542b
2,day2_n4_softmax_seed44,44,109,2,False,False,True,0.8338,0.0,1.1593825,-0.036250137,-2.6648041284715873e-07,0.0002810891892295331,0.00028108933474868536,7e267c0bf303542b
2,day2_n4_softmax_seed44,44,109,3,False,False,True,0.8356,0.0,-0.3413474,0.57815725,-6.22717948317586e-08,0.0002692120324354619,0.0002692120033316314,7e267c0bf303542b
2,day2_n4_softmax_seed44,44,110,0,False,False,True,0.841,0.0,-0.11894301,0.670054,1.479490521205662e-07,0.0002739156479947269,0.0002739156479947269,7e267c0bf303542b
2,day2_n4_softmax_seed44,44,110,1,False,False,True,0.8372,0.0,1.0789748,-0.49647075,-2.13228290135703e-07,0.00028700055554509163,0.00028700061375275254,7e267c0bf303542b
2,day2_n4_softmax_seed44,44,110,2,False,False,True,0.8392,0.0,-0.839828,-0.8261425,-4.993057132196554e-07,0.0002833005564752966,0.00028330099303275347,7e267c0bf303542b
2,day2_n4_softmax_seed44,44,110,3,False,False,True,0.8366,0.0,-0.12020311,0.6525591,1.809282146325586e-08,0.00027225230587646365,0.00027225230587646365,7e267c0bf303542b
2,day2_n4_softmax_seed44,44,111,0,False,False,True,0.8438,0.0,-0.18811752,1.0702035,3.3589664383271156e-08,0.0002851466997526586,0.0002851466997526586,7e267c0bf303542b
2,day2_n4_softmax_seed44,44,111,1,False,False,True,0.8358,0.0,-0.90017146,-0.73753315,5.575103614319232e-07,0.00028712235507555306,0.0002871228789445013,7e267c0bf303542b
2,day2_n4_softmax_seed44,44,111,2,False,False,True,0.836,0.0,1.0418879,-0.44917312,3.115210063242557e-07,0.000288082956103608,0.00028808313072659075,7e267c0bf303542b
2,day2_n4_softmax_seed44,44,111,3,False,False,True,0.8366,0.0,0.04640027,0.11650242,3.5241083651271765e-07,0.0002843662805389613,0.00028436651336960495,7e267c0bf303542b
2,day2_n4_softmax_seed44,44,112,0,False,False,True,0.8406,0.0,0.11490919,1.1610223,7.777613859616395e-07,0.00028984423261135817,0.0002898452803492546,7e267c0bf303542b
2,day2_n4_softmax_seed44,44,112,1,False,False,True,0.8386,0.0,-1.1906962,-0.31327227,4.4753724637303094e-07,0.0002966240863315761,0.00029662440647371113,7e267c0bf303542b
2,day2_n4_softmax_seed44,44,112,2,False,False,True,0.8394,0.0,0.6233036,-0.7190699,-1.754188474478724e-07,0.0002907773887272924,0.00029077744693495333,7e267c0bf303542b
2,day2_n4_softmax_seed44,44,112,3,False,False,True,0.8366,0.0,0.45248297,-0.12867974,3.8794337342551444e-07,0.0002882631088141352,0.0002882633707486093,7e267c0bf303542b
2,day2_n4_softmax_seed44,44,113,0,False,False,True,0.8416,0.0,-0.475666,0.8669369,8.023665145628911e-07,0.00029640254797413945,0.00029640362481586635,7e267c0bf303542b
2,day2_n4_softmax_seed44,44,113,1,False,False,True,0.8374,0.0,-0.8635876,-0.87225425,5.795994297841389e-07,0.0002992108347825706,0.00029921141685917974,7e267c0bf303542b
2,day2_n4_softmax_seed44,44,113,2,False,False,True,0.8354,0.0,1.0019355,-0.5156182,-8.665657702522367e-08,0.0002988850756082684,0.0002988850756082684,7e267c0bf303542b
2,day2_n4_softmax_seed44,44,113,3,False,False,True,0.8356,0.0,0.33731824,0.52093416,1.1145027656311868e-06,0.0002949869376607239,0.0002949890331365168,7e267c0bf303542b
2,day2_n4_softmax_seed44,44,114,0,False,False,True,0.8388,0.0,1.0044019,0.26615575,1.2823984718579595e-07,0.0003029876679647714,0.00030298769706860185,7e267c0bf303542b
2,day2_n4_softmax_seed44,44,114,1,False,False,True,0.8378,0.0,-0.9904789,0.70211166,-5.423881930255448e-07,0.0003048459766432643,0.00030484647140838206,7e267c0bf303542b
2,day2_n4_softmax_seed44,44,114,2,False,False,True,0.8446,0.0,-0.28945175,-1.2299277,6.374609995418723e-08,0.000302555738016963,0.000302555738016963,7e267c0bf303542b
2,day2_n4_softmax_seed44,44,114,3,False,False,True,0.8408,0.0,0.27552864,0.261659,9.087530727924786e-10,0.0002976796531584114,0.0002976796531584114,7e267c0bf303542b
2,day2_n4_softmax_seed44,44,115,0,False,False,True,0.8398,0.0,0.20944329,-0.4828902,2.405073189493123e-07,0.00030444274307228625,0.00030444280127994716,7e267c0bf303542b
2,day2_n4_softmax_seed44,44,115,1,False,False,True,0.831,0.0,1.0061848,0.7663966,-5.8620283738264334e-08,0.0003146200906485319,0.00031462006154470146,7e267c0bf303542b
2,day2_n4_softmax_seed44,44,115,2,False,False,True,0.8404,0.0,-1.1132891,0.69144154,-4.669983866278926e-07,0.0003136199084110558,0.00031362022855319083,7e267c0bf303542b
2,day2_n4_softmax_seed44,44,115,3,False,False,True,0.8372,0.0,-0.10233961,-0.97494817,4.837546612179722e-07,0.00030719710048288107,0.00030719750793650746,7e267c0bf303542b
2,day2_n4_softmax_seed44,44,116,0,False,False,True,0.8432,0.0,0.0385631,0.72672707,-8.574649257298006e-08,0.0003062380419578403,0.0003062380419578403,7e267c0bf303542b
2,day2_n4_softmax_seed44,44,116,1,False,False,True,0.8444,0.0,-1.2186673,-0.43960533,-3.2892478429857874e-07,0.00031407183269038796,0.0003140720073133707,7e267c0bf303542b
2,day2_n4_softmax_seed44,44,116,2,False,False,True,0.8434,0.0,0.8186945,-1.0059155,4.197712399900411e-09,0.0003115627623628825,0.0003115627623628825,7e267c0bf303542b
2,day2_n4_softmax_seed44,44,116,3,False,False,True,0.8392,0.0,0.36141086,0.7187941,4.3393120563450793e-07,0.0003099221212323755,0.00030992241227068007,7e267c0bf303542b
2,day2_n4_softmax_seed44,44,117,0,False,False,True,0.8438,0.0,0.51725966,1.2151378,9.17411782097588e-08,0.0003220038197468966,0.0003220038197468966,7e267c0bf303542b
2,day2_n4_softmax_seed44,44,117,1,False,False,True,0.8424,0.0,0.6193226,-0.9008696,1.0474680323113716e-07,0.00032054621260613203,0.0003205462417099625,7e267c0bf303542b
2,day2_n4_softmax_seed44,44,117,2,False,False,True,0.8384,0.0,-1.3531436,0.0016271864,-6.406455668184208e-07,0.00032942439429461956,0.00032942500547505915,7e267c0bf303542b
2,day2_n4_softmax_seed44,44,117,3,False,False,True,0.839,0.0,0.2165621,-0.31589553,7.166127033997327e-07,0.0003125161456409842,0.0003125169314444065,7e267c0bf303542b
2,day2_n4_softmax_seed44,44,118,0,False,False,True,0.8378,0.0,-0.17680708,1.0098306,5.291818752084509e-07,0.0003251296002417803,0.0003251300076954067,7e267c0bf303542b
2,day2_n4_softmax_seed44,44,118,1,False,False,True,0.838,0.0,-0.8383755,-1.0375552,9.124870530285989e-07,0.00032799530890770257,0.00032799658947624266,7e267c0bf303542b
2,day2_n4_softmax_seed44,44,118,2,False,False,True,0.8404,0.0,1.3043383,-0.42880553,-4.417679804191721e-07,0.00033029878977686167,0.0003302990517113358,7e267c0bf303542b
2,day2_n4_softmax_seed44,44,118,3,False,False,True,0.8424,0.0,-0.28915507,0.45653075,7.53580479795346e-07,0.00032380997436121106,0.00032381084747612476,7e267c0bf303542b
2,day2_n4_softmax_seed44,44,119,0,False,False,True,0.8424,0.0,0.8988739,-0.9745974,-1.927709263327415e-07,0.0003310119791422039,0.00033101203734986484,7e267c0bf303542b
2,day2_n4_softmax_seed44,44,119,1,False,False,True,0.841,0.0,-1.2691289,-0.5506126,-1.5544483744633908e-07,0.0003336212248541415,0.00033362125395797193,7e267c0bf303542b
2,day2_n4_softmax_seed44,44,119,2,False,False,True,0.8438,0.0,0.39897764,0.5168326,-5.514212375601346e-07,0.00032998714596033096,0.00032998761162161827,7e267c0bf303542b
2,day2_n4_softmax_seed44,44,119,3,False,False,True,0.8382,0.0,-0.0287224,1.0083777,5.804074021398264e-07,0.0003298060910310596,0.00032980661490000784,7e267c0bf303542b
2,day2_n4_softmax_seed44,44,120,0,False,False,True,0.8474,0.0,-0.976489,-0.9898435,4.5398712700261967e-07,0.00033865051227621734,0.00033865077421069145,7e267c0bf303542b
2,day2_n4_softmax_seed44,44,120,1,False,False,True,0.8442,0.0,1.2885176,-0.5984232,2.6550766918376212e-08,0.0003403356240596622,0.0003403356240596622,7e267c0bf303542b
2,day2_n4_softmax_seed44,44,120,2,False,False,True,0.8364,0.0,-0.009264032,0.97232527,-1.887981966319785e-07,0.000336964032612741,0.00033696406171657145,7e267c0bf303542b
2,day2_n4_softmax_seed44,44,120,3,False,False,True,0.8384,0.0,-0.30276302,0.61594236,1.024212394895585e-07,0.00033586719655431807,0.0003358671674504876,7e267c0bf303542b
2,day2_n4_softmax_seed44,44,121,0,False,False,True,0.841,0.0,0.104288585,1.0357383,-6.229788684919413e-09,0.0003383803414180875,0.000338380312314257,7e267c0bf303542b
2,day2_n4_softmax_seed44,44,121,1,False,False,True,0.8462,0.0,-1.3580301,-0.5243128,-3.2550397577324475e-07,0.00035039152135141194,0.00035039163776673377,7e267c0bf303542b
2,day2_n4_softmax_seed44,44,121,2,False,False,True,0.8352,0.0,0.94199806,-1.0481703,5.888804111009449e-08,0.0003454935795161873,0.0003454935795161873,7e267c0bf303542b
2,day2_n4_softmax_seed44,44,121,3,False,False,True,0.8378,0.0,0.31174266,0.53674495,-3.905547032445611e-07,0.0003382412833161652,0.00033824151614680886,7e267c0bf303542b
2,day2_n4_softmax_seed44,44,122,0,False,False,True,0.8394,0.0,-0.11852847,0.6850604,4.2020582213808666e-07,0.0003458384016994387,0.00034583863453008235,7e267c0bf303542b
2,day2_n4_softmax_seed44,44,122,1,False,False,True,0.838,0.0,-1.0400583,-1.0626403,4.897851795249153e-07,0.0003573483263608068,0.0003573486173991114,7e267c0bf303542b
2,day2_n4_softmax_seed44,44,122,2,False,False,True,0.8408,0.0,1.360897,-0.6062029,4.487932017127605e-07,0.00035797941382043064,0.00035797973396256566,7e267c0bf303542b
2,day2_n4_softmax_seed44,44,122,3,False,False,True,0.836,0.0,-0.20231017,0.98378044,1.3569057877305113e-08,0.00034750549821183085,0.00034750549821183085,7e267c0bf303542b
2,day2_n4_softmax_seed44,44,123,0,False,False,True,0.8414,0.0,-0.2056057,-0.89296883,-2.712542368499271e-07,0.0003531590336933732,0.0003531591210048646,7e267c0bf303542b
2,day2_n4_softmax_seed44,44,123,1,False,False,True,0.8352,0.0,-1.1740606,0.9413818,1.2081946465514193e-07,0.00036233736318536103,0.00036233736318536103,7e267c0bf303542b
2,day2_n4_softmax_seed44,44,123,2,False,False,True,0.8364,0.0,1.2850304,0.7780794,-2.3025090456485486e-07,0.00036153936525806785,0.00036153942346572876,7e267c0bf303542b
2,day2_n4_softmax_seed44,44,123,3,False,False,True,0.833,0.0,0.09463613,-0.8264912,3.9143657204476767e-07,0.0003500021994113922,0.0003500024031382054,7e267c0bf303542b
2,day2_n4_softmax_seed44,44,124,0,False,False,True,0.8364,0.0,-1.0340163,0.42218006,2.46174153062384e-07,0.00036409159656614065,0.000364091683877632,7e267c0bf303542b
2,day2_n4_softmax_seed44,44,124,1,False,False,True,0.8436,0.0,0.81005144,-1.1772656,-2.6439209932505037e-07,0.00036494166124612093,0.0003649417485576123,7e267c0bf303542b
2,day2_n4_softmax_seed44,44,124,2,False,False,True,0.8328,0.0,0.94330233,1.1628183,3.3670701782284596e-07,0.00036457902751863003,0.0003645791730377823,7e267c0bf303542b
2,day2_n4_softmax_seed44,44,124,3,False,False,True,0.831,0.0,-0.719338,-0.4077325,2.1641689329499059e-07,0.0003584842779673636,0.00035848430707119405,7e267c0bf303542b
2,day2_n4_softmax_seed44,44,125,0,False,False,True,0.8344,0.0,-0.8349219,1.1898553,4.812300744561071e-07,0.0003721491666510701,0.0003721494576893747,7e267c0bf303542b
2,day2_n4_softmax_seed44,44,125,1,False,False,True,0.8366,0.0,-0.59626347,-1.342677,-7.171839797592838e-07,0.00037074851570650935,0.0003707492141984403,7e267c0bf303542b
2,day2_n4_softmax_seed44,44,125,2,False,False,True,0.8386,0.0,1.4967937,0.12984693,4.5652407720808696e-07,0.00037553501897491515,0.0003755352518055588,7e267c0bf303542b
2,day2_n4_softmax_seed44,44,125,3,False,False,True,0.838,0.0,-0.06560684,0.022974929,8.960783048905796e-08,0.0003555623989086598,0.0003555623989086598,7e267c0bf303542b
2,day2_n4_softmax_seed44,44,126,0,False,False,True,0.8478,0.0,-0.29175004,-0.76643455,-5.233262641013425e-07,0.0003665305266622454,0.00036653090501204133,7e267c0bf303542b
2,day2_n4_softmax_seed44,44,126,1,False,False,True,0.8406,0.0,-0.88374656,1.2749308,-1.0161531918129185e-06,0.0003729611053131521,0.00037296247319318354,7e267c0bf303542b
2,day2_n4_softmax_seed44,44,126,2,False,False,True,0.838,0.0,1.5070903,0.39946753,-3.7140617337172444e-07,0.0003743298875633627,0.00037433006218634546,7e267c0bf303542b
2,day2_n4_softmax_seed44,44,126,3,False,False,True,0.8378,0.0,-0.33159298,-0.90796405,-3.302971265384258e-07,0.0003666109114419669,0.0003666110569611192,7e267c0bf303542b
2,day2_n4_softmax_seed44,44,127,0,False,False,True,0.8348,0.0,0.30700606,-1.2904598,4.42289319835254e-07,0.00038092577597126365,0.0003809260088019073,7e267c0bf303542b
2,day2_n4_softmax_seed44,44,127,1,False,False,True,0.8388,0.0,-1.5429503,0.45519543,-1.2596133558417932e-07,0.0003886431222781539,0.00038864315138198435,7e267c0bf303542b
2,day2_n4_softmax_seed44,44,127,2,False,False,True,0.837,0.0,0.24078332,-0.3543333,3.2356314250137075e-07,0.0003765299334190786,0.00037653007893823087,7e267c0bf303542b
2,day2_n4_softmax_seed44,44,127,3,False,False,True,0.8306,0.0,0.9951618,1.189596,1.6464385055314779e-07,0.0003847719053737819,0.0003847719053737819,7e267c0bf303542b
2,day2_n4_softmax_seed44,44,128,0,False,False,True,0.838,0.0,-0.21987854,0.27293283,1.0842623510143312e-07,0.0003853690577670932,0.0003853690577670932,7e267c0bf303542b
2,day2_n4_softmax_seed44,44,128,1,False,False,True,0.8338,0.0,-1.4177983,0.21397741,1.4889400290485355e-07,0.00039129253127612174,0.00039129253127612174,7e267c0bf303542b
2,day2_n4_softmax_seed44,44,128,2,False,False,True,0.8336,0.0,1.1169918,1.0345576,5.479129754348833e-07,0.00038938262150622904,0.0003893829707521945,7e267c0bf303542b
2,day2_n4_softmax_seed44,44,128,3,False,False,True,0.8394,0.0,0.52068335,-1.5214684,-7.007431008787535e-07,0.00038653778028674424,0.0003865384205710143,7e267c0bf303542b
2,day2_n4_softmax_seed44,44,129,0,False,False,True,0.8324,0.0,-0.37168235,-0.67282826,3.1236132258527505e-07,0.0003882665769197047,0.0003882666933350265,7e267c0bf303542b
2,day2_n4_softmax_seed44,44,129,1,False,False,True,0.8306,0.0,1.6218218,0.35576782,-7.242372390692253e-08,0.0003981067566201091,0.00039810678572393954,7e267c0bf303542b
2,day2_n4_softmax_seed44,44,129,2,False,False,True,0.8376,0.0,-0.3688334,-1.0686328,-3.357243940627086e-07,0.000391818699426949,0.00039181881584227085,7e267c0bf303542b
2,day2_n4_softmax_seed44,44,129,3,False,False,True,0.8362,0.0,-0.8813052,1.385693,5.172639134798374e-07,0.0003942876646760851,0.00039428798481822014,7e267c0bf303542b
2,day2_n4_softmax_seed44,44,130,0,False,False,True,0.8426,0.0,-1.3688818,0.793513,-4.9650520139721266e-08,0.0004028603434562683,0.0004028603434562683,7e267c0bf303542b
2,day2_n4_softmax_seed44,44,130,1,False,False,True,0.8334,0.0,-0.036800947,-1.6035117,5.10142683651793e-07,0.00040006876224651933,0.00040006908238865435,7e267c0bf303542b
2,day2_n4_softmax_seed44,44,130,2,False,False,True,0.8266,0.0,1.3821762,0.74203104,-4.3895681756112026e-07,0.0003993313293904066,0.00039933156222105026,7e267c0bf303542b
2,day2_n4_softmax_seed44,44,130,3,False,False,True,0.8364,0.0,0.023506632,0.06796706,-3.856451371575531e-07,0.00039271858986467123,0.00039271876448765397,7e267c0bf303542b
2,day2_n4_softmax_seed44,44,131,0,False,False,True,0.845,0.0,-0.42833847,-1.2626412,-1.3648488561557315e-07,0.0004052468575537205,0.00040524688665755093,7e267c0bf303542b
2,day2_n4_softmax_seed44,44,131,1,False,False,True,0.8366,0.0,1.5844209,0.5425875,-5.814929409098113e-07,0.0004112466413062066,0.000411247048759833,7e267c0bf303542b
2,day2_n4_softmax_seed44,44,131,2,False,False,True,0.8374,0.0,-1.1098208,1.2855077,2.4045254676252625e-08,0.00040784123120829463,0.00040784123120829463,7e267c0bf303542b
2,day2_n4_softmax_seed44,44,131,3,False,False,True,0.8298,0.0,-0.046260856,-0.5654536,-2.54650728948036e-07,0.0003991148842032999,0.00039911497151479125,7e267c0bf303542b
2,day2_n4_softmax_seed44,44,132,0,False,False,True,0.8376,0.0,0.22391486,0.31701604,-2.459655092934554e-07,0.0003992112469859421,0.00039921130519360304,7e267c0bf303542b
2,day2_n4_softmax_seed44,44,132,1,False,False,True,0.8336,0.0,-1.6756603,-0.403336,-1.0023165231132225e-07,0.0004195554065518081,0.0004195554065518081,7e267c0bf303542b
2,day2_n4_softmax_seed44,44,132,2,False,False,True,0.8348,0.0,1.0238738,-1.3150527,-3.5004907772417937e-07,0.0004143949190620333,0.0004143950645811856,7e267c0bf303542b
2,day2_n4_softmax_seed44,44,132,3,False,False,True,0.8378,0.0,0.42787227,1.401375,-7.486764275199675e-07,0.0004104370600543916,0.00041043770033866167,7e267c0bf303542b
2,day2_n4_softmax_seed44,44,133,0,False,False,True,0.8372,0.0,0.65260226,0.032680918,5.664460900334234e-07,0.00041176858940161765,0.0004117689677514136,7e267c0bf303542b
2,day2_n4_softmax_seed44,44,133,1,False,False,True,0.8328,0.0,-1.7828515,0.0788096,2.0614083950931672e-07,0.0004314859106671065,0.0004314859688747674,7e267c0bf303542b
2,day2_n4_softmax_seed44,44,133,2,False,False,True,0.8356,0.0,0.5007345,-1.4704508,-1.7717803757477668e-07,0.0004137245996389538,0.0004137246578466147,7e267c0bf303542b
2,day2_n4_softmax_seed44,44,133,3,False,False,True,0.8318,0.0,0.62951386,1.3589603,6.610154059671913e-07,0.0004121753154322505,0.00041217581019736826,7e267c0bf303542b
2,day2_n4_softmax_seed44,44,134,0,False,False,True,0.8366,0.0,0.190147,-0.04126815,6.44632009993984e-08,0.00041169769247062504,0.00041169769247062504,7e267c0bf303542b
2,day2_n4_softmax_seed44,44,134,1,False,False,True,0.8428,0.0,-1.6088543,0.69938254,5.068062023383391e-07,0.0004332389507908374,0.000433239241829142,7e267c0bf303542b
2,day2_n4_softmax_seed44,44,134,2,False,False,True,0.8294,0.0,1.3081903,1.0067748,-3.2151118034562387e-07,0.00042738585034385324,0.0004273859376553446,7e267c0bf303542b
2,day2_n4_softmax_seed44,44,134,3,False,False,True,0.8402,0.0,0.110518724,-1.6648899,8.352557188118226e-07,0.0004256824613548815,0.0004256832762621343,7e267c0bf303542b
2,day2_n4_softmax_seed44,44,135,0,False,False,True,0.844,0.0,0.47887823,0.88602763,4.39451667944013e-07,0.00041699467692524195,0.0004169949097558856,7e267c0bf303542b
2,day2_n4_softmax_seed44,44,135,1,False,False,True,0.8346,0.0,-1.8006053,-0.29635784,-8.329705565301992e-07,0.0004390089015942067,0.000439009687397629,7e267c0bf303542b
2,day2_n4_softmax_seed44,44,135,2,False,False,True,0.8356,0.0,0.43628109,0.9702466,-5.6589200880807766e-08,0.0004166013386566192,0.00041660130955278873,7e267c0bf303542b
2,day2_n4_softmax_seed44,44,135,3,False,False,True,0.8328,0.0,0.88544667,-1.559917,1.2475585720039817e-07,0.000430713698733598,0.0004307136405259371,7e267c0bf303542b
2,day2_n4_softmax_seed44,44,136,0,False,False,True,0.8396,0.0,-0.5077622,-0.8577326,9.429577829678237e-08,0.0004274479579180479,0.00042744798702187836,7e267c0bf303542b
2,day2_n4_softmax_seed44,44,136,1,False,False,True,0.8322,0.0,-0.92147934,1.5689957,1.6529565982636996e-07,0.0004367207584436983,0.0004367207584436983,7e267c0bf303542b
2,day2_n4_softmax_seed44,44,136,2,False,False,True,0.828,0.0,1.8005056,0.3435929,-2.0101906272884662e-07,0.00043865045881830156,0.00043865045881830156,7e267c0bf303542b
2,day2_n4_softmax_seed44,44,136,3,False,False,True,0.8354,0.0,-0.37126586,-1.0548553,1.4969481298976461e-07,0.0004288481140974909,0.00042884814320132136,7e267c0bf303542b
2,day2_n4_softmax_seed44,44,137,0,False,False,True,0.8486,0.0,0.46053088,0.73250765,8.097631365444613e-08,0.0004299707943573594,0.0004299707943573594,7e267c0bf303542b
2,day2_n4_softmax_seed44,44,137,1,False,False,True,0.8358,0.0,1.1252372,-1.409961,-8.920878258322773e-07,0.00044296422856859863,0.0004429651307873428,7e267c0bf303542b
2,day2_n4_softmax_seed44,44,137,2,False,False,True,0.8308,0.0,-1.759717,-0.58508325,-5.601118004960881e-07,0.0004468258412089199,0.00044682619045488536,7e267c0bf303542b
2,day2_n4_softmax_seed44,44,137,3,False,False,True,0.8384,0.0,0.17394866,1.2625364,1.64908598776492e-07,0.0004314560501370579,0.0004314560501370579,7e267c0bf303542b
2,day2_n4_softmax_seed44,44,138,0,False,False,True,0.8456,0.0,0.06279557,0.14620215,2.257279021478098e-07,0.0004386112850625068,0.00043861137237399817,7e267c0bf303542b
2,day2_n4_softmax_seed44,44,138,1,False,False,True,0.839,0.0,1.6627295,-0.6440909,3.047901202535286e-07,0.000454573892056942,0.0004545740084722638,7e267c0bf303542b
2,day2_n4_softmax_seed44,44,138,2,False,False,True,0.8382,0.0,-0.34583715,1.6914412,-2.7245388878327503e-07,0.0004471716529224068,0.00044717174023389816,7e267c0bf303542b
2,day2_n4_softmax_seed44,44,138,3,False,False,True,0.8282,0.0,-1.3796871,-1.193554,8.555967951906496e-07,0.00045032985508441925,0.00045033066999167204,7e267c0bf303542b
2,day2_n4_softmax_seed44,44,139,0,False,False,True,0.8326,0.0,-0.026029075,-0.46034744,-9.064856953955314e-07,0.0004408613021951169,0.00044086220441386104,7e267c0bf303542b
2,day2_n4_softmax_seed44,44,139,1,False,False,True,0.834,0.0,-1.7788804,0.42245218,-2.8397786877576436e-07,0.00046000932343304157,0.0004600093816407025,7e267c0bf303542b
2,day2_n4_softmax_seed44,44,139,2,False,False,True,0.8302,0.0,1.1418527,1.4920406,-7.251777134342774e-08,0.00045408893493004143,0.00045408893493004143,7e267c0bf303542b
2,day2_n4_softmax_seed44,44,139,3,False,False,True,0.8358,0.0,0.66305685,-1.454146,2.952125122135385e-08,0.00044830312253907323,0.00044830309343524277,7e267c0bf303542b
2,day2_n4_softmax_seed44,44,140,0,False,False,True,0.8372,0.0,-0.24949676,-1.3623999,-1.1469617220427608e-06,0.00045710106496699154,0.00045710246195085347,7e267c0bf303542b
2,day2_n4_softmax_seed44,44,140,1,False,False,True,0.837,0.0,1.7476197,0.82387817,-3.2248408388113603e-07,0.0004650757764466107,0.0004650758928619325,7e267c0bf303542b
2,day2_n4_softmax_seed44,44,140,2,False,False,True,0.832,0.0,-1.397113,1.3311788,-2.0812098000533297e-07,0.00046781747369095683,0.00046781747369095683,7e267c0bf303542b
2,day2_n4_softmax_seed44,44,140,3,False,False,True,0.8284,0.0,-0.101010226,-0.7926578,3.841605860088748e-07,0.00045290475827641785,0.00045290490379557014,7e267c0bf303542b
2,day2_n4_softmax_seed44,44,141,0,False,False,True,0.8424,0.0,-0.9412339,1.591838,-4.839276925849845e-07,0.00047209253534674644,0.00047209273907355964,7e267c0bf303542b
2,day2_n4_softmax_seed44,44,141,1,False,False,True,0.8446,0.0,1.964927,0.3424248,2.398788296886778e-07,0.00047818050370551646,0.00047818056191317737,7e267c0bf303542b
2,day2_n4_softmax_seed44,44,141,2,False,False,True,0.835,0.0,-0.6556793,-0.39496565,-5.518984380614711e-07,0.0004680219280999154,0.00046802221913821995,7e267c0bf303542b
2,day2_n4_softmax_seed44,44,141,3,False,False,True,0.8324,0.0,-0.36801264,-1.5392972,-8.611760335952567e-07,0.0004687007749453187,0.00046870156074874103,7e267c0bf303542b
2,day2_n4_softmax_seed44,44,142,0,False,False,True,0.8402,0.0,-0.47012582,1.101773,6.776434702260303e-07,0.00045739582856185734,0.0004573963233269751,7e267c0bf303542b
2,day2_n4_softmax_seed44,44,142,1,False,False,True,0.837,0.0,-1.1437832,-1.5738301,-2.669930267984455e-07,0.00046370827476494014,0.0004637083038687706,7e267c0bf303542b
2,day2_n4_softmax_seed44,44,142,2,False,False,True,0.8352,0.0,1.8893394,-0.5322181,5.832691840623738e-07,0.0004749652580358088,0.0004749656072817743,7e267c0bf303542b
2,day2_n4_softmax_seed44,44,142,3,False,False,True,0.8324,0.0,-0.27543056,1.0042759,-3.5579620316639193e-07,0.0004592323675751686,0.00045923248399049044,7e267c0bf303542b
2,day2_n4_softmax_seed44,44,143,0,False,False,True,0.8338,0.0,0.34633467,0.2933907,-9.06486761209635e-08,0.0004666159220505506,0.0004666159220505506,7e267c0bf303542b
2,day2_n4_softmax_seed44,44,143,1,False,False,True,0.8266,0.0,-2.0090392,-0.0031422481,7.173009919370088e-08,0.0004908820264972746,0.0004908819682896137,7e267c0bf303542b
2,day2_n4_softmax_seed44,44,143,2,False,False,True,0.8348,0.0,0.79016274,-1.7641478,-5.859045586475986e-07,0.0004774955159518868,0.00047749586519785225,7e267c0bf303542b
2,day2_n4_softmax_seed44,44,143,3,False,False,True,0.8312,0.0,0.87254286,1.4738979,5.372240252654592e-07,0.00047915035975165665,0.0004791506507899612,7e267c0bf303542b
2,day2_n4_softmax_seed44,44,144,0,False,False,True,0.8446,0.0,0.56661636,0.12760526,-2.3807366744676983e-07,0.0004827814700547606,0.0004827815282624215,7e267c0bf303542b
2,day2_n4_softmax_seed44,44,144,1,False,False,True,0.8326,0.0,-2.0468843,-0.09767077,-3.2154977702703036e-07,0.0004924030508846045,0.0004924031672999263,7e267c0bf303542b
2,day2_n4_softmax_seed44,44,144,2,False,False,True,0.8398,0.0,0.81608576,-1.6611814,-2.0260395672266895e-07,0.00048204921768046916,0.00048204927588813007,7e267c0bf303542b
2,day2_n4_softmax_seed44,44,144,3,False,False,True,0.8332,0.0,0.66418016,1.631248,7.232051757455338e-07,0.0004825202631764114,0.0004825207870453596,7e267c0bf303542b
2,day2_n4_softmax_seed44,44,145,0,False,False,True,0.8394,0.0,-0.41950843,0.7912521,-4.312230430514319e-07,0.00048074699589051306,0.0004807471705134958,7e267c0bf303542b
2,day2_n4_softmax_seed44,44,145,1,False,False,True,0.84,0.0,2.0432596,-0.01357039,-7.485800210815796e-07,0.0004963237443007529,0.0004963242681697011,7e267c0bf303542b
2,day2_n4_softmax_seed44,44,145,2,False,False,True,0.8374,0.0,-0.72260404,-1.9106728,-5.199208317208104e-07,0.0004890637355856597,0.0004890640266239643,7e267c0bf303542b
2,day2_n4_softmax_seed44,44,145,3,False,False,True,0.8292,0.0,-0.90114933,1.1329921,-7.09279277089081e-07,0.0004864651709794998,0.00048646569484844804,7e267c0bf303542b
2,day2_n4_softmax_seed44,44,146,0,False,False,True,0.8346,0.0,0.4988961,0.07664439,5.667993718816433e-07,0.0004909626441076398,0.0004909629351459444,7e267c0bf303542b
2,day2_n4_softmax_seed44,44,146,1,False,False,True,0.8342,0.0,-2.0580332,0.25432622,3.3306267255284183e-07,0.0005000649252906442,0.000500065041705966,7e267c0bf303542b
2,day2_n4_softmax_seed44,44,146,2,False,False,True,0.8374,0.0,0.5585612,-1.8468581,-1.1128609003208112e-06,0.0004978853394277394,0.0004978865617886186,7e267c0bf303542b
2,day2_n4_softmax_seed44,44,146,3,False,False,True,0.8272,0.0,1.0005748,1.5158861,1.8216189801023575e-07,0.0004951960290782154,0.0004951960290782154,7e267c0bf303542b
2,day2_n4_softmax_seed44,44,147,0,False,False,True,0.836,0.0,-0.06271649,1.2304661,-7.324211992454366e-07,0.0004860455228481442,0.00048604607582092285,7e267c0bf303542b
2,day2_n4_softmax_seed44,44,147,1,False,False,True,0.8278,0.0,1.772271,-1.1048061,-1.999486016757146e-07,0.000501014874316752,0.0005010149325244129,7e267c0bf303542b
2,day2_n4_softmax_seed44,44,147,2,False,False,True,0.828,0.0,-1.6470691,-1.2794099,-3.399105139578751e-07,0.0005010265740565956,0.0005010267486795783,7e267c0bf303542b
2,day2_n4_softmax_seed44,44,147,3,False,False,True,0.8356,0.0,-0.062483355,1.1537511,2.742906417552149e-07,0.0004865092341788113,0.0004865092923864722,7e267c0bf303542b
2,day2_n4_softmax_seed44,44,148,0,False,False,True,0.8324,0.0,0.94847476,1.7191406,-7.120586928976991e-07,0.0005013844929635525,0.0005013850168325007,7e267c0bf303542b
2,day2_n4_softmax_seed44,44,148,1,False,False,True,0.8368,0.0,-2.1468923,0.21034059,-3.8061941154410306e-07,0.0005227091605775058,0.0005227093352004886,7e267c0bf303542b
2,day2_n4_softmax_seed44,44,148,2,False,False,True,0.8374,0.0,0.61583805,-1.6508875,1.6804939662051765e-07,0.0004957803175784647,0.0004957803175784647,7e267c0bf303542b
2,day2_n4_softmax_seed44,44,148,3,False,False,True,0.8352,0.0,0.58257836,-0.27859458,-3.4858732078646426e-07,0.0004903454682789743,0.0004903455846942961,7e267c0bf303542b
2,day2_n4_softmax_seed44,44,149,0,False,False,True,0.835,0.0,-0.40920842,0.06422763,-3.966405586197652e-07,0.0004871812416240573,0.0004871813871432096,7e267c0bf303542b
2,day2_n4_softmax_seed44,44,149,1,False,False,True,0.8382,0.0,2.0652628,-0.29206297,-7.340167940128595e-07,0.0005076507804915309,0.0005076513043604791,7e267c0bf303542b
2,day2_n4_softmax_seed44,44,149,2,False,False,True,0.8386,0.0,-0.58438104,1.7928306,-2.510584806714178e-07,0.0004942543455399573,0.0004942544037476182,7e267c0bf303542b
2,day2_n4_softmax_seed44,44,149,3,False,False,True,0.8282,0.0,-1.071675,-1.5649941,-8.072988748608623e-07,0.0004971092566847801,0.0004971098969690502,7e267c0bf303542b
2,day2_n4_softmax_seed44,44,150,0,False,False,True,0.8356,0.0,-0.19733274,1.1673744,-3.4385863045827136e-07,0.0005008326843380928,0.0005008327425457537,7e267c0bf303542b
2,day2_n4_softmax_seed44,44,150,1,False,False,True,0.8318,0.0,2.0294576,-0.8177136,-5.629303245768824e-07,0.0005294287111610174,0.000529429002199322,7e267c0bf303542b
2,day2_n4_softmax_seed44,44,150,2,False,False,True,0.8284,0.0,-1.4719931,-1.5864859,-5.349434104573447e-07,0.0005185402114875615,0.0005185404443182051,7e267c0bf303542b
2,day2_n4_softmax_seed44,44,150,3,False,False,True,0.833,0.0,-0.36013186,1.2368257,-1.1529176191515944e-07,0.0005003590486012399,0.0005003590486012399,7e267c0bf303542b
2,day2_n4_softmax_seed44,44,151,0,False,False,True,0.8616,0.0,-0.024721874,0.020866798,5.946880321516801e-09,4.9823924200609326e-05,4.9823924200609326e-05,7e267c0bf303542b
2,day2_n4_softmax_seed44,44,151,1,False,False,True,0.8626,0.0,-0.16139364,0.08677337,-1.6506197653143317e-07,5.264385981718078e-05,5.2644118113676086e-05,7e267c0bf303542b
2,day2_n4_softmax_seed44,44,151,2,False,False,True,0.86,0.0,0.00921701,-0.20015275,-1.912791560698679e-07,5.283467180561274e-05,5.28350101376418e-05,7e267c0bf303542b
2,day2_n4_softmax_seed44,44,151,3,False,False,True,0.859,0.0,0.17689848,0.0925126,2.8692479503433788e-08,5.316367241903208e-05,5.3163679694989696e-05,7e267c0bf303542b
2,day2_n4_softmax_seed44,44,152,0,False,False,True,0.8624,0.0,-0.067326434,-0.07747826,2.1131679517338853e-08,4.8403078835690394e-05,4.840308611164801e-05,7e267c0bf303542b
2,day2_n4_softmax_seed44,44,152,1,False,False,True,0.862,0.0,-0.09127663,0.17969795,-9.58610328893883e-08,4.9784208385972306e-05,4.9784299335442483e-05,7e267c0bf303542b
2,day2_n4_softmax_seed44,44,152,2,False,False,True,0.8604,0.0,-0.04650568,-0.12778294,-1.320510705227207e-07,4.8642963520251215e-05,4.8643138143233955e-05,7e267c0bf303542b
2,day2_n4_softmax_seed44,44,152,3,False,False,True,0.859,0.0,0.20510857,0.025563298,1.0039112652293625e-07,5.040128962718882e-05,5.040138785261661e-05,7e267c0bf303542b
2,day2_n4_softmax_seed44,44,153,0,False,False,True,0.8636,0.0,-0.037931837,-0.16007146,-1.0200402300597489e-07,4.89985613967292e-05,4.899866689811461e-05,7e267c0bf303542b
2,day2_n4_softmax_seed44,44,153,1,False,False,True,0.86,0.0,-0.117332,0.1623166,-8.641445248258606e-08,5.0163482228526846e-05,5.016355135012418e-05,7e267c0bf303542b
2,day2_n4_softmax_seed44,44,153,2,False,False,True,0.8584,0.0,-0.052097414,-0.051794916,-6.778413563779395e-08,4.872480712947436e-05,4.872485078522004e-05,7e267c0bf303542b
2,day2_n4_softmax_seed44,44,153,3,False,False,True,0.8612,0.0,0.20736127,0.04954995,4.434284051058057e-08,5.1519473345251754e-05,5.151949153514579e-05,7e267c0bf303542b
2,day2_n4_softmax_seed44,44,154,0,False,False,True,0.8598,0.0,0.015487226,0.10329091,-3.0286127383760686e-08,4.9495240091346204e-05,4.9495251005282626e-05,7e267c0bf303542b
2,day2_n4_softmax_seed44,44,154,1,False,False,True,0.8632,0.0,-0.19076332,-0.08332011,-1.0926630977792229e-07,5.0083301175618544e-05,5.008341759094037e-05,7e267c0bf303542b
2,day2_n4_softmax_seed44,44,154,2,False,False,True,0.8632,0.0,0.031983834,0.13145901,-1.237539777321217e-07,4.975797492079437e-05,4.9758127715904266e-05,7e267c0bf303542b
2,day2_n4_softmax_seed44,44,154,3,False,False,True,0.8626,0.0,0.14329194,-0.15142983,-4.408129683497464e-08,4.9766811571316794e-05,4.976682612323202e-05,7e267c0bf303542b
2,day2_n4_softmax_seed44,44,155,0,False,False,True,0.8654,0.0,-0.036841743,-0.09698025,2.1490357937636873e-08,4.934667231282219e-05,4.9346675950801e-05,7e267c0bf303542b
2,day2_n4_softmax_seed44,44,155,1,False,False,True,0.8626,0.0,-0.16876623,0.117541626,-7.245644439990429e-08,5.114778832648881e-05,5.114783925819211e-05,7e267c0bf303542b
2,day2_n4_softmax_seed44,44,155,2,False,False,True,0.8614,0.0,0.17236613,0.12181626,-1.7923136397257622e-07,5.082602729089558e-05,5.082634015707299e-05,7e267c0bf303542b
2,day2_n4_softmax_seed44,44,155,3,False,False,True,0.859,0.0,0.03324167,-0.1423776,-6.488900083922999e-08,4.8946967581287026e-05,4.894701123703271e-05,7e267c0bf303542b
2,day2_n4_softmax_seed44,44,156,0,False,False,True,0.863,0.0,-0.0006311507,0.1366361,-1.1204551952914699e-07,4.935469041811302e-05,4.935481774737127e-05,7e267c0bf303542b
2,day2_n4_softmax_seed44,44,156,1,False,False,True,0.8626,0.0,0.024131566,0.10761088,-1.0509709369443954e-07,4.967193308402784e-05,4.9672042223392054e-05,7e267c0bf303542b
2,day2_n4_softmax_seed44,44,156,2,False,False,True,0.8618,0.0,-0.186092,-0.106692426,-6.77943177151974e-08,5.1402112148934975e-05,5.140215216670185e-05,7e267c0bf303542b
2,day2_n4_softmax_seed44,44,156,3,False,False,True,0.858,0.0,0.1625914,-0.13755454,6.217665315944032e-08,5.1187696954002604e-05,5.118772969581187e-05,7e267c0bf303542b
2,day2_n4_softmax_seed44,44,157,0,False,False,True,0.8624,0.0,0.03027738,0.018935872,-4.954631194209469e-08,4.935834658681415e-05,4.935836841468699e-05,7e267c0bf303542b
2,day2_n4_softmax_seed44,44,157,1,False,False,True,0.8622,0.0,0.18910342,-0.0664097,-3.177476770588328e-08,5.2137031161691993e-05,5.21370347996708e-05,7e267c0bf303542b
2,day2_n4_softmax_seed44,44,157,2,False,False,True,0.8614,0.0,-0.05897828,0.19324653,-1.7215272407611337e-07,5.19540517416317e-05,5.1954335503978655e-05,7e267c0bf303542b
2,day2_n4_softmax_seed44,44,157,3,False,False,True,0.8618,0.0,-0.16040237,-0.14577284,7.99760044856157e-08,5.2480227168416604e-05,5.2480289014056325e-05,7e267c0bf303542b
2,day2_n4_softmax_seed44,44,158,0,False,False,True,0.863,0.0,0.07184626,0.018756835,-6.248151152021819e-08,5.025594509788789e-05,5.0255985115654767e-05,7e267c0bf303542b
2,day2_n4_softmax_seed44,44,158,1,False,False,True,0.8622,0.0,0.088876285,0.15582621,-2.0293606439736322e-07,5.190990850678645e-05,5.1910305046476424e-05,7e267c0bf303542b
2,day2_n4_softmax_seed44,44,158,2,False,False,True,0.8612,0.0,-0.2178131,0.01902413,-1.871395767238937e-07,5.219810554990545e-05,5.219843296799809e-05,7e267c0bf303542b
2,day2_n4_softmax_seed44,44,158,3,False,False,True,0.863,0.0,0.05709059,-0.19360738,1.020223550085575e-08,5.090264676255174e-05,5.090264676255174e-05,7e267c0bf303542b
2,day2_n4_softmax_seed44,44,159,0,False,False,True,0.8634,0.0,-0.12022874,0.17972878,-4.4796404807811996e-08,5.278542448650114e-05,5.2785446314373985e-05,7e267c0bf303542b
2,day2_n4_softmax_seed44,44,159,1,False,False,True,0.8628,0.0,0.21572667,0.037537657,-6.969390398126052e-08,5.2759878599317744e-05,5.275992225506343e-05,7e267c0bf303542b
2,day2_n4_softmax_seed44,44,159,2,False,False,True,0.861,0.0,-0.022754218,-0.045890994,-1.6751479847698647e-07,5.1452021580189466e-05,5.14522944286e-05,7e267c0bf303542b
2,day2_n4_softmax_seed44,44,159,3,False,False,True,0.8606,0.0,-0.07274361,-0.17137554,-9.412047319301564e-08,5.2298470109235495e-05,5.229855378274806e-05,7e267c0bf303542b
2,day2_n4_softmax_seed44,44,160,0,False,False,True,0.862,0.0,0.0072467593,0.06600457,-8.291944197935663e-08,5.253055496723391e-05,5.253061681287363e-05,7e267c0bf303542b
2,day2_n4_softmax_seed44,44,160,1,False,False,True,0.8634,0.0,-0.060271367,0.17198475,-8.988531874365435e-08,5.271442933008075e-05,5.2714505727635697e-05,7e267c0bf303542b
2,day2_n4_softmax_seed44,44,160,2,False,False,True,0.8628,0.0,-0.14975992,-0.16493806,-2.2170176805502706e-07,5.299606345943175e-05,5.299652912071906e-05,7e267c0bf303542b
2,day2_n4_softmax_seed44,44,160,3,False,False,True,0.8608,0.0,0.20278454,-0.073051296,-2.2945704003518586e-08,5.279625838738866e-05,5.279626202536747e-05,7e267c0bf303542b
2,day2_n4_softmax_seed44,44,161,0,False,False,True,0.862,0.0,-0.05581091,0.1269802,-4.545411869116833e-08,5.1890376198571175e-05,5.189039802644402e-05,7e267c0bf303542b
2,day2_n4_softmax_seed44,44,161,1,False,False,True,0.861,0.0,0.21747339,-0.07278837,-3.977893570095148e-09,5.519923797692172e-05,5.519923797692172e-05,7e267c0bf303542b
2,day2_n4_softmax_seed44,44,161,2,False,False,True,0.8616,0.0,-0.14237186,-0.17769577,-5.396151792069759e-08,5.4075324442237616e-05,5.4075349908089265e-05,7e267c0bf303542b
2,day2_n4_softmax_seed44,44,161,3,False,False,True,0.8634,0.0,-0.019290548,0.12350388,-5.1606335205178766e-08,5.168556890566833e-05,5.168559800949879e-05,7e267c0bf303542b
2,day2_n4_softmax_seed44,44,162,0,False,False,True,0.8616,0.0,0.0040984508,-0.03081365,-8.99793093367407e-08,5.1698127208510414e-05,5.169820724404417e-05,7e267c0bf303542b
2,day2_n4_softmax_seed44,44,162,1,False,False,True,0.8622,0.0,-0.1866139,0.11588003,-1.4100258738380944e-07,5.383237294154242e-05,5.383255847846158e-05,7e267c0bf303542b
2,day2_n4_softmax_seed44,44,162,2,False,False,True,0.8622,0.0,-0.0026584093,-0.1996632,-1.5522239493748202e-07,5.3157964430283755e-05,5.315818634699099e-05,7e267c0bf303542b
2,day2_n4_softmax_seed44,44,162,3,False,False,True,0.8654,0.0,0.18517387,0.11459677,8.905481685417271e-09,5.348903505364433e-05,5.348903505364433e-05,7e267c0bf303542b
2,day2_n4_softmax_seed44,44,163,0,False,False,True,0.863,0.0,-0.06131817,-0.007567236,1.0377686487927917e-09,5.230867100181058e-05,5.2308667363831773e-05,7e267c0bf303542b
2,day2_n4_softmax_seed44,44,163,1,False,False,True,0.8628,0.0,-0.11529695,0.16760202,-8.490213332379426e-08,5.367271296563558e-05,5.367278208723292e-05,7e267c0bf303542b
2,day2_n4_softmax_seed44,44,163,2,False,False,True,0.8596,0.0,0.22884668,0.037360106,-1.7247053563096415e-07,5.565392712014727e-05,5.5654196330579e-05,7e267c0bf303542b
2,day2_n4_softmax_seed44,44,163,3,False,False,True,0.8614,0.0,-0.052231647,-0.19739486,-1.0009134854271906e-08,5.3181742259766906e-05,5.3181742259766906e-05,7e267c0bf303542b
2,day2_n4_softmax_seed44,44,164,0,False,False,True,0.8626,0.0,-0.024278807,0.06342836,-6.6207541671303716e-09,5.237824734649621e-05,5.23782437085174e-05,7e267c0bf303542b
2,day2_n4_softmax_seed44,44,164,1,False,False,True,0.8616,0.0,-0.20229994,-0.0027771613,-2.0111579956960668e-08,5.301486817188561e-05,5.301487180986442e-05,7e267c0bf303542b
2,day2_n4_softmax_seed44,44,164,2,False,False,True,0.8626,0.0,0.1356038,0.14555433,-5.688661985914223e-08,5.35492436029017e-05,5.3549272706732154e-05,7e267c0bf303542b
2,day2_n4_softmax_seed44,44,164,3,False,False,True,0.8638,0.0,0.090975136,-0.20620552,-2.595289494422559e-08,5.346834223018959e-05,5.3468349506147206e-05,7e267c0bf303542b
2,day2_n4_softmax_seed44,44,165,0,False,False,True,0.861,0.0,-0.027214311,-0.13514149,-5.588433538150639e-08,5.406601121649146e-05,5.406604032032192e-05,7e267c0bf303542b
2,day2_n4_softmax_seed44,44,165,1,False,False,True,0.8636,0.0,-0.14372507,0.18020158,-1.1181322179254494e-07,5.498549944604747e-05,5.498560858541168e-05,7e267c0bf303542b
2,day2_n4_softmax_seed44,44,165,2,False,False,True,0.8584,0.0,-0.048616417,-0.119754866,-1.0952312123890806e-07,5.3985811973689124e-05,5.398592111305334e-05,7e267c0bf303542b
2,day2_n4_softmax_seed44,44,165,3,False,False,True,0.864,0.0,0.21955568,0.07469471,-2.5152415261686656e-08,5.463458364829421e-05,5.463459456223063e-05,7e267c0bf303542b
2,day2_n4_softmax_seed44,44,166,0,False,False,True,0.8588,0.0,0.010372834,-0.011054237,1.7630494397735674e-08,5.181076267035678e-05,5.181075903237797e-05,7e267c0bf303542b
2,day2_n4_softmax_seed44,44,166,1,False,False,True,0.8634,0.0,0.015078814,-0.21309792,-1.0651078241608047e-07,5.4185504268389195e-05,5.4185606131795794e-05,7e267c0bf303542b
2,day2_n4_softmax_seed44,44,166,2,False,False,True,0.86,0.0,0.17580023,0.1284677,-1.7183674572152086e-07,5.484955181600526e-05,5.484981738845818e-05,7e267c0bf303542b
2,day2_n4_softmax_seed44,44,166,3,False,False,True,0.862,0.0,-0.20125198,0.09568463,-3.445849827699021e-08,5.488316674018279e-05,5.48831740161404e-05,7e267c0bf303542b
2,day2_n4_softmax_seed44,44,167,0,False,False,True,0.8618,0.0,-0.06770191,-0.14769432,-7.391293621594741e-08,5.368932761484757e-05,5.368937490857206e-05,7e267c0bf303542b
2,day2_n4_softmax_seed44,44,167,1,False,False,True,0.862,0.0,-0.12005314,0.19748974,-1.5836447175843205e-07,5.479691390064545e-05,5.479713581735268e-05,7e267c0bf303542b
2,day2_n4_softmax_seed44,44,167,2,False,False,True,0.8622,0.0,-0.044990543,-0.09109284,-1.062979961830024e-07,5.280286859488115e-05,5.280297409626655e-05,7e267c0bf303542b
2,day2_n4_softmax_seed44,44,167,3,False,False,True,0.8608,0.0,0.23274553,0.041297305,3.37722738663615e-08,5.656795110553503e-05,5.656796201947145e-05,7e267c0bf303542b
2,day2_n4_softmax_seed44,44,168,0,False,False,True,0.8632,0.0,0.025350893,0.08889303,6.046920186797422e-10,5.3528179705608636e-05,5.352818334358744e-05,7e267c0bf303542b
2,day2_n4_softmax_seed44,44,168,1,False,False,True,0.8612,0.0,0.16526392,-0.1607381,-9.191686700660284e-08,5.511910421773791e-05,5.5119176977314055e-05,7e267c0bf303542b
2,day2_n4_softmax_seed44,44,168,2,False,False,True,0.8624,0.0,0.02268073,0.16796158,-2.0168127434772032e-07,5.466605580295436e-05,5.466642323881388e-05,7e267c0bf303542b
2,day2_n4_softmax_seed44,44,168,3,False,False,True,0.8606,0.0,-0.21329553,-0.09611641,-9.921625832021164e-08,5.610594598692842e-05,5.610602966044098e-05,7e267c0bf303542b
2,day2_n4_softmax_seed44,44,169,0,False,False,True,0.863,0.0,-0.016106583,0.06291788,-4.031079114952263e-08,5.349687489797361e-05,5.349688944988884e-05,7e267c0bf303542b
2,day2_n4_softmax_seed44,44,169,1,False,False,True,0.8628,0.0,-0.21746404,-0.055767708,-8.937670514796991e-08,5.624880941468291e-05,5.6248878536280245e-05,7e267c0bf303542b
2,day2_n4_softmax_seed44,44,169,2,False,False,True,0.8612,0.0,0.08864488,0.17906357,-6.360820492545827e-08,5.535104719456285e-05,5.535108357435092e-05,7e267c0bf303542b
2,day2_n4_softmax_seed44,44,169,3,False,False,True,0.8608,0.0,0.14492565,-0.18621373,3.2047122733303013e-09,5.6301239965250716e-05,5.630123632727191e-05,7e267c0bf303542b
2,day2_n4_softmax_seed44,44,170,0,False,False,True,0.8628,0.0,0.0055827587,0.067453645,-3.430623607414418e-08,5.396203778218478e-05,5.39620486961212e-05,7e267c0bf303542b
2,day2_n4_softmax_seed44,44,170,1,False,False,True,0.8602,0.0,-0.2199351,0.043062422,-3.8611990049730593e-08,5.674569547409192e-05,5.674570638802834e-05,7e267c0bf303542b
2,day2_n4_softmax_seed44,44,170,2,False,False,True,0.8608,0.0,0.04874968,-0.23444939,-2.048494849304916e-07,5.7092911447398365e-05,5.7093275245279074e-05,7e267c0bf303542b
2,day2_n4_softmax_seed44,44,170,3,False,False,True,0.8626,0.0,0.16560249,0.12393346,6.672675567642727e-08,5.6440501793986186e-05,5.644053817377426e-05,7e267c0bf303542b
2,day2_n4_softmax_seed44,44,171,0,False,False,True,0.8616,0.0,-0.03720824,-0.09836391,7.172971550062357e-08,5.5406195315299556e-05,5.5406235333066434e-05,7e267c0bf303542b
2,day2_n4_softmax_seed44,44,171,1,False,False,True,0.8602,0.0,-0.17669325,-0.05917162,-2.5077074639057173e-08,5.6062770454445854e-05,5.606277409242466e-05,7e267c0bf303542b
2,day2_n4_softmax_seed44,44,171,2,False,False,True,0.8616,0.0,0.20671625,-0.0764145,-1.8875587670663663e-07,5.612741006189026e-05,5.6127726566046476e-05,7e267c0bf303542b
2,day2_n4_softmax_seed44,44,171,3,False,False,True,0.8604,0.0,0.00718504,0.23395017,8.856592614847614e-08,5.585841427091509e-05,5.585847975453362e-05,7e267c0bf303542b
2,day2_n4_softmax_seed44,44,172,0,False,False,True,0.8612,0.0,0.06986381,-0.023202209,-1.2146512062827242e-07,5.430259261629544e-05,5.4302727221511304e-05,7e267c0bf303542b
2,day2_n4_softmax_seed44,44,172,1,False,False,True,0.8602,0.0,0.09608415,0.19398992,-1.2292061057905812e-07,5.523478102986701e-05,5.523491563508287e-05,7e267c0bf303542b
2,day2_n4_softmax_seed44,44,172,2,False,False,True,0.8594,0.0,-0.23972164,0.014095068,-1.268297467049706e-07,5.767708717030473e-05,5.767722177552059e-05,7e267c0bf303542b
2,day2_n4_softmax_seed44,44,172,3,False,False,True,0.8612,0.0,0.07377368,-0.18488273,-2.0482879392602626e-08,5.516623787116259e-05,5.516623787116259e-05,7e267c0bf303542b
2,day2_n4_softmax_seed44,44,173,0,False,False,True,0.86,0.0,-0.13004369,0.20118327,-3.9580299926456064e-08,5.7054159697145224e-05,5.705417424906045e-05,7e267c0bf303542b
2,day2_n4_softmax_seed44,44,173,1,False,False,True,0.8618,0.0,-0.14724137,-0.17767732,-1.564003326848251e-08,5.70526099181734e-05,5.7052606280194595e-05,7e267c0bf303542b
2,day2_n4_softmax_seed44,44,173,2,False,False,True,0.8588,0.0,0.10908084,-0.06689362,-1.0597383948152128e-07,5.678848538082093e-05,5.6788579968269914e-05,7e267c0bf303542b
2,day2_n4_softmax_seed44,44,173,3,False,False,True,0.861,0.0,0.16820404,0.043387666,-4.9514518707383104e-08,5.7270211982540786e-05,5.727023381041363e-05,7e267c0bf303542b
2,day2_n4_softmax_seed44,44,174,0,False,False,True,0.8598,0.0,-0.08664205,0.22390552,4.681164256226111e-08,5.738302206736989e-05,5.7383043895242736e-05,7e267c0bf303542b
2,day2_n4_softmax_seed44,44,174,1,False,False,True,0.859,0.0,0.24858645,0.0046539856,4.0948808788243696e-08,5.8930032537318766e-05,5.8930047089233994e-05,7e267c0bf303542b
2,day2_n4_softmax_seed44,44,174,2,False,False,True,0.86,0.0,-0.085556395,-0.085458644,-3.523080138734258e-08,5.718341708416119e-05,5.718342072214e-05,7e267c0bf303542b
2,day2_n4_softmax_seed44,44,174,3,False,False,True,0.8598,0.0,-0.07638784,-0.14310108,-8.079219071532862e-08,5.6576052884338424e-05,5.657611109199934e-05,7e267c0bf303542b
2,day2_n4_softmax_seed44,44,175,0,False,False,True,0.8594,0.0,0.040460084,-0.07095186,-8.32872117939587e-08,5.43791611562483e-05,5.437922300188802e-05,7e267c0bf303542b
2,day2_n4_softmax_seed44,44,175,1,False,False,True,0.8622,0.0,0.0073336773,-0.18909304,-1.0310714060324244e-07,5.5182674259413034e-05,5.518276884686202e-05,7e267c0bf303542b
2,day2_n4_softmax_seed44,44,175,2,False,False,True,0.86,0.0,0.17519762,0.15632087,-5.76315386524584e-08,5.799007340101525e-05,5.7990095228888094e-05,7e267c0bf303542b
2,day2_n4_softmax_seed44,44,175,3,False,False,True,0.8572,0.0,-0.22299144,0.10372409,-1.1977945746366458e-07,5.8721285313367844e-05,5.872140536666848e-05,7e267c0bf303542b
2,day2_n4_softmax_seed44,44,176,0,False,False,True,0.8596,0.0,0.024080224,-0.06323726,-1.299344063454555e-07,5.625765697914176e-05,5.625780249829404e-05,7e267c0bf303542b
2,day2_n4_softmax_seed44,44,176,1,False,False,True,0.8586,0.0,-0.23452845,0.08059046,5.481739151491638e-08,5.9668040194083005e-05,5.966806202195585e-05,7e267c0bf303542b
2,day2_n4_softmax_seed44,44,176,2,False,False,True,0.8584,0.0,0.04563417,-0.19536495,-7.417862946113019e-08,5.753161167376675e-05,5.753165896749124e-05,7e267c0bf303542b
2,day2_n4_softmax_seed44,44,176,3,False,False,True,0.8616,0.0,0.1648141,0.17801186,-4.630912187053582e-08,5.9443304053274915e-05,5.944332224316895e-05,7e267c0bf303542b
2,day2_n4_softmax_seed44,44,177,0,False,False,True,0.856,0.0,0.036928058,-0.023851728,-5.6131064241071726e-08,5.7078152167377993e-05,5.707817035727203e-05,7e267c0bf303542b
2,day2_n4_softmax_seed44,44,177,1,False,False,True,0.858,0.0,-0.2282183,-0.08035832,-1.893125656238226e-08,5.904826684854925e-05,5.904826684854925e-05,7e267c0bf303542b
2,day2_n4_softmax_seed44,44,177,2,False,False,True,0.8598,0.0,0.021424431,0.23686232,-9.541628998022134e-08,5.808124114992097e-05,5.8081321185454726e-05,7e267c0bf303542b
2,day2_n4_softmax_seed44,44,177,3,False,False,True,0.856,0.0,0.16986582,-0.13265231,-1.3841924051405385e-08,5.8047222410095856e-05,5.804721877211705e-05,7e267c0bf303542b
2,day2_n4_softmax_seed44,44,178,0,False,False,True,0.8556,0.0,0.05126342,0.06623493,-2.66593218611888e-08,5.7968252804130316e-05,5.796825644210912e-05,7e267c0bf303542b
2,day2_n4_softmax_seed44,44,178,1,False,False,True,0.8596,0.0,-0.23463704,-0.083275564,-3.4350705391261727e-08,5.900360338273458e-05,5.9003610658692196e-05,7e267c0bf303542b
2,day2_n4_softmax_seed44,44,178,2,False,False,True,0.8586,0.0,0.15705228,-0.17886738,-1.2198593424272985e-07,5.859980592504144e-05,5.859992961632088e-05,7e267c0bf303542b
2,day2_n4_softmax_seed44,44,178,3,False,False,True,0.8562,0.0,0.02632146,0.19590783,-5.3036838920661467e-08,5.787079135188833e-05,5.7870820455718786e-05,7e267c0bf303542b
2,day2_n4_softmax_seed44,44,179,0,False,False,True,0.8586,0.0,-0.014272923,0.1319561,2.7835659111019595e-08,5.622611570288427e-05,5.6226122978841886e-05,7e267c0bf303542b
2,day2_n4_softmax_seed44,44,179,1,False,False,True,0.8592,0.0,0.1843012,-0.16202712,-1.440464529878227e-07,5.896314905839972e-05,5.8963320043403655e-05,7e267c0bf303542b
2,day2_n4_softmax_seed44,44,179,2,False,False,True,0.8634,0.0,0.04399832,0.14797454,-2.1655968396316894e-07,5.700477777281776e-05,5.700519250240177e-05,7e267c0bf303542b
2,day2_n4_softmax_seed44,44,179,3,False,False,True,0.8596,0.0,-0.21402673,-0.11790377,9.796622890689832e-08,5.8544970670482144e-05,5.85450507060159e-05,7e267c0bf303542b
2,day2_n4_softmax_seed44,44,180,0,False,False,True,0.8602,0.0,0.028065933,-0.046261773,-3.812750648535257e-08,5.747097748098895e-05,5.747098839492537e-05,7e267c0bf303542b
2,day2_n4_softmax_seed44,44,180,1,False,False,True,0.8582,0.0,-0.2470027,0.053618222,-1.1299579227852519e-07,6.151253910502419e-05,6.151264096843079e-05,7e267c0bf303542b
2,day2_n4_softmax_seed44,44,180,2,False,False,True,0.8614,0.0,0.070276365,-0.19947757,-3.580460727903301e-08,5.829779547639191e-05,5.8297802752349526e-05,7e267c0bf303542b
2,day2_n4_softmax_seed44,44,180,3,False,False,True,0.86,0.0,0.14866032,0.19212109,-3.7480710091131186e-08,5.907126978854649e-05,5.9071284340461716e-05,7e267c0bf303542b
2,day2_n4_softmax_seed44,44,181,0,False,False,True,0.8596,0.0,0.010335968,0.09591065,-7.728107931370687e-08,5.7365006796317175e-05,5.7365057728020474e-05,7e267c0bf303542b
2,day2_n4_softmax_seed44,44,181,1,False,False,True,0.8584,0.0,-0.24215959,-0.059147496,-1.1567566815529062e-07,6.076448335079476e-05,6.076458885218017e-05,7e267c0bf303542b
2,day2_n4_softmax_seed44,44,181,2,False,False,True,0.8584,0.0,0.14569537,-0.203941,-4.5251166369553175e-08,5.989375858916901e-05,5.989376950310543e-05,7e267c0bf303542b
2,day2_n4_softmax_seed44,44,181,3,False,False,True,0.8592,0.0,0.08612848,0.16717812,3.895380462637377e-09,5.859124576090835e-05,5.859124576090835e-05,7e267c0bf303542b
2,day2_n4_softmax_seed44,44,182,0,False,False,True,0.86,0.0,0.017087914,0.24930477,9.242413057108934e-08,5.940726987319067e-05,5.9407338994788006e-05,7e267c0bf303542b
2,day2_n4_softmax_seed44,44,182,1,False,False,True,0.8596,0.0,0.21336816,-0.105211675,2.2181287917533155e-09,5.9758418501587585e-05,5.9758418501587585e-05,7e267c0bf303542b
2,day2_n4_softmax_seed44,44,182,2,False,False,True,0.857,0.0,-0.037896823,-0.06179766,-4.286929922159288e-08,5.7360710343346e-05,5.736072489526123e-05,7e267c0bf303542b
2,day2_n4_softmax_seed44,44,182,3,False,False,True,0.8594,0.0,-0.19255954,-0.08229551,2.044504654463708e-08,5.9144127590116113e-05,5.9144127590116113e-05,7e267c0bf303542b
2,day2_n4_softmax_seed44,44,183,0,False,False,True,0.8598,0.0,-0.017998563,-0.08072255,3.842843554480169e-08,5.772119402536191e-05,5.772120857727714e-05,7e267c0bf303542b
2,day2_n4_softmax_seed44,44,183,1,False,False,True,0.859,0.0,0.23269597,0.0910818,-1.491018650767728e-07,5.9805213822983205e-05,5.980539935990237e-05,7e267c0bf303542b
2,day2_n4_softmax_seed44,44,183,2,False,False,True,0.8588,0.0,-0.04221763,-0.1875764,-1.8144581304113672e-07,5.82675747864414e-05,5.826785491080955e-05,7e267c0bf303542b
2,day2_n4_softmax_seed44,44,183,3,False,False,True,0.8608,0.0,-0.17247963,0.17721686,-1.3043070623552921e-08,5.928869722993113e-05,5.928869722993113e-05,7e267c0bf303542b
2,day2_n4_softmax_seed44,44,184,0,False,False,True,0.862,0.0,0.04683294,0.23416828,6.584573242207625e-08,5.933575448580086e-05,5.933579450356774e-05,7e267c0bf303542b
2,day2_n4_softmax_seed44,44,184,1,False,False,True,0.8564,0.0,-0.26016334,-0.030136181,-1.6200172581193328e-07,6.316556391539052e-05,6.316576764220372e-05,7e267c0bf303542b
2,day2_n4_softmax_seed44,44,184,2,False,False,True,0.8564,0.0,0.08363731,-0.16619915,-1.3635521156629693e-07,5.961710849078372e-05,5.961726856185123e-05,7e267c0bf303542b
2,day2_n4_softmax_seed44,44,184,3,False,False,True,0.8604,0.0,0.12969285,-0.03783297,-8.072396440184093e-08,5.975949170533568e-05,5.9759542637038976e-05,7e267c0bf303542b
2,day2_n4_softmax_seed44,44,185,0,False,False,True,0.8574,0.0,0.10006217,-0.1953938,-1.1551718692714985e-08,5.9932568547083065e-05,5.9932568547083065e-05,7e267c0bf303542b
2,day2_n4_softmax_seed44,44,185,1,False,False,True,0.862,0.0,0.11637744,0.21260056,-3.995380026822204e-08,6.00994608248584e-05,6.0099475376773626e-05,7e267c0bf303542b
2,day2_n4_softmax_seed44,44,185,2,False,False,True,0.8606,0.0,0.039661184,-0.03244847,-7.458204009935798e-08,5.831255839439109e-05,5.831260568811558e-05,7e267c0bf303542b
2,day2_n4_softmax_seed44,44,185,3,False,False,True,0.8608,0.0,-0.25610086,0.015241837,4.017705634851154e-08,6.220085197128356e-05,6.220086652319878e-05,7e267c0bf303542b
2,day2_n4_softmax_seed44,44,186,0,False,False,True,0.8626,0.0,-0.1305621,-0.19935843,1.736823485032346e-08,5.9586131101241335e-05,5.958613473922014e-05,7e267c0bf303542b
2,day2_n4_softmax_seed44,44,186,1,False,False,True,0.8592,0.0,0.2516196,-0.031001123,2.186935788017763e-08,6.141285120975226e-05,6.141285120975226e-05,7e267c0bf303542b
2,day2_n4_softmax_seed44,44,186,2,False,False,True,0.8606,0.0,-0.08285075,0.2111568,-6.311392297675411e-08,5.992067599436268e-05,5.9920708736171946e-05,7e267c0bf303542b
2,day2_n4_softmax_seed44,44,186,3,False,False,True,0.8648,0.0,-0.03820692,0.019202705,2.7443011418881724e-08,5.8236448239767924e-05,5.823645551572554e-05,7e267c0bf303542b
2,day2_n4_softmax_seed44,44,187,0,False,False,True,0.8618,0.0,-0.15215474,-0.16926457,-2.8417840525207794e-08,6.017903069732711e-05,6.017903797328472e-05,7e267c0bf303542b
2,day2_n4_softmax_seed44,44,187,1,False,False,True,0.86,0.0,0.24829447,-0.060328472,-1.1485986606274423e-09,6.17413388681598e-05,6.174133159220219e-05,7e267c0bf303542b
2,day2_n4_softmax_seed44,44,187,2,False,False,True,0.8596,0.0,-0.046965238,0.23307991,-5.141890913051839e-09,6.0826099797850475e-05,6.082609615987167e-05,7e267c0bf303542b
2,day2_n4_softmax_seed44,44,187,3,False,False,True,0.8592,0.0,-0.049174458,-0.0034871418,-2.667940357525822e-08,5.9598201914923266e-05,5.959820555290207e-05,7e267c0bf303542b
2,day2_n4_softmax_seed44,44,188,0,False,False,True,0.8604,0.0,0.2420341,-0.06953258,-5.0064379308878415e-08,6.243485404411331e-05,6.243487587198615e-05,7e267c0bf303542b
2,day2_n4_softmax_seed44,44,188,1,False,False,True,0.8578,0.0,-0.16309994,-0.19728374,-6.72499851361863e-08,6.127394590293989e-05,6.127398228272796e-05,7e267c0bf303542b
2,day2_n4_softmax_seed44,44,188,2,False,False,True,0.8612,0.0,-0.074080914,0.20299396,-1.733401262526968e-07,6.0334121371852234e-05,6.0334368754411116e-05,7e267c0bf303542b
2,day2_n4_softmax_seed44,44,188,3,False,False,True,0.859,0.0,-0.004852975,0.06382255,-2.5248850121784017e-08,5.8911831729346886e-05,5.891183536732569e-05,7e267c0bf303542b
2,day2_n4_softmax_seed44,44,189,0,False,False,True,0.8574,0.0,0.054065272,0.017406091,-4.3468823207604146e-08,5.978230547043495e-05,5.978232002235018e-05,7e267c0bf303542b
2,day2_n4_softmax_seed44,44,189,1,False,False,True,0.8578,0.0,0.10267105,-0.22172584,-8.609719515106917e-08,6.201429641805589e-05,6.20143546257168e-05,7e267c0bf303542b
2,day2_n4_softmax_seed44,44,189,2,False,False,True,0.8594,0.0,0.10736349,0.20401615,-1.788834964600028e-07,6.136036245152354e-05,6.136062438599765e-05,7e267c0bf303542b
2,day2_n4_softmax_seed44,44,189,3,False,False,True,0.8592,0.0,-0.26409993,0.00030345086,5.5155563671860364e-08,6.357160600600764e-05,6.357162783388048e-05,7e267c0bf303542b
2,day2_n4_softmax_seed44,44,190,0,False,False,True,0.856,0.0,-0.04777697,0.0953802,7.202886820323329e-08,5.915986548643559e-05,5.915990550420247e-05,7e267c0bf303542b
2,day2_n4_softmax_seed44,44,190,1,False,False,True,0.8592,0.0,-0.053914867,0.18088475,-3.3763225548710807e-10,6.086048961151391e-05,6.0860485973535106e-05,7e267c0bf303542b
2,day2_n4_softmax_seed44,44,190,2,False,False,True,0.8584,0.0,0.25475237,-0.06859981,-7.946507452061269e-08,6.282902177190408e-05,6.282907270360738e-05,7e267c0bf303542b
2,day2_n4_softmax_seed44,44,190,3,False,False,True,0.8594,0.0,-0.1530606,-0.20766503,-4.3186062725908414e-08,6.154511356726289e-05,6.154512811917812e-05,7e267c0bf303542b
2,day2_n4_softmax_seed44,44,191,0,False,False,True,0.8586,0.0,0.059408788,-0.03501945,-5.328408292371023e-08,6.0564547311514616e-05,6.056456550140865e-05,7e267c0bf303542b
2,day2_n4_softmax_seed44,44,191,1,False,False,True,0.8574,0.0,0.1472136,-0.15679744,-6.217634052063659e-08,6.101343024056405e-05,6.1013459344394505e-05,7e267c0bf303542b
2,day2_n4_softmax_seed44,44,191,2,False,False,True,0.8604,0.0,0.047915347,0.2446256,-1.3973668444577925e-07,6.1013382946839556e-05,6.101353937992826e-05,7e267c0bf303542b
2,day2_n4_softmax_seed44,44,191,3,False,False,True,0.857,0.0,-0.25453794,-0.052808814,-6.381515760267575e-08,6.207812839420512e-05,6.207815749803558e-05,7e267c0bf303542b
2,day2_n4_softmax_seed44,44,192,0,False,False,True,0.8614,0.0,0.007068058,-0.20559093,5.865522112458166e-08,6.118921737652272e-05,6.118923920439556e-05,7e267c0bf303542b
2,day2_n4_softmax_seed44,44,192,1,False,False,True,0.8592,0.0,-0.23741521,0.113046445,-1.0266600014574578e-08,6.29931382718496e-05,6.29931382718496e-05,7e267c0bf303542b
2,day2_n4_softmax_seed44,44,192,2,False,False,True,0.8584,0.0,0.044369508,-0.07825019,-1.0880129508450409e-07,6.0061200201744214e-05,6.0061298427172005e-05,7e267c0bf303542b
2,day2_n4_softmax_seed44,44,192,3,False,False,True,0.8584,0.0,0.18597776,0.1707946,-1.3560629952280578e-07,6.242394010769203e-05,6.242408562684432e-05,7e267c0bf303542b
2,day2_n4_softmax_seed44,44,193,0,False,False,True,0.8606,0.0,0.021265853,-0.08281682,1.7260651929973392e-07,6.127121741883457e-05,6.127145752543584e-05,7e267c0bf303542b
2,day2_n4_softmax_seed44,44,193,1,False,False,True,0.8596,0.0,0.09330257,-0.18345405,3.108160129272619e-08,6.156347080832347e-05,6.156347080832347e-05,7e267c0bf303542b
2,day2_n4_softmax_seed44,44,193,2,False,False,True,0.8602,0.0,0.139898,0.21968247,-8.62993303485382e-08,6.205496174516156e-05,6.205501995282248e-05,7e267c0bf303542b
2,day2_n4_softmax_seed44,44,193,3,False,False,True,0.857,0.0,-0.25446633,0.046588603,7.75297195332314e-08,6.26583569101058e-05,6.265840056585148e-05,7e267c0bf303542b
2,day2_n4_softmax_seed44,44,194,0,False,False,True,0.8586,0.0,-0.19017604,0.18904382,9.786413457391063e-09,6.386369204847142e-05,6.386368477251381e-05,7e267c0bf303542b
2,day2_n4_softmax_seed44,44,194,1,False,False,True,0.855,0.0,-0.022501562,-0.15775497,-1.2433014262569486e-07,6.119446334196255e-05,6.119457975728437e-05,7e267c0bf303542b
2,day2_n4_softmax_seed44,44,194,2,False,False,True,0.8584,0.0,-0.03466925,-0.14233634,-7.546145752712619e-08,6.072462201700546e-05,6.0724665672751144e-05,7e267c0bf303542b
2,day2_n4_softmax_seed44,44,194,3,False,False,True,0.8576,0.0,0.2473468,0.11104731,5.941675151888148e-09,6.5278094552923e-05,6.527808727696538e-05,7e267c0bf303542b
2,day2_n4_softmax_seed44,44,195,0,False,False,True,0.8606,0.0,-0.02867158,-0.062329408,-5.667892821747955e-09,5.984692325000651e-05,5.984692325000651e-05,7e267c0bf303542b
2,day2_n4_softmax_seed44,44,195,1,False,False,True,0.8618,0.0,-0.13841191,0.21932167,-1.1363552943066679e-07,6.281980313360691e-05,6.28198977210559e-05,7e267c0bf303542b
2,day2_n4_softmax_seed44,44,195,2,False,False,True,0.8574,0.0,0.26292557,0.037693303,-2.3263544335350161e-07,6.478386058006436e-05,6.478427530964836e-05,7e267c0bf303542b
2,day2_n4_softmax_seed44,44,195,3,False,False,True,0.8582,0.0,-0.095842116,-0.19468585,7.27439513070749e-08,6.166694947751239e-05,6.166698585730046e-05,7e267c0bf303542b
2,day2_n4_softmax_seed44,44,196,0,False,False,True,0.8614,0.0,0.22744155,-0.04130337,6.205467695252764e-09,6.213076267158613e-05,6.213076267158613e-05,7e267c0bf303542b
2,day2_n4_softmax_seed44,44,196,1,False,False,True,0.858,0.0,-0.02322586,-0.17098232,-7.029025539395661e-08,6.190207204781473e-05,6.19021084276028e-05,7e267c0bf303542b
2,day2_n4_softmax_seed44,44,196,2,False,False,True,0.8562,0.0,-0.20055,-0.031496197,-2.0773710218691122e-07,6.183730147313327e-05,6.183764344314113e-05,7e267c0bf303542b
2,day2_n4_softmax_seed44,44,196,3,False,False,True,0.858,0.0,-0.0036658533,0.24378222,-2.1744259726119708e-08,6.202400254551321e-05,6.202400982147083e-05,7e267c0bf303542b
2,day2_n4_softmax_seed44,44,197,0,False,False,True,0.862,0.0,0.008742471,0.10104859,2.1491304735832273e-08,5.9530102589633316e-05,5.9530102589633316e-05,7e267c0bf303542b
2,day2_n4_softmax_seed44,44,197,1,False,False,True,0.8602,0.0,-0.250325,-0.009239781,-2.643126606471924e-08,6.279041554080322e-05,6.279041554080322e-05,7e267c0bf303542b
2,day2_n4_softmax_seed44,44,197,2,False,False,True,0.8604,0.0,0.10011645,-0.23679674,-1.1817130030067347e-07,6.130721885710955e-05,6.130733527243137e-05,7e267c0bf303542b
2,day2_n4_softmax_seed44,44,197,3,False,False,True,0.8584,0.0,0.14146595,0.14498816,9.256311273020401e-08,6.075775672798045e-05,6.0757825849577785e-05,7e267c0bf303542b
2,day2_n4_softmax_seed44,44,198,0,False,False,True,0.8608,0.0,0.06948202,0.005092552,-4.749201210074716e-08,6.189290434122086e-05,6.18929261690937e-05,7e267c0bf303542b
2,day2_n4_softmax_seed44,44,198,1,False,False,True,0.8584,0.0,0.108396046,0.20742582,-6.959575671316998e-08,6.258362554945052e-05,6.258366192923859e-05,7e267c0bf303542b
2,day2_n4_softmax_seed44,44,198,2,False,False,True,0.8578,0.0,-0.26685628,0.0110401055,-1.8563433457075007e-07,6.350750481942669e-05,6.350777402985841e-05,7e267c0bf303542b
2,day2_n4_softmax_seed44,44,198,3,False,False,True,0.8594,0.0,0.08897829,-0.22355847,1.3942221244178654e-07,6.251314334804192e-05,6.251329614315182e-05,7e267c0bf303542b
2,day2_n4_softmax_seed44,44,199,0,False,False,True,0.8604,0.0,0.042065077,-0.009745708,2.3058288611821354e-09,6.002544250804931e-05,6.002544250804931e-05,7e267c0bf303542b
2,day2_n4_softmax_seed44,44,199,1,False,False,True,0.8578,0.0,0.14982092,0.1971088,5.609088660207817e-08,6.318538362393156e-05,6.31854054518044e-05,7e267c0bf303542b
2,day2_n4_softmax_seed44,44,199,2,False,False,True,0.8564,0.0,0.070846416,-0.23486924,-9.32695840560882e-08,6.332449993351474e-05,6.332456541713327e-05,7e267c0bf303542b
2,day2_n4_softmax_seed44,44,199,3,False,False,True,0.8562,0.0,-0.2627324,0.04750621,3.430181649832775e-08,6.464921898441389e-05,6.46492262603715e-05,7e267c0bf303542b
2,day2_n4_softmax_seed44,44,200,0,False,False,True,0.8584,0.0,-0.027111936,0.109809816,-5.512779566174686e-08,5.970795973553322e-05,5.9707981563406065e-05,7e267c0bf303542b
2,day2_n4_softmax_seed44,44,200,1,False,False,True,0.8552,0.0,-0.20819913,-0.16614236,4.291169375392201e-08,6.39548379695043e-05,6.395485252141953e-05,7e267c0bf303542b
2,day2_n4_softmax_seed44,44,200,2,False,False,True,0.8576,0.0,-0.0024198685,0.1874055,-2.299403156769131e-08,6.125888467067853e-05,6.125889194663614e-05,7e267c0bf303542b
2,day2_n4_softmax_seed44,44,200,3,False,False,True,0.8608,0.0,0.23773113,-0.13107264,6.031074661905222e-08,6.529725214932114e-05,6.52972812531516e-05,7e267c0bf303542b
