day,run_name,seed,epoch,worker_id,is_malicious,is_flagged,is_accepted,validation_acc,detector_score,projection_1,projection_2,update_mean,update_std,update_rms,config_hash
2,day2_n4_topk_seed42,42,1,0,False,False,True,0.0996,0.0,120.52339,254.55753,0.0005029591266065836,0.08192326128482819,0.08192479610443115,7e267c0bf303542b
2,day2_n4_topk_seed42,42,1,1,False,False,True,0.1558,0.0,206.96358,-314.3422,0.00010941842629108578,0.09198736399412155,0.09198743104934692,7e267c0bf303542b
2,day2_n4_topk_seed42,42,1,2,False,False,True,0.0956,0.0,-431.76077,-52.502148,0.0003668823337648064,0.10803402960300446,0.1080346554517746,7e267c0bf303542b
2,day2_n4_topk_seed42,42,1,3,False,False,True,0.0962,0.0,104.27626,112.28725,-9.522745676804334e-05,0.07766734063625336,0.07766739279031754,7e267c0bf303542b
2,day2_n4_topk_seed42,42,2,0,False,False,True,0.1376,0.0,-15.267245,0.98919964,-0.00019905086082872003,0.010255626402795315,0.010257557965815067,7e267c0bf303542b
2,day2_n4_topk_seed42,42,2,1,False,False,True,0.1386,0.0,23.800528,-33.670296,-0.00011783633817685768,0.011639470234513283,0.011640067212283611,7e267c0bf303542b
2,day2_n4_topk_seed42,42,2,2,False,False,True,0.1268,0.0,24.23012,33.112885,-0.00016777343989815563,0.010571759194135666,0.010573090985417366,7e267c0bf303542b
2,day2_n4_topk_seed42,42,2,3,False,False,True,0.1198,0.0,-32.763485,-0.43169567,-0.00019474461441859603,0.011185717768967152,0.011187412776052952,7e267c0bf303542b
2,day2_n4_topk_seed42,42,3,0,False,False,True,0.1526,0.0,6.4945536,6.513748,-3.451472002780065e-05,0.004201618488878012,0.004201760049909353,7e267c0bf303542b
2,day2_n4_topk_seed42,42,3,1,False,False,True,0.1638,0.0,5.0525174,4.4964128,-5.421607056632638e-05,0.003985944204032421,0.003986313007771969,7e267c0bf303542b
2,day2_n4_topk_seed42,42,3,2,False,False,True,0.1542,0.0,6.7413177,-10.642553,-8.696859731571749e-05,0.0043369256891310215,0.004337797872722149,7e267c0bf303542b
2,day2_n4_topk_seed42,42,3,3,False,False,True,0.1474,0.0,-18.288364,-0.36759543,-4.983356120646931e-05,0.005929917562752962,0.005930127575993538,7e267c0bf303542b
2,day2_n4_topk_seed42,42,4,0,False,False,True,0.1968,0.0,-5.0015883,-2.3189015,-4.6619017666671425e-05,0.0036003466229885817,0.003600648371502757,7e267c0bf303542b
2,day2_n4_topk_seed42,42,4,1,False,False,True,0.2178,0.0,9.820986,1.4658084,-3.741001637536101e-05,0.003971034195274115,0.0039712111465632915,7e267c0bf303542b
2,day2_n4_topk_seed42,42,4,2,False,False,True,0.209,0.0,-4.359652,6.564744,-4.244158844812773e-05,0.0036342961248010397,0.003634544089436531,7e267c0bf303542b
2,day2_n4_topk_seed42,42,4,3,False,False,True,0.1906,0.0,-0.4597816,-5.71166,-7.057310722302645e-05,0.003504709107801318,0.003505419474095106,7e267c0bf303542b
2,day2_n4_topk_seed42,42,5,0,False,False,True,0.2328,0.0,3.5298588,0.6401568,-4.5926291932119057e-05,0.003015268826857209,0.0030156183056533337,7e267c0bf303542b
2,day2_n4_topk_seed42,42,5,1,False,False,True,0.2348,0.0,-1.6741096,1.6849061,-4.956093107466586e-05,0.0029952421318739653,0.0029956521466374397,7e267c0bf303542b
2,day2_n4_topk_seed42,42,5,2,False,False,True,0.24,0.0,-0.41016623,-2.7042458,-4.1243885789299384e-05,0.0029912367463111877,0.0029915212653577328,7e267c0bf303542b
2,day2_n4_topk_seed42,42,5,3,False,False,True,0.2372,0.0,-1.445593,0.37917686,-4.6805704187136143e-05,0.0029836175963282585,0.0029839847702533007,7e267c0bf303542b
2,day2_n4_topk_seed42,42,6,0,False,False,True,0.2508,0.0,0.8783998,1.7308558,-4.623710992746055e-05,0.002826420124620199,0.0028267984744161367,7e267c0bf303542b
2,day2_n4_topk_seed42,42,6,1,False,False,True,0.255,0.0,0.8438902,0.9200362,-4.4038035412086174e-05,0.0028130938299000263,0.0028134386520832777,7e267c0bf303542b
2,day2_n4_topk_seed42,42,6,2,False,False,True,0.2506,0.0,-3.3593478,-0.4088713,-4.4707841880153865e-05,0.002906146226450801,0.0029064901173114777,7e267c0bf303542b
2,day2_n4_topk_seed42,42,6,3,False,False,True,0.2262,0.0,1.637065,-2.2420213,-3.788610774790868e-05,0.0028491499833762646,0.002849401906132698,7e267c0bf303542b
2,day2_n4_topk_seed42,42,7,0,False,False,True,0.2688,0.0,-0.8537169,-0.6986825,-4.475666719372384e-05,0.0027232191059738398,0.0027235867455601692,7e267c0bf303542b
2,day2_n4_topk_seed42,42,7,1,False,False,True,0.2784,0.0,2.9298475,0.47134262,-4.4343567424220964e-05,0.002774492371827364,0.002774846740067005,7e267c0bf303542b
2,day2_n4_topk_seed42,42,7,2,False,False,True,0.2716,0.0,-1.473249,2.1144938,-4.394004645291716e-05,0.0027378604281693697,0.0027382129337638617,7e267c0bf303542b
2,day2_n4_topk_seed42,42,7,3,False,False,True,0.2802,0.0,-0.60288435,-1.8871582,-4.4348093069856986e-05,0.0027269585989415646,0.0027273192536085844,7e267c0bf303542b
2,day2_n4_topk_seed42,42,8,0,False,False,True,0.309,0.0,0.49007118,-1.5296136,-4.285664181225002e-05,0.0026338594034314156,0.0026342077180743217,7e267c0bf303542b
2,day2_n4_topk_seed42,42,8,1,False,False,True,0.309,0.0,-0.5074343,-1.2733412,-4.231792627251707e-05,0.002635458018630743,0.002635797718539834,7e267c0bf303542b
2,day2_n4_topk_seed42,42,8,2,False,False,True,0.2886,0.0,-1.9716927,1.381494,-4.455833914107643e-05,0.002638591919094324,0.002638967940583825,7e267c0bf303542b
2,day2_n4_topk_seed42,42,8,3,False,False,True,0.2954,0.0,1.989057,1.4214603,-4.041103238705546e-05,0.0026404024101793766,0.0026407118421047926,7e267c0bf303542b
2,day2_n4_topk_seed42,42,9,0,False,False,True,0.3348,0.0,-0.30797616,2.5942626,-4.0188100683735684e-05,0.0025476603768765926,0.002547977492213249,7e267c0bf303542b
2,day2_n4_topk_seed42,42,9,1,False,False,True,0.3384,0.0,2.295701,-0.7514008,-4.186176374787465e-05,0.002547775162383914,0.0025481190532445908,7e267c0bf303542b
2,day2_n4_topk_seed42,42,9,2,False,False,True,0.351,0.0,0.07996727,-0.5990279,-4.387673470773734e-05,0.002542051486670971,0.0025424298364669085,7e267c0bf303542b
2,day2_n4_topk_seed42,42,9,3,False,False,True,0.3172,0.0,-2.0676935,-1.243833,-3.814459705608897e-05,0.0025574713945388794,0.0025577559135854244,7e267c0bf303542b
2,day2_n4_topk_seed42,42,10,0,False,False,True,0.3458,0.0,-0.84267324,0.058669277,-3.8948204746702686e-05,0.0024497015401721,0.0024500112049281597,7e267c0bf303542b
2,day2_n4_topk_seed42,42,10,1,False,False,True,0.3546,0.0,3.2664945,-0.5532728,-3.992929123342037e-05,0.002502296818420291,0.0025026153307408094,7e267c0bf303542b
2,day2_n4_topk_seed42,42,10,2,False,False,True,0.3592,0.0,-0.6412494,2.3992844,-4.273266677046195e-05,0.0024529241491109133,0.002453296445310116,7e267c0bf303542b
2,day2_n4_topk_seed42,42,10,3,False,False,True,0.3612,0.0,-1.782579,-1.9046786,-4.21437798650004e-05,0.0024653503205627203,0.002465710509568453,7e267c0bf303542b
2,day2_n4_topk_seed42,42,11,0,False,False,True,0.3366,0.0,0.0047770906,1.2900807,-3.578598261810839e-05,0.0023584484588354826,0.0023587197065353394,7e267c0bf303542b
2,day2_n4_topk_seed42,42,11,1,False,False,True,0.3854,0.0,0.92750156,1.6678648,-3.8659210986224934e-05,0.0023600824642926455,0.0023603991139680147,7e267c0bf303542b
2,day2_n4_topk_seed42,42,11,2,False,False,True,0.3776,0.0,-2.585883,-0.78739727,-4.063657979713753e-05,0.0023678960278630257,0.002368244808167219,7e267c0bf303542b
2,day2_n4_topk_seed42,42,11,3,False,False,True,0.3772,0.0,1.6536053,-2.1705463,-3.307772203697823e-05,0.002364117419347167,0.002364348853006959,7e267c0bf303542b
2,day2_n4_topk_seed42,42,12,0,False,False,True,0.3722,0.0,0.1423276,1.4658031,-3.786434172070585e-05,0.0022786264307796955,0.0022789412178099155,7e267c0bf303542b
2,day2_n4_topk_seed42,42,12,1,False,False,True,0.3802,0.0,0.5294716,1.6798503,-3.733881385414861e-05,0.002280683256685734,0.0022809889633208513,7e267c0bf303542b
2,day2_n4_topk_seed42,42,12,2,False,False,True,0.401,0.0,-2.5698328,-1.0905644,-3.7065263313706964e-05,0.0022799798753112555,0.0022802811581641436,7e267c0bf303542b
2,day2_n4_topk_seed42,42,12,3,False,False,True,0.3916,0.0,1.898034,-2.0550878,-3.7029298255220056e-05,0.0022815961856395006,0.0022818967700004578,7e267c0bf303542b
2,day2_n4_topk_seed42,42,13,0,False,False,True,0.4034,0.0,-0.42629457,0.34070674,-3.405256211408414e-05,0.0021988539956510067,0.002199117559939623,7e267c0bf303542b
2,day2_n4_topk_seed42,42,13,1,False,False,True,0.4186,0.0,2.8782048,-0.16495687,-3.276340430602431e-05,0.002207439159974456,0.002207682467997074,7e267c0bf303542b
2,day2_n4_topk_seed42,42,13,2,False,False,True,0.39,0.0,-1.140532,2.2800572,-3.465866393526085e-05,0.002198980888351798,0.002199253998696804,7e267c0bf303542b
2,day2_n4_topk_seed42,42,13,3,False,False,True,0.4024,0.0,-1.3113819,-2.4558074,-3.5571185435401276e-05,0.002205279190093279,0.0022055660374462605,7e267c0bf303542b
2,day2_n4_topk_seed42,42,14,0,False,False,True,0.3956,0.0,0.7518678,-0.6091032,-3.129545075353235e-05,0.0021285186521708965,0.0021287486888468266,7e267c0bf303542b
2,day2_n4_topk_seed42,42,14,1,False,False,True,0.4196,0.0,-2.6684747,-1.3254551,-3.439651118242182e-05,0.0021415045484900475,0.0021417809184640646,7e267c0bf303542b
2,day2_n4_topk_seed42,42,14,2,False,False,True,0.3766,0.0,2.16958,-1.0689483,-3.6964440369047225e-05,0.0021308802533894777,0.002131200861185789,7e267c0bf303542b
2,day2_n4_topk_seed42,42,14,3,False,False,True,0.4118,0.0,-0.2529749,3.003507,-3.380838825250976e-05,0.0021367326844483614,0.0021370002068579197,7e267c0bf303542b
2,day2_n4_topk_seed42,42,15,0,False,False,True,0.4348,0.0,0.37175924,1.7632997,-3.206356996088289e-05,0.0020592722576111555,0.0020595218520611525,7e267c0bf303542b
2,day2_n4_topk_seed42,42,15,1,False,False,True,0.3894,0.0,0.6577347,1.6162393,-3.128669777652249e-05,0.002061875769868493,0.00206211325712502,7e267c0bf303542b
2,day2_n4_topk_seed42,42,15,2,False,False,True,0.4272,0.0,-2.9364724,-0.9757767,-3.435528196860105e-05,0.0020749419927597046,0.0020752265118062496,7e267c0bf303542b
2,day2_n4_topk_seed42,42,15,3,False,False,True,0.4064,0.0,1.9069765,-2.4037638,-3.4798227716237307e-05,0.002064542146399617,0.002064835513010621,7e267c0bf303542b
2,day2_n4_topk_seed42,42,16,0,False,False,True,0.436,0.0,1.2026937,0.048106488,-3.1769061024533585e-05,0.0020000555086880922,0.002000307897105813,7e267c0bf303542b
2,day2_n4_topk_seed42,42,16,1,False,False,True,0.4338,0.0,1.8209648,-1.8292922,-3.252679744036868e-05,0.0020066427532583475,0.0020069063175469637,7e267c0bf303542b
2,day2_n4_topk_seed42,42,16,2,False,False,True,0.4138,0.0,-0.043067593,2.9215798,-3.089837628067471e-05,0.001999121392145753,0.0019993602763861418,7e267c0bf303542b
2,day2_n4_topk_seed42,42,16,3,False,False,True,0.45,0.0,-2.9805918,-1.1403934,-3.046612982871011e-05,0.002012172481045127,0.002012403216212988,7e267c0bf303542b
2,day2_n4_topk_seed42,42,17,0,False,False,True,0.4524,0.0,-2.5750308,1.2476995,-2.7255353415966965e-05,0.0019418682204559445,0.001942059607245028,7e267c0bf303542b
2,day2_n4_topk_seed42,42,17,1,False,False,True,0.448,0.0,1.1901872,-2.4484982,-3.0996077839517966e-05,0.0019524721428751945,0.0019527181284502149,7e267c0bf303542b
2,day2_n4_topk_seed42,42,17,2,False,False,True,0.4466,0.0,-0.9027699,-1.059455,-2.7764839614974335e-05,0.001942771952599287,0.0019429703243076801,7e267c0bf303542b
2,day2_n4_topk_seed42,42,17,3,False,False,True,0.4192,0.0,2.2876143,2.2602541,-3.071546234423295e-05,0.001950843376107514,0.0019510851707309484,7e267c0bf303542b
2,day2_n4_topk_seed42,42,18,0,False,False,True,0.4306,0.0,1.0349293,1.1847545,-2.916666016972158e-05,0.0018950342200696468,0.001895258785225451,7e267c0bf303542b
2,day2_n4_topk_seed42,42,18,1,False,False,True,0.471,0.0,-2.8379886,-1.7663937,-2.6835692551685497e-05,0.001892654225230217,0.0018928444478660822,7e267c0bf303542b
2,day2_n4_topk_seed42,42,18,2,False,False,True,0.421,0.0,2.3877556,-1.9845765,-3.1738276447867975e-05,0.0018986553186550736,0.0018989206291735172,7e267c0bf303542b
2,day2_n4_topk_seed42,42,18,3,False,False,True,0.4408,0.0,-0.58469605,2.566217,-3.0013530704309233e-05,0.0018998585874214768,0.0019000954926013947,7e267c0bf303542b
2,day2_n4_topk_seed42,42,19,0,False,False,True,0.4566,0.0,-0.7670116,-1.0464675,-2.7525902623892762e-05,0.0018387484597042203,0.001838954514823854,7e267c0bf303542b
2,day2_n4_topk_seed42,42,19,1,False,False,True,0.4422,0.0,3.368893,-0.7447812,-2.5815686967689544e-05,0.0018547152867540717,0.0018548949155956507,7e267c0bf303542b
2,day2_n4_topk_seed42,42,19,2,False,False,True,0.4522,0.0,-2.0953794,-1.645007,-2.7956635676673613e-05,0.0018548602238297462,0.001855070935562253,7e267c0bf303542b
2,day2_n4_topk_seed42,42,19,3,False,False,True,0.4374,0.0,-0.50650406,3.4362574,-2.546848736528773e-05,0.0018451494397595525,0.0018453252268955112,7e267c0bf303542b
2,day2_n4_topk_seed42,42,20,0,False,False,True,0.4718,0.0,-2.311251,2.7968512,-2.6488494768273085e-05,0.0018198384204879403,0.0018200310878455639,7e267c0bf303542b
2,day2_n4_topk_seed42,42,20,1,False,False,True,0.4734,0.0,3.1337655,0.97806716,-2.494052932888735e-05,0.0018123469781130552,0.0018125185742974281,7e267c0bf303542b
2,day2_n4_topk_seed42,42,20,2,False,False,True,0.4762,0.0,0.6140967,-0.9869345,-2.8627051506191492e-05,0.0018026446923613548,0.001802871935069561,7e267c0bf303542b
2,day2_n4_topk_seed42,42,20,3,False,False,True,0.4886,0.0,-1.4366153,-2.7879858,-2.6066900318255648e-05,0.0018150152172893286,0.0018152022967115045,7e267c0bf303542b
2,day2_n4_topk_seed42,42,21,0,False,False,True,0.48,0.0,0.9583853,1.4363735,-2.496924025763292e-05,0.0017690665554255247,0.0017692426918074489,7e267c0bf303542b
2,day2_n4_topk_seed42,42,21,1,False,False,True,0.4884,0.0,0.71833295,2.4731944,-2.6334602807764895e-05,0.00176957156509161,0.0017697674920782447,7e267c0bf303542b
2,day2_n4_topk_seed42,42,21,2,False,False,True,0.432,0.0,2.0338175,-3.074282,-2.297988612554036e-05,0.0017741258488968015,0.0017742746276780963,7e267c0bf303542b
2,day2_n4_topk_seed42,42,21,3,False,False,True,0.4896,0.0,-3.7105336,-0.8352849,-2.438182127662003e-05,0.0017891358584165573,0.0017893020994961262,7e267c0bf303542b
2,day2_n4_topk_seed42,42,22,0,False,False,True,0.5048,0.0,0.34909847,1.9725115,-2.8683938580797985e-05,0.0017253922997042537,0.0017256307182833552,7e267c0bf303542b
2,day2_n4_topk_seed42,42,22,1,False,False,True,0.467,0.0,-3.2595136,-2.022844,-2.8345817554509267e-05,0.0017419025534763932,0.001742133405059576,7e267c0bf303542b
2,day2_n4_topk_seed42,42,22,2,False,False,True,0.4496,0.0,-0.12780732,2.3483698,-2.531876089051366e-05,0.0017302355263382196,0.0017304208595305681,7e267c0bf303542b
2,day2_n4_topk_seed42,42,22,3,False,False,True,0.4628,0.0,3.0382245,-2.298037,-2.7936284823226742e-05,0.0017360248602926731,0.0017362494254484773,7e267c0bf303542b
2,day2_n4_topk_seed42,42,23,0,False,False,True,0.5066,0.0,-2.3416476,2.4236372,-2.352810770389624e-05,0.001696822582744062,0.0016969855641946197,7e267c0bf303542b
2,day2_n4_topk_seed42,42,23,1,False,False,True,0.4694,0.0,-0.666582,-3.598505,-2.075699740089476e-05,0.0016823268961161375,0.0016824549529701471,7e267c0bf303542b
2,day2_n4_topk_seed42,42,23,2,False,False,True,0.4914,0.0,-0.7718855,0.25582957,-2.2120628273114562e-05,0.0016866299556568265,0.0016867750091478229,7e267c0bf303542b
2,day2_n4_topk_seed42,42,23,3,False,False,True,0.4708,0.0,3.7801132,0.91904044,-1.7391512301401235e-05,0.001710200565867126,0.0017102891579270363,7e267c0bf303542b
2,day2_n4_topk_seed42,42,24,0,False,False,True,0.5094,0.0,-2.0397499,3.4861584,-2.2906351659912616e-05,0.0016807622741907835,0.0016809183871373534,7e267c0bf303542b
2,day2_n4_topk_seed42,42,24,1,False,False,True,0.4836,0.0,4.2142053,0.66395164,-2.3679574951529503e-05,0.001719874795526266,0.0017200377769768238,7e267c0bf303542b
2,day2_n4_topk_seed42,42,24,2,False,False,True,0.4992,0.0,-1.253444,-1.4756594,-2.4356799258384854e-05,0.0016618967056274414,0.0016620750539004803,7e267c0bf303542b
2,day2_n4_topk_seed42,42,24,3,False,False,True,0.5148,0.0,-0.9210128,-2.6744509,-2.5404329790035263e-05,0.0016664306167513132,0.0016666243318468332,7e267c0bf303542b
2,day2_n4_topk_seed42,42,25,0,False,False,True,0.5202,0.0,3.9038472,-1.337042,-2.7382544431020506e-05,0.0016576647758483887,0.0016578908544033766,7e267c0bf303542b
2,day2_n4_topk_seed42,42,25,1,False,False,True,0.4412,0.0,-0.98165995,-0.38401395,-2.1262192603899166e-05,0.0016336656408384442,0.0016338040586560965,7e267c0bf303542b
2,day2_n4_topk_seed42,42,25,2,False,False,True,0.4988,0.0,-2.650324,-2.2327592,-2.1068926798761822e-05,0.0016466991510242224,0.0016468338435515761,7e267c0bf303542b
2,day2_n4_topk_seed42,42,25,3,False,False,True,0.4868,0.0,-0.27186394,3.953817,-2.303403198311571e-05,0.0016400901367887855,0.001640251954086125,7e267c0bf303542b
2,day2_n4_topk_seed42,42,26,0,False,False,True,0.5176,0.0,3.094122,-2.7085605,-2.054747710644733e-05,0.0016251332126557827,0.001625262899324298,7e267c0bf303542b
2,day2_n4_topk_seed42,42,26,1,False,False,True,0.522,0.0,0.26964393,0.78915346,-2.0362305804155767e-05,0.001610005390830338,0.0016101341461762786,7e267c0bf303542b
2,day2_n4_topk_seed42,42,26,2,False,False,True,0.5162,0.0,-3.8600256,-1.6562932,-1.8878563423641026e-05,0.0016286392929032445,0.0016287487233057618,7e267c0bf303542b
2,day2_n4_topk_seed42,42,26,3,False,False,True,0.514,0.0,0.49626368,3.575701,-2.1878206098335795e-05,0.001619061571545899,0.0016192094190046191,7e267c0bf303542b
2,day2_n4_topk_seed42,42,27,0,False,False,True,0.5344,0.0,4.199379,-1.5193346,-2.287681127199903e-05,0.0016378775471821427,0.0016380373854190111,7e267c0bf303542b
2,day2_n4_topk_seed42,42,27,1,False,False,True,0.53,0.0,0.085400134,4.3497305,-1.859801704995334e-05,0.0016302838921546936,0.001630389946512878,7e267c0bf303542b
2,day2_n4_topk_seed42,42,27,2,False,False,True,0.517,0.0,-2.100934,-2.0788195,-2.1979069060762413e-05,0.0016124361427500844,0.0016125859692692757,7e267c0bf303542b
2,day2_n4_topk_seed42,42,27,3,False,False,True,0.527,0.0,-2.183846,-0.7515784,-2.3456770577467978e-05,0.0016215533250942826,0.0016217229422181845,7e267c0bf303542b
2,day2_n4_topk_seed42,42,28,0,False,False,True,0.5158,0.0,4.7217593,0.30397263,-1.6778058125055395e-05,0.001662521273829043,0.001662606024183333,7e267c0bf303542b
2,day2_n4_topk_seed42,42,28,1,False,False,True,0.527,0.0,-1.9338808,4.0003724,-1.9291446733404882e-05,0.001596131012775004,0.0015962474280968308,7e267c0bf303542b
2,day2_n4_topk_seed42,42,28,2,False,False,True,0.5166,0.0,-1.2037808,-1.360826,-2.02174032892799e-05,0.0015924290055409074,0.0015925572952255607,7e267c0bf303542b
2,day2_n4_topk_seed42,42,28,3,False,False,True,0.5474,0.0,-1.5841011,-2.943513,-2.0564370061038062e-05,0.0015998834278434515,0.001600015675649047,7e267c0bf303542b
2,day2_n4_topk_seed42,42,29,0,False,False,True,0.5306,0.0,-2.8903348,-1.3697332,-1.899655762827024e-05,0.0015794243663549423,0.0015795385697856545,7e267c0bf303542b
2,day2_n4_topk_seed42,42,29,1,False,False,True,0.5334,0.0,3.375364,2.3742864,-1.7648788343649358e-05,0.0015735324705019593,0.0015736314235255122,7e267c0bf303542b
2,day2_n4_topk_seed42,42,29,2,False,False,True,0.5012,0.0,1.7267872,-3.6040554,-1.7201720766024664e-05,0.0015799644170328975,0.0015800580149516463,7e267c0bf303542b
2,day2_n4_topk_seed42,42,29,3,False,False,True,0.538,0.0,-2.2118168,2.5995054,-2.1425445083878003e-05,0.001571020227856934,0.0015711663290858269,7e267c0bf303542b
2,day2_n4_topk_seed42,42,30,0,False,False,True,0.5372,0.0,-0.7119419,0.19952285,-1.8077804270433262e-05,0.0015632748836651444,0.0015633793082088232,7e267c0bf303542b
2,day2_n4_topk_seed42,42,30,1,False,False,True,0.5418,0.0,0.20686945,4.3929143,-1.7557926184963435e-05,0.0015699774958193302,0.0015700756339356303,7e267c0bf303542b
2,day2_n4_topk_seed42,42,30,2,False,False,True,0.553,0.0,-3.585392,-2.3474243,-2.0235396732459776e-05,0.0015905717154964805,0.0015907003544270992,7e267c0bf303542b
2,day2_n4_topk_seed42,42,30,3,False,False,True,0.5132,0.0,4.0904665,-2.2450132,-1.9222004993935116e-05,0.0015897121047601104,0.0015898284036666155,7e267c0bf303542b
2,day2_n4_topk_seed42,42,31,0,False,False,True,0.5218,0.0,-3.0124767,3.5181167,-2.0880050215055235e-05,0.0015770088648423553,0.0015771470498293638,7e267c0bf303542b
2,day2_n4_topk_seed42,42,31,1,False,False,True,0.5552,0.0,4.393091,0.8630151,-1.9172004613210447e-05,0.001556623145006597,0.0015567411901429296,7e267c0bf303542b
2,day2_n4_topk_seed42,42,31,2,False,False,True,0.5478,0.0,0.27588338,-0.23308107,-1.858098039519973e-05,0.001544151920825243,0.0015442636795341969,7e267c0bf303542b
2,day2_n4_topk_seed42,42,31,3,False,False,True,0.5502,0.0,-1.6564977,-4.148052,-1.7197982742800377e-05,0.001571860397234559,0.0015719544608145952,7e267c0bf303542b
2,day2_n4_topk_seed42,42,32,0,False,False,True,0.5406,0.0,5.1740265,-0.09147213,-1.4103965440881439e-05,0.0016368598444387317,0.0016369206132367253,7e267c0bf303542b
2,day2_n4_topk_seed42,42,32,1,False,False,True,0.5368,0.0,-1.7647333,-4.254877,-1.824844912334811e-05,0.001552801113575697,0.0015529083320870996,7e267c0bf303542b
2,day2_n4_topk_seed42,42,32,2,False,False,True,0.5478,0.0,-1.8219341,0.5806902,-2.008747287618462e-05,0.001557209063321352,0.0015573386335745454,7e267c0bf303542b
2,day2_n4_topk_seed42,42,32,3,False,False,True,0.5484,0.0,-1.5873629,3.7656574,-1.846857776399702e-05,0.0015583753120154142,0.0015584846260026097,7e267c0bf303542b
2,day2_n4_topk_seed42,42,33,0,False,False,True,0.5776,0.0,-0.67845124,-3.4477637,-1.2939368389197625e-05,0.0015858543338254094,0.0015859071863815188,7e267c0bf303542b
2,day2_n4_topk_seed42,42,33,1,False,False,True,0.4648,0.0,-3.7785413,4.214718,-1.3235025107860565e-05,0.0016975466860458255,0.0016975982580333948,7e267c0bf303542b
2,day2_n4_topk_seed42,42,33,2,False,False,True,0.5572,0.0,-1.0764623,-2.6975,-1.5713218090240844e-05,0.0015609939582645893,0.0015610730042681098,7e267c0bf303542b
2,day2_n4_topk_seed42,42,33,3,False,False,True,0.5432,0.0,5.5334554,1.9305451,-1.4712407391925808e-05,0.001757349120453,0.0017574107041582465,7e267c0bf303542b
2,day2_n4_topk_seed42,42,34,0,False,False,True,0.4968,0.0,5.7580757,-0.6991883,-2.294208934472408e-05,0.0017342566279694438,0.0017344082007184625,7e267c0bf303542b
2,day2_n4_topk_seed42,42,34,1,False,False,True,0.5558,0.0,-1.1652244,5.0199146,-1.9541868823580444e-05,0.0015791840851306915,0.0015793050406500697,7e267c0bf303542b
2,day2_n4_topk_seed42,42,34,2,False,False,True,0.549,0.0,-2.3952193,-1.9228333,-1.631716440897435e-05,0.0015378230018541217,0.001537909614853561,7e267c0bf303542b
2,day2_n4_topk_seed42,42,34,3,False,False,True,0.5586,0.0,-2.1976397,-2.3978906,-1.5085030099726282e-05,0.001555437222123146,0.0015555103309452534,7e267c0bf303542b
2,day2_n4_topk_seed42,42,35,0,False,False,True,0.54,0.0,5.692495,-0.98251474,-1.528025313746184e-05,0.001704619382508099,0.0017046879511326551,7e267c0bf303542b
2,day2_n4_topk_seed42,42,35,1,False,False,True,0.5558,0.0,-2.9024954,-4.619997,-1.3807961295242421e-05,0.0016129835275933146,0.0016130426665768027,7e267c0bf303542b
2,day2_n4_topk_seed42,42,35,2,False,False,True,0.5456,0.0,-1.3958046,3.4551103,-1.4349496268550865e-05,0.0015796611551195383,0.0015797262312844396,7e267c0bf303542b
2,day2_n4_topk_seed42,42,35,3,False,False,True,0.5962,0.0,-1.3941963,2.1474047,-1.630576116440352e-05,0.0015489872312173247,0.0015490730293095112,7e267c0bf303542b
2,day2_n4_topk_seed42,42,36,0,False,False,True,0.5574,0.0,-0.21838638,-0.6466021,-1.508261811977718e-05,0.0015500474255532026,0.0015501207672059536,7e267c0bf303542b
2,day2_n4_topk_seed42,42,36,1,False,False,True,0.5728,0.0,-0.64083934,-4.7002544,-1.3735871107201092e-05,0.0015476730186492205,0.0015477341366931796,7e267c0bf303542b
2,day2_n4_topk_seed42,42,36,2,False,False,True,0.5442,0.0,-3.9244325,3.2993288,-1.8018077753367834e-05,0.0015783836133778095,0.0015784864081069827,7e267c0bf303542b
2,day2_n4_topk_seed42,42,36,3,False,False,True,0.5794,0.0,4.783661,2.047528,-1.8369210010860115e-05,0.0015631812857463956,0.001563289319165051,7e267c0bf303542b
2,day2_n4_topk_seed42,42,37,0,False,False,True,0.5852,0.0,-4.9447236,2.2637327,-1.1674276720441412e-05,0.0016285870224237442,0.00162862881552428,7e267c0bf303542b
2,day2_n4_topk_seed42,42,37,1,False,False,True,0.5214,0.0,1.1538267,-4.073984,-1.5209346202027518e-05,0.001535952789708972,0.001536028110422194,7e267c0bf303542b
2,day2_n4_topk_seed42,42,37,2,False,False,True,0.5642,0.0,-0.24273044,-2.009261,-1.3832001059199683e-05,0.0015275784535333514,0.0015276410849764943,7e267c0bf303542b
2,day2_n4_topk_seed42,42,37,3,False,False,True,0.556,0.0,4.0336337,3.8195086,-1.645685733819846e-05,0.0015894456300884485,0.0015895308461040258,7e267c0bf303542b
2,day2_n4_topk_seed42,42,38,0,False,False,True,0.585,0.0,-1.3533463,1.8180565,-1.0055151506094262e-05,0.001525204279460013,0.0015252374578267336,7e267c0bf303542b
2,day2_n4_topk_seed42,42,38,1,False,False,True,0.5952,0.0,-1.8731996,3.582712,-1.4824723621131852e-05,0.0015442350413650274,0.0015443061711266637,7e267c0bf303542b
2,day2_n4_topk_seed42,42,38,2,False,False,True,0.5624,0.0,5.619489,-0.4682885,-2.1553390979534015e-05,0.001616945955902338,0.0016170897288247943,7e267c0bf303542b
2,day2_n4_topk_seed42,42,38,3,False,False,True,0.5806,0.0,-2.3929427,-4.932477,-1.3857003068551421e-05,0.0015768498415127397,0.001576910843141377,7e267c0bf303542b
2,day2_n4_topk_seed42,42,39,0,False,False,True,0.5824,0.0,-2.7782776,5.1703854,-1.040514325723052e-05,0.0015854003140702844,0.0015854345401749015,7e267c0bf303542b
2,day2_n4_topk_seed42,42,39,1,False,False,True,0.5688,0.0,-2.7010126,-3.6997702,-1.2420114217093214e-05,0.0015609344700351357,0.0015609838301315904,7e267c0bf303542b
2,day2_n4_topk_seed42,42,39,2,False,False,True,0.5178,0.0,8.383185,0.008953739,-1.422119476046646e-05,0.0023229368962347507,0.002322980435565114,7e267c0bf303542b
2,day2_n4_topk_seed42,42,39,3,False,False,True,0.5606,0.0,-2.903938,-1.4795715,-1.4796486539125908e-05,0.0015615259762853384,0.0015615961747244,7e267c0bf303542b
2,day2_n4_topk_seed42,42,40,0,False,False,True,0.5932,0.0,1.4524066,1.3601723,-1.3891226444684435e-05,0.0015411900822073221,0.0015412528300657868,7e267c0bf303542b
2,day2_n4_topk_seed42,42,40,1,False,False,True,0.5898,0.0,-0.7197083,-5.52425,-1.2905227777082473e-05,0.0015471059596166015,0.0015471597434952855,7e267c0bf303542b
2,day2_n4_topk_seed42,42,40,2,False,False,True,0.5916,0.0,4.165599,1.5937393,-1.4985860616434366e-05,0.001596098649315536,0.0015961689641699195,7e267c0bf303542b
2,day2_n4_topk_seed42,42,40,3,False,False,True,0.5736,0.0,-4.898294,2.5703342,-1.4715721590619069e-05,0.0015757817309349775,0.0015758502995595336,7e267c0bf303542b
2,day2_n4_topk_seed42,42,41,0,False,False,True,0.609,0.0,-2.0862002,3.0873785,-9.154079634754453e-06,0.0015536084538325667,0.0015536355786025524,7e267c0bf303542b
2,day2_n4_topk_seed42,42,41,1,False,False,True,0.5818,0.0,-2.3589425,-5.3108864,-1.3241984561318532e-05,0.0016015595756471157,0.0016016144072636962,7e267c0bf303542b
2,day2_n4_topk_seed42,42,41,2,False,False,True,0.5802,0.0,6.1562376,-0.29012844,-6.905224381625885e-06,0.0017003959510475397,0.0017004100373014808,7e267c0bf303542b
2,day2_n4_topk_seed42,42,41,3,False,False,True,0.6006,0.0,-1.7110995,2.513638,-1.2198858712508809e-05,0.0015585122164338827,0.0015585600631311536,7e267c0bf303542b
2,day2_n4_topk_seed42,42,42,0,False,False,True,0.5956,0.0,-0.5124686,0.20705898,-1.3376696188061032e-05,0.0015295412158593535,0.0015295997727662325,7e267c0bf303542b
2,day2_n4_topk_seed42,42,42,1,False,False,True,0.5638,0.0,-1.5507927,-5.589575,-1.1963838915107772e-05,0.0016509988345205784,0.001651042141020298,7e267c0bf303542b
2,day2_n4_topk_seed42,42,42,2,False,False,True,0.5956,0.0,6.151801,1.3128941,-1.534496550448239e-05,0.0017379680648446083,0.0017380359349772334,7e267c0bf303542b
2,day2_n4_topk_seed42,42,42,3,False,False,True,0.5896,0.0,-4.088547,4.0696177,-1.0402807674836367e-05,0.0016384494956582785,0.0016384826740249991,7e267c0bf303542b
2,day2_n4_topk_seed42,42,43,0,False,False,True,0.566,0.0,5.8637576,-0.04348381,-8.064096618909389e-06,0.001633140491321683,0.0016331603983417153,7e267c0bf303542b
2,day2_n4_topk_seed42,42,43,1,False,False,True,0.5912,0.0,-2.722877,3.231481,-1.0142821338376962e-05,0.001553824869915843,0.0015538579318672419,7e267c0bf303542b
2,day2_n4_topk_seed42,42,43,2,False,False,True,0.6128,0.0,-2.1078537,-5.359575,-8.129078196361661e-06,0.0015701898373663425,0.0015702109085395932,7e267c0bf303542b
2,day2_n4_topk_seed42,42,43,3,False,False,True,0.6162,0.0,-1.0330269,2.171576,-1.2670444448303897e-05,0.0015625589294359088,0.0015626102685928345,7e267c0bf303542b
2,day2_n4_topk_seed42,42,44,0,False,False,True,0.5934,0.0,7.0497007,-0.3228437,-7.212516266008606e-06,0.00195126177277416,0.00195127516053617,7e267c0bf303542b
2,day2_n4_topk_seed42,42,44,1,False,False,True,0.597,0.0,-2.5977144,-1.4334939,-7.82512597652385e-06,0.0015665249666199088,0.0015665445243939757,7e267c0bf303542b
2,day2_n4_topk_seed42,42,44,2,False,False,True,0.5904,0.0,-2.4858928,-3.8578227,-1.2019519090245012e-05,0.0015660722274333239,0.0015661184443160892,7e267c0bf303542b
2,day2_n4_topk_seed42,42,44,3,False,False,True,0.5628,0.0,-1.9660978,5.614161,-1.2839939699915703e-05,0.0016357185086235404,0.0016357689164578915,7e267c0bf303542b
2,day2_n4_topk_seed42,42,45,0,False,False,True,0.5954,0.0,3.5406811,-4.113993,-1.3702121577807702e-05,0.0016274013323709369,0.0016274589579552412,7e267c0bf303542b
2,day2_n4_topk_seed42,42,45,1,False,False,True,0.591,0.0,-6.0279713,-0.94622844,-1.2885938303952571e-05,0.0016582689713686705,0.001658319029957056,7e267c0bf303542b
2,day2_n4_topk_seed42,42,45,2,False,False,True,0.5616,0.0,0.81095314,-0.43898726,-1.28439396576141e-05,0.0015623349463567138,0.0015623877989128232,7e267c0bf303542b
2,day2_n4_topk_seed42,42,45,3,False,False,True,0.5446,0.0,1.6763322,5.499204,-1.4998413462308235e-05,0.0016030730912461877,0.0016031432896852493,7e267c0bf303542b
2,day2_n4_topk_seed42,42,46,0,False,False,True,0.6202,0.0,5.804953,-2.7003274,-4.617782451532548e-06,0.0017001578817144036,0.0017001641681417823,7e267c0bf303542b
2,day2_n4_topk_seed42,42,46,1,False,False,True,0.5816,0.0,-4.424322,-3.5586908,-1.1373474990250543e-05,0.001682845177128911,0.001682883594185114,7e267c0bf303542b
2,day2_n4_topk_seed42,42,46,2,False,False,True,0.5994,0.0,0.08677848,5.8648114,-1.0528377970331348e-05,0.0016928812256082892,0.0016929139383137226,7e267c0bf303542b
2,day2_n4_topk_seed42,42,46,3,False,False,True,0.6068,0.0,-1.4674144,0.39420488,-1.195136701426236e-05,0.0016256505623459816,0.0016256945673376322,7e267c0bf303542b
2,day2_n4_topk_seed42,42,47,0,False,False,True,0.6156,0.0,1.0405177,2.7908251,-7.5809643931279425e-06,0.0016649443423375487,0.001664961688220501,7e267c0bf303542b
2,day2_n4_topk_seed42,42,47,1,False,False,True,0.574,0.0,-6.4845996,0.009773181,-1.2921385859954171e-05,0.0017345240339636803,0.0017345722299069166,7e267c0bf303542b
2,day2_n4_topk_seed42,42,47,2,False,False,True,0.611,0.0,2.2126775,-6.0952053,-1.4624999494117219e-05,0.0016961715882644057,0.001696234685368836,7e267c0bf303542b
2,day2_n4_topk_seed42,42,47,3,False,False,True,0.5996,0.0,3.2314034,3.2946043,-1.0584178198769223e-05,0.0016893662977963686,0.0016893994761630893,7e267c0bf303542b
2,day2_n4_topk_seed42,42,48,0,False,False,True,0.6152,0.0,1.2706885,5.5894136,-1.1024852938135155e-05,0.0016125697875395417,0.0016126073896884918,7e267c0bf303542b
2,day2_n4_topk_seed42,42,48,1,False,False,True,0.6242,0.0,1.3797871,-0.16551404,-1.2637483450816944e-05,0.0015849464107304811,0.0015849968185648322,7e267c0bf303542b
2,day2_n4_topk_seed42,42,48,2,False,False,True,0.6036,0.0,-6.0198193,-1.2142642,-1.0900064808083698e-05,0.001631152699701488,0.001631189021281898,7e267c0bf303542b
2,day2_n4_topk_seed42,42,48,3,False,False,True,0.594,0.0,3.3693397,-4.209631,-7.531763912993483e-06,0.0016157036880031228,0.0016157211503013968,7e267c0bf303542b
2,day2_n4_topk_seed42,42,49,0,False,False,True,0.6224,0.0,3.094788,-4.445587,-4.716248895419994e-06,0.0016127334674820304,0.0016127403359860182,7e267c0bf303542b
2,day2_n4_topk_seed42,42,49,1,False,False,True,0.5994,0.0,-6.1425796,-0.9235402,-1.400220185132639e-06,0.0016422467306256294,0.0016422473127022386,7e267c0bf303542b
2,day2_n4_topk_seed42,42,49,2,False,False,True,0.6142,0.0,1.5409845,-0.14456788,-7.995670785021503e-06,0.0016082871006801724,0.0016083070077002048,7e267c0bf303542b
2,day2_n4_topk_seed42,42,49,3,False,False,True,0.591,0.0,1.5067959,5.513691,-4.417300260683987e-06,0.001626600045710802,0.0016266059828922153,7e267c0bf303542b
2,day2_n4_topk_seed42,42,50,0,False,False,True,0.6242,0.0,6.1391773,-1.5817668,-6.606046554225031e-06,0.0016644865972921252,0.0016644997522234917,7e267c0bf303542b
2,day2_n4_topk_seed42,42,50,1,False,False,True,0.646,0.0,-0.9574908,1.9337969,-7.883488251536619e-06,0.0015744405100122094,0.0015744601842015982,7e267c0bf303542b
2,day2_n4_topk_seed42,42,50,2,False,False,True,0.5894,0.0,-3.7092984,-4.9371824,-1.203066040034173e-05,0.0016415471909567714,0.0016415913123637438,7e267c0bf303542b
2,day2_n4_topk_seed42,42,50,3,False,False,True,0.6114,0.0,-1.4723926,4.585151,-1.0037908396043349e-05,0.0016104140086099505,0.0016104450915008783,7e267c0bf303542b
2,day2_n4_topk_seed42,42,51,0,False,False,True,0.6026,0.0,6.3856606,-0.80546296,-1.035476270772051e-05,0.001675829291343689,0.0016758611891418695,7e267c0bf303542b
2,day2_n4_topk_seed42,42,51,1,False,False,True,0.6258,0.0,-1.8190714,1.1809258,-1.2367446288408246e-05,0.0016003373311832547,0.0016003851778805256,7e267c0bf303542b
2,day2_n4_topk_seed42,42,51,2,False,False,True,0.6244,0.0,-2.9191883,-5.2470026,-8.055703801801428e-06,0.0016531978035345674,0.0016532173613086343,7e267c0bf303542b
2,day2_n4_topk_seed42,42,51,3,False,False,True,0.6136,0.0,-1.6474019,4.871542,-6.942727395653492e-06,0.0016409690724685788,0.001640983740799129,7e267c0bf303542b
2,day2_n4_topk_seed42,42,52,0,False,False,True,0.6214,0.0,4.856757,-3.664348,-7.585371349705383e-06,0.001639497117139399,0.001639514579437673,7e267c0bf303542b
2,day2_n4_topk_seed42,42,52,1,False,False,True,0.634,0.0,-5.481713,-2.742736,-7.514995559176896e-06,0.0016357569256797433,0.0016357740387320518,7e267c0bf303542b
2,day2_n4_topk_seed42,42,52,2,False,False,True,0.6536,0.0,0.47303587,5.569939,-7.85937299951911e-06,0.0016107783885672688,0.0016107974806800485,7e267c0bf303542b
2,day2_n4_topk_seed42,42,52,3,False,False,True,0.6438,0.0,0.15192151,0.83714724,-9.775440958037507e-06,0.0015861334977671504,0.0015861636493355036,7e267c0bf303542b
2,day2_n4_topk_seed42,42,53,0,False,False,True,0.6578,0.0,1.2666119,4.659426,-8.546291610400658e-06,0.0016387458890676498,0.0016387682408094406,7e267c0bf303542b
2,day2_n4_topk_seed42,42,53,1,False,False,True,0.6438,0.0,0.504327,2.348406,-1.1567585715965834e-05,0.0016146815614774823,0.0016147230053320527,7e267c0bf303542b
2,day2_n4_topk_seed42,42,53,2,False,False,True,0.6244,0.0,-6.0256076,-2.211028,-6.680269962089369e-06,0.0016611007740721107,0.0016611143946647644,7e267c0bf303542b
2,day2_n4_topk_seed42,42,53,3,False,False,True,0.631,0.0,4.254671,-4.7968082,-9.194742233376019e-06,0.001659491448663175,0.0016595169436186552,7e267c0bf303542b
2,day2_n4_topk_seed42,42,54,0,False,False,True,0.672,0.0,0.844207,-5.5029526,-5.581988261837978e-06,0.001606901758350432,0.0016069114208221436,7e267c0bf303542b
2,day2_n4_topk_seed42,42,54,1,False,False,True,0.6414,0.0,-5.7126584,2.5003376,-6.33950639894465e-06,0.0016484407242387533,0.0016484528314322233,7e267c0bf303542b
2,day2_n4_topk_seed42,42,54,2,False,False,True,0.6524,0.0,4.740079,4.021018,-4.450188498594798e-06,0.0016496446914970875,0.0016496506286785007,7e267c0bf303542b
2,day2_n4_topk_seed42,42,54,3,False,False,True,0.6498,0.0,0.12837449,-1.0184023,-2.3910979507490993e-06,0.001620022696442902,0.0016200244426727295,7e267c0bf303542b
2,day2_n4_topk_seed42,42,55,0,False,False,True,0.6332,0.0,5.356554,2.8041945,-6.464767920988379e-06,0.0016374449478462338,0.001637457637116313,7e267c0bf303542b
2,day2_n4_topk_seed42,42,55,1,False,False,True,0.6434,0.0,-0.4080299,0.8942635,-1.9591116142692044e-06,0.0016213945345953107,0.0016213958151638508,7e267c0bf303542b
2,day2_n4_topk_seed42,42,55,2,False,False,True,0.65,0.0,-5.1471467,2.6041772,-5.8923938013322186e-06,0.0016418476589024067,0.001641858252696693,7e267c0bf303542b
2,day2_n4_topk_seed42,42,55,3,False,False,True,0.641,0.0,0.19862357,-6.3026385,-8.0112131399801e-06,0.0016509409761056304,0.0016509604174643755,7e267c0bf303542b
2,day2_n4_topk_seed42,42,56,0,False,False,True,0.58,0.0,5.292359,3.8780456,-6.579943601536797e-06,0.0017187942285090685,0.0017188068013638258,7e267c0bf303542b
2,day2_n4_topk_seed42,42,56,1,False,False,True,0.6372,0.0,-0.1395769,-5.061703,-3.652863142633578e-06,0.0016414603451266885,0.0016414644196629524,7e267c0bf303542b
2,day2_n4_topk_seed42,42,56,2,False,False,True,0.6404,0.0,-5.7192645,3.4842334,-5.878927822777769e-06,0.0017157987458631396,0.0017158087575808167,7e267c0bf303542b
2,day2_n4_topk_seed42,42,56,3,False,False,True,0.6594,0.0,0.566486,-2.3005817,-7.35751473257551e-06,0.0016468520043417811,0.0016468684189021587,7e267c0bf303542b
2,day2_n4_topk_seed42,42,57,0,False,False,True,0.665,0.0,5.5914555,-3.5788121,-7.987637218320742e-06,0.0017058418598026037,0.0017058606026694179,7e267c0bf303542b
2,day2_n4_topk_seed42,42,57,1,False,False,True,0.651,0.0,0.31426024,3.9226701,-1.0560210284893401e-05,0.0016530241118744016,0.0016530577559024096,7e267c0bf303542b
2,day2_n4_topk_seed42,42,57,2,False,False,True,0.6598,0.0,-5.285204,-3.979826,-5.395421339926543e-06,0.0016780029982328415,0.0016780117293819785,7e267c0bf303542b
2,day2_n4_topk_seed42,42,57,3,False,False,True,0.6554,0.0,-0.62051296,3.6359684,-1.214680105476873e-05,0.0016531662549823523,0.0016532110748812556,7e267c0bf303542b
2,day2_n4_topk_seed42,42,58,0,False,False,True,0.6412,0.0,-4.981066,-3.8455727,-5.0570529310789425e-06,0.0016837046714499593,0.0016837123548611999,7e267c0bf303542b
2,day2_n4_topk_seed42,42,58,1,False,False,True,0.658,0.0,-0.4326601,0.5933235,-1.1317093594698235e-05,0.0016453766729682684,0.0016454155556857586,7e267c0bf303542b
2,day2_n4_topk_seed42,42,58,2,False,False,True,0.5656,0.0,5.886758,-2.7296429,-7.150931651267456e-06,0.0016992511227726936,0.0016992662567645311,7e267c0bf303542b
2,day2_n4_topk_seed42,42,58,3,False,False,True,0.6468,0.0,-0.4730266,5.981893,-5.61580554858665e-06,0.0016892243875190616,0.0016892337007448077,7e267c0bf303542b
2,day2_n4_topk_seed42,42,59,0,False,False,True,0.6888,0.0,4.943692,4.2762194,-1.1249766203036415e-06,0.0016815144335851073,0.0016815147828310728,7e267c0bf303542b
2,day2_n4_topk_seed42,42,59,1,False,False,True,0.6628,0.0,0.1322537,-4.849977,-1.0516358088352717e-05,0.0016444541979581118,0.001644487725570798,7e267c0bf303542b
2,day2_n4_topk_seed42,42,59,2,False,False,True,0.6308,0.0,-5.903972,3.1155632,-5.030767624703003e-06,0.0017052594339475036,0.0017052670009434223,7e267c0bf303542b
2,day2_n4_topk_seed42,42,59,3,False,False,True,0.6146,0.0,0.82802665,-2.5418077,-6.539328296639724e-06,0.001630702754482627,0.0016307157929986715,7e267c0bf303542b
2,day2_n4_topk_seed42,42,60,0,False,False,True,0.66,0.0,2.6574876,6.118536,-6.678706995444372e-06,0.0016772233648225665,0.0016772366361692548,7e267c0bf303542b
2,day2_n4_topk_seed42,42,60,1,False,False,True,0.6184,0.0,-6.755362,0.45346504,-3.8123146168800304e-06,0.0017053582705557346,0.0017053624615073204,7e267c0bf303542b
2,day2_n4_topk_seed42,42,60,2,False,False,True,0.6494,0.0,1.711032,-3.6840577,-4.675654963648412e-06,0.001682146335951984,0.0016821528552100062,7e267c0bf303542b
2,day2_n4_topk_seed42,42,60,3,False,False,True,0.6798,0.0,2.3868432,-2.8879445,-8.263370546046644e-06,0.0016740555875003338,0.0016740759601816535,7e267c0bf303542b
2,day2_n4_topk_seed42,42,61,0,False,False,True,0.6738,0.0,1.8191364,-0.07099918,-4.868664291279856e-06,0.0016852783737704158,0.0016852853586897254,7e267c0bf303542b
2,day2_n4_topk_seed42,42,61,1,False,False,True,0.6588,0.0,-7.147626,-0.32793534,-3.945545358874369e-06,0.0018346834694966674,0.0018346875440329313,7e267c0bf303542b
2,day2_n4_topk_seed42,42,61,2,False,False,True,0.6528,0.0,2.95762,-5.3866887,-6.823147487011738e-06,0.0017393779708072543,0.0017393913585692644,7e267c0bf303542b
2,day2_n4_topk_seed42,42,61,3,False,False,True,0.6576,0.0,2.3708746,5.785621,-3.883024874085095e-06,0.0017129509942606091,0.0017129554180428386,7e267c0bf303542b
2,day2_n4_topk_seed42,42,62,0,False,False,True,0.684,0.0,-4.6266985,5.170868,-9.036509140969429e-07,0.00174366170540452,0.0017436619382351637,7e267c0bf303542b
2,day2_n4_topk_seed42,42,62,1,False,False,True,0.6432,0.0,-1.6754601,-4.6892476,-3.686643140099477e-06,0.0017148462356999516,0.001714850077405572,7e267c0bf303542b
2,day2_n4_topk_seed42,42,62,2,False,False,True,0.6562,0.0,6.407427,2.4593039,-2.459955567246652e-06,0.001769208931364119,0.0017692106775939465,7e267c0bf303542b
2,day2_n4_topk_seed42,42,62,3,False,False,True,0.6732,0.0,-0.10527001,-2.9409273,-5.391273134591756e-06,0.0017006188863888383,0.0017006275011226535,7e267c0bf303542b
2,day2_n4_topk_seed42,42,63,0,False,False,True,0.6764,0.0,-5.294762,-4.123263,-3.209167743989383e-06,0.0017059262609109282,0.0017059292877092957,7e267c0bf303542b
2,day2_n4_topk_seed42,42,63,1,False,False,True,0.6662,0.0,5.8051434,-3.1734874,-4.972070200892631e-06,0.0017166793113574386,0.00171668641269207,7e267c0bf303542b
2,day2_n4_topk_seed42,42,63,2,False,False,True,0.664,0.0,0.13577092,1.669807,-5.347259957488859e-06,0.0016975619364529848,0.0016975702019408345,7e267c0bf303542b
2,day2_n4_topk_seed42,42,63,3,False,False,True,0.6674,0.0,-0.6461519,5.6269417,-7.104955329850782e-06,0.0017000872176140547,0.0017001021187752485,7e267c0bf303542b
2,day2_n4_topk_seed42,42,64,0,False,False,True,0.6558,0.0,6.144203,2.0705428,-6.471064807556104e-06,0.0017258450388908386,0.0017258571460843086,7e267c0bf303542b
2,day2_n4_topk_seed42,42,64,1,False,False,True,0.6928,0.0,0.3081747,-0.7554566,-6.842252787464531e-06,0.0016875212313607335,0.001687534968368709,7e267c0bf303542b
2,day2_n4_topk_seed42,42,64,2,False,False,True,0.6644,0.0,-1.6566648,-5.9877424,-1.0383920425738324e-06,0.0017274811398237944,0.0017274814890697598,7e267c0bf303542b
2,day2_n4_topk_seed42,42,64,3,False,False,True,0.6538,0.0,-4.795709,4.6726575,-3.622671783887199e-06,0.0017335538286715746,0.0017335576703771949,7e267c0bf303542b
2,day2_n4_topk_seed42,42,65,0,False,False,True,0.6358,0.0,-5.935263,2.8501337,-5.3120597840461414e-06,0.001733951037749648,0.001733959186822176,7e267c0bf303542b
2,day2_n4_topk_seed42,42,65,1,False,False,True,0.6716,0.0,0.68451554,-6.0988736,-2.1782784642709885e-06,0.0017040632665157318,0.001704064547084272,7e267c0bf303542b
2,day2_n4_topk_seed42,42,65,2,False,False,True,0.6844,0.0,0.03352911,-0.7989855,-3.093141231147456e-06,0.0016901843482628465,0.0016901871422305703,7e267c0bf303542b
2,day2_n4_topk_seed42,42,65,3,False,False,True,0.5872,0.0,5.2172203,4.047722,-2.7569590201892424e-06,0.001729596988297999,0.0017295992001891136,7e267c0bf303542b
2,day2_n4_topk_seed42,42,66,0,False,False,True,0.6634,0.0,0.24689578,2.812993,-1.0930854159596493e-06,0.0017117431852966547,0.0017117435345426202,7e267c0bf303542b
2,day2_n4_topk_seed42,42,66,1,False,False,True,0.667,0.0,1.4771541,4.81961,9.558197007208946e-07,0.001707055838778615,0.0017070560716092587,7e267c0bf303542b
2,day2_n4_topk_seed42,42,66,2,False,False,True,0.6686,0.0,-6.394305,-2.5154524,-1.0588014447421301e-05,0.0017475689528509974,0.0017476009670644999,7e267c0bf303542b
2,day2_n4_topk_seed42,42,66,3,False,False,True,0.6608,0.0,4.670254,-5.117151,-4.789884314959636e-06,0.0017568134935572743,0.0017568200128152966,7e267c0bf303542b
2,day2_n4_topk_seed42,42,67,0,False,False,True,0.683,0.0,1.6457738,-5.9530582,-1.7940549241757253e-06,0.0017555009108036757,0.001755501958541572,7e267c0bf303542b
2,day2_n4_topk_seed42,42,67,1,False,False,True,0.6648,0.0,-6.881942,1.1955496,-4.839975645154482e-06,0.0017525521107017994,0.0017525589792057872,7e267c0bf303542b
2,day2_n4_topk_seed42,42,67,2,False,False,True,0.6302,0.0,1.6550206,-0.5128102,-1.9684448488987982e-06,0.0017097113886848092,0.0017097125528380275,7e267c0bf303542b
2,day2_n4_topk_seed42,42,67,3,False,False,True,0.5912,0.0,3.5811493,5.27032,-4.28264183938154e-06,0.0017455146880820394,0.0017455199267715216,7e267c0bf303542b
2,day2_n4_topk_seed42,42,68,0,False,False,True,0.6184,0.0,4.606897,4.8525662,-4.814516159967752e-06,0.001748272799886763,0.001748279551975429,7e267c0bf303542b
2,day2_n4_topk_seed42,42,68,1,False,False,True,0.6388,0.0,-6.5260015,2.2288797,-5.223315838520648e-06,0.0017647778149694204,0.001764785498380661,7e267c0bf303542b
2,day2_n4_topk_seed42,42,68,2,False,False,True,0.628,0.0,1.1675123,-5.980113,-5.829554993397323e-06,0.0017545106820762157,0.0017545204609632492,7e267c0bf303542b
2,day2_n4_topk_seed42,42,68,3,False,False,True,0.6784,0.0,0.75158715,-1.1013317,-6.276548901951173e-06,0.001723018242046237,0.0017230297671630979,7e267c0bf303542b
2,day2_n4_topk_seed42,42,69,0,False,False,True,0.6792,0.0,3.0310628,6.1738415,-4.018095751234796e-06,0.0017568630864843726,0.0017568676266819239,7e267c0bf303542b
2,day2_n4_topk_seed42,42,69,1,False,False,True,0.6764,0.0,-7.1418595,0.70857984,1.5066494825077825e-06,0.0017903185216709971,0.0017903191037476063,7e267c0bf303542b
2,day2_n4_topk_seed42,42,69,2,False,False,True,0.6748,0.0,1.8467848,-4.623793,-5.779767889180221e-06,0.0017356228781864047,0.0017356326570734382,7e267c0bf303542b
2,day2_n4_topk_seed42,42,69,3,False,False,True,0.6652,0.0,2.2640085,-2.2586343,-4.739873475045897e-06,0.001722473418340087,0.001722480170428753,7e267c0bf303542b
2,day2_n4_topk_seed42,42,70,0,False,False,True,0.6888,0.0,-3.3502958,-5.6986294,-2.1858074887859402e-06,0.0017598610138520598,0.0017598622944206,7e267c0bf303542b
2,day2_n4_topk_seed42,42,70,1,False,False,True,0.6722,0.0,7.004613,-0.949208,-2.62202843259729e-06,0.0017608392518013716,0.0017608413472771645,7e267c0bf303542b
2,day2_n4_topk_seed42,42,70,2,False,False,True,0.6774,0.0,-1.8913918,5.6327887,-8.895771316019818e-06,0.0017662475584074855,0.001766270026564598,7e267c0bf303542b
2,day2_n4_topk_seed42,42,70,3,False,False,True,0.6736,0.0,-1.7629281,1.0150454,-5.089935712021543e-06,0.0017513154307380319,0.001751322764903307,7e267c0bf303542b
2,day2_n4_topk_seed42,42,71,0,False,False,True,0.6866,0.0,-5.189602,-4.826024,-2.0475380324569414e-07,0.0017808941192924976,0.0017808940028771758,7e267c0bf303542b
2,day2_n4_topk_seed42,42,71,1,False,False,True,0.6428,0.0,6.2153788,-3.2853146,-4.8204587983491365e-06,0.0017931004986166954,0.0017931070178747177,7e267c0bf303542b
2,day2_n4_topk_seed42,42,71,2,False,False,True,0.6636,0.0,-1.5858408,4.2725887,-3.2868374546524137e-06,0.0017631608061492443,0.0017631639493629336,7e267c0bf303542b
2,day2_n4_topk_seed42,42,71,3,False,False,True,0.7052,0.0,0.56007177,3.8387537,-1.8382964981356054e-06,0.001764968503266573,0.0017649695510044694,7e267c0bf303542b
2,day2_n4_topk_seed42,42,72,0,False,False,True,0.6994,0.0,7.0708447,-0.26823533,-1.7537496432851185e-06,0.0017710907850414515,0.0017710915999487042,7e267c0bf303542b
2,day2_n4_topk_seed42,42,72,1,False,False,True,0.6356,0.0,-2.242553,5.9786134,-2.983183321703109e-06,0.001756597775965929,0.0017566003371030092,7e267c0bf303542b
2,day2_n4_topk_seed42,42,72,2,False,False,True,0.6936,0.0,-2.1219416,-0.25710982,-9.856245242190198e-08,0.0017412997549399734,0.0017412998713552952,7e267c0bf303542b
2,day2_n4_topk_seed42,42,72,3,False,False,True,0.6816,0.0,-2.7063477,-5.453265,-3.7731226711912313e-06,0.001739740022458136,0.0017397440969944,7e267c0bf303542b
2,day2_n4_topk_seed42,42,73,0,False,False,True,0.6806,0.0,7.0572762,-0.85314626,-3.7187428461038508e-06,0.001787914545275271,0.0017879183869808912,7e267c0bf303542b
2,day2_n4_topk_seed42,42,73,1,False,False,True,0.6484,0.0,-3.6119654,-5.5998616,2.9935629299870925e-06,0.0017884838161990047,0.0017884863773360848,7e267c0bf303542b
2,day2_n4_topk_seed42,42,73,2,False,False,True,0.6904,0.0,-2.2866287,5.965383,-5.926821813773131e-06,0.0017772623104974627,0.001777272205799818,7e267c0bf303542b
2,day2_n4_topk_seed42,42,73,3,False,False,True,0.7092,0.0,-1.1586748,0.48762572,-7.712383194302674e-06,0.001774840522557497,0.00177485728636384,7e267c0bf303542b
2,day2_n4_topk_seed42,42,74,0,False,False,True,0.649,0.0,2.1623619,0.52411526,1.807549210752768e-06,0.0017746643861755729,0.0017746653174981475,7e267c0bf303542b
2,day2_n4_topk_seed42,42,74,1,False,False,True,0.6686,0.0,2.9701822,-5.8478947,-1.5293104524971568e-06,0.0017999164992943406,0.0017999170813709497,7e267c0bf303542b
2,day2_n4_topk_seed42,42,74,2,False,False,True,0.6946,0.0,2.1416886,5.837179,-6.950861006771447e-06,0.001783144660294056,0.0017831582808867097,7e267c0bf303542b
2,day2_n4_topk_seed42,42,74,3,False,False,True,0.6828,0.0,-7.27423,-0.513397,-6.453866717492929e-06,0.0018223613733425736,0.0018223728984594345,7e267c0bf303542b
2,day2_n4_topk_seed42,42,75,0,False,False,True,0.6906,0.0,-4.7503176,4.959501,3.887674665747909e-06,0.001812742673791945,0.001812746748328209,7e267c0bf303542b
2,day2_n4_topk_seed42,42,75,1,False,False,True,0.6532,0.0,-0.6677724,-0.8659068,4.125490704609547e-06,0.0017794646555557847,0.0017794695449993014,7e267c0bf303542b
2,day2_n4_topk_seed42,42,75,2,False,False,True,0.6758,0.0,6.785762,2.1318967,-1.6958292690105736e-06,0.0018156402511522174,0.0018156410660594702,7e267c0bf303542b
2,day2_n4_topk_seed42,42,75,3,False,False,True,0.7142,0.0,-1.3676726,-6.2254863,1.2182171360564098e-07,0.0017855316400527954,0.0017855316400527954,7e267c0bf303542b
2,day2_n4_topk_seed42,42,76,0,False,False,True,0.6844,0.0,6.6445875,2.870648,-3.552731641320861e-06,0.0018013118533417583,0.001801315345801413,7e267c0bf303542b
2,day2_n4_topk_seed42,42,76,1,False,False,True,0.7062,0.0,-1.2641622,-3.1644816,-2.403493226665887e-06,0.0017775753512978554,0.0017775768646970391,7e267c0bf303542b
2,day2_n4_topk_seed42,42,76,2,False,False,True,0.7096,0.0,-4.9133883,5.1587152,-2.4636763100716053e-06,0.001813210779801011,0.0018132124096155167,7e267c0bf303542b
2,day2_n4_topk_seed42,42,76,3,False,False,True,0.693,0.0,-0.46703646,-4.864885,-1.0654740435711574e-05,0.0017653672257438302,0.0017653993563726544,7e267c0bf303542b
2,day2_n4_topk_seed42,42,77,0,False,False,True,0.64,0.0,6.9519677,1.6293039,1.919045416798326e-06,0.0018040431896224618,0.0018040442373603582,7e267c0bf303542b
2,day2_n4_topk_seed42,42,77,1,False,False,True,0.683,0.0,-1.7745697,1.3698049,-6.504232260340359e-06,0.0017739799804985523,0.0017739919712767005,7e267c0bf303542b
2,day2_n4_topk_seed42,42,77,2,False,False,True,0.6976,0.0,-1.0586305,-6.9437017,2.537666887292289e-06,0.0017751917475834489,0.0017751936102285981,7e267c0bf303542b
2,day2_n4_topk_seed42,42,77,3,False,False,True,0.6824,0.0,-4.1187725,3.9445906,-3.78424351765716e-06,0.0017919783713296056,0.0017919824458658695,7e267c0bf303542b
2,day2_n4_topk_seed42,42,78,0,False,False,True,0.6972,0.0,6.1770253,-3.7020478,-1.3284192164064734e-06,0.0018418239196762443,0.0018418243853375316,7e267c0bf303542b
2,day2_n4_topk_seed42,42,78,1,False,False,True,0.6986,0.0,-0.401764,1.025722,1.0347965826440486e-06,0.0017838719068095088,0.0017838722560554743,7e267c0bf303542b
2,day2_n4_topk_seed42,42,78,2,False,False,True,0.6842,0.0,-5.892006,-3.8223107,2.7545859211386414e-06,0.0018316252389922738,0.0018316273344680667,7e267c0bf303542b
2,day2_n4_topk_seed42,42,78,3,False,False,True,0.6974,0.0,0.116742484,6.4986424,-2.3608024548593676e-06,0.0018219471676275134,0.0018219486810266972,7e267c0bf303542b
2,day2_n4_topk_seed42,42,79,0,False,False,True,0.6736,0.0,-0.25661153,0.76691216,6.043351845619327e-07,0.001804419094696641,0.0018044193275272846,7e267c0bf303542b
2,day2_n4_topk_seed42,42,79,1,False,False,True,0.7106,0.0,-5.5741343,-4.334477,-5.212662472331431e-06,0.0018415122758597136,0.0018415196100249887,7e267c0bf303542b
2,day2_n4_topk_seed42,42,79,2,False,False,True,0.688,0.0,-0.65983826,6.5897937,-5.653529342453112e-07,0.0018260488286614418,0.0018260489450767636,7e267c0bf303542b
2,day2_n4_topk_seed42,42,79,3,False,False,True,0.6594,0.0,6.4905777,-3.022221,4.646846605282917e-07,0.0018413313664495945,0.0018413314828649163,7e267c0bf303542b
2,day2_n4_topk_seed42,42,80,0,False,False,True,0.7008,0.0,0.99517214,1.8148999,-8.596148859396635e-07,0.0018151395488530397,0.0018151397816836834,7e267c0bf303542b
2,day2_n4_topk_seed42,42,80,1,False,False,True,0.646,0.0,-7.1529527,-1.9721547,1.070152052307094e-06,0.001863854005932808,0.0018638542387634516,7e267c0bf303542b
2,day2_n4_topk_seed42,42,80,2,False,False,True,0.6744,0.0,4.5066295,-5.663683,4.904629236079927e-07,0.001858214964158833,0.001858214964158833,7e267c0bf303542b
2,day2_n4_topk_seed42,42,80,3,False,False,True,0.6824,0.0,1.6511523,5.8209367,-5.2317491281428374e-06,0.0018352754414081573,0.0018352828919887543,7e267c0bf303542b
2,day2_n4_topk_seed42,42,81,0,False,False,True,0.697,0.0,3.5255554,6.5035505,1.8247577600050136e-06,0.0018332654144614935,0.0018332662293687463,7e267c0bf303542b
2,day2_n4_topk_seed42,42,81,1,False,False,True,0.692,0.0,-5.6641593,0.01659314,5.168311872694176e-06,0.0018452004296705127,0.001845207647420466,7e267c0bf303542b
2,day2_n4_topk_seed42,42,81,2,False,False,True,0.6898,0.0,4.7379856,-5.4219685,2.14689953281777e-06,0.0018501669401302934,0.0018501683371141553,7e267c0bf303542b
2,day2_n4_topk_seed42,42,81,3,False,False,True,0.709,0.0,-2.5993812,-1.0981718,6.103549026192923e-07,0.0018360847607254982,0.00183608487714082,7e267c0bf303542b
2,day2_n4_topk_seed42,42,82,0,False,False,True,0.6834,0.0,7.0865617,-1.6305693,-8.453431519228616e-07,0.0018377969972789288,0.0018377971136942506,7e267c0bf303542b
2,day2_n4_topk_seed42,42,82,1,False,False,True,0.6776,0.0,-4.259713,-5.7939816,-5.339871677279007e-06,0.001847891602665186,0.0018478992860764265,7e267c0bf303542b
2,day2_n4_topk_seed42,42,82,2,False,False,True,0.6456,0.0,-2.0962148,5.6393185,-1.694839170340856e-06,0.0018266122788190842,0.0018266132101416588,7e267c0bf303542b
2,day2_n4_topk_seed42,42,82,3,False,False,True,0.648,0.0,-0.7306306,1.7852315,-5.6455864978488535e-06,0.0017934086499735713,0.001793417613953352,7e267c0bf303542b
2,day2_n4_topk_seed42,42,83,0,False,False,True,0.701,0.0,7.3124185,0.6177809,4.427183739608154e-06,0.0018460198771208525,0.0018460252322256565,7e267c0bf303542b
2,day2_n4_topk_seed42,42,83,1,False,False,True,0.7112,0.0,-1.8871114,-7.0727925,-2.003751404799914e-07,0.0018240431090816855,0.0018240432254970074,7e267c0bf303542b
2,day2_n4_topk_seed42,42,83,2,False,False,True,0.694,0.0,-3.5431075,3.4408946,-1.4533578678310732e-06,0.0018305940320715308,0.0018305944977328181,7e267c0bf303542b
2,day2_n4_topk_seed42,42,83,3,False,False,True,0.6682,0.0,-1.8821993,3.014115,1.928201754708425e-06,0.0018068505451083183,0.001806851476430893,7e267c0bf303542b
2,day2_n4_topk_seed42,42,84,0,False,False,True,0.6696,0.0,7.45089,1.2402263,2.967264663311653e-06,0.001894707209430635,0.0018947095377370715,7e267c0bf303542b
2,day2_n4_topk_seed42,42,84,1,False,False,True,0.6992,0.0,-3.7905931,6.25492,-3.792981260630768e-06,0.0018480559810996056,0.0018480599392205477,7e267c0bf303542b
2,day2_n4_topk_seed42,42,84,2,False,False,True,0.7156,0.0,-1.5441754,-2.4330196,-1.9644853637146298e-06,0.0018089980585500598,0.0018089989898726344,7e267c0bf303542b
2,day2_n4_topk_seed42,42,84,3,False,False,True,0.701,0.0,-2.1161218,-5.0621204,-4.536785127129406e-06,0.0018198847537860274,0.001819890458136797,7e267c0bf303542b
2,day2_n4_topk_seed42,42,85,0,False,False,True,0.673,0.0,7.011868,-2.7034514,2.486968924131361e-07,0.0018868313636630774,0.0018868314800783992,7e267c0bf303542b
2,day2_n4_topk_seed42,42,85,1,False,False,True,0.6818,0.0,-0.41787055,4.1105757,1.1241685342611163e-06,0.001839339267462492,0.0018393397331237793,7e267c0bf303542b
2,day2_n4_topk_seed42,42,85,2,False,False,True,0.6882,0.0,-4.916681,-5.653493,6.439775575017848e-07,0.0018707138951867819,0.0018707138951867819,7e267c0bf303542b
2,day2_n4_topk_seed42,42,85,3,False,False,True,0.7158,0.0,-1.6773133,4.246362,-5.636238711304031e-06,0.0018267118139192462,0.0018267205450683832,7e267c0bf303542b
2,day2_n4_topk_seed42,42,86,0,False,False,True,0.6994,0.0,-2.3240442,-0.381639,2.260527935504797e-06,0.0018255648901686072,0.0018255661707371473,7e267c0bf303542b
2,day2_n4_topk_seed42,42,86,1,False,False,True,0.7168,0.0,-2.8517194,-5.681411,-6.389506523873933e-08,0.001841044519096613,0.001841044519096613,7e267c0bf303542b
2,day2_n4_topk_seed42,42,86,2,False,False,True,0.674,0.0,-2.3857174,6.3268404,-9.641219378409005e-08,0.0018286383710801601,0.0018286383710801601,7e267c0bf303542b
2,day2_n4_topk_seed42,42,86,3,False,False,True,0.6808,0.0,7.5614815,-0.26379666,-5.22696927873767e-06,0.0018880970310419798,0.0018881043652072549,7e267c0bf303542b
2,day2_n4_topk_seed42,42,87,0,False,False,True,0.7124,0.0,7.448284,1.1740197,-7.908332690931275e-07,0.0018935281550511718,0.0018935283878818154,7e267c0bf303542b
2,day2_n4_topk_seed42,42,87,1,False,False,True,0.7072,0.0,-3.924198,5.6352158,1.9509600690525986e-07,0.0018693077145144343,0.0018693077145144343,7e267c0bf303542b
2,day2_n4_topk_seed42,42,87,2,False,False,True,0.715,0.0,-1.5400075,-0.3169865,-1.844072556878018e-07,0.0018524143379181623,0.0018524143379181623,7e267c0bf303542b
2,day2_n4_topk_seed42,42,87,3,False,False,True,0.7014,0.0,-1.9840736,-6.4922514,3.196813338490756e-07,0.0018632096471264958,0.0018632096471264958,7e267c0bf303542b
2,day2_n4_topk_seed42,42,88,0,False,False,True,0.7022,0.0,-1.5346284,-3.8966174,2.6973850708600366e-06,0.0018324741395190358,0.0018324761185795069,7e267c0bf303542b
2,day2_n4_topk_seed42,42,88,1,False,False,True,0.6994,0.0,-0.48268068,-4.504899,5.925036248299875e-07,0.001848378567956388,0.001848378567956388,7e267c0bf303542b
2,day2_n4_topk_seed42,42,88,2,False,False,True,0.6446,0.0,-4.976197,5.589978,-3.96790710510686e-06,0.0018673476297408342,0.00186735182069242,7e267c0bf303542b
2,day2_n4_topk_seed42,42,88,3,False,False,True,0.7194,0.0,6.9935083,2.8115418,-4.040781277581118e-06,0.0018876508111134171,0.0018876551184803247,7e267c0bf303542b
2,day2_n4_topk_seed42,42,89,0,False,False,True,0.694,0.0,-6.2855244,-4.087992,8.529300998816325e-07,0.0018658279441297054,0.001865828176960349,7e267c0bf303542b
2,day2_n4_topk_seed42,42,89,1,False,False,True,0.6992,0.0,0.48343956,2.239205,-9.809617040446028e-06,0.0018430117052048445,0.0018430377822369337,7e267c0bf303542b
2,day2_n4_topk_seed42,42,89,2,False,False,True,0.707,0.0,-0.27312326,5.987318,-3.24936422657629e-06,0.0018492104718461633,0.0018492132658138871,7e267c0bf303542b
2,day2_n4_topk_seed42,42,89,3,False,False,True,0.6866,0.0,6.0752044,-4.1385307,-8.703131243237294e-06,0.001873535686172545,0.0018735559424385428,7e267c0bf303542b
2,day2_n4_topk_seed42,42,90,0,False,False,True,0.6792,0.0,-2.6033514,1.2344389,2.7470525854056405e-09,0.001842649420723319,0.0018426491878926754,7e267c0bf303542b
2,day2_n4_topk_seed42,42,90,1,False,False,True,0.6872,0.0,-0.5755824,6.2570415,-3.4152033094869694e-06,0.0018431880744174123,0.0018431912176311016,7e267c0bf303542b
2,day2_n4_topk_seed42,42,90,2,False,False,True,0.7084,0.0,7.1952524,-2.0758052,6.240564403015014e-07,0.0018601086921989918,0.0018601088086143136,7e267c0bf303542b
2,day2_n4_topk_seed42,42,90,3,False,False,True,0.6574,0.0,-4.0163183,-5.4156747,3.04429636344139e-06,0.0018692505545914173,0.0018692529993131757,7e267c0bf303542b
2,day2_n4_topk_seed42,42,91,0,False,False,True,0.6844,0.0,6.9366784,0.72689134,1.2872344541392522e-06,0.0018996603321284056,0.001899660681374371,7e267c0bf303542b
2,day2_n4_topk_seed42,42,91,1,False,False,True,0.6724,0.0,-3.3273733,-6.2300124,-7.404682378364669e-07,0.0018718275241553783,0.0018718276405707002,7e267c0bf303542b
2,day2_n4_topk_seed42,42,91,2,False,False,True,0.7176,0.0,-4.2013597,6.0562134,-6.1680652834184e-06,0.0018875113455578685,0.0018875213572755456,7e267c0bf303542b
2,day2_n4_topk_seed42,42,91,3,False,False,True,0.715,0.0,0.59205645,-0.55309236,1.7725694760883925e-06,0.0018449622439220548,0.0018449630588293076,7e267c0bf303542b
2,day2_n4_topk_seed42,42,92,0,False,False,True,0.7198,0.0,2.1784225,3.956751,9.300702572545561e-07,0.001860610325820744,0.0018606104422360659,7e267c0bf303542b
2,day2_n4_topk_seed42,42,92,1,False,False,True,0.67,0.0,1.7290943,3.7786057,1.009873358270852e-06,0.0018397828098386526,0.0018397829262539744,7e267c0bf303542b
2,day2_n4_topk_seed42,42,92,2,False,False,True,0.7088,0.0,-7.4733744,-1.1259943,5.927807933403528e-07,0.0018709362484514713,0.001870936481282115,7e267c0bf303542b
2,day2_n4_topk_seed42,42,92,3,False,False,True,0.7154,0.0,3.5658505,-6.6093664,1.0641138032951858e-06,0.0018642096547409892,0.0018642098875716329,7e267c0bf303542b
2,day2_n4_topk_seed42,42,93,0,False,False,True,0.7048,0.0,-6.205688,-4.2587028,-5.424618052529695e-07,0.0018769773887470365,0.0018769775051623583,7e267c0bf303542b
2,day2_n4_topk_seed42,42,93,1,False,False,True,0.667,0.0,6.1743584,-4.3458896,-6.237547950149747e-06,0.0018860651180148125,0.001886075478978455,7e267c0bf303542b
2,day2_n4_topk_seed42,42,93,2,False,False,True,0.7146,0.0,-0.21739432,3.7228625,1.6172012351489684e-07,0.0018430780619382858,0.0018430780619382858,7e267c0bf303542b
2,day2_n4_topk_seed42,42,93,3,False,False,True,0.6748,0.0,0.24872953,4.8817267,-1.9744798009924125e-06,0.0018385135335847735,0.00183851458132267,7e267c0bf303542b
2,day2_n4_topk_seed42,42,94,0,False,False,True,0.6594,0.0,7.2489147,1.4437894,1.373608824906114e-06,0.001906189019791782,0.001906189601868391,7e267c0bf303542b
2,day2_n4_topk_seed42,42,94,1,False,False,True,0.6998,0.0,-0.4777301,0.41645145,-5.632247848552652e-06,0.001863815588876605,0.0018638242036104202,7e267c0bf303542b
2,day2_n4_topk_seed42,42,94,2,False,False,True,0.714,0.0,-2.028776,-7.0344687,-1.931087354023475e-06,0.0018920348957180977,0.0018920359434559941,7e267c0bf303542b
2,day2_n4_topk_seed42,42,94,3,False,False,True,0.7056,0.0,-4.742409,5.1742296,-3.1372098874271614e-06,0.0019078690093010664,0.0019078715704381466,7e267c0bf303542b
2,day2_n4_topk_seed42,42,95,0,False,False,True,0.7148,0.0,1.472156,-2.503282,-1.6953255226326291e-06,0.0018625399097800255,0.0018625406082719564,7e267c0bf303542b
2,day2_n4_topk_seed42,42,95,1,False,False,True,0.6776,0.0,2.1495054,-5.2725425,-4.463996901904466e-06,0.0018929272191599011,0.0018929324578493834,7e267c0bf303542b
2,day2_n4_topk_seed42,42,95,2,False,False,True,0.6932,0.0,3.9885352,6.396749,-3.5972796013084007e-06,0.0018948487704619765,0.0018948522629216313,7e267c0bf303542b
2,day2_n4_topk_seed42,42,95,3,False,False,True,0.6908,0.0,-7.6101985,1.3790817,-4.3887330321013e-06,0.001943787676282227,0.0019437925657257438,7e267c0bf303542b
2,day2_n4_topk_seed42,42,96,0,False,False,True,0.7156,0.0,5.9244366,-4.7889547,3.7612933283526218e-06,0.0019456077134236693,0.001945611322298646,7e267c0bf303542b
2,day2_n4_topk_seed42,42,96,1,False,False,True,0.719,0.0,0.45676917,1.894043,-2.9056498078716686e-06,0.0018743426771834493,0.001874344889074564,7e267c0bf303542b
2,day2_n4_topk_seed42,42,96,2,False,False,True,0.6812,0.0,-6.8881435,-3.5211537,1.4527730627378332e-06,0.0019357763230800629,0.0019357767887413502,7e267c0bf303542b
2,day2_n4_topk_seed42,42,96,3,False,False,True,0.708,0.0,0.5069351,6.4160647,-3.3509625154692912e-06,0.0019099044147878885,0.0019099073251709342,7e267c0bf303542b
2,day2_n4_topk_seed42,42,97,0,False,False,True,0.6948,0.0,6.989583,2.7120175,-4.4273619437262823e-07,0.0019461829215288162,0.0019461828051134944,7e267c0bf303542b
2,day2_n4_topk_seed42,42,97,1,False,False,True,0.6944,0.0,-1.4139829,-6.646951,-4.787788839166751e-06,0.0018938290886580944,0.0018938351422548294,7e267c0bf303542b
2,day2_n4_topk_seed42,42,97,2,False,False,True,0.7218,0.0,-5.5779285,5.082868,-2.165927980968263e-06,0.0019389567896723747,0.001938957953825593,7e267c0bf303542b
2,day2_n4_topk_seed42,42,97,3,False,False,True,0.6742,0.0,0.0023230498,-1.1479385,-2.5742026537045604e-06,0.0018589964602142572,0.0018589984392747283,7e267c0bf303542b
2,day2_n4_topk_seed42,42,98,0,False,False,True,0.7098,0.0,7.6854315,0.48176894,-1.67703785791673e-06,0.001934205531142652,0.0019342061132192612,7e267c0bf303542b
2,day2_n4_topk_seed42,42,98,1,False,False,True,0.6962,0.0,-1.2399446,-3.45284,2.087686652885168e-06,0.001911695464514196,0.0019116963958367705,7e267c0bf303542b
2,day2_n4_topk_seed42,42,98,2,False,False,True,0.7176,0.0,-3.080674,7.0851536,-3.54502594746009e-06,0.0019109091954305768,0.001910912455059588,7e267c0bf303542b
2,day2_n4_topk_seed42,42,98,3,False,False,True,0.7014,0.0,-3.3648157,-4.114079,-2.2519930098496843e-06,0.001921531860716641,0.001921533141285181,7e267c0bf303542b
2,day2_n4_topk_seed42,42,99,0,False,False,True,0.7274,0.0,7.772898,1.7157319,-9.926485518008121e-07,0.001989381154999137,0.0019893813878297806,7e267c0bf303542b
2,day2_n4_topk_seed42,42,99,1,False,False,True,0.7104,0.0,-1.8230894,-5.4042068,-5.806302397104446e-06,0.0019185715354979038,0.0019185802666470408,7e267c0bf303542b
2,day2_n4_topk_seed42,42,99,2,False,False,True,0.7268,0.0,-4.309495,6.420815,-1.4381990922629484e-06,0.0019423873163759708,0.0019423877820372581,7e267c0bf303542b
2,day2_n4_topk_seed42,42,99,3,False,False,True,0.7106,0.0,-1.6403147,-2.732342,-2.007079501709086e-06,0.0019029094837605953,0.0019029105314984918,7e267c0bf303542b
2,day2_n4_topk_seed42,42,100,0,False,False,True,0.669,0.0,2.3119507,6.9304495,-1.958415168701322e-06,0.0018926667980849743,0.001892667612992227,7e267c0bf303542b
2,day2_n4_topk_seed42,42,100,1,False,False,True,0.7178,0.0,1.9065771,-0.88208,-5.194614004722098e-06,0.001874449080787599,0.0018744564149528742,7e267c0bf303542b
2,day2_n4_topk_seed42,42,100,2,False,False,True,0.6866,0.0,-7.7736716,-0.63217187,-3.1957790724845836e-06,0.0019404252525418997,0.0019404278136789799,7e267c0bf303542b
2,day2_n4_topk_seed42,42,100,3,False,False,True,0.6996,0.0,3.5551507,-5.4161963,-2.737893510129652e-06,0.0019165383419021964,0.0019165403209626675,7e267c0bf303542b
2,day2_n4_topk_seed42,42,101,0,False,False,True,0.8182,0.0,-0.21338496,0.7582295,-1.644143139856169e-06,0.00025429821107536554,0.00025430350797250867,7e267c0bf303542b
2,day2_n4_topk_seed42,42,101,1,False,False,True,0.8088,0.0,-0.63486075,-0.4514113,-1.0584514029687853e-06,0.00024553376715630293,0.00024553603725507855,7e267c0bf303542b
2,day2_n4_topk_seed42,42,101,2,False,False,True,0.8098,0.0,0.5558325,-0.13313685,-9.081618941308989e-07,0.00025237048976123333,0.0002523721195757389,7e267c0bf303542b
2,day2_n4_topk_seed42,42,101,3,False,False,True,0.811,0.0,0.29241303,-0.17368177,-1.257138023902371e-06,0.0002439153176965192,0.00024391856277361512,7e267c0bf303542b
2,day2_n4_topk_seed42,42,102,0,False,False,True,0.8142,0.0,0.13855402,0.1445415,-3.818718141701538e-07,0.00022241075930651277,0.00022241109400056303,7e267c0bf303542b
2,day2_n4_topk_seed42,42,102,1,False,False,True,0.8176,0.0,-0.85619676,-0.1598137,3.1915938336624095e-08,0.0002281271736137569,0.00022812715906184167,7e267c0bf303542b
2,day2_n4_topk_seed42,42,102,2,False,False,True,0.8132,0.0,0.47785965,-0.67423815,-6.817194844188634e-07,0.0002303196961292997,0.00023032072931528091,7e267c0bf303542b
2,day2_n4_topk_seed42,42,102,3,False,False,True,0.8132,0.0,0.23978233,0.6895102,-1.996411356230965e-07,0.00021753122564405203,0.00021753129840362817,7e267c0bf303542b
2,day2_n4_topk_seed42,42,103,0,False,False,True,0.818,0.0,-0.24444883,-0.07728767,-4.956767725161626e-07,0.000221925787627697,0.0002219263551523909,7e267c0bf303542b
2,day2_n4_topk_seed42,42,103,1,False,False,True,0.8176,0.0,0.8467623,0.32788473,1.7752853409547242e-07,0.0002258890453958884,0.0002258891036035493,7e267c0bf303542b
2,day2_n4_topk_seed42,42,103,2,False,False,True,0.8184,0.0,-0.028156234,-0.80662036,3.137377007078612e-07,0.0002311766002094373,0.00023117681848816574,7e267c0bf303542b
2,day2_n4_topk_seed42,42,103,3,False,False,True,0.8204,0.0,-0.574157,0.55602324,-2.456529841765587e-07,0.00022751423239242285,0.00022751437791157514,7e267c0bf303542b
2,day2_n4_topk_seed42,42,104,0,False,False,True,0.8206,0.0,-0.12130902,0.035064016,-3.1149775736594165e-07,0.00022795642144046724,0.00022795663971919566,7e267c0bf303542b
2,day2_n4_topk_seed42,42,104,1,False,False,True,0.822,0.0,0.8470225,0.32442728,7.075680485968405e-08,0.00023513429914601147,0.00023513429914601147,7e267c0bf303542b
2,day2_n4_topk_seed42,42,104,2,False,False,True,0.8214,0.0,-0.6519671,0.5137398,-4.780940230375563e-07,0.000231327663641423,0.00023132815840654075,7e267c0bf303542b
2,day2_n4_topk_seed42,42,104,3,False,False,True,0.8192,0.0,-0.07374675,-0.87323093,2.623162345116725e-07,0.00022677532979287207,0.00022677547531202435,7e267c0bf303542b
2,day2_n4_topk_seed42,42,105,0,False,False,True,0.8218,0.0,-0.005178183,0.46127757,-1.7957997044959484e-07,0.00023386639077216387,0.00023386644897982478,7e267c0bf303542b
2,day2_n4_topk_seed42,42,105,1,False,False,True,0.818,0.0,0.8504618,-0.42973852,-1.7591258938409737e-07,0.00023836329637560993,0.00023836335458327085,7e267c0bf303542b
2,day2_n4_topk_seed42,42,105,2,False,False,True,0.8196,0.0,-0.70265996,-0.64882606,-3.447329675054789e-07,0.00023551660706289113,0.00023551685444545,7e267c0bf303542b
2,day2_n4_topk_seed42,42,105,3,False,False,True,0.8196,0.0,-0.1426233,0.6172866,1.9773837323100452e-07,0.00023174489615485072,0.0002317449834663421,7e267c0bf303542b
2,day2_n4_topk_seed42,42,106,0,False,False,True,0.8256,0.0,-0.08115236,-0.2926223,-6.7677232706842005e-09,0.00023659580620005727,0.00023659579164814204,7e267c0bf303542b
2,day2_n4_topk_seed42,42,106,1,False,False,True,0.8228,0.0,0.9493166,-0.017795125,-8.91576732442445e-08,0.00024380127433687449,0.00024380127433687449,7e267c0bf303542b
2,day2_n4_topk_seed42,42,106,2,False,False,True,0.82,0.0,-0.5188935,-0.5987715,-4.980180392522016e-07,0.0002353162708459422,0.00023531679471489042,7e267c0bf303542b
2,day2_n4_topk_seed42,42,106,3,False,False,True,0.8212,0.0,-0.34927,0.9091886,6.126446692178433e-07,0.00024287469568662345,0.00024287546693813056,7e267c0bf303542b
2,day2_n4_topk_seed42,42,107,0,False,False,True,0.825,0.0,0.05518318,-0.16051506,2.798082334720675e-07,0.00023541730479337275,0.0002354174794163555,7e267c0bf303542b
2,day2_n4_topk_seed42,42,107,1,False,False,True,0.8196,0.0,-0.78898174,0.59008247,1.151722130998678e-06,0.00024541644961573184,0.0002454191562719643,7e267c0bf303542b
2,day2_n4_topk_seed42,42,107,2,False,False,True,0.8218,0.0,-0.12320833,-0.8595709,1.419466997276686e-07,0.00024373424821533263,0.0002437342918710783,7e267c0bf303542b
2,day2_n4_topk_seed42,42,107,3,False,False,True,0.8248,0.0,0.8570074,0.43000302,1.2190984080007183e-06,0.0002505946613382548,0.0002505976299289614,7e267c0bf303542b
2,day2_n4_topk_seed42,42,108,0,False,False,True,0.8232,0.0,0.030053688,-0.09326259,4.2507031139393803e-07,0.0002371689915889874,0.00023716935538686812,7e267c0bf303542b
2,day2_n4_topk_seed42,42,108,1,False,False,True,0.8218,0.0,-0.97460306,0.032938574,2.568573336247937e-07,0.00025245992583222687,0.00025246007135137916,7e267c0bf303542b
2,day2_n4_topk_seed42,42,108,2,False,False,True,0.8166,0.0,0.46835852,-0.78883916,-4.3261943005745707e-07,0.0002502243733033538,0.0002502247516531497,7e267c0bf303542b
2,day2_n4_topk_seed42,42,108,3,False,False,True,0.8176,0.0,0.47619158,0.84916323,9.484245993007789e-07,0.0002452727349009365,0.00024527456844225526,7e267c0bf303542b
2,day2_n4_topk_seed42,42,109,0,False,False,True,0.8222,0.0,-0.15232015,-0.4145443,-1.5630017458079237e-07,0.00024497395497746766,0.00024497401318512857,7e267c0bf303542b
2,day2_n4_topk_seed42,42,109,1,False,False,True,0.8266,0.0,1.0091411,0.006431276,3.074060828112124e-07,0.00024833419593051076,0.0002483343705534935,7e267c0bf303542b
2,day2_n4_topk_seed42,42,109,2,False,False,True,0.819,0.0,-0.49839115,-0.5476326,9.582084459225371e-08,0.00025459693279117346,0.0002545969618950039,7e267c0bf303542b
2,day2_n4_topk_seed42,42,109,3,False,False,True,0.8238,0.0,-0.35843065,0.9557464,5.961402962384454e-07,0.0002519712143111974,0.00025197191280312836,7e267c0bf303542b
2,day2_n4_topk_seed42,42,110,0,False,False,True,0.8294,0.0,0.23213539,0.19135402,-2.8917946792716975e-07,0.0002534653467591852,0.00025346552138216794,7e267c0bf303542b
2,day2_n4_topk_seed42,42,110,1,False,False,True,0.8236,0.0,-1.0086259,0.22805244,1.12783834538277e-06,0.00025300588458776474,0.000253008387517184,7e267c0bf303542b
2,day2_n4_topk_seed42,42,110,2,False,False,True,0.8276,0.0,0.16899215,-1.0042908,-6.951265163479547e-07,0.0002583143359515816,0.0002583152672741562,7e267c0bf303542b
2,day2_n4_topk_seed42,42,110,3,False,False,True,0.8226,0.0,0.6074981,0.5848854,3.744835552765835e-08,0.00025157997151836753,0.00025157997151836753,7e267c0bf303542b
2,day2_n4_topk_seed42,42,111,0,False,False,True,0.8266,0.0,0.117829084,-0.22840877,-2.2506309704795058e-08,0.00024827130255289376,0.00024827130255289376,7e267c0bf303542b
2,day2_n4_topk_seed42,42,111,1,False,False,True,0.8286,0.0,-0.9573092,0.46133623,1.2885926992112218e-07,0.0002644777996465564,0.00026447782875038683,7e267c0bf303542b
2,day2_n4_topk_seed42,42,111,2,False,False,True,0.8288,0.0,0.053235147,-0.8890636,-1.7958677744900342e-07,0.0002573422680143267,0.00025734235532581806,7e267c0bf303542b
2,day2_n4_topk_seed42,42,111,3,False,False,True,0.8268,0.0,0.78624535,0.65613616,8.066703003350995e-07,0.00026147981407120824,0.0002614810655359179,7e267c0bf303542b
2,day2_n4_topk_seed42,42,112,0,False,False,True,0.8302,0.0,-0.17900787,0.07596536,-2.2376075037300325e-07,0.0002563160378485918,0.00025631615426391363,7e267c0bf303542b
2,day2_n4_topk_seed42,42,112,1,False,False,True,0.8274,0.0,1.0708977,-0.11356511,5.638015210251979e-08,0.00026574349612928927,0.0002657435252331197,7e267c0bf303542b
2,day2_n4_topk_seed42,42,112,2,False,False,True,0.8266,0.0,-0.35850558,0.88787085,-2.566370085332892e-07,0.00025664657005108893,0.00025664668646641076,7e267c0bf303542b
2,day2_n4_topk_seed42,42,112,3,False,False,True,0.8226,0.0,-0.5333843,-0.8502722,1.3573417163570412e-06,0.00026571835041977465,0.000265721813775599,7e267c0bf303542b
2,day2_n4_topk_seed42,42,113,0,False,False,True,0.831,0.0,0.304765,-0.6393234,-1.7649516337314708e-07,0.0002621783933136612,0.00026217845152132213,7e267c0bf303542b
2,day2_n4_topk_seed42,42,113,1,False,False,True,0.827,0.0,-1.1118567,0.08838856,9.044493936016806e-07,0.0002692675625439733,0.0002692690759431571,7e267c0bf303542b
2,day2_n4_topk_seed42,42,113,2,False,False,True,0.8288,0.0,0.35465744,-0.44856286,-1.681961947497257e-07,0.0002689144457690418,0.0002689145039767027,7e267c0bf303542b
2,day2_n4_topk_seed42,42,113,3,False,False,True,0.8236,0.0,0.45243213,0.99949783,1.2618104392458918e-06,0.0002734928857535124,0.00027349579613655806,7e267c0bf303542b
2,day2_n4_topk_seed42,42,114,0,False,False,True,0.824,0.0,0.1125978,-0.3192973,-2.478451222032163e-07,0.00026359385810792446,0.00026359394541941583,7e267c0bf303542b
2,day2_n4_topk_seed42,42,114,1,False,False,True,0.8248,0.0,-0.9735483,0.59786993,6.559201324307651e-07,0.00028255090001039207,0.00028255165670998394,7e267c0bf303542b
2,day2_n4_topk_seed42,42,114,2,False,False,True,0.8242,0.0,-0.044587858,-0.91594726,1.5806512010385632e-07,0.00026721617905423045,0.0002672162081580609,7e267c0bf303542b
2,day2_n4_topk_seed42,42,114,3,False,False,True,0.8322,0.0,0.905538,0.6373749,8.086161642495426e-07,0.00028514425503090024,0.00028514539008028805,7e267c0bf303542b
2,day2_n4_topk_seed42,42,115,0,False,False,True,0.8288,0.0,-0.33324522,1.0572872,-5.449284117275965e-07,0.0002728808030951768,0.00027288132696412504,7e267c0bf303542b
2,day2_n4_topk_seed42,42,115,1,False,False,True,0.8262,0.0,-0.7751385,-0.68142295,-4.547153480416455e-07,0.00027083558961749077,0.00027083593886345625,7e267c0bf303542b
2,day2_n4_topk_seed42,42,115,2,False,False,True,0.8274,0.0,0.11681661,-0.2250159,-7.64376864026417e-07,0.0002702016499824822,0.00027020275592803955,7e267c0bf303542b
2,day2_n4_topk_seed42,42,115,3,False,False,True,0.822,0.0,0.99156684,-0.1508479,4.654393990222161e-07,0.0002727920073084533,0.00027279238565824926,7e267c0bf303542b
2,day2_n4_topk_seed42,42,116,0,False,False,True,0.8302,0.0,-0.2048128,0.0961449,-9.042967263894752e-08,0.0002678937744349241,0.00026789374533109367,7e267c0bf303542b
2,day2_n4_topk_seed42,42,116,1,False,False,True,0.8234,0.0,1.1569726,0.04900261,1.1420727332733804e-06,0.0002873956982512027,0.00028739796834997833,7e267c0bf303542b
2,day2_n4_topk_seed42,42,116,2,False,False,True,0.8286,0.0,-0.532831,0.8622574,2.7807934088741604e-07,0.00027731325826607645,0.00027731337468139827,7e267c0bf303542b
2,day2_n4_topk_seed42,42,116,3,False,False,True,0.8282,0.0,-0.41932926,-1.0074054,1.064123125615879e-06,0.00027999008307233453,0.00027999209123663604,7e267c0bf303542b
2,day2_n4_topk_seed42,42,117,0,False,False,True,0.8294,0.0,-0.15040669,-0.7312026,-2.1319620202575607e-07,0.00027644395595416427,0.00027644404326565564,7e267c0bf303542b
2,day2_n4_topk_seed42,42,117,1,False,False,True,0.8282,0.0,1.1590629,0.42342997,1.5709457557022688e-06,0.00030521125881932676,0.00030521530425176024,7e267c0bf303542b
2,day2_n4_topk_seed42,42,117,2,False,False,True,0.8216,0.0,-0.2081555,-0.59827805,1.7859248657714488e-07,0.0002772083389572799,0.0002772083680611104,7e267c0bf303542b
2,day2_n4_topk_seed42,42,117,3,False,False,True,0.822,0.0,-0.80050135,0.9060507,1.532959231553832e-06,0.0003013065434060991,0.0003013104433193803,7e267c0bf303542b
2,day2_n4_topk_seed42,42,118,0,False,False,True,0.8282,0.0,0.16167814,0.42977628,-5.057389671492274e-07,0.00027997454162687063,0.0002799749781843275,7e267c0bf303542b
2,day2_n4_topk_seed42,42,118,1,False,False,True,0.8282,0.0,0.7601038,-0.9209185,3.152559884256334e-07,0.00029121246188879013,0.00029121263651177287,7e267c0bf303542b
2,day2_n4_topk_seed42,42,118,2,False,False,True,0.8228,0.0,0.23963042,0.8571663,-2.999724557639638e-08,0.000288062437903136,0.000288062437903136,7e267c0bf303542b
2,day2_n4_topk_seed42,42,118,3,False,False,True,0.8244,0.0,-1.161413,-0.36602396,1.3657351018991903e-06,0.00030494912061840296,0.0003049521765206009,7e267c0bf303542b
2,day2_n4_topk_seed42,42,119,0,False,False,True,0.8252,0.0,-0.15836936,-0.199646,2.9671389256691327e-07,0.00028089137049391866,0.00028089151601307094,7e267c0bf303542b
2,day2_n4_topk_seed42,42,119,1,False,False,True,0.8264,0.0,1.209434,0.19717199,6.253475817175058e-07,0.00030200855690054595,0.000302009197184816,7e267c0bf303542b
2,day2_n4_topk_seed42,42,119,2,False,False,True,0.826,0.0,-0.38760415,-0.97312564,-5.3020997370367695e-08,0.0002982266014441848,0.0002982266014441848,7e267c0bf303542b
2,day2_n4_topk_seed42,42,119,3,False,False,True,0.8262,0.0,-0.663461,0.97559875,1.4136035133560654e-06,0.00030381098622456193,0.0003038142458535731,7e267c0bf303542b
2,day2_n4_topk_seed42,42,120,0,False,False,True,0.8294,0.0,0.149943,-0.07995506,-5.4823445339025056e-08,0.00027533707907423377,0.00027533707907423377,7e267c0bf303542b
2,day2_n4_topk_seed42,42,120,1,False,False,True,0.8272,0.0,0.76083773,0.82391936,-5.435999810288195e-07,0.000290704017970711,0.00029070451273582876,7e267c0bf303542b
2,day2_n4_topk_seed42,42,120,2,False,False,True,0.8254,0.0,0.23274241,-1.0649261,-4.3343771949366783e-07,0.00029236121918074787,0.0002923615393228829,7e267c0bf303542b
2,day2_n4_topk_seed42,42,120,3,False,False,True,0.8286,0.0,-1.1435232,0.3209613,2.4996256797749083e-07,0.00029457855271175504,0.0002945786400232464,7e267c0bf303542b
2,day2_n4_topk_seed42,42,121,0,False,False,True,0.8312,0.0,-0.019011613,0.04269062,-6.291191994023393e-07,0.00028401403687894344,0.0002840147353708744,7e267c0bf303542b
2,day2_n4_topk_seed42,42,121,1,False,False,True,0.829,0.0,1.122942,-0.39520723,-7.23783131206801e-08,0.0003066850476898253,0.00030668507679365575,7e267c0bf303542b
2,day2_n4_topk_seed42,42,121,2,False,False,True,0.8292,0.0,-0.2150674,1.1248897,9.858472793666806e-08,0.00030166911892592907,0.0003016691480297595,7e267c0bf303542b
2,day2_n4_topk_seed42,42,121,3,False,False,True,0.8264,0.0,-0.8888626,-0.77237296,5.153218580744579e-07,0.00030044239247217774,0.0003004428290296346,7e267c0bf303542b
2,day2_n4_topk_seed42,42,122,0,False,False,True,0.8308,0.0,-0.06132398,0.044624083,-4.387689500617853e-07,0.00028745015151798725,0.00028745050076395273,7e267c0bf303542b
2,day2_n4_topk_seed42,42,122,1,False,False,True,0.8324,0.0,-0.99354255,-0.67474395,3.246416895308357e-07,0.000312405260046944,0.0003124054055660963,7e267c0bf303542b
2,day2_n4_topk_seed42,42,122,2,False,False,True,0.83,0.0,-0.04553873,1.1876997,2.890927532916976e-07,0.00030824850546196103,0.00030824862187728286,7e267c0bf303542b
2,day2_n4_topk_seed42,42,122,3,False,False,True,0.825,0.0,1.1004049,-0.5575799,8.293037581097451e-07,0.00031102049979381263,0.00031102160573937,7e267c0bf303542b
2,day2_n4_topk_seed42,42,123,0,False,False,True,0.8284,0.0,-0.10950779,0.09570427,-4.0210591123468475e-07,0.00029507404542528093,0.00029507430735975504,7e267c0bf303542b
2,day2_n4_topk_seed42,42,123,1,False,False,True,0.8332,0.0,-0.5469134,1.034054,-2.2642504404757346e-07,0.0003099733148701489,0.00030997340218164027,7e267c0bf303542b
2,day2_n4_topk_seed42,42,123,2,False,False,True,0.8274,0.0,-0.6179383,-1.0652319,4.320856987760635e-07,0.0003195036551915109,0.000319503917125985,7e267c0bf303542b
2,day2_n4_topk_seed42,42,123,3,False,False,True,0.8316,0.0,1.2743592,-0.06452578,8.408471785514848e-07,0.00032468739664182067,0.0003246885316912085,7e267c0bf303542b
2,day2_n4_topk_seed42,42,124,0,False,False,True,0.832,0.0,0.059949156,-0.077090465,-4.013392995716458e-08,0.00029815209563821554,0.0002981520665343851,7e267c0bf303542b
2,day2_n4_topk_seed42,42,124,1,False,False,True,0.83,0.0,1.0369377,0.62195057,1.9352214053469652e-08,0.0003082854382228106,0.0003082854382228106,7e267c0bf303542b
2,day2_n4_topk_seed42,42,124,2,False,False,True,0.8276,0.0,-1.0705639,0.6269094,-9.8920020263904e-07,0.00031775797833688557,0.0003177595208398998,7e267c0bf303542b
2,day2_n4_topk_seed42,42,124,3,False,False,True,0.8286,0.0,-0.026322762,-1.1717694,3.361502933785232e-07,0.00030572956893593073,0.0003057297726627439,7e267c0bf303542b
2,day2_n4_topk_seed42,42,125,0,False,False,True,0.828,0.0,-0.05093581,0.13035755,-6.275340069805679e-07,0.00030816494836471975,0.0003081655886489898,7e267c0bf303542b
2,day2_n4_topk_seed42,42,125,1,False,False,True,0.8278,0.0,-1.0974312,-0.64269245,-3.6357937460707035e-07,0.0003214622847735882,0.0003214624885004014,7e267c0bf303542b
2,day2_n4_topk_seed42,42,125,2,False,False,True,0.8264,0.0,0.049442627,1.2022002,-5.917140555311562e-08,0.00032296215067617595,0.0003229621797800064,7e267c0bf303542b
2,day2_n4_topk_seed42,42,125,3,False,False,True,0.8258,0.0,1.0989261,-0.68986565,3.968784483276977e-07,0.0003301236138213426,0.0003301238175481558,7e267c0bf303542b
2,day2_n4_topk_seed42,42,126,0,False,False,True,0.8292,0.0,-0.20113918,-0.34925753,-3.804726702583139e-07,0.0003087285440415144,0.00030872877687215805,7e267c0bf303542b
2,day2_n4_topk_seed42,42,126,1,False,False,True,0.83,0.0,-0.5526235,-0.96702063,7.637019052708638e-07,0.0003244082035962492,0.0003244091058149934,7e267c0bf303542b
2,day2_n4_topk_seed42,42,126,2,False,False,True,0.8308,0.0,-0.6169919,1.2118974,1.5516074824972748e-07,0.0003431476070545614,0.0003431476070545614,7e267c0bf303542b
2,day2_n4_topk_seed42,42,126,3,False,False,True,0.8296,0.0,1.3707545,0.1043827,1.9007673017767956e-06,0.0003450790827628225,0.00034508429234847426,7e267c0bf303542b
2,day2_n4_topk_seed42,42,127,0,False,False,True,0.833,0.0,0.08323246,-0.03626257,-4.4934364495929913e-07,0.00032423908123746514,0.00032423940137960017,7e267c0bf303542b
2,day2_n4_topk_seed42,42,127,1,False,False,True,0.824,0.0,-0.15840502,1.2977228,-7.002726079008426e-07,0.00032603967702016234,0.00032604040461592376,7e267c0bf303542b
2,day2_n4_topk_seed42,42,127,2,False,False,True,0.8224,0.0,1.1552315,-0.51620376,7.100343282218091e-07,0.00033291231375187635,0.00033291304134763777,7e267c0bf303542b
2,day2_n4_topk_seed42,42,127,3,False,False,True,0.8276,0.0,-1.0800582,-0.7452556,1.4072334124648478e-06,0.0003381724236533046,0.00033817533403635025,7e267c0bf303542b
2,day2_n4_topk_seed42,42,128,0,False,False,True,0.8336,0.0,-0.032055292,0.032318525,-5.581453592640173e-07,0.00031788370688445866,0.00031788417254574597,7e267c0bf303542b
2,day2_n4_topk_seed42,42,128,1,False,False,True,0.8316,0.0,-0.3410621,1.2453719,4.20798045297488e-07,0.0003335820510983467,0.0003335823130328208,7e267c0bf303542b
2,day2_n4_topk_seed42,42,128,2,False,False,True,0.8268,0.0,-0.90787524,-0.94226587,4.1486231339149526e-07,0.0003383419243618846,0.0003383421862963587,7e267c0bf303542b
2,day2_n4_topk_seed42,42,128,3,False,False,True,0.8278,0.0,1.2809919,-0.3354236,1.0073788416775642e-06,0.00033449605689384043,0.0003344975411891937,7e267c0bf303542b
2,day2_n4_topk_seed42,42,129,0,False,False,True,0.8298,0.0,-0.3767633,-0.21357875,-1.1273292557234527e-06,0.0003279143129475415,0.0003279162629041821,7e267c0bf303542b
2,day2_n4_topk_seed42,42,129,1,False,False,True,0.8336,0.0,-0.37168655,-1.1191038,-1.1317284815959283e-06,0.00033714849269017577,0.00033715038443915546,7e267c0bf303542b
2,day2_n4_topk_seed42,42,129,2,False,False,True,0.83,0.0,-0.6746875,1.1407119,-3.412394633528493e-08,0.0003468588984105736,0.0003468588984105736,7e267c0bf303542b
2,day2_n4_topk_seed42,42,129,3,False,False,True,0.824,0.0,1.4231378,0.19196971,1.5015584722277708e-06,0.000354763149516657,0.0003547662927303463,7e267c0bf303542b
2,day2_n4_topk_seed42,42,130,0,False,False,True,0.8306,0.0,0.27773565,0.073031835,5.450557978292636e-07,0.0003312383487354964,0.00033123878529295325,7e267c0bf303542b
2,day2_n4_topk_seed42,42,130,1,False,False,True,0.8268,0.0,0.66537017,1.0674069,8.651463190290087e-07,0.00033823930425569415,0.0003382404102012515,7e267c0bf303542b
2,day2_n4_topk_seed42,42,130,2,False,False,True,0.8284,0.0,0.49400017,-1.2269846,5.870634254279139e-07,0.00034014423727057874,0.0003401447320356965,7e267c0bf303542b
2,day2_n4_topk_seed42,42,130,3,False,False,True,0.828,0.0,-1.437104,0.086544946,1.1098253480668063e-06,0.0003584756632335484,0.0003584774094633758,7e267c0bf303542b
2,day2_n4_topk_seed42,42,131,0,False,False,True,0.8292,0.0,0.33264518,0.3581338,-2.656748847584822e-07,0.00033454137155786157,0.0003345414297655225,7e267c0bf303542b
2,day2_n4_topk_seed42,42,131,1,False,False,True,0.8308,0.0,0.8124871,-1.1572233,6.073929625927121e-07,0.0003588650142773986,0.00035886550904251635,7e267c0bf303542b
2,day2_n4_topk_seed42,42,131,2,False,False,True,0.8276,0.0,0.31284672,1.121598,8.229674364201855e-08,0.00034448900260031223,0.0003444889734964818,7e267c0bf303542b
2,day2_n4_topk_seed42,42,131,3,False,False,True,0.826,0.0,-1.45798,-0.3225075,1.1263305168540683e-06,0.00037086845259182155,0.0003708701697178185,7e267c0bf303542b
2,day2_n4_topk_seed42,42,132,0,False,False,True,0.8322,0.0,0.35446548,0.0053753876,-7.089465157150698e-07,0.0003403143200557679,0.0003403150476515293,7e267c0bf303542b
2,day2_n4_topk_seed42,42,132,1,False,False,True,0.8292,0.0,0.84798956,-1.0013689,-7.628165121786878e-08,0.0003554793365765363,0.0003554793365765363,7e267c0bf303542b
2,day2_n4_topk_seed42,42,132,2,False,False,True,0.8252,0.0,0.25268394,1.3447256,-8.274401608332482e-08,0.00036182752228341997,0.00036182752228341997,7e267c0bf303542b
2,day2_n4_topk_seed42,42,132,3,False,False,True,0.8342,0.0,-1.4551394,-0.34873253,1.5934555221974733e-06,0.00037218612851575017,0.0003721895336639136,7e267c0bf303542b
2,day2_n4_topk_seed42,42,133,0,False,False,True,0.832,0.0,0.11385533,-0.002157072,-5.851686637470266e-07,0.00033007992897182703,0.0003300804237369448,7e267c0bf303542b
2,day2_n4_topk_seed42,42,133,1,False,False,True,0.8302,0.0,0.9340565,-1.0081577,-2.8956975484106806e-07,0.00035951961763203144,0.00035951973404735327,7e267c0bf303542b
2,day2_n4_topk_seed42,42,133,2,False,False,True,0.8278,0.0,0.36618268,1.3315923,7.352308557528886e-07,0.00036072166403755546,0.0003607223916333169,7e267c0bf303542b
2,day2_n4_topk_seed42,42,133,3,False,False,True,0.8268,0.0,-1.4140944,-0.32127675,7.788307812006678e-07,0.00036326737608760595,0.00036326819099485874,7e267c0bf303542b
2,day2_n4_topk_seed42,42,134,0,False,False,True,0.8278,0.0,-0.04021778,-0.42841,-1.2065737564626033e-06,0.00034154491731896996,0.0003415470418985933,7e267c0bf303542b
2,day2_n4_topk_seed42,42,134,1,False,False,True,0.835,0.0,-0.057910483,-1.2461215,6.079649779167084e-07,0.00036300739157013595,0.00036300785723142326,7e267c0bf303542b
2,day2_n4_topk_seed42,42,134,2,False,False,True,0.8294,0.0,-1.2358185,0.9040244,1.1757246056731674e-06,0.0003833745140582323,0.0003833763184957206,7e267c0bf303542b
2,day2_n4_topk_seed42,42,134,3,False,False,True,0.8224,0.0,1.3339489,0.770507,1.4997003745520487e-06,0.00038526125717908144,0.0003852641675621271,7e267c0bf303542b
2,day2_n4_topk_seed42,42,135,0,False,False,True,0.8328,0.0,-0.31850505,-0.27397576,-7.539284752056119e-07,0.00034931101254187524,0.0003493117983452976,7e267c0bf303542b
2,day2_n4_topk_seed42,42,135,1,False,False,True,0.8268,0.0,-0.4498065,-1.1589297,9.112653742704424e-08,0.0003541427431628108,0.0003541427431628108,7e267c0bf303542b
2,day2_n4_topk_seed42,42,135,2,False,False,True,0.8314,0.0,-0.74806905,1.2282835,-1.1691573931216226e-08,0.00036034666118212044,0.00036034666118212044,7e267c0bf303542b
2,day2_n4_topk_seed42,42,135,3,False,False,True,0.8324,0.0,1.5163789,0.20462173,1.653182266636577e-06,0.0003831904614344239,0.0003831940412055701,7e267c0bf303542b
2,day2_n4_topk_seed42,42,136,0,False,False,True,0.8246,0.0,-0.16076629,0.40353182,-1.6749916085245786e-06,0.00034396955743432045,0.0003439736319705844,7e267c0bf303542b
2,day2_n4_topk_seed42,42,136,1,False,False,True,0.835,0.0,-0.93061215,-1.1717637,-3.9521643202533596e-07,0.00037334859371185303,0.0003733487974386662,7e267c0bf303542b
2,day2_n4_topk_seed42,42,136,2,False,False,True,0.8294,0.0,-0.38835946,1.1575222,-3.927447664864303e-07,0.0003608308907132596,0.0003608310944400728,7e267c0bf303542b
2,day2_n4_topk_seed42,42,136,3,False,False,True,0.8274,0.0,1.4797391,-0.38929063,8.480666338073206e-07,0.0003787512250710279,0.0003787521563936025,7e267c0bf303542b
2,day2_n4_topk_seed42,42,137,0,False,False,True,0.8274,0.0,0.48585966,0.025773097,-1.079419007510296e-06,0.00035747213405556977,0.0003574737347662449,7e267c0bf303542b
2,day2_n4_topk_seed42,42,137,1,False,False,True,0.8254,0.0,0.76747864,-1.0880136,-8.771066859480925e-07,0.0003669702273327857,0.0003669713041745126,7e267c0bf303542b
2,day2_n4_topk_seed42,42,137,2,False,False,True,0.8284,0.0,0.2763493,1.3551223,-5.364775006455602e-07,0.00036500554415397346,0.0003650059225037694,7e267c0bf303542b
2,day2_n4_topk_seed42,42,137,3,False,False,True,0.8268,0.0,-1.5296856,-0.29288256,1.6350286387023516e-06,0.0003838947741314769,0.0003838982083834708,7e267c0bf303542b
2,day2_n4_topk_seed42,42,138,0,False,False,True,0.8304,0.0,0.17555204,0.24453512,-3.866086046855344e-07,0.0003585988888517022,0.0003585990925785154,7e267c0bf303542b
2,day2_n4_topk_seed42,42,138,1,False,False,True,0.8306,0.0,1.1499534,-0.9950405,2.8288565090406337e-07,0.0003891224623657763,0.00038912254967726767,7e267c0bf303542b
2,day2_n4_topk_seed42,42,138,2,False,False,True,0.8272,0.0,0.14141491,1.3692753,2.0850826842888637e-07,0.00037371230428107083,0.00037371236248873174,7e267c0bf303542b
2,day2_n4_topk_seed42,42,138,3,False,False,True,0.8108,0.0,-1.4669201,-0.6187698,1.6039762158470694e-06,0.0004012408899143338,0.00040124409133568406,7e267c0bf303542b
2,day2_n4_topk_seed42,42,139,0,False,False,True,0.8298,0.0,-0.24807587,-0.19861478,-9.61066461968585e-07,0.0003634690947365016,0.00036347037530504167,7e267c0bf303542b
2,day2_n4_topk_seed42,42,139,1,False,False,True,0.82,0.0,-0.53456223,-1.3136559,-3.653815383586334e-07,0.0003871941298712045,0.0003871943335980177,7e267c0bf303542b
2,day2_n4_topk_seed42,42,139,2,False,False,True,0.8262,0.0,-0.83833236,1.3023398,-2.487068115897273e-07,0.00039806077256798744,0.0003980608598794788,7e267c0bf303542b
2,day2_n4_topk_seed42,42,139,3,False,False,True,0.8302,0.0,1.62097,0.20993142,2.0965367184544448e-06,0.0004118230426684022,0.0004118283395655453,7e267c0bf303542b
2,day2_n4_topk_seed42,42,140,0,False,False,True,0.8236,0.0,0.0778584,0.3306776,-1.1624171065705013e-06,0.00036039098631590605,0.0003603928489610553,7e267c0bf303542b
2,day2_n4_topk_seed42,42,140,1,False,False,True,0.8298,0.0,0.09117019,1.3596569,-9.233889386450755e-07,0.00038553416379727423,0.00038553524063900113,7e267c0bf303542b
2,day2_n4_topk_seed42,42,140,2,False,False,True,0.8298,0.0,-1.4119165,-0.73496515,-8.973435114967288e-07,0.0003981742192991078,0.0003981752088293433,7e267c0bf303542b
2,day2_n4_topk_seed42,42,140,3,False,False,True,0.8218,0.0,1.2428879,-0.9553683,2.1634966742567485e-06,0.00039072989602573216,0.0003907358623109758,7e267c0bf303542b
2,day2_n4_topk_seed42,42,141,0,False,False,True,0.8184,0.0,0.4128118,-0.52663267,-2.0784742105206533e-07,0.0003703404508996755,0.0003703405091073364,7e267c0bf303542b
2,day2_n4_topk_seed42,42,141,1,False,False,True,0.8278,0.0,0.5257127,-1.0192264,6.537645731441444e-07,0.00037494025309570134,0.00037494080606848,7e267c0bf303542b
2,day2_n4_topk_seed42,42,141,2,False,False,True,0.8254,0.0,0.7023185,1.4039706,8.511962619195401e-07,0.0003839793789666146,0.0003839803102891892,7e267c0bf303542b
2,day2_n4_topk_seed42,42,141,3,False,False,True,0.8234,0.0,-1.6408423,0.14188673,1.5769143146826536e-06,0.00041057492489926517,0.0004105779225938022,7e267c0bf303542b
2,day2_n4_topk_seed42,42,142,0,False,False,True,0.83,0.0,0.4797187,0.102620564,-1.3002803598283208e-06,0.0003814193478319794,0.00038142153061926365,7e267c0bf303542b
2,day2_n4_topk_seed42,42,142,1,False,False,True,0.8228,0.0,0.6468813,-1.3204222,-1.1610521823968156e-06,0.00038802705239504576,0.00038802874041721225,7e267c0bf303542b
2,day2_n4_topk_seed42,42,142,2,False,False,True,0.8266,0.0,0.53275037,1.2890311,-6.039648496880545e-07,0.0003832148213405162,0.0003832152870018035,7e267c0bf303542b
2,day2_n4_topk_seed42,42,142,3,False,False,True,0.823,0.0,-1.6593481,-0.07123019,2.3180771222541807e-06,0.0004099250945728272,0.00040993164293468,7e267c0bf303542b
2,day2_n4_topk_seed42,42,143,0,False,False,True,0.8316,0.0,-0.35846254,0.05548713,-7.881459396230639e-07,0.0003770841867662966,0.0003770850016735494,7e267c0bf303542b
2,day2_n4_topk_seed42,42,143,1,False,False,True,0.8332,0.0,-0.6993451,-1.3505905,3.2946707051451085e-07,0.00039946200558915734,0.00039946212200447917,7e267c0bf303542b
2,day2_n4_topk_seed42,42,143,2,False,False,True,0.8276,0.0,-0.6608108,1.3240271,-1.4983423568537546e-07,0.0003928225487470627,0.00039282257785089314,7e267c0bf303542b
2,day2_n4_topk_seed42,42,143,3,False,False,True,0.8268,0.0,1.7186203,-0.028922852,2.835716031768243e-06,0.00043164571980014443,0.0004316550330258906,7e267c0bf303542b
2,day2_n4_topk_seed42,42,144,0,False,False,True,0.8296,0.0,0.3690885,0.0010837683,-9.662745696914499e-07,0.0003783813153859228,0.00037838253774680197,7e267c0bf303542b
2,day2_n4_topk_seed42,42,144,1,False,False,True,0.8338,0.0,0.76547056,-1.3151555,6.499404747728477e-08,0.0004045541863888502,0.0004045541863888502,7e267c0bf303542b
2,day2_n4_topk_seed42,42,144,2,False,False,True,0.8232,0.0,0.59084886,1.4133242,-1.2843690910813166e-06,0.0004057787882629782,0.00040578082553111017,7e267c0bf303542b
2,day2_n4_topk_seed42,42,144,3,False,False,True,0.8304,0.0,-1.7254078,-0.09925308,1.6854564819368534e-06,0.00042889235191978514,0.0004288956697564572,7e267c0bf303542b
2,day2_n4_topk_seed42,42,145,0,False,False,True,0.8362,0.0,-0.22172292,-0.12153307,-1.2343723483354552e-06,0.000367754022590816,0.00036775608896277845,7e267c0bf303542b
2,day2_n4_topk_seed42,42,145,1,False,False,True,0.8226,0.0,-0.92208743,-1.1435063,-1.5922236684673408e-07,0.0003926070057787001,0.00039260703488253057,7e267c0bf303542b
2,day2_n4_topk_seed42,42,145,2,False,False,True,0.8344,0.0,-0.48243222,1.4884329,-4.846619390264095e-07,0.0004003987123724073,0.0004003990034107119,7e267c0bf303542b
2,day2_n4_topk_seed42,42,145,3,False,False,True,0.8324,0.0,1.6262441,-0.22339305,1.7778478422769695e-06,0.00040995085146278143,0.0004099547222722322,7e267c0bf303542b
2,day2_n4_topk_seed42,42,146,0,False,False,True,0.8214,0.0,0.36061427,-0.0028527847,-3.6671048064818024e-07,0.0003907736681867391,0.00039077384280972183,7e267c0bf303542b
2,day2_n4_topk_seed42,42,146,1,False,False,True,0.8292,0.0,0.8115288,1.3017805,-2.3836764739826322e-07,0.0004091010196134448,0.0004091010778211057,7e267c0bf303542b
2,day2_n4_topk_seed42,42,146,2,False,False,True,0.8276,0.0,0.5553238,-1.4452745,-9.539579650663654e-07,0.0004069026617798954,0.0004069037677254528,7e267c0bf303542b
2,day2_n4_topk_seed42,42,146,3,False,False,True,0.8282,0.0,-1.7274677,0.14634614,1.3250430583866546e-06,0.0004292648518458009,0.00042926688911393285,7e267c0bf303542b
2,day2_n4_topk_seed42,42,147,0,False,False,True,0.8314,0.0,-0.55925655,-0.80686426,-1.1407556712583755e-06,0.0003978112363256514,0.00039781289524398744,7e267c0bf303542b
2,day2_n4_topk_seed42,42,147,1,False,False,True,0.8292,0.0,-0.46660927,-0.82711864,-7.355577622547571e-07,0.00039290270069614053,0.00039290337008424103,7e267c0bf303542b
2,day2_n4_topk_seed42,42,147,2,False,False,True,0.8334,0.0,-0.654292,1.534638,-4.479365713905281e-07,0.00040908390656113625,0.00040908416849561036,7e267c0bf303542b
2,day2_n4_topk_seed42,42,147,3,False,False,True,0.8252,0.0,1.6801562,0.0993456,8.146890877469559e-07,0.0004081964143551886,0.00040819720015861094,7e267c0bf303542b
2,day2_n4_topk_seed42,42,148,0,False,False,True,0.8278,0.0,0.34774956,0.5636171,-9.379869538861385e-07,0.0003890233929269016,0.0003890244697686285,7e267c0bf303542b
2,day2_n4_topk_seed42,42,148,1,False,False,True,0.8308,0.0,0.9701622,-1.3799334,-3.117080211723078e-07,0.0004181971598882228,0.0004181972471997142,7e267c0bf303542b
2,day2_n4_topk_seed42,42,148,2,False,False,True,0.8266,0.0,0.38802287,1.2107888,1.6886190223885933e-07,0.00040217916830442846,0.00040217922651208937,7e267c0bf303542b
2,day2_n4_topk_seed42,42,148,3,False,False,True,0.83,0.0,-1.7059351,-0.39447442,2.6334084850532236e-06,0.0004307993804104626,0.00043080744217149913,7e267c0bf303542b
2,day2_n4_topk_seed42,42,149,0,False,False,True,0.8242,0.0,-0.097953945,0.9469456,-5.975034014227276e-07,0.00040034574340097606,0.0004003461799584329,7e267c0bf303542b
2,day2_n4_topk_seed42,42,149,1,False,False,True,0.8294,0.0,0.20456654,0.9934899,-1.0053532832898782e-06,0.000398066098568961,0.0003980673209298402,7e267c0bf303542b
2,day2_n4_topk_seed42,42,149,2,False,False,True,0.8206,0.0,1.3397316,-1.046998,-7.594564976898255e-07,0.0004159664094913751,0.0004159670788794756,7e267c0bf303542b
2,day2_n4_topk_seed42,42,149,3,False,False,True,0.8266,0.0,-1.4463434,-0.893438,3.0115799631857954e-07,0.0004133176407776773,0.00041331772808916867,7e267c0bf303542b
2,day2_n4_topk_seed42,42,150,0,False,False,True,0.825,0.0,-0.31678855,1.0219315,-4.436639500227102e-08,0.000411212386097759,0.00041121235699392855,7e267c0bf303542b
2,day2_n4_topk_seed42,42,150,1,False,False,True,0.8268,0.0,-0.33944446,0.8541138,-1.5714985011072713e-06,0.00040256575448438525,0.0004025687521789223,7e267c0bf303542b
2,day2_n4_topk_seed42,42,150,2,False,False,True,0.8296,0.0,-1.0276107,-1.391367,-1.0624077049214975e-06,0.00042354350443929434,0.0004235448141116649,7e267c0bf303542b
2,day2_n4_topk_seed42,42,150,3,False,False,True,0.8152,0.0,1.6838442,-0.48467833,1.0902430176429334e-06,0.00042436402873136103,0.00042436542571522295,7e267c0bf303542b
2,day2_n4_topk_seed42,42,151,0,False,False,True,0.8476,0.0,0.04629264,0.17022724,-4.7108471790124895e-08,5.131418947712518e-05,5.1314211304998025e-05,7e267c0bf303542b
2,day2_n4_topk_seed42,42,151,1,False,False,True,0.8442,0.0,0.056066416,-0.00897866,7.324224071680874e-08,4.888160401606001e-05,4.888165494776331e-05,7e267c0bf303542b
2,day2_n4_topk_seed42,42,151,2,False,False,True,0.8446,0.0,0.0938422,-0.13451117,-9.696983482854193e-08,4.9592123104957864e-05,4.959221405442804e-05,7e267c0bf303542b
2,day2_n4_topk_seed42,42,151,3,False,False,True,0.8432,0.0,-0.19620128,-0.026737632,3.0004176210240985e-07,5.3731077059637755e-05,5.373191015678458e-05,7e267c0bf303542b
2,day2_n4_topk_seed42,42,152,0,False,False,True,0.849,0.0,0.07368817,0.11814519,-8.180820287861934e-08,4.4792213884647936e-05,4.479228664422408e-05,7e267c0bf303542b
2,day2_n4_topk_seed42,42,152,1,False,False,True,0.8476,0.0,0.06336651,0.041878544,-8.284241914680024e-08,4.473045555641875e-05,4.4730531953973696e-05,7e267c0bf303542b
2,day2_n4_topk_seed42,42,152,2,False,False,True,0.8454,0.0,0.059152022,-0.16744041,-1.568650986882858e-07,4.4275740947341546e-05,4.427601379575208e-05,7e267c0bf303542b
2,day2_n4_topk_seed42,42,152,3,False,False,True,0.8484,0.0,-0.19620661,0.0074164956,2.54761900464473e-08,4.994746268494055e-05,4.9947466322919354e-05,7e267c0bf303542b
2,day2_n4_topk_seed42,42,153,0,False,False,True,0.8494,0.0,-0.0111189475,-0.09919251,-1.1541601452336181e-08,4.286716284696013e-05,4.286716284696013e-05,7e267c0bf303542b
2,day2_n4_topk_seed42,42,153,1,False,False,True,0.8478,0.0,-0.050260022,-0.105799526,-1.6676369796186918e-07,4.325464033172466e-05,4.325496047385968e-05,7e267c0bf303542b
2,day2_n4_topk_seed42,42,153,2,False,False,True,0.8464,0.0,-0.12151753,0.14425334,-1.7971113663861615e-07,4.5568347559310496e-05,4.5568700443254784e-05,7e267c0bf303542b
2,day2_n4_topk_seed42,42,153,3,False,False,True,0.8472,0.0,0.18289652,0.06073875,1.3374626917084242e-07,4.774802073370665e-05,4.7748206270625815e-05,7e267c0bf303542b
2,day2_n4_topk_seed42,42,154,0,False,False,True,0.8502,0.0,-0.046573117,-0.083058655,-1.4071889609112986e-07,4.2536288674455136e-05,4.253652150509879e-05,7e267c0bf303542b
2,day2_n4_topk_seed42,42,154,1,False,False,True,0.8472,0.0,-0.042553205,-0.11102348,-1.7226049919827346e-07,4.23292258346919e-05,4.232957508065738e-05,7e267c0bf303542b
2,day2_n4_topk_seed42,42,154,2,False,False,True,0.8488,0.0,-0.10629222,0.15418722,-7.54293125737604e-08,4.566731513477862e-05,4.5667380618397146e-05,7e267c0bf303542b
2,day2_n4_topk_seed42,42,154,3,False,False,True,0.8476,0.0,0.19541852,0.039894883,-4.2045222414799355e-08,4.909680865239352e-05,4.9096826842287555e-05,7e267c0bf303542b
2,day2_n4_topk_seed42,42,155,0,False,False,True,0.8504,0.0,0.065207385,0.12742522,-4.6130057995696916e-08,4.322785753174685e-05,4.32278829975985e-05,7e267c0bf303542b
2,day2_n4_topk_seed42,42,155,1,False,False,True,0.8478,0.0,0.06651527,0.04214078,-1.8820776404027129e-07,4.348984657553956e-05,4.3490254029165953e-05,7e267c0bf303542b
2,day2_n4_topk_seed42,42,155,2,False,False,True,0.8476,0.0,0.07061207,-0.16641025,-1.7796661211377796e-07,4.447369065019302e-05,4.447404353413731e-05,7e267c0bf303542b
2,day2_n4_topk_seed42,42,155,3,False,False,True,0.8474,0.0,-0.20233452,-0.003155682,1.7654970463354402e-07,5.014234557165764e-05,5.0142654799856246e-05,7e267c0bf303542b
2,day2_n4_topk_seed42,42,156,0,False,False,True,0.852,0.0,0.035051245,0.11084925,-2.193451678067504e-07,4.2655912693589926e-05,4.2656476580305025e-05,7e267c0bf303542b
2,day2_n4_topk_seed42,42,156,1,False,False,True,0.8498,0.0,0.060685415,0.08908703,-1.331052601472038e-07,4.30676263931673e-05,4.3067833757959306e-05,7e267c0bf303542b
2,day2_n4_topk_seed42,42,156,2,False,False,True,0.8492,0.0,0.105169795,-0.1615942,-3.3564602208713268e-09,4.660241029341705e-05,4.660241029341705e-05,7e267c0bf303542b
2,day2_n4_topk_seed42,42,156,3,False,False,True,0.8506,0.0,-0.20090638,-0.03834195,6.845463929039397e-08,5.146843977854587e-05,5.1468483434291556e-05,7e267c0bf303542b
2,day2_n4_topk_seed42,42,157,0,False,False,True,0.852,0.0,-0.05911328,0.12711903,-8.221382330475535e-08,4.3454674596432596e-05,4.3454750993987545e-05,7e267c0bf303542b
2,day2_n4_topk_seed42,42,157,1,False,False,True,0.8526,0.0,-0.06599445,0.05577774,-1.6970419380868407e-07,4.397712473291904e-05,4.397744851303287e-05,7e267c0bf303542b
2,day2_n4_topk_seed42,42,157,2,False,False,True,0.8488,0.0,-0.07565724,-0.17333889,-6.0133345414215e-08,4.700582940131426e-05,4.700586578110233e-05,7e267c0bf303542b
2,day2_n4_topk_seed42,42,157,3,False,False,True,0.8466,0.0,0.20076494,-0.009557939,7.084807407409244e-08,4.906653703073971e-05,4.90665843244642e-05,7e267c0bf303542b
2,day2_n4_topk_seed42,42,158,0,False,False,True,0.8528,0.0,-0.031665973,0.12208882,-1.37780943987309e-07,4.254756640875712e-05,4.254779196344316e-05,7e267c0bf303542b
2,day2_n4_topk_seed42,42,158,1,False,False,True,0.85,0.0,-0.04903551,0.088339776,-8.63328324385293e-08,4.298574640415609e-05,4.298583007766865e-05,7e267c0bf303542b
2,day2_n4_topk_seed42,42,158,2,False,False,True,0.8518,0.0,-0.11842798,-0.1577681,-1.164443830248274e-07,4.869326585321687e-05,4.869340409641154e-05,7e267c0bf303542b
2,day2_n4_topk_seed42,42,158,3,False,False,True,0.8506,0.0,0.1991294,-0.05266076,-2.8172506105761386e-08,5.094119842397049e-05,5.0941205699928105e-05,7e267c0bf303542b
2,day2_n4_topk_seed42,42,159,0,False,False,True,0.8528,0.0,0.061752174,0.07097442,-5.70259715004795e-08,4.3259260564809665e-05,4.3259296944597736e-05,7e267c0bf303542b
2,day2_n4_topk_seed42,42,159,1,False,False,True,0.8516,0.0,0.08593748,0.10366379,-1.821220223519049e-07,4.455203816178255e-05,4.4552405597642064e-05,7e267c0bf303542b
2,day2_n4_topk_seed42,42,159,2,False,False,True,0.852,0.0,0.062766075,-0.18316634,-1.3439627366551576e-07,4.656902819988318e-05,4.656921737478115e-05,7e267c0bf303542b
2,day2_n4_topk_seed42,42,159,3,False,False,True,0.849,0.0,-0.21045564,0.008528159,1.1024128099279551e-07,5.205144771025516e-05,5.205156412557699e-05,7e267c0bf303542b
2,day2_n4_topk_seed42,42,160,0,False,False,True,0.8516,0.0,-0.057233263,0.10371015,-2.2448338654612598e-07,4.323456232668832e-05,4.3235144403297454e-05,7e267c0bf303542b
2,day2_n4_topk_seed42,42,160,1,False,False,True,0.8502,0.0,-0.068419844,0.088452674,-6.4050539094751e-08,4.5154316467233e-05,4.515436012297869e-05,7e267c0bf303542b
2,day2_n4_topk_seed42,42,160,2,False,False,True,0.8506,0.0,-0.082295604,-0.17897895,-7.130651624720485e-08,4.734242975246161e-05,4.734248432214372e-05,7e267c0bf303542b
2,day2_n4_topk_seed42,42,160,3,False,False,True,0.849,0.0,0.20794877,-0.013183973,1.7341821489935683e-07,5.1738978072535247e-05,5.173926547286101e-05,7e267c0bf303542b
2,day2_n4_topk_seed42,42,161,0,False,False,True,0.852,0.0,0.073051825,-0.0633846,-8.947355212285402e-08,4.365317363408394e-05,4.365326094557531e-05,7e267c0bf303542b
2,day2_n4_topk_seed42,42,161,1,False,False,True,0.8532,0.0,0.071188405,-0.118264906,-6.361123894293996e-08,4.6158900659065694e-05,4.615894067683257e-05,7e267c0bf303542b
2,day2_n4_topk_seed42,42,161,2,False,False,True,0.8522,0.0,0.07248927,0.18124078,-6.285753073598244e-08,4.616421210812405e-05,4.616425576386973e-05,7e267c0bf303542b
2,day2_n4_topk_seed42,42,161,3,False,False,True,0.8482,0.0,-0.2167296,0.00040865224,2.6923575546788925e-07,5.4474727221531793e-05,5.447539297165349e-05,7e267c0bf303542b
2,day2_n4_topk_seed42,42,162,0,False,False,True,0.853,0.0,-0.055965144,0.10137002,-1.1480673833830224e-07,4.501504736253992e-05,4.5015189243713394e-05,7e267c0bf303542b
2,day2_n4_topk_seed42,42,162,1,False,False,True,0.849,0.0,-0.07762395,0.09001332,-3.249591173926092e-08,4.505165634327568e-05,4.50516672572121e-05,7e267c0bf303542b
2,day2_n4_topk_seed42,42,162,2,False,False,True,0.8504,0.0,-0.082188,-0.18108323,-3.12312025130268e-08,4.621576226782054e-05,4.621576954377815e-05,7e267c0bf303542b
2,day2_n4_topk_seed42,42,162,3,False,False,True,0.85,0.0,0.21577686,-0.010299946,9.05701966757988e-08,5.3974876209395006e-05,5.3974952606949955e-05,7e267c0bf303542b
2,day2_n4_topk_seed42,42,163,0,False,False,True,0.8512,0.0,0.057305623,-0.0728129,-6.763111315422066e-08,4.449667903827503e-05,4.449672996997833e-05,7e267c0bf303542b
2,day2_n4_topk_seed42,42,163,1,False,False,True,0.85,0.0,0.07173996,-0.116746,-3.071316001523883e-08,4.589133459376171e-05,4.5891345507698134e-05,7e267c0bf303542b
2,day2_n4_topk_seed42,42,163,2,False,False,True,0.8506,0.0,0.08570159,0.17725217,-9.240167742063932e-08,4.598226587404497e-05,4.598235682351515e-05,7e267c0bf303542b
2,day2_n4_topk_seed42,42,163,3,False,False,True,0.8514,0.0,-0.21474722,0.01230681,1.7423768383650895e-07,5.421016248874366e-05,5.421044261311181e-05,7e267c0bf303542b
2,day2_n4_topk_seed42,42,164,0,False,False,True,0.8516,0.0,-0.046032492,-0.05609076,-1.4110888457707915e-07,4.2761163058457896e-05,4.276139225112274e-05,7e267c0bf303542b
2,day2_n4_topk_seed42,42,164,1,False,False,True,0.8492,0.0,-0.051394727,-0.149963,-1.547975045923522e-07,4.727123086922802e-05,4.727148552774452e-05,7e267c0bf303542b
2,day2_n4_topk_seed42,42,164,2,False,False,True,0.851,0.0,-0.11367012,0.16561593,-1.1816062084335499e-07,4.91927785333246e-05,4.919291677651927e-05,7e267c0bf303542b
2,day2_n4_topk_seed42,42,164,3,False,False,True,0.8508,0.0,0.211097,0.040437717,1.9109469917566457e-07,5.284001599648036e-05,5.2840361604467034e-05,7e267c0bf303542b
2,day2_n4_topk_seed42,42,165,0,False,False,True,0.8514,0.0,-0.06015485,-0.0034244647,-1.7480246583545522e-07,4.40571820945479e-05,4.4057524064555764e-05,7e267c0bf303542b
2,day2_n4_topk_seed42,42,165,1,False,False,True,0.8506,0.0,-0.07225064,0.16404274,-6.065921809295105e-08,4.765058838529512e-05,4.7650624765083194e-05,7e267c0bf303542b
2,day2_n4_topk_seed42,42,165,2,False,False,True,0.8506,0.0,-0.08266051,-0.1551414,-1.636166189200594e-07,4.607222945196554e-05,4.60725168522913e-05,7e267c0bf303542b
2,day2_n4_topk_seed42,42,165,3,False,False,True,0.8514,0.0,0.2150659,-0.0054768054,7.901712706370745e-08,5.3272684453986585e-05,5.32727426616475e-05,7e267c0bf303542b
2,day2_n4_topk_seed42,42,166,0,False,False,True,0.8506,0.0,-0.050553888,-0.04884364,-1.462643695049337e-07,4.3472551624290645e-05,4.347279536887072e-05,7e267c0bf303542b
2,day2_n4_topk_seed42,42,166,1,False,False,True,0.849,0.0,-0.07080913,-0.14468196,-5.542742087527586e-08,4.799703310709447e-05,4.7997062210924923e-05,7e267c0bf303542b
2,day2_n4_topk_seed42,42,166,2,False,False,True,0.8498,0.0,-0.09160686,0.17706257,-6.236955130134447e-08,4.8650417738826945e-05,4.8650454118615016e-05,7e267c0bf303542b
2,day2_n4_topk_seed42,42,166,3,False,False,True,0.8482,0.0,0.21296985,0.016462939,2.2751713402158202e-07,5.1971223001601174e-05,5.197171776671894e-05,7e267c0bf303542b
2,day2_n4_topk_seed42,42,167,0,False,False,True,0.8512,0.0,0.0509882,-0.029812824,-1.4382627000486536e-07,4.345476918388158e-05,4.345500929048285e-05,7e267c0bf303542b
2,day2_n4_topk_seed42,42,167,1,False,False,True,0.8484,0.0,0.08374312,-0.14820269,-8.931900197239884e-08,4.8479530960321426e-05,4.847961099585518e-05,7e267c0bf303542b
2,day2_n4_topk_seed42,42,167,2,False,False,True,0.8506,0.0,0.08123267,0.17623352,-1.0227023494735477e-07,4.8087636969285086e-05,4.808774247067049e-05,7e267c0bf303542b
2,day2_n4_topk_seed42,42,167,3,False,False,True,0.848,0.0,-0.21596386,0.0017820611,1.2928485659813305e-07,5.362005322240293e-05,5.362020601751283e-05,7e267c0bf303542b
2,day2_n4_topk_seed42,42,168,0,False,False,True,0.8536,0.0,0.053230666,-0.04651053,-5.445388140401519e-08,4.397347947815433e-05,4.3973512219963595e-05,7e267c0bf303542b
2,day2_n4_topk_seed42,42,168,1,False,False,True,0.8484,0.0,0.0811121,-0.13922846,-3.94156920435762e-08,4.7772937250556424e-05,4.777295180247165e-05,7e267c0bf303542b
2,day2_n4_topk_seed42,42,168,2,False,False,True,0.8512,0.0,0.0857319,0.17869246,-1.91187936593451e-08,4.779805749421939e-05,4.77980611321982e-05,7e267c0bf303542b
2,day2_n4_topk_seed42,42,168,3,False,False,True,0.8508,0.0,-0.22007474,0.0070464397,2.1440142461415235e-07,5.534702359000221e-05,5.534743468160741e-05,7e267c0bf303542b
2,day2_n4_topk_seed42,42,169,0,False,False,True,0.8502,0.0,-0.057506923,0.026962684,-1.6230846711096092e-07,4.487862315727398e-05,4.4878914195578545e-05,7e267c0bf303542b
2,day2_n4_topk_seed42,42,169,1,False,False,True,0.8482,0.0,-0.09136613,-0.17144834,-5.192783092411446e-08,4.948956848238595e-05,4.94895939482376e-05,7e267c0bf303542b
2,day2_n4_topk_seed42,42,169,2,False,False,True,0.8504,0.0,-0.0710567,0.15770741,-1.303318839518397e-07,4.711091969511472e-05,4.711110159405507e-05,7e267c0bf303542b
2,day2_n4_topk_seed42,42,169,3,False,False,True,0.8476,0.0,0.21992953,-0.0132217435,1.0449095100284467e-07,5.521166531252675e-05,5.521175989997573e-05,7e267c0bf303542b
2,day2_n4_topk_seed42,42,170,0,False,False,True,0.8474,0.0,-0.03357541,0.017663928,-7.539083668461899e-08,4.5010172470938414e-05,4.5010234316578135e-05,7e267c0bf303542b
2,day2_n4_topk_seed42,42,170,1,False,False,True,0.8504,0.0,-0.10050977,-0.16980664,5.7744525605585295e-08,5.075159060652368e-05,5.0751619710354134e-05,7e267c0bf303542b
2,day2_n4_topk_seed42,42,170,2,False,False,True,0.8512,0.0,-0.08657465,0.16289161,-1.802035285436432e-07,4.756222915602848e-05,4.7562571126036346e-05,7e267c0bf303542b
2,day2_n4_topk_seed42,42,170,3,False,False,True,0.852,0.0,0.2206598,-0.010749018,2.1251450732506783e-07,5.589795546256937e-05,5.5898352002259344e-05,7e267c0bf303542b
2,day2_n4_topk_seed42,42,171,0,False,False,True,0.8526,0.0,0.07281986,0.05142327,-4.1404046413617834e-08,4.581368557410315e-05,4.581370376399718e-05,7e267c0bf303542b
2,day2_n4_topk_seed42,42,171,1,False,False,True,0.8524,0.0,0.08476426,-0.18096559,9.926285571282278e-09,5.024048368795775e-05,5.0240476412000135e-05,7e267c0bf303542b
2,day2_n4_topk_seed42,42,171,2,False,False,True,0.8492,0.0,0.064040735,0.1410899,-2.876947569063759e-08,4.603798151947558e-05,4.6037988795433193e-05,7e267c0bf303542b
2,day2_n4_topk_seed42,42,171,3,False,False,True,0.8506,0.0,-0.22162464,-0.011547821,2.1644748926519242e-07,5.454394704429433e-05,5.454437268781476e-05,7e267c0bf303542b
2,day2_n4_topk_seed42,42,172,0,False,False,True,0.8508,0.0,0.062248513,-0.020208739,-1.908062330358007e-07,4.544550392893143e-05,4.544590410660021e-05,7e267c0bf303542b
2,day2_n4_topk_seed42,42,172,1,False,False,True,0.8496,0.0,0.08119115,-0.15642251,-1.427643780971266e-07,4.8211401008302346e-05,4.821161201107316e-05,7e267c0bf303542b
2,day2_n4_topk_seed42,42,172,2,False,False,True,0.849,0.0,0.08477289,0.17338677,-3.5797175002016957e-08,4.8499936383450404e-05,4.849995093536563e-05,7e267c0bf303542b
2,day2_n4_topk_seed42,42,172,3,False,False,True,0.8516,0.0,-0.22821268,0.003244419,2.157693756998924e-07,5.631289241136983e-05,5.6313299864996225e-05,7e267c0bf303542b
2,day2_n4_topk_seed42,42,173,0,False,False,True,0.85,0.0,-0.038089447,-0.045371607,-1.0782115111851454e-07,4.4611158955376595e-05,4.4611282646656036e-05,7e267c0bf303542b
2,day2_n4_topk_seed42,42,173,1,False,False,True,0.8554,0.0,-0.07734134,-0.15590708,-1.5954920939975636e-08,4.963718674844131e-05,4.9637190386420116e-05,7e267c0bf303542b
2,day2_n4_topk_seed42,42,173,2,False,False,True,0.8466,0.0,-0.105414286,0.17850102,-1.0326780142122516e-07,5.092096034786664e-05,5.092106221127324e-05,7e267c0bf303542b
2,day2_n4_topk_seed42,42,173,3,False,False,True,0.8486,0.0,0.22084497,0.022777595,1.5525824892392848e-07,5.4468531743623316e-05,5.446875366033055e-05,7e267c0bf303542b
2,day2_n4_topk_seed42,42,174,0,False,False,True,0.853,0.0,0.061740078,-0.06228164,-6.408068031760195e-08,4.522916424321011e-05,4.522920789895579e-05,7e267c0bf303542b
2,day2_n4_topk_seed42,42,174,1,False,False,True,0.8524,0.0,0.07921708,-0.1305574,-1.231959743108746e-07,4.777757931151427e-05,4.7777739382581785e-05,7e267c0bf303542b
2,day2_n4_topk_seed42,42,174,2,False,False,True,0.8504,0.0,0.084659174,0.18594843,-6.380405181971582e-08,4.9867208872456104e-05,4.9867245252244174e-05,7e267c0bf303542b
2,day2_n4_topk_seed42,42,174,3,False,False,True,0.8486,0.0,-0.22561623,0.0068904343,7.917826394532312e-08,5.6034772569546476e-05,5.603482713922858e-05,7e267c0bf303542b
2,day2_n4_topk_seed42,42,175,0,False,False,True,0.85,0.0,0.048873395,-0.04717217,-1.576418355853093e-07,4.5508906623581424e-05,4.5509179471991956e-05,7e267c0bf303542b
2,day2_n4_topk_seed42,42,175,1,False,False,True,0.8496,0.0,0.08664472,-0.14837167,-1.6280962711334723e-07,4.930364229949191e-05,4.9303915147902444e-05,7e267c0bf303542b
2,day2_n4_topk_seed42,42,175,2,False,False,True,0.8502,0.0,0.09481096,0.18515263,-1.5321221269459784e-07,5.1432911277515814e-05,5.143314047018066e-05,7e267c0bf303542b
2,day2_n4_topk_seed42,42,175,3,False,False,True,0.8506,0.0,-0.23032904,0.010391285,1.4965435468639043e-07,5.801420411444269e-05,5.801439328934066e-05,7e267c0bf303542b
2,day2_n4_topk_seed42,42,176,0,False,False,True,0.85,0.0,0.044498738,-0.01918188,-9.946828072315839e-08,4.594499114318751e-05,4.594510028255172e-05,7e267c0bf303542b
2,day2_n4_topk_seed42,42,176,1,False,False,True,0.8512,0.0,0.093270876,-0.16086695,-5.7207010684123816e-08,5.04640192957595e-05,5.0464048399589956e-05,7e267c0bf303542b
2,day2_n4_topk_seed42,42,176,2,False,False,True,0.8522,0.0,0.08304234,0.18303087,-9.271427359180962e-08,4.9832859076559544e-05,4.9832946388050914e-05,7e267c0bf303542b
2,day2_n4_topk_seed42,42,176,3,False,False,True,0.847,0.0,-0.22081183,-0.0029819852,5.9051966871948025e-08,5.392219463828951e-05,5.392222374211997e-05,7e267c0bf303542b
2,day2_n4_topk_seed42,42,177,0,False,False,True,0.8534,0.0,0.059274226,-0.03883247,-1.1525334997486425e-07,4.6878831199137494e-05,4.6878969442332163e-05,7e267c0bf303542b
2,day2_n4_topk_seed42,42,177,1,False,False,True,0.8498,0.0,0.08141004,-0.14878976,-5.84619215260318e-08,4.811790131498128e-05,4.8117934056790546e-05,7e267c0bf303542b
2,day2_n4_topk_seed42,42,177,2,False,False,True,0.851,0.0,0.08708555,0.18151012,-1.6136867486693518e-07,4.863462527282536e-05,4.863489084527828e-05,7e267c0bf303542b
2,day2_n4_topk_seed42,42,177,3,False,False,True,0.8488,0.0,-0.22776975,0.006112107,1.4773071654872183e-07,5.643370241159573e-05,5.643389522447251e-05,7e267c0bf303542b
2,day2_n4_topk_seed42,42,178,0,False,False,True,0.8544,0.0,0.055073228,-0.04518389,-9.9415657928148e-08,4.544087278191e-05,4.544097828329541e-05,7e267c0bf303542b
2,day2_n4_topk_seed42,42,178,1,False,False,True,0.8526,0.0,0.07926941,-0.15801893,-3.9144346430930455e-08,5.0938277126988396e-05,5.0938291678903624e-05,7e267c0bf303542b
2,day2_n4_topk_seed42,42,178,2,False,False,True,0.8504,0.0,0.09977699,0.18744786,-1.1999318871858122e-07,5.142570807947777e-05,5.142584632267244e-05,7e267c0bf303542b
2,day2_n4_topk_seed42,42,178,3,False,False,True,0.8522,0.0,-0.23411968,0.015754724,1.0050005982975563e-07,5.895915091969073e-05,5.895923459320329e-05,7e267c0bf303542b
2,day2_n4_topk_seed42,42,179,0,False,False,True,0.8522,0.0,0.047615983,0.10287523,-1.1639556163345333e-07,4.6397108235396445e-05,4.6397257392527536e-05,7e267c0bf303542b
2,day2_n4_topk_seed42,42,179,1,False,False,True,0.8502,0.0,0.0783402,0.11533814,-1.2602514232185058e-07,4.854673898080364e-05,4.854689905187115e-05,7e267c0bf303542b
2,day2_n4_topk_seed42,42,179,2,False,False,True,0.8536,0.0,0.109058514,-0.1895453,-1.0304482600531628e-07,5.2627470722654834e-05,5.262756167212501e-05,7e267c0bf303542b
2,day2_n4_topk_seed42,42,179,3,False,False,True,0.8488,0.0,-0.23501474,-0.02866804,1.4133330239474162e-07,5.8925554185407236e-05,5.892572153243236e-05,7e267c0bf303542b
2,day2_n4_topk_seed42,42,180,0,False,False,True,0.8526,0.0,0.05433933,-0.006587551,-1.6523515000699263e-07,4.6114906581351534e-05,4.61151976196561e-05,7e267c0bf303542b
2,day2_n4_topk_seed42,42,180,1,False,False,True,0.8498,0.0,0.08290696,-0.1747163,-3.671210446754003e-09,5.0678616389632225e-05,5.067861275165342e-05,7e267c0bf303542b
2,day2_n4_topk_seed42,42,180,2,False,False,True,0.8526,0.0,0.09517207,0.17394131,-2.214135150779839e-07,5.062001582700759e-05,5.062049604021013e-05,7e267c0bf303542b
2,day2_n4_topk_seed42,42,180,3,False,False,True,0.8516,0.0,-0.23241834,0.0073625166,1.2767898738275107e-07,5.892755143577233e-05,5.892768604098819e-05,7e267c0bf303542b
2,day2_n4_topk_seed42,42,181,0,False,False,True,0.8536,0.0,0.072127484,-0.0059077344,-8.684739327691204e-08,4.653278665500693e-05,4.653286305256188e-05,7e267c0bf303542b
2,day2_n4_topk_seed42,42,181,1,False,False,True,0.8496,0.0,0.08297723,-0.17047103,-2.6518288009924618e-08,5.092223364044912e-05,5.092223727842793e-05,7e267c0bf303542b
2,day2_n4_topk_seed42,42,181,2,False,False,True,0.855,0.0,0.08449381,0.17535575,3.5419610355802433e-08,4.907717084279284e-05,4.907718175672926e-05,7e267c0bf303542b
2,day2_n4_topk_seed42,42,181,3,False,False,True,0.8512,0.0,-0.23959853,0.0010231615,2.503856251223624e-07,6.076574572944082e-05,6.076625868445262e-05,7e267c0bf303542b
2,day2_n4_topk_seed42,42,182,0,False,False,True,0.8514,0.0,-0.06594216,0.0077062347,-1.2572225216445077e-07,4.745179830933921e-05,4.745196201838553e-05,7e267c0bf303542b
2,day2_n4_topk_seed42,42,182,1,False,False,True,0.8502,0.0,-0.08724214,-0.1827641,1.0877506895212719e-07,5.349593629944138e-05,5.3496045438805595e-05,7e267c0bf303542b
2,day2_n4_topk_seed42,42,182,2,False,False,True,0.854,0.0,-0.08769102,0.1753182,-7.246712385722276e-08,5.054092252976261e-05,5.05409698234871e-05,7e267c0bf303542b
2,day2_n4_topk_seed42,42,182,3,False,False,True,0.8536,0.0,0.24087527,-0.00026042946,2.3125934944800974e-07,6.0842972743557766e-05,6.0843412938993424e-05,7e267c0bf303542b
2,day2_n4_topk_seed42,42,183,0,False,False,True,0.8516,0.0,0.035653397,-0.021790834,-6.419736564566847e-08,4.7480236389674246e-05,4.748027276946232e-05,7e267c0bf303542b
2,day2_n4_topk_seed42,42,183,1,False,False,True,0.8512,0.0,0.09810648,0.18811607,8.74942518436228e-09,5.353066080715507e-05,5.3530657169176266e-05,7e267c0bf303542b
2,day2_n4_topk_seed42,42,183,2,False,False,True,0.8524,0.0,0.10290192,-0.16798422,-7.58812390699859e-08,5.10562676936388e-05,5.105632226332091e-05,7e267c0bf303542b
2,day2_n4_topk_seed42,42,183,3,False,False,True,0.8512,0.0,-0.23666188,0.001658853,2.5813582738010155e-07,5.8355606597615406e-05,5.835617412230931e-05,7e267c0bf303542b
2,day2_n4_topk_seed42,42,184,0,False,False,True,0.851,0.0,-0.046168316,0.0032064123,-6.825020903988843e-08,4.6194560127332807e-05,4.61946074210573e-05,7e267c0bf303542b
2,day2_n4_topk_seed42,42,184,1,False,False,True,0.8504,0.0,-0.11348084,-0.17235,1.0052821153294644e-07,5.4251064284471795e-05,5.425115887192078e-05,7e267c0bf303542b
2,day2_n4_topk_seed42,42,184,2,False,False,True,0.852,0.0,-0.07901623,0.1881729,-5.669893354820488e-08,5.084241274744272e-05,5.084244185127318e-05,7e267c0bf303542b
2,day2_n4_topk_seed42,42,184,3,False,False,True,0.8496,0.0,0.23866563,-0.019029463,1.6758798437876976e-07,5.996281834086403e-05,5.9963051171507686e-05,7e267c0bf303542b
2,day2_n4_topk_seed42,42,185,0,False,False,True,0.855,0.0,-0.052637585,0.031155339,-1.0555139340340247e-07,4.6483321057166904e-05,4.648344111046754e-05,7e267c0bf303542b
2,day2_n4_topk_seed42,42,185,1,False,False,True,0.8534,0.0,-0.10452305,-0.1883435,-3.5438301182466603e-09,5.4426855058409274e-05,5.4426855058409274e-05,7e267c0bf303542b
2,day2_n4_topk_seed42,42,185,2,False,False,True,0.8492,0.0,-0.08558299,0.17117931,-3.547726024066833e-08,5.097114262753166e-05,5.097114990348928e-05,7e267c0bf303542b
2,day2_n4_topk_seed42,42,185,3,False,False,True,0.8524,0.0,0.24274349,-0.013991098,1.0303053699090015e-07,6.155622395453975e-05,6.155631126603112e-05,7e267c0bf303542b
2,day2_n4_topk_seed42,42,186,0,False,False,True,0.8508,0.0,0.070085265,-0.013946531,-8.78419825767196e-08,4.694218296208419e-05,4.6942262997617945e-05,7e267c0bf303542b
2,day2_n4_topk_seed42,42,186,1,False,False,True,0.8522,0.0,0.0922715,-0.17022176,5.855936180410026e-08,5.156066981726326e-05,5.156069892109372e-05,7e267c0bf303542b
2,day2_n4_topk_seed42,42,186,2,False,False,True,0.8508,0.0,0.08661231,0.18635193,-1.8014823410794634e-07,5.2813476941082627e-05,5.281378253130242e-05,7e267c0bf303542b
2,day2_n4_topk_seed42,42,186,3,False,False,True,0.8506,0.0,-0.24896896,-0.002183795,1.4469571851805085e-07,6.299866072367877e-05,6.29988280707039e-05,7e267c0bf303542b
2,day2_n4_topk_seed42,42,187,0,False,False,True,0.8528,0.0,0.04820623,-0.020619689,-6.470729374541406e-08,4.695235475082882e-05,4.695240204455331e-05,7e267c0bf303542b
2,day2_n4_topk_seed42,42,187,1,False,False,True,0.8544,0.0,0.09382561,-0.17528193,-4.1399303540856636e-08,5.283209975459613e-05,5.283211430651136e-05,7e267c0bf303542b
2,day2_n4_topk_seed42,42,187,2,False,False,True,0.8496,0.0,0.10257948,0.18825294,-5.4210204325499944e-08,5.4096664825920016e-05,5.409669392975047e-05,7e267c0bf303542b
2,day2_n4_topk_seed42,42,187,3,False,False,True,0.8496,0.0,-0.24461105,0.007648629,2.015511313402385e-08,6.182221113704145e-05,6.182221841299906e-05,7e267c0bf303542b
2,day2_n4_topk_seed42,42,188,0,False,False,True,0.853,0.0,-0.07055037,-0.06937914,-7.908139565415695e-08,4.8335365136153996e-05,4.8335426981793717e-05,7e267c0bf303542b
2,day2_n4_topk_seed42,42,188,1,False,False,True,0.8522,0.0,-0.079767436,-0.14637205,-1.0014367290978043e-07,5.088669422548264e-05,5.0886792450910434e-05,7e267c0bf303542b
2,day2_n4_topk_seed42,42,188,2,False,False,True,0.8524,0.0,-0.10390404,0.19942462,-1.6864235874436417e-07,5.487581802299246e-05,5.487607268150896e-05,7e267c0bf303542b
2,day2_n4_topk_seed42,42,188,3,False,False,True,0.8506,0.0,0.25422186,0.016326593,3.1258102239917207e-07,6.448505882872269e-05,6.448580825235695e-05,7e267c0bf303542b
2,day2_n4_topk_seed42,42,189,0,False,False,True,0.8522,0.0,0.07233669,-0.00034754068,-7.825262571259373e-08,4.833709681406617e-05,4.833715865970589e-05,7e267c0bf303542b
2,day2_n4_topk_seed42,42,189,1,False,False,True,0.8546,0.0,0.08222927,-0.18793984,1.509185842962779e-08,5.395624248194508e-05,5.395624611992389e-05,7e267c0bf303542b
2,day2_n4_topk_seed42,42,189,2,False,False,True,0.8522,0.0,0.10450703,0.1767408,-7.589107298144881e-08,5.268966924631968e-05,5.268972381600179e-05,7e267c0bf303542b
2,day2_n4_topk_seed42,42,189,3,False,False,True,0.8478,0.0,-0.25907242,0.011546467,2.83865716710352e-07,6.541069888044149e-05,6.541131733683869e-05,7e267c0bf303542b
2,day2_n4_topk_seed42,42,190,0,False,False,True,0.8536,0.0,0.06385969,-0.065238066,-1.6800730406885123e-07,4.865525261266157e-05,4.865554001298733e-05,7e267c0bf303542b
2,day2_n4_topk_seed42,42,190,1,False,False,True,0.8542,0.0,0.08242136,-0.15641314,-1.501926938374254e-08,5.2075447456445545e-05,5.2075447456445545e-05,7e267c0bf303542b
2,day2_n4_topk_seed42,42,190,2,False,False,True,0.8484,0.0,0.11013325,0.20159014,-1.254745711776195e-07,5.649800368701108e-05,5.649813829222694e-05,7e267c0bf303542b
2,day2_n4_topk_seed42,42,190,3,False,False,True,0.8508,0.0,-0.256414,0.020060983,1.772801283550507e-07,6.499444134533405e-05,6.499468145193532e-05,7e267c0bf303542b
2,day2_n4_topk_seed42,42,191,0,False,False,True,0.8506,0.0,-0.06230208,-0.050949212,-6.865123935995143e-08,4.8039477405836806e-05,4.80395246995613e-05,7e267c0bf303542b
2,day2_n4_topk_seed42,42,191,1,False,False,True,0.849,0.0,-0.080488116,-0.16788256,-3.002851656219718e-08,5.165649781702086e-05,5.1656508730957285e-05,7e267c0bf303542b
2,day2_n4_topk_seed42,42,191,2,False,False,True,0.852,0.0,-0.11618122,0.19554184,-1.9748046042877831e-07,5.661316754412837e-05,5.661351315211505e-05,7e267c0bf303542b
2,day2_n4_topk_seed42,42,191,3,False,False,True,0.8512,0.0,0.25897118,0.02329018,1.980003787593887e-07,6.564470095327124e-05,6.564499199157581e-05,7e267c0bf303542b
2,day2_n4_topk_seed42,42,192,0,False,False,True,0.852,0.0,0.056259096,0.0051168525,-9.629452790704818e-08,4.907445691060275e-05,4.9074547860072926e-05,7e267c0bf303542b
2,day2_n4_topk_seed42,42,192,1,False,False,True,0.85,0.0,0.096206255,0.186612,-3.5428552536131974e-08,5.490496550919488e-05,5.4904972785152495e-05,7e267c0bf303542b
2,day2_n4_topk_seed42,42,192,2,False,False,True,0.852,0.0,0.10198333,-0.18804783,1.0404361816540586e-08,5.4158386774361134e-05,5.4158383136382326e-05,7e267c0bf303542b
2,day2_n4_topk_seed42,42,192,3,False,False,True,0.8506,0.0,-0.2544487,-0.0036810357,3.413458955492388e-07,6.306388240773231e-05,6.30647991783917e-05,7e267c0bf303542b
2,day2_n4_topk_seed42,42,193,0,False,False,True,0.852,0.0,0.06956705,0.037313636,-5.1209632090376545e-08,4.7750469093443826e-05,4.7750494559295475e-05,7e267c0bf303542b
2,day2_n4_topk_seed42,42,193,1,False,False,True,0.8504,0.0,0.099112175,-0.20108692,1.2435894802820258e-07,5.6023265642579645e-05,5.602340024779551e-05,7e267c0bf303542b
2,day2_n4_topk_seed42,42,193,2,False,False,True,0.8482,0.0,0.09467399,0.16888264,-2.3777900537425012e-08,5.3625302825821564e-05,5.362530646380037e-05,7e267c0bf303542b
2,day2_n4_topk_seed42,42,193,3,False,False,True,0.8464,0.0,-0.26335317,-0.005109327,2.64255845650041e-07,6.634709279751405e-05,6.634761666646227e-05,7e267c0bf303542b
2,day2_n4_topk_seed42,42,194,0,False,False,True,0.8496,0.0,0.063145965,-0.016389584,-1.4220297828160255e-07,4.908796108793467e-05,4.908816481474787e-05,7e267c0bf303542b
2,day2_n4_topk_seed42,42,194,1,False,False,True,0.8538,0.0,0.11233491,-0.17178224,-7.917162747617112e-08,5.406197306001559e-05,5.4062027629697695e-05,7e267c0bf303542b
2,day2_n4_topk_seed42,42,194,2,False,False,True,0.8496,0.0,0.081271626,0.20307913,-6.0666231149753e-08,5.5545748182339594e-05,5.554577728617005e-05,7e267c0bf303542b
2,day2_n4_topk_seed42,42,194,3,False,False,True,0.85,0.0,-0.25675222,-0.014907354,1.8203081708634272e-07,6.469511572504416e-05,6.469537038356066e-05,7e267c0bf303542b
2,day2_n4_topk_seed42,42,195,0,False,False,True,0.8532,0.0,-0.06065998,0.0036634167,-1.024164646423742e-07,4.9305814172839746e-05,4.930591967422515e-05,7e267c0bf303542b
2,day2_n4_topk_seed42,42,195,1,False,False,True,0.8464,0.0,-0.11005095,0.17609882,-1.9281561947082082e-07,5.404421972343698e-05,5.4044565331423655e-05,7e267c0bf303542b
2,day2_n4_topk_seed42,42,195,2,False,False,True,0.8502,0.0,-0.086972415,-0.19127429,-1.253922050636902e-07,5.484107896336354e-05,5.484122084453702e-05,7e267c0bf303542b
2,day2_n4_topk_seed42,42,195,3,False,False,True,0.849,0.0,0.25768334,0.011512104,1.9031115527923248e-07,6.484245386673138e-05,6.484273035312071e-05,7e267c0bf303542b
2,day2_n4_topk_seed42,42,196,0,False,False,True,0.8548,0.0,0.06271496,-0.019653361,-1.1089002782682655e-07,4.845434523303993e-05,4.845446892431937e-05,7e267c0bf303542b
2,day2_n4_topk_seed42,42,196,1,False,False,True,0.8502,0.0,0.089176536,-0.18072887,-8.445270793799864e-08,5.434644845081493e-05,5.434651029645465e-05,7e267c0bf303542b
2,day2_n4_topk_seed42,42,196,2,False,False,True,0.8518,0.0,0.107728764,0.18884651,-9.672685763462141e-08,5.424786650110036e-05,5.424794289865531e-05,7e267c0bf303542b
2,day2_n4_topk_seed42,42,196,3,False,False,True,0.8496,0.0,-0.25962028,0.011535594,3.030281447991001e-07,6.51973532512784e-05,6.519805174320936e-05,7e267c0bf303542b
2,day2_n4_topk_seed42,42,197,0,False,False,True,0.8524,0.0,0.08061065,-0.038227867,-1.7191067058774934e-07,4.938300480716862e-05,4.93833031214308e-05,7e267c0bf303542b
2,day2_n4_topk_seed42,42,197,1,False,False,True,0.8518,0.0,0.08414572,-0.1688739,6.106722594267922e-08,5.410896483226679e-05,5.4108997574076056e-05,7e267c0bf303542b
2,day2_n4_topk_seed42,42,197,2,False,False,True,0.8532,0.0,0.09918851,0.1981505,-7.927509670935251e-08,5.495316145243123e-05,5.495322329807095e-05,7e267c0bf303542b
2,day2_n4_topk_seed42,42,197,3,False,False,True,0.8476,0.0,-0.26394454,0.008951342,2.4212522475863807e-07,6.67488930048421e-05,6.674932228634134e-05,7e267c0bf303542b
2,day2_n4_topk_seed42,42,198,0,False,False,True,0.851,0.0,0.06429809,-0.030370552,-2.324837993228357e-07,4.97383443871513e-05,4.9738890083972365e-05,7e267c0bf303542b
2,day2_n4_topk_seed42,42,198,1,False,False,True,0.852,0.0,0.09939962,-0.17608681,2.435822210600236e-08,5.565436731558293e-05,5.5654374591540545e-05,7e267c0bf303542b
2,day2_n4_topk_seed42,42,198,2,False,False,True,0.8528,0.0,0.102328606,0.2019216,-1.5811833975476475e-07,5.533113653655164e-05,5.533136209123768e-05,7e267c0bf303542b
2,day2_n4_topk_seed42,42,198,3,False,False,True,0.8508,0.0,-0.2660262,0.004535685,1.8783799760058173e-07,6.697416392853484e-05,6.697442586300895e-05,7e267c0bf303542b
2,day2_n4_topk_seed42,42,199,0,False,False,True,0.8524,0.0,0.07695504,-0.041875303,-9.00055354691176e-08,5.049020910519175e-05,5.049028914072551e-05,7e267c0bf303542b
2,day2_n4_topk_seed42,42,199,1,False,False,True,0.852,0.0,0.080417804,-0.17180832,-7.863415873998747e-08,5.325796519173309e-05,5.3258023399394006e-05,7e267c0bf303542b
2,day2_n4_topk_seed42,42,199,2,False,False,True,0.8524,0.0,0.10771913,0.19764638,-1.8617529917719366e-07,5.5134223657660186e-05,5.5134536523837596e-05,7e267c0bf303542b
2,day2_n4_topk_seed42,42,199,3,False,False,True,0.8518,0.0,-0.2650914,0.016037215,2.0263716749013838e-07,6.700399535475299e-05,6.700430094497278e-05,7e267c0bf303542b
2,day2_n4_topk_seed42,42,200,0,False,False,True,0.8536,0.0,0.06934462,0.0038854762,-7.136540602914465e-08,4.985518171451986e-05,4.985522900824435e-05,7e267c0bf303542b
2,day2_n4_topk_seed42,42,200,1,False,False,True,0.8544,0.0,0.10133861,0.18672222,-1.1779192732319643e-08,5.640235758619383e-05,5.640235394821502e-05,7e267c0bf303542b
2,day2_n4_topk_seed42,42,200,2,False,False,True,0.8522,0.0,0.09218542,-0.19517146,-1.2154740547387632e-09,5.481670086737722e-05,5.4816697229398414e-05,7e267c0bf303542b
2,day2_n4_topk_seed42,42,200,3,False,False,True,0.8474,0.0,-0.26286826,0.0045637456,1.395861346509264e-07,6.659424980171025e-05,6.659439532086253e-05,7e267c0bf303542b
