day,run_name,seed,epoch,worker_id,is_malicious,is_flagged,is_accepted,validation_acc,detector_score,projection_1,projection_2,update_mean,update_std,update_rms,config_hash
2,day2_n4_softmax_seed42,42,1,0,False,False,True,0.0996,0.0,120.52339,254.55753,0.0005029591266065836,0.08192326128482819,0.08192479610443115,7e267c0bf303542b
2,day2_n4_softmax_seed42,42,1,1,False,False,True,0.1558,0.0,206.96358,-314.3422,0.00010941842629108578,0.09198736399412155,0.09198743104934692,7e267c0bf303542b
2,day2_n4_softmax_seed42,42,1,2,False,False,True,0.0956,0.0,-431.76077,-52.502148,0.0003668823337648064,0.10803402960300446,0.1080346554517746,7e267c0bf303542b
2,day2_n4_softmax_seed42,42,1,3,False,False,True,0.0962,0.0,104.27626,112.28725,-9.522745676804334e-05,0.07766734063625336,0.07766739279031754,7e267c0bf303542b
2,day2_n4_softmax_seed42,42,2,0,False,False,True,0.1166,0.0,35.531464,43.449604,-0.00019111300935037434,0.014137963764369488,0.014139256440103054,7e267c0bf303542b
2,day2_n4_softmax_seed42,42,2,1,False,False,True,0.162,0.0,30.973932,-44.074562,-0.00023865538241807371,0.013259876519441605,0.013262022286653519,7e267c0bf303542b
2,day2_n4_softmax_seed42,42,2,2,False,False,True,0.1312,0.0,27.92024,-0.9779995,-0.0002544844464864582,0.01017804630100727,0.010181228630244732,7e267c0bf303542b
2,day2_n4_softmax_seed42,42,2,3,False,False,True,0.0982,0.0,-94.42546,1.602952,-0.0004214243672322482,0.025634832680225372,0.025638295337557793,7e267c0bf303542b
2,day2_n4_softmax_seed42,42,3,0,False,False,True,0.1738,0.0,17.563099,-16.887072,-6.184320955071598e-05,0.005414973478764296,0.0054153273813426495,7e267c0bf303542b
2,day2_n4_softmax_seed42,42,3,1,False,False,True,0.1676,0.0,13.248948,7.8120055,-6.252653838600963e-05,0.004282372538000345,0.004282829351723194,7e267c0bf303542b
2,day2_n4_softmax_seed42,42,3,2,False,False,True,0.144,0.0,13.99173,10.199617,-0.00013306940672919154,0.004843424074351788,0.0048452517949044704,7e267c0bf303542b
2,day2_n4_softmax_seed42,42,3,3,False,False,True,0.148,0.0,-44.80367,-1.1244214,3.136070154141635e-05,0.012537365779280663,0.012537404894828796,7e267c0bf303542b
2,day2_n4_softmax_seed42,42,4,0,False,False,True,0.1338,0.0,11.542656,8.034919,-8.91506570042111e-05,0.004402261693030596,0.004403164144605398,7e267c0bf303542b
2,day2_n4_softmax_seed42,42,4,1,False,False,True,0.1712,0.0,3.2048764,-3.9338844,-4.2781477532116696e-05,0.0031888007652014494,0.0031890878453850746,7e267c0bf303542b
2,day2_n4_softmax_seed42,42,4,2,False,False,True,0.2024,0.0,-0.9066475,-10.584238,-2.2240019461605698e-05,0.0038666294422000647,0.0038666934706270695,7e267c0bf303542b
2,day2_n4_softmax_seed42,42,4,3,False,False,True,0.1656,0.0,-13.840834,6.4831963,-7.191325130406767e-05,0.004770061932504177,0.004770603962242603,7e267c0bf303542b
2,day2_n4_softmax_seed42,42,5,0,False,False,True,0.1934,0.0,4.975839,3.672727,-3.1250448955688626e-05,0.002874830039218068,0.002875000238418579,7e267c0bf303542b
2,day2_n4_softmax_seed42,42,5,1,False,False,True,0.1832,0.0,-7.362035,0.927113,-4.518675268627703e-05,0.0031114111188799143,0.0031117391772568226,7e267c0bf303542b
2,day2_n4_softmax_seed42,42,5,2,False,False,True,0.2032,0.0,-0.97721094,-0.92653114,-3.8724781916243955e-05,0.0026951052714139223,0.002695383271202445,7e267c0bf303542b
2,day2_n4_softmax_seed42,42,5,3,False,False,True,0.1638,0.0,3.363423,-3.6733065,-3.605024176067673e-05,0.002759234979748726,0.0027594706043601036,7e267c0bf303542b
2,day2_n4_softmax_seed42,42,6,0,False,False,True,0.1908,0.0,3.6501372,-1.3644576,-3.458443461568095e-05,0.0025810960214585066,0.002581327920779586,7e267c0bf303542b
2,day2_n4_softmax_seed42,42,6,1,False,False,True,0.2066,0.0,-0.2846879,0.6985547,-3.744159039342776e-05,0.002485546749085188,0.0024858287069946527,7e267c0bf303542b
2,day2_n4_softmax_seed42,42,6,2,False,False,True,0.196,0.0,-3.113835,-1.8680897,-2.8673934139078483e-05,0.0025639585219323635,0.002564118942245841,7e267c0bf303542b
2,day2_n4_softmax_seed42,42,6,3,False,False,True,0.2176,0.0,-0.25161618,2.5340006,-3.685584670165554e-05,0.00250307098031044,0.002503342228010297,7e267c0bf303542b
2,day2_n4_softmax_seed42,42,7,0,False,False,True,0.2482,0.0,3.8721576,2.1666987,-2.297071841894649e-05,0.0026567589957267046,0.002656858181580901,7e267c0bf303542b
2,day2_n4_softmax_seed42,42,7,1,False,False,True,0.2252,0.0,-3.499473,2.6660101,-2.8849901354988106e-05,0.0025355808902531862,0.002535745035856962,7e267c0bf303542b
2,day2_n4_softmax_seed42,42,7,2,False,False,True,0.2222,0.0,-0.397,-2.509612,-3.445043694227934e-05,0.002430772176012397,0.002431016182526946,7e267c0bf303542b
2,day2_n4_softmax_seed42,42,7,3,False,False,True,0.2542,0.0,0.024313718,-2.3231142,-3.50065492966678e-05,0.0024414651561528444,0.002441716380417347,7e267c0bf303542b
2,day2_n4_softmax_seed42,42,8,0,False,False,True,0.2762,0.0,1.9202836,1.8422296,-3.282065154053271e-05,0.0023753533605486155,0.0023755799047648907,7e267c0bf303542b
2,day2_n4_softmax_seed42,42,8,1,False,False,True,0.2818,0.0,0.48168424,-2.2866807,-3.6413181078387424e-05,0.0023687267675995827,0.0023690066300332546,7e267c0bf303542b
2,day2_n4_softmax_seed42,42,8,2,False,False,True,0.2732,0.0,-2.6163697,0.89425683,-3.796720193349756e-05,0.0023622249718755484,0.002362529980018735,7e267c0bf303542b
2,day2_n4_softmax_seed42,42,8,3,False,False,True,0.275,0.0,0.21440195,-0.44980568,-3.0111537853372283e-05,0.002355300122871995,0.0023554929066449404,7e267c0bf303542b
2,day2_n4_softmax_seed42,42,9,0,False,False,True,0.3106,0.0,-1.4258342,2.547503,-3.5975703212898225e-05,0.0022941664792597294,0.0022944484371691942,7e267c0bf303542b
2,day2_n4_softmax_seed42,42,9,1,False,False,True,0.2784,0.0,-0.38830867,-0.8818445,-2.9591508791781962e-05,0.0022818008437752724,0.002281992696225643,7e267c0bf303542b
2,day2_n4_softmax_seed42,42,9,2,False,False,True,0.3236,0.0,-1.1891109,-1.9779489,-3.212364390492439e-05,0.002295032376423478,0.0022952572908252478,7e267c0bf303542b
2,day2_n4_softmax_seed42,42,9,3,False,False,True,0.2452,0.0,3.0032525,0.3122903,-2.7959296858171e-05,0.002319963416084647,0.002320131752640009,7e267c0bf303542b
2,day2_n4_softmax_seed42,42,10,0,False,False,True,0.3278,0.0,2.41494,0.83873296,-3.286331411800347e-05,0.0022206464782357216,0.0022208893205970526,7e267c0bf303542b
2,day2_n4_softmax_seed42,42,10,1,False,False,True,0.3236,0.0,-1.0382532,-2.7043839,-3.364017902640626e-05,0.0022085094824433327,0.002208765596151352,7e267c0bf303542b
2,day2_n4_softmax_seed42,42,10,2,False,False,True,0.3344,0.0,-2.2632034,2.0596294,-3.131389894406311e-05,0.002214919775724411,0.002215141197666526,7e267c0bf303542b
2,day2_n4_softmax_seed42,42,10,3,False,False,True,0.3326,0.0,0.88651687,-0.19397837,-3.120248220511712e-05,0.002220870228484273,0.0022210893221199512,7e267c0bf303542b
2,day2_n4_softmax_seed42,42,11,0,False,False,True,0.3358,0.0,2.6047587,-1.6263044,-3.069885497097857e-05,0.002133909845724702,0.0021341305691748857,7e267c0bf303542b
2,day2_n4_softmax_seed42,42,11,1,False,False,True,0.3514,0.0,0.28197882,2.043716,-3.3262160286540166e-05,0.002126275096088648,0.002126535167917609,7e267c0bf303542b
2,day2_n4_softmax_seed42,42,11,2,False,False,True,0.3658,0.0,-2.3662117,-1.8652017,-3.147295501548797e-05,0.002140503842383623,0.002140735276043415,7e267c0bf303542b
2,day2_n4_softmax_seed42,42,11,3,False,False,True,0.3352,0.0,-0.5205269,1.4477906,-3.201818617526442e-05,0.0021232974249869585,0.0021235388703644276,7e267c0bf303542b
2,day2_n4_softmax_seed42,42,12,0,False,False,True,0.3598,0.0,2.7260432,-0.8563928,-2.9623633963637985e-05,0.002056524157524109,0.0020567376632243395,7e267c0bf303542b
2,day2_n4_softmax_seed42,42,12,1,False,False,True,0.3582,0.0,0.495894,0.81084454,-3.011863009305671e-05,0.002047424903139472,0.002047646325081587,7e267c0bf303542b
2,day2_n4_softmax_seed42,42,12,2,False,False,True,0.3986,0.0,-2.032277,-2.3577228,-2.837608553818427e-05,0.002061182865872979,0.0020613782107830048,7e267c0bf303542b
2,day2_n4_softmax_seed42,42,12,3,False,False,True,0.3724,0.0,-1.1896596,2.403271,-3.185358946211636e-05,0.00205630948767066,0.002056556288152933,7e267c0bf303542b
2,day2_n4_softmax_seed42,42,13,0,False,False,True,0.394,0.0,2.3432376,1.536687,-3.0900599085725844e-05,0.001990991411730647,0.0019912312272936106,7e267c0bf303542b
2,day2_n4_softmax_seed42,42,13,1,False,False,True,0.4016,0.0,0.3605438,-3.0697994,-2.6335577786085196e-05,0.0019889010582119226,0.0019890754483640194,7e267c0bf303542b
2,day2_n4_softmax_seed42,42,13,2,False,False,True,0.3812,0.0,-2.8406005,0.9080958,-2.872777622542344e-05,0.0019906519446521997,0.0019908591639250517,7e267c0bf303542b
2,day2_n4_softmax_seed42,42,13,3,False,False,True,0.392,0.0,0.13681833,0.6250136,-2.6937395887216553e-05,0.0019829978700727224,0.0019831808749586344,7e267c0bf303542b
2,day2_n4_softmax_seed42,42,14,0,False,False,True,0.3516,0.0,3.1576777,0.09612443,-3.0851926567265764e-05,0.0019246299052610993,0.001924877054989338,7e267c0bf303542b
2,day2_n4_softmax_seed42,42,14,1,False,False,True,0.4052,0.0,-0.8736265,-2.3088443,-2.8377551643643528e-05,0.001911525847390294,0.0019117365591228008,7e267c0bf303542b
2,day2_n4_softmax_seed42,42,14,2,False,False,True,0.3668,0.0,-1.2073573,-0.47312763,-2.9812152206432074e-05,0.0019100557547062635,0.001910288236103952,7e267c0bf303542b
2,day2_n4_softmax_seed42,42,14,3,False,False,True,0.4152,0.0,-1.0766928,2.6858466,-3.1007173674879596e-05,0.0019168941071256995,0.001917144749313593,7e267c0bf303542b
2,day2_n4_softmax_seed42,42,15,0,False,False,True,0.431,0.0,-1.1860482,1.7259623,-2.7241123461863026e-05,0.0018535252893343568,0.0018537255236878991,7e267c0bf303542b
2,day2_n4_softmax_seed42,42,15,1,False,False,True,0.4058,0.0,-0.053700555,1.6854987,-2.535717976570595e-05,0.0018486600602045655,0.0018488341011106968,7e267c0bf303542b
2,day2_n4_softmax_seed42,42,15,2,False,False,True,0.4214,0.0,-1.7769558,-2.5927894,-2.7595338906394318e-05,0.001854571863077581,0.0018547772197052836,7e267c0bf303542b
2,day2_n4_softmax_seed42,42,15,3,False,False,True,0.4256,0.0,3.0167043,-0.81867,-2.741031494224444e-05,0.0018636775203049183,0.0018638791516423225,7e267c0bf303542b
2,day2_n4_softmax_seed42,42,16,0,False,False,True,0.42,0.0,0.953606,-2.5950866,-2.5527198886265978e-05,0.0017990658525377512,0.0017992471111938357,7e267c0bf303542b
2,day2_n4_softmax_seed42,42,16,1,False,False,True,0.4276,0.0,2.0051942,2.5112143,-2.6259627702529542e-05,0.0018112144898623228,0.001811404712498188,7e267c0bf303542b
2,day2_n4_softmax_seed42,42,16,2,False,False,True,0.4102,0.0,0.33691898,-0.62884516,-2.3190583306131884e-05,0.001792995841242373,0.001793145784176886,7e267c0bf303542b
2,day2_n4_softmax_seed42,42,16,3,False,False,True,0.4,0.0,-3.295716,0.712717,-2.413755100860726e-05,0.0018348844023421407,0.0018350431928411126,7e267c0bf303542b
2,day2_n4_softmax_seed42,42,17,0,False,False,True,0.453,0.0,0.79249805,-2.3710046,-2.5239567548851483e-05,0.0017492801416665316,0.0017494623316451907,7e267c0bf303542b
2,day2_n4_softmax_seed42,42,17,1,False,False,True,0.4474,0.0,-2.9828022,1.2373126,-2.953769580926746e-05,0.001753582269884646,0.001753831165842712,7e267c0bf303542b
2,day2_n4_softmax_seed42,42,17,2,False,False,True,0.4266,0.0,-0.09528416,-1.2510194,-2.79541145573603e-05,0.0017484831623733044,0.0017487064469605684,7e267c0bf303542b
2,day2_n4_softmax_seed42,42,17,3,False,False,True,0.4334,0.0,2.2855885,2.3847127,-2.5875131541397423e-05,0.0017612072406336665,0.00176139734685421,7e267c0bf303542b
2,day2_n4_softmax_seed42,42,18,0,False,False,True,0.3892,0.0,-2.7982504,-1.803844,-2.65737107838504e-05,0.0017263001063838601,0.0017265045316889882,7e267c0bf303542b
2,day2_n4_softmax_seed42,42,18,1,False,False,True,0.4384,0.0,0.5483228,-0.53152966,-2.3476892238250002e-05,0.0017002344829961658,0.0017003965331241488,7e267c0bf303542b
2,day2_n4_softmax_seed42,42,18,2,False,False,True,0.4112,0.0,-0.5551604,3.364956,-2.56974199146498e-05,0.0017211553640663624,0.0017213471001014113,7e267c0bf303542b
2,day2_n4_softmax_seed42,42,18,3,False,False,True,0.44,0.0,2.8050895,-1.0295811,-2.760532879619859e-05,0.0017194272950291634,0.0017196489498019218,7e267c0bf303542b
2,day2_n4_softmax_seed42,42,19,0,False,False,True,0.4054,0.0,-1.0412874,3.3282402,-2.7382486223359592e-05,0.001684409799054265,0.00168463250156492,7e267c0bf303542b
2,day2_n4_softmax_seed42,42,19,1,False,False,True,0.447,0.0,2.7941027,-0.8724941,-2.914729338954203e-05,0.0016712250653654337,0.0016714793164283037,7e267c0bf303542b
2,day2_n4_softmax_seed42,42,19,2,False,False,True,0.4556,0.0,1.0598828,-0.2592006,-2.4958106223493814e-05,0.0016725356690585613,0.0016727219335734844,7e267c0bf303542b
2,day2_n4_softmax_seed42,42,19,3,False,False,True,0.4474,0.0,-2.812697,-2.196545,-2.8680295145022683e-05,0.0016967427218332887,0.0016969850985333323,7e267c0bf303542b
2,day2_n4_softmax_seed42,42,20,0,False,False,True,0.467,0.0,-1.8909051,2.5779834,-1.7009457224048674e-05,0.0016529220156371593,0.0016530095599591732,7e267c0bf303542b
2,day2_n4_softmax_seed42,42,20,1,False,False,True,0.4682,0.0,-1.1634079,-3.3892338,-1.9618828446255066e-05,0.0016533879097551107,0.0016535043250769377,7e267c0bf303542b
2,day2_n4_softmax_seed42,42,20,2,False,False,True,0.4472,0.0,3.6641083,0.33373636,-2.2376161723514087e-05,0.0016565029509365559,0.0016566540580242872,7e267c0bf303542b
2,day2_n4_softmax_seed42,42,20,3,False,False,True,0.4528,0.0,-0.6097937,0.47751358,-2.1480867872014642e-05,0.001635740278288722,0.0016358812572434545,7e267c0bf303542b
2,day2_n4_softmax_seed42,42,21,0,False,False,True,0.4806,0.0,0.68954283,1.8294617,-2.3970605980139226e-05,0.0015976460417732596,0.0015978257870301604,7e267c0bf303542b
2,day2_n4_softmax_seed42,42,21,1,False,False,True,0.4738,0.0,1.6154435,1.9277889,-2.5302573703811504e-05,0.0016094059683382511,0.0016096048057079315,7e267c0bf303542b
2,day2_n4_softmax_seed42,42,21,2,False,False,True,0.4054,0.0,-3.9622586,-0.3293964,-2.7197293093195185e-05,0.001657706219702959,0.0016579293878749013,7e267c0bf303542b
2,day2_n4_softmax_seed42,42,21,3,False,False,True,0.4458,0.0,1.6572706,-3.4278524,-2.5936209567589685e-05,0.0016210459871217608,0.0016212534392252564,7e267c0bf303542b
2,day2_n4_softmax_seed42,42,22,0,False,False,True,0.4866,0.0,1.4407578,-1.8884844,-1.8175309378420934e-05,0.0015731377061456442,0.0015732425963506103,7e267c0bf303542b
2,day2_n4_softmax_seed42,42,22,1,False,False,True,0.456,0.0,-4.270503,0.24164294,-2.1870007913094014e-05,0.0016682174755260348,0.0016683607827872038,7e267c0bf303542b
2,day2_n4_softmax_seed42,42,22,2,False,False,True,0.4866,0.0,1.6763484,3.54398,-2.2116286345408298e-05,0.0015965007478371263,0.0015966539504006505,7e267c0bf303542b
2,day2_n4_softmax_seed42,42,22,3,False,False,True,0.4692,0.0,1.1534004,-1.897138,-2.0698093067039736e-05,0.0015755455242469907,0.0015756814973428845,7e267c0bf303542b
2,day2_n4_softmax_seed42,42,23,0,False,False,True,0.4848,0.0,-0.7789065,2.017564,-1.669678749749437e-05,0.0015396696981042624,0.0015397601528093219,7e267c0bf303542b
2,day2_n4_softmax_seed42,42,23,1,False,False,True,0.4726,0.0,-1.4523944,-3.5841255,-1.6671525372657925e-05,0.0015500376466661692,0.001550127170048654,7e267c0bf303542b
2,day2_n4_softmax_seed42,42,23,2,False,False,True,0.4882,0.0,3.9577818,-0.16350953,-1.9489627447910607e-05,0.001572557957842946,0.0015726785641163588,7e267c0bf303542b
2,day2_n4_softmax_seed42,42,23,3,False,False,True,0.4862,0.0,-1.7264805,1.7300706,-1.9604209228418767e-05,0.0015514573315158486,0.0015515809645876288,7e267c0bf303542b
2,day2_n4_softmax_seed42,42,24,0,False,False,True,0.4974,0.0,4.00557,-0.9823816,-2.294929618074093e-05,0.0015504994662478566,0.0015506691997870803,7e267c0bf303542b
2,day2_n4_softmax_seed42,42,24,1,False,False,True,0.4802,0.0,-0.29774234,3.8958645,-2.4371758627239615e-05,0.0015386807499453425,0.0015388737665489316,7e267c0bf303542b
2,day2_n4_softmax_seed42,42,24,2,False,False,True,0.4822,0.0,-1.6876036,-2.3778405,-2.113408481818624e-05,0.0015443461015820503,0.0015444906894117594,7e267c0bf303542b
2,day2_n4_softmax_seed42,42,24,3,False,False,True,0.4956,0.0,-2.0202234,-0.5356382,-1.9018798411707394e-05,0.0015344840940088034,0.001534602022729814,7e267c0bf303542b
2,day2_n4_softmax_seed42,42,25,0,False,False,True,0.498,0.0,-1.4143736,3.9205124,-2.2499862097902223e-05,0.0015312937321141362,0.0015314589254558086,7e267c0bf303542b
2,day2_n4_softmax_seed42,42,25,1,False,False,True,0.4844,0.0,-1.8748506,-2.8077433,-1.9330040231579915e-05,0.001528291148133576,0.0015284133842214942,7e267c0bf303542b
2,day2_n4_softmax_seed42,42,25,2,False,False,True,0.5006,0.0,-1.1462176,-0.9345991,-2.2363770767697133e-05,0.0015180790796875954,0.0015182438073679805,7e267c0bf303542b
2,day2_n4_softmax_seed42,42,25,3,False,False,True,0.4662,0.0,4.435442,-0.1781741,-1.5595631339238025e-05,0.0015803262358531356,0.001580403302796185,7e267c0bf303542b
2,day2_n4_softmax_seed42,42,26,0,False,False,True,0.5174,0.0,3.1859157,3.059268,-1.5688943676650524e-05,0.0015408226754516363,0.0015409025363624096,7e267c0bf303542b
2,day2_n4_softmax_seed42,42,26,1,False,False,True,0.5042,0.0,0.59949666,-2.1480048,-1.6609044905635528e-05,0.0015055561671033502,0.0015056479023769498,7e267c0bf303542b
2,day2_n4_softmax_seed42,42,26,2,False,False,True,0.5018,0.0,0.21603994,-2.8702424,-1.8330561943002976e-05,0.001522190636023879,0.0015223008813336492,7e267c0bf303542b
2,day2_n4_softmax_seed42,42,26,3,False,False,True,0.5216,0.0,-4.001453,1.9589784,-1.7449454389861785e-05,0.0015508437063544989,0.0015509419608861208,7e267c0bf303542b
2,day2_n4_softmax_seed42,42,27,0,False,False,True,0.5138,0.0,4.042905,2.0376902,-2.110351670125965e-05,0.0015292526222765446,0.00152939825784415,7e267c0bf303542b
2,day2_n4_softmax_seed42,42,27,1,False,False,True,0.5254,0.0,-0.23135161,-1.7919365,-1.7525668226880953e-05,0.0015154510037973523,0.0015155525179579854,7e267c0bf303542b
2,day2_n4_softmax_seed42,42,27,2,False,False,True,0.5232,0.0,-0.46513486,-3.2885237,-1.8455597455613315e-05,0.001510647707618773,0.0015107605140656233,7e267c0bf303542b
2,day2_n4_softmax_seed42,42,27,3,False,False,True,0.4668,0.0,-3.3464127,3.042769,-1.8075963453156874e-05,0.0015307884896174073,0.0015308951260522008,7e267c0bf303542b
2,day2_n4_softmax_seed42,42,28,0,False,False,True,0.4998,0.0,4.3092146,-1.7491443,-1.7830514480010606e-05,0.0015270663425326347,0.001527170417830348,7e267c0bf303542b
2,day2_n4_softmax_seed42,42,28,1,False,False,True,0.5144,0.0,-2.190594,0.66530186,-2.336913712497335e-05,0.0015121260657906532,0.0015123066259548068,7e267c0bf303542b
2,day2_n4_softmax_seed42,42,28,2,False,False,True,0.5074,0.0,0.3705415,4.0887785,-2.2764059394830838e-05,0.0015103691257536411,0.0015105406055226922,7e267c0bf303542b
2,day2_n4_softmax_seed42,42,28,3,False,False,True,0.5124,0.0,-2.4891646,-3.0049362,-1.7684420527075417e-05,0.0015275166369974613,0.0015276189660653472,7e267c0bf303542b
2,day2_n4_softmax_seed42,42,29,0,False,False,True,0.5146,0.0,-2.1995232,2.4993646,-1.9443194105406292e-05,0.0015175346052274108,0.0015176591696217656,7e267c0bf303542b
2,day2_n4_softmax_seed42,42,29,1,False,False,True,0.5376,0.0,6.0834117,0.00064899086,-1.7564627341926098e-05,0.0018137936713173985,0.0018138786545023322,7e267c0bf303542b
2,day2_n4_softmax_seed42,42,29,2,False,False,True,0.512,0.0,-2.0342453,-4.7091627,-1.905155659187585e-05,0.0015484646428376436,0.0015485819894820452,7e267c0bf303542b
2,day2_n4_softmax_seed42,42,29,3,False,False,True,0.515,0.0,-1.8496405,2.2091472,-1.6367974239983596e-05,0.0015192745486274362,0.001519362791441381,7e267c0bf303542b
2,day2_n4_softmax_seed42,42,30,0,False,False,True,0.4318,0.0,2.2067213,4.1197925,-1.0473036127223168e-05,0.0015687759732827544,0.0015688110142946243,7e267c0bf303542b
2,day2_n4_softmax_seed42,42,30,1,False,False,True,0.5246,0.0,2.1636298,-4.2702355,-1.9034197975997813e-05,0.0015539797022938728,0.0015540962340310216,7e267c0bf303542b
2,day2_n4_softmax_seed42,42,30,2,False,False,True,0.5444,0.0,1.2415152,0.14478292,-1.6018939277273603e-05,0.0014987961621955037,0.0014988817274570465,7e267c0bf303542b
2,day2_n4_softmax_seed42,42,30,3,False,False,True,0.489,0.0,-5.611865,0.0056622922,-2.0141997083555907e-05,0.0017027456779032946,0.0017028647707775235,7e267c0bf303542b
2,day2_n4_softmax_seed42,42,31,0,False,False,True,0.5474,0.0,-1.5642722,-2.444479,-1.612877349543851e-05,0.0015309597365558147,0.0015310447197407484,7e267c0bf303542b
2,day2_n4_softmax_seed42,42,31,1,False,False,True,0.5036,0.0,-1.9218652,-2.882901,-8.770890417508781e-06,0.0015254609752446413,0.0015254862373694777,7e267c0bf303542b
2,day2_n4_softmax_seed42,42,31,2,False,False,True,0.5268,0.0,-2.9922404,4.6329756,-1.3095908798277378e-05,0.0015690544387325644,0.0015691091539338231,7e267c0bf303542b
2,day2_n4_softmax_seed42,42,31,3,False,False,True,0.5132,0.0,6.4783716,0.6944027,-1.4104734873399138e-05,0.001885537407360971,0.0018855901435017586,7e267c0bf303542b
2,day2_n4_softmax_seed42,42,32,0,False,False,True,0.5316,0.0,-0.04211154,-0.6444725,-1.5748582882224582e-05,0.001511420588940382,0.0015115025453269482,7e267c0bf303542b
2,day2_n4_softmax_seed42,42,32,1,False,False,True,0.5286,0.0,0.45194644,-4.674984,-1.538516880827956e-05,0.0015383802819997072,0.001538457116112113,7e267c0bf303542b
2,day2_n4_softmax_seed42,42,32,2,False,False,True,0.5294,0.0,-4.488898,2.289072,-1.4225371160137001e-05,0.0015522385947406292,0.0015523037873208523,7e267c0bf303542b
2,day2_n4_softmax_seed42,42,32,3,False,False,True,0.5484,0.0,4.079065,3.030379,-1.6678162864991464e-05,0.0015531639801338315,0.0015532535035163164,7e267c0bf303542b
2,day2_n4_softmax_seed42,42,33,0,False,False,True,0.5418,0.0,5.1377344,-1.3802841,-1.4470396308752242e-05,0.001562274293974042,0.0015623412327840924,7e267c0bf303542b
2,day2_n4_softmax_seed42,42,33,1,False,False,True,0.5544,0.0,-0.6859721,-0.19366188,-1.7271113392780535e-05,0.0015185063239187002,0.0015186045784503222,7e267c0bf303542b
2,day2_n4_softmax_seed42,42,33,2,False,False,True,0.5616,0.0,-3.4734175,-3.4061365,-1.724240428302437e-05,0.0015470730140805244,0.0015471691731363535,7e267c0bf303542b
2,day2_n4_softmax_seed42,42,33,3,False,False,True,0.5608,0.0,-0.9783473,4.9800797,-1.7174772438011132e-05,0.0015546898357570171,0.001554784714244306,7e267c0bf303542b
2,day2_n4_softmax_seed42,42,34,0,False,False,True,0.5376,0.0,-2.2065847,4.371716,-1.4942692359909415e-05,0.0015344504499807954,0.001534523325972259,7e267c0bf303542b
2,day2_n4_softmax_seed42,42,34,1,False,False,True,0.5704,0.0,-2.0232298,-4.43023,-1.6196287106140517e-05,0.0015367913292720914,0.0015368765452876687,7e267c0bf303542b
2,day2_n4_softmax_seed42,42,34,2,False,False,True,0.541,0.0,-1.3850741,-0.050660916,-1.420116768713342e-05,0.0015249423449859023,0.0015250084688887,7e267c0bf303542b
2,day2_n4_softmax_seed42,42,34,3,False,False,True,0.489,0.0,5.614892,0.10917752,-1.1728419849532656e-05,0.0016141083324328065,0.0016141509404405951,7e267c0bf303542b
2,day2_n4_softmax_seed42,42,35,0,False,False,True,0.5382,0.0,5.99057,1.6287423,-8.057352715695743e-06,0.001710536889731884,0.0017105559818446636,7e267c0bf303542b
2,day2_n4_softmax_seed42,42,35,1,False,False,True,0.5282,0.0,-0.8680804,-5.3663473,-9.901996236294508e-06,0.0016330747166648507,0.0016331046354025602,7e267c0bf303542b
2,day2_n4_softmax_seed42,42,35,2,False,False,True,0.5268,0.0,-3.6640942,4.0642943,-1.1611333320615813e-05,0.001649294514209032,0.0016493353759869933,7e267c0bf303542b
2,day2_n4_softmax_seed42,42,35,3,False,False,True,0.5864,0.0,-1.4583936,-0.32669055,-1.2694903489318676e-05,0.0015616784803569317,0.001561730052344501,7e267c0bf303542b
2,day2_n4_softmax_seed42,42,36,0,False,False,True,0.58,0.0,-2.510953,-4.0665617,-1.2370091099001002e-05,0.0016157868085429072,0.001615834073163569,7e267c0bf303542b
2,day2_n4_softmax_seed42,42,36,1,False,False,True,0.5604,0.0,-1.4669412,-1.1943218,-1.5179950423771515e-05,0.0015848352340981364,0.0015849079936742783,7e267c0bf303542b
2,day2_n4_softmax_seed42,42,36,2,False,False,True,0.5558,0.0,-2.1623652,5.3315816,-1.1197637832083274e-05,0.0016155174234881997,0.001615556189790368,7e267c0bf303542b
2,day2_n4_softmax_seed42,42,36,3,False,False,True,0.5746,0.0,6.140263,-0.070700265,-2.0596329704858363e-05,0.0016787023050710559,0.0016788286156952381,7e267c0bf303542b
2,day2_n4_softmax_seed42,42,37,0,False,False,True,0.5826,0.0,0.7645642,5.567254,-1.752189200487919e-05,0.0016819369047880173,0.0016820282908156514,7e267c0bf303542b
2,day2_n4_softmax_seed42,42,37,1,False,False,True,0.5434,0.0,-6.246238,-2.317893,-1.2072510799043812e-05,0.0018023247830569744,0.0018023651791736484,7e267c0bf303542b
2,day2_n4_softmax_seed42,42,37,2,False,False,True,0.5414,0.0,4.4926333,-4.429988,-1.8637350876815617e-05,0.001759568345732987,0.0017596670659258962,7e267c0bf303542b
2,day2_n4_softmax_seed42,42,37,3,False,False,True,0.5708,0.0,0.98903507,1.1806238,-1.461474494135473e-05,0.001586050377227366,0.001586117665283382,7e267c0bf303542b
2,day2_n4_softmax_seed42,42,38,0,False,False,True,0.5814,0.0,6.17371,-0.8196577,-9.459388820687309e-06,0.0016819847514852881,0.0016820115270093083,7e267c0bf303542b
2,day2_n4_softmax_seed42,42,38,1,False,False,True,0.602,0.0,-1.4568312,4.19074,-4.906606136501068e-06,0.0015905291074886918,0.0015905366744846106,7e267c0bf303542b
2,day2_n4_softmax_seed42,42,38,2,False,False,True,0.5792,0.0,-2.8371162,-5.0437856,-3.7480929222510895e-06,0.0015947403153404593,0.0015947447391226888,7e267c0bf303542b
2,day2_n4_softmax_seed42,42,38,3,False,False,True,0.5656,0.0,-1.8797636,1.6726984,-5.424961727840127e-06,0.001578051713295281,0.0015780609101057053,7e267c0bf303542b
2,day2_n4_softmax_seed42,42,39,0,False,False,True,0.589,0.0,1.5805831,5.7672834,-1.7648955690674484e-05,0.0017596280667930841,0.0017597167752683163,7e267c0bf303542b
2,day2_n4_softmax_seed42,42,39,1,False,False,True,0.5644,0.0,0.77869195,1.1285936,-9.192930519930087e-06,0.0015592683339491487,0.0015592954587191343,7e267c0bf303542b
2,day2_n4_softmax_seed42,42,39,2,False,False,True,0.559,0.0,4.722752,-4.983685,-7.459492735506501e-06,0.0018348003504797816,0.0018348154844716191,7e267c0bf303542b
2,day2_n4_softmax_seed42,42,39,3,False,False,True,0.5362,0.0,-7.0820255,-1.9121952,-1.3633592061523814e-05,0.00195327284745872,0.0019533203449100256,7e267c0bf303542b
2,day2_n4_softmax_seed42,42,40,0,False,False,True,0.605,0.0,5.886818,-1.15377,-8.990283276943956e-06,0.0016360061708837748,0.001636030850932002,7e267c0bf303542b
2,day2_n4_softmax_seed42,42,40,1,False,False,True,0.5662,0.0,-0.7740058,0.4009166,-7.537603323726216e-06,0.0015432701911777258,0.0015432887012138963,7e267c0bf303542b
2,day2_n4_softmax_seed42,42,40,2,False,False,True,0.572,0.0,-3.4948652,-4.433027,-9.970006431103684e-06,0.0016175351338461041,0.0016175659839063883,7e267c0bf303542b
2,day2_n4_softmax_seed42,42,40,3,False,False,True,0.5698,0.0,-1.6179464,5.185885,-1.0971554729621857e-05,0.0015963151818141341,0.001596352900378406,7e267c0bf303542b
2,day2_n4_softmax_seed42,42,41,0,False,False,True,0.6112,0.0,-1.7155781,-1.3408878,-1.0270760867570061e-05,0.0015665189130231738,0.0015665525570511818,7e267c0bf303542b
2,day2_n4_softmax_seed42,42,41,1,False,False,True,0.5826,0.0,-1.6354077,-4.526364,-1.5041176993690897e-05,0.001585183315910399,0.0015852546785026789,7e267c0bf303542b
2,day2_n4_softmax_seed42,42,41,2,False,False,True,0.5934,0.0,-2.8273995,5.102603,-1.0892069440160412e-05,0.0016010429244488478,0.0016010800609365106,7e267c0bf303542b
2,day2_n4_softmax_seed42,42,41,3,False,False,True,0.6084,0.0,6.178387,0.76464045,-1.1762670510506723e-05,0.0016369661316275597,0.0016370083903893828,7e267c0bf303542b
2,day2_n4_softmax_seed42,42,42,0,False,False,True,0.572,0.0,6.2032504,0.16027062,-1.4991807802289259e-05,0.0016178165096789598,0.0016178860096260905,7e267c0bf303542b
2,day2_n4_softmax_seed42,42,42,1,False,False,True,0.6164,0.0,-1.5030336,0.94135714,-1.3412027328740805e-05,0.0015865726163610816,0.0015866293106228113,7e267c0bf303542b
2,day2_n4_softmax_seed42,42,42,2,False,False,True,0.5956,0.0,-2.1331732,-5.5482087,-1.045608314598212e-05,0.0016142320819199085,0.0016142659587785602,7e267c0bf303542b
2,day2_n4_softmax_seed42,42,42,3,False,False,True,0.615,0.0,-2.5670488,4.446584,-1.4727957932336722e-05,0.0016171003226190805,0.0016171674942597747,7e267c0bf303542b
2,day2_n4_softmax_seed42,42,43,0,False,False,True,0.5434,0.0,1.642757,2.7703445,-5.023257472203113e-06,0.001589366002008319,0.001589374034665525,7e267c0bf303542b
2,day2_n4_softmax_seed42,42,43,1,False,False,True,0.6014,0.0,1.5146828,3.6998935,-8.589780918555334e-06,0.001596648944541812,0.0015966719947755337,7e267c0bf303542b
2,day2_n4_softmax_seed42,42,43,2,False,False,True,0.6254,0.0,-6.2621226,-1.0604327,-4.670145699492423e-06,0.0016506083775311708,0.001650615013204515,7e267c0bf303542b
2,day2_n4_softmax_seed42,42,43,3,False,False,True,0.608,0.0,3.1046803,-5.4098096,-1.2987973150302423e-06,0.0016148388385772705,0.0016148393042385578,7e267c0bf303542b
2,day2_n4_softmax_seed42,42,44,0,False,False,True,0.6116,0.0,-2.176315,5.836772,-1.1209828699065838e-05,0.0016357091953977942,0.0016357476124539971,7e267c0bf303542b
2,day2_n4_softmax_seed42,42,44,1,False,False,True,0.6352,0.0,-2.1054587,-1.5823835,-1.1066102160839364e-05,0.0016066511161625385,0.001606689183972776,7e267c0bf303542b
2,day2_n4_softmax_seed42,42,44,2,False,False,True,0.586,0.0,-2.4568267,-4.136802,-8.533946129318792e-06,0.0016152741154655814,0.0016152968164533377,7e267c0bf303542b
2,day2_n4_softmax_seed42,42,44,3,False,False,True,0.561,0.0,6.738599,-0.11758953,-1.7679642041912302e-05,0.0017505891155451536,0.001750678289681673,7e267c0bf303542b
2,day2_n4_softmax_seed42,42,45,0,False,False,True,0.6264,0.0,-1.6885663,4.8831906,-1.0078972991323099e-05,0.00166591617744416,0.0016659467946738005,7e267c0bf303542b
2,day2_n4_softmax_seed42,42,45,1,False,False,True,0.5918,0.0,-2.2474473,1.2636255,-1.2523024452093523e-05,0.0016456525772809982,0.001645700423978269,7e267c0bf303542b
2,day2_n4_softmax_seed42,42,45,2,False,False,True,0.621,0.0,-2.6675506,-5.573916,-1.3378152289078571e-05,0.0016651712357997894,0.0016652250196784735,7e267c0bf303542b
2,day2_n4_softmax_seed42,42,45,3,False,False,True,0.5668,0.0,6.6035595,-0.57289964,-1.0054617632704321e-05,0.0017068127635866404,0.0017068424494937062,7e267c0bf303542b
2,day2_n4_softmax_seed42,42,46,0,False,False,True,0.6268,0.0,-4.2034273,5.032987,-9.806887646846008e-06,0.0016716449754312634,0.0016716738464310765,7e267c0bf303542b
2,day2_n4_softmax_seed42,42,46,1,False,False,True,0.6288,0.0,4.657895,1.1107595,-6.408798526535975e-06,0.0016643161652609706,0.0016643283888697624,7e267c0bf303542b
2,day2_n4_softmax_seed42,42,46,2,False,False,True,0.6032,0.0,-3.226655,-5.503332,-6.6600296122487634e-06,0.0016653116326779127,0.001665324904024601,7e267c0bf303542b
2,day2_n4_softmax_seed42,42,46,3,False,False,True,0.6202,0.0,2.772186,-0.6404182,-1.3231808225100394e-05,0.0016753108939155936,0.0016753632808104157,7e267c0bf303542b
2,day2_n4_softmax_seed42,42,47,0,False,False,True,0.6116,0.0,-2.4828897,4.0862164,-7.764232577756047e-06,0.0016448928508907557,0.0016449112445116043,7e267c0bf303542b
2,day2_n4_softmax_seed42,42,47,1,False,False,True,0.5642,0.0,-1.8856165,1.8420013,-7.813681804691441e-06,0.0016280894633382559,0.00162810820620507,7e267c0bf303542b
2,day2_n4_softmax_seed42,42,47,2,False,False,True,0.5966,0.0,6.5759945,0.060621113,-7.587053005408961e-06,0.0016762614250183105,0.001676278654485941,7e267c0bf303542b
2,day2_n4_softmax_seed42,42,47,3,False,False,True,0.6248,0.0,-2.207489,-5.9888363,-6.230781309568556e-06,0.0016461253399029374,0.0016461372142657638,7e267c0bf303542b
2,day2_n4_softmax_seed42,42,48,0,False,False,True,0.6104,0.0,6.6967096,1.0387954,-1.1629892469500192e-05,0.0017367542022839189,0.0017367932014167309,7e267c0bf303542b
2,day2_n4_softmax_seed42,42,48,1,False,False,True,0.6006,0.0,-0.9103414,-2.0497832,-8.460966455459129e-06,0.0016563661629334092,0.0016563876997679472,7e267c0bf303542b
2,day2_n4_softmax_seed42,42,48,2,False,False,True,0.6376,0.0,-2.328282,-4.71445,-7.75078297010623e-06,0.0016904809745028615,0.001690498786047101,7e267c0bf303542b
2,day2_n4_softmax_seed42,42,48,3,False,False,True,0.651,0.0,-3.4580846,5.7254477,-6.4673376982682385e-06,0.001701078494079411,0.0017010908341035247,7e267c0bf303542b
2,day2_n4_softmax_seed42,42,49,0,False,False,True,0.6282,0.0,3.3002923,-4.4549737,-1.1294941941741854e-05,0.0016739367274567485,0.001673974795266986,7e267c0bf303542b
2,day2_n4_softmax_seed42,42,49,1,False,False,True,0.6388,0.0,1.1481515,-1.1941007,-1.1465891475381795e-05,0.0016599481459707022,0.0016599876107648015,7e267c0bf303542b
2,day2_n4_softmax_seed42,42,49,2,False,False,True,0.6348,0.0,2.1441877,6.102446,-4.469040504773147e-06,0.0016677218955010176,0.0016677279490977526,7e267c0bf303542b
2,day2_n4_softmax_seed42,42,49,3,False,False,True,0.6384,0.0,-6.5926366,-0.45337585,-4.956389602739364e-06,0.0016995072364807129,0.0016995143378153443,7e267c0bf303542b
2,day2_n4_softmax_seed42,42,50,0,False,False,True,0.6456,0.0,-2.7167904,-4.194671,-7.554230251116678e-06,0.001712686032988131,0.0017127027967944741,7e267c0bf303542b
2,day2_n4_softmax_seed42,42,50,1,False,False,True,0.6492,0.0,-1.6449211,-2.3382316,-7.326327249757014e-06,0.0016866551013663411,0.0016866709338501096,7e267c0bf303542b
2,day2_n4_softmax_seed42,42,50,2,False,False,True,0.648,0.0,-2.676409,6.302069,-7.537808869528817e-06,0.001729765790514648,0.0017297822050750256,7e267c0bf303542b
2,day2_n4_softmax_seed42,42,50,3,False,False,True,0.634,0.0,7.0381207,0.23083793,-8.314037586387713e-06,0.0017862997483462095,0.0017863190732896328,7e267c0bf303542b
2,day2_n4_softmax_seed42,42,51,0,False,False,True,0.6378,0.0,6.9095464,-0.016407711,-9.844821761362255e-06,0.001761439023539424,0.001761466613970697,7e267c0bf303542b
2,day2_n4_softmax_seed42,42,51,1,False,False,True,0.6296,0.0,-1.2698277,-0.23335719,-1.0316614861949347e-05,0.0016962412046268582,0.0016962725203484297,7e267c0bf303542b
2,day2_n4_softmax_seed42,42,51,2,False,False,True,0.6236,0.0,-2.8662982,-5.4883246,-8.643798537377734e-06,0.0017240610904991627,0.0017240827437490225,7e267c0bf303542b
2,day2_n4_softmax_seed42,42,51,3,False,False,True,0.6342,0.0,-2.7734194,5.73809,-5.46488899999531e-06,0.0017197125125676394,0.0017197210108861327,7e267c0bf303542b
2,day2_n4_softmax_seed42,42,52,0,False,False,True,0.6248,0.0,5.7363753,-1.3597376,-4.20795049649314e-06,0.0017400397919118404,0.001740044797770679,7e267c0bf303542b
2,day2_n4_softmax_seed42,42,52,1,False,False,True,0.6524,0.0,1.4484563,-0.6916501,-8.323400834342465e-06,0.0017088528256863356,0.0017088731983676553,7e267c0bf303542b
2,day2_n4_softmax_seed42,42,52,2,False,False,True,0.6664,0.0,-5.0670013,-4.457615,-6.134873729024548e-06,0.001744714449159801,0.001744725159369409,7e267c0bf303542b
2,day2_n4_softmax_seed42,42,52,3,False,False,True,0.6306,0.0,-2.117827,6.509006,-8.383586646232288e-06,0.0017370185814797878,0.0017370388377457857,7e267c0bf303542b
2,day2_n4_softmax_seed42,42,53,0,False,False,True,0.6576,0.0,1.4122167,-0.52215874,-1.1940664990106598e-05,0.001718298182822764,0.0017183397430926561,7e267c0bf303542b
2,day2_n4_softmax_seed42,42,53,1,False,False,True,0.6554,0.0,-0.25074863,6.750439,-6.2663989410793874e-06,0.0017429161816835403,0.0017429273575544357,7e267c0bf303542b
2,day2_n4_softmax_seed42,42,53,2,False,False,True,0.6648,0.0,5.0319614,-3.2198749,2.456384038396209e-07,0.0017332893330603838,0.0017332894494757056,7e267c0bf303542b
2,day2_n4_softmax_seed42,42,53,3,False,False,True,0.6574,0.0,-6.1934342,-3.0084057,-8.569507372158114e-06,0.0017444174736738205,0.0017444384284317493,7e267c0bf303542b
2,day2_n4_softmax_seed42,42,54,0,False,False,True,0.6614,0.0,-0.14882837,-5.4270606,-7.781448402965907e-06,0.0017357544275000691,0.0017357718897983432,7e267c0bf303542b
2,day2_n4_softmax_seed42,42,54,1,False,False,True,0.6496,0.0,-6.1227455,3.5102823,-5.083490123070078e-06,0.0017531592166051269,0.001753166550770402,7e267c0bf303542b
2,day2_n4_softmax_seed42,42,54,2,False,False,True,0.624,0.0,0.9503047,-2.398827,-3.2344457849831088e-06,0.0017209156649187207,0.00172091880813241,7e267c0bf303542b
2,day2_n4_softmax_seed42,42,54,3,False,False,True,0.6458,0.0,5.3212657,4.3156047,-7.010245099081658e-06,0.0017646850319579244,0.0017646991182118654,7e267c0bf303542b
2,day2_n4_softmax_seed42,42,55,0,False,False,True,0.62,0.0,6.474577,3.19546,-1.20011991384672e-05,0.0018423647852614522,0.0018424040172249079,7e267c0bf303542b
2,day2_n4_softmax_seed42,42,55,1,False,False,True,0.5588,0.0,-0.7598577,-6.2257504,-2.588544703030493e-06,0.001795353484340012,0.0017953554634004831,7e267c0bf303542b
2,day2_n4_softmax_seed42,42,55,2,False,False,True,0.6278,0.0,-5.629577,4.538232,-1.3639812095789239e-05,0.001845379127189517,0.001845429535023868,7e267c0bf303542b
2,day2_n4_softmax_seed42,42,55,3,False,False,True,0.6362,0.0,-0.08514114,-1.5079368,-5.682406481355429e-06,0.001768196583725512,0.0017682057805359364,7e267c0bf303542b
2,day2_n4_softmax_seed42,42,56,0,False,False,True,0.5564,0.0,7.1488757,1.1177541,-1.8304895377241337e-07,0.001834758324548602,0.001834758324548602,7e267c0bf303542b
2,day2_n4_softmax_seed42,42,56,1,False,False,True,0.6472,0.0,-1.4391156,0.46637824,-6.789543476770632e-06,0.0017457350622862577,0.0017457484500482678,7e267c0bf303542b
2,day2_n4_softmax_seed42,42,56,2,False,False,True,0.6732,0.0,-1.8182496,-6.5038724,4.4304124457994476e-07,0.0017622917657718062,0.001762291882187128,7e267c0bf303542b
2,day2_n4_softmax_seed42,42,56,3,False,False,True,0.6628,0.0,-3.8915052,4.9197354,-1.9282260836916976e-06,0.0017772079445421696,0.0017772091086953878,7e267c0bf303542b
2,day2_n4_softmax_seed42,42,57,0,False,False,True,0.6708,0.0,-3.546701,5.4099426,-3.3909241210494656e-06,0.0017630646470934153,0.0017630680231377482,7e267c0bf303542b
2,day2_n4_softmax_seed42,42,57,1,False,False,True,0.6714,0.0,-2.1659691,-6.0757337,-7.964908945723437e-06,0.0017557756509631872,0.0017557936953380704,7e267c0bf303542b
2,day2_n4_softmax_seed42,42,57,2,False,False,True,0.6456,0.0,-1.4105219,-0.15058516,-4.733475634566275e-06,0.001735494821332395,0.0017355011077597737,7e267c0bf303542b
2,day2_n4_softmax_seed42,42,57,3,False,False,True,0.6612,0.0,7.123189,0.816375,-1.1420223017921671e-05,0.0017972557106986642,0.0017972917994484305,7e267c0bf303542b
2,day2_n4_softmax_seed42,42,58,0,False,False,True,0.6522,0.0,-0.48512578,0.31050175,-5.6649682846909855e-06,0.0017337258905172348,0.001733735203742981,7e267c0bf303542b
2,day2_n4_softmax_seed42,42,58,1,False,False,True,0.6462,0.0,-3.6481056,5.563275,-8.394302312808577e-06,0.001778456848114729,0.0017784766387194395,7e267c0bf303542b
2,day2_n4_softmax_seed42,42,58,2,False,False,True,0.6874,0.0,-2.9278874,-6.1989627,-5.870234872418223e-06,0.001784488558769226,0.0017844982212409377,7e267c0bf303542b
2,day2_n4_softmax_seed42,42,58,3,False,False,True,0.6618,0.0,7.061124,0.32518584,-3.8931675589992665e-06,0.0018126856302842498,0.0018126898212358356,7e267c0bf303542b
2,day2_n4_softmax_seed42,42,59,0,False,False,True,0.669,0.0,0.3736072,-4.7639284,-3.564783355614054e-06,0.0017846573609858751,0.0017846609698608518,7e267c0bf303542b
2,day2_n4_softmax_seed42,42,59,1,False,False,True,0.6706,0.0,-6.669727,3.0915155,-7.199699211923871e-06,0.00180945941247046,0.0018094737315550447,7e267c0bf303542b
2,day2_n4_softmax_seed42,42,59,2,False,False,True,0.6708,0.0,5.1196547,5.1815643,-5.590029559243703e-06,0.001808599685318768,0.0018086083000525832,7e267c0bf303542b
2,day2_n4_softmax_seed42,42,59,3,False,False,True,0.6584,0.0,1.176471,-3.509155,-6.423974355129758e-06,0.0017890142044052482,0.001789025729522109,7e267c0bf303542b
2,day2_n4_softmax_seed42,42,60,0,False,False,True,0.62,0.0,-2.6638408,5.049979,-3.854578608297743e-06,0.0017880193190649152,0.001788023510016501,7e267c0bf303542b
2,day2_n4_softmax_seed42,42,60,1,False,False,True,0.6664,0.0,-1.6556531,1.8549002,1.3025740486227733e-07,0.0017688546795397997,0.0017688546795397997,7e267c0bf303542b
2,day2_n4_softmax_seed42,42,60,2,False,False,True,0.6608,0.0,7.3595796,-0.4296328,-2.959425728477072e-06,0.0018278068164363503,0.001827809028327465,7e267c0bf303542b
2,day2_n4_softmax_seed42,42,60,3,False,False,True,0.6676,0.0,-3.040088,-6.47525,-2.842366939148633e-06,0.0017918488010764122,0.0017918512457981706,7e267c0bf303542b
2,day2_n4_softmax_seed42,42,61,0,False,False,True,0.6572,0.0,2.6096034,-5.050076,-3.608930228438112e-06,0.0018129750387743115,0.0018129786476492882,7e267c0bf303542b
2,day2_n4_softmax_seed42,42,61,1,False,False,True,0.656,0.0,3.1697364,6.597906,-8.097956197161693e-06,0.001828264445066452,0.0018282823730260134,7e267c0bf303542b
2,day2_n4_softmax_seed42,42,61,2,False,False,True,0.6596,0.0,1.7923298,-2.0775983,-8.540355338482186e-06,0.0017913983901962638,0.0017914187628775835,7e267c0bf303542b
2,day2_n4_softmax_seed42,42,61,3,False,False,True,0.6904,0.0,-7.5716743,0.52976143,-1.1909762633877108e-06,0.001881611766293645,0.001881612348370254,7e267c0bf303542b
2,day2_n4_softmax_seed42,42,62,0,False,False,True,0.6964,0.0,-3.2539825,4.7452364,1.0425966934235475e-07,0.0018347984878346324,0.0018347984878346324,7e267c0bf303542b
2,day2_n4_softmax_seed42,42,62,1,False,False,True,0.6348,0.0,-1.7777821,1.968891,6.007940100971609e-07,0.0018076736014336348,0.0018076736014336348,7e267c0bf303542b
2,day2_n4_softmax_seed42,42,62,2,False,False,True,0.6484,0.0,7.5555134,0.19807088,-8.341867214767262e-06,0.0018806264270097017,0.0018806449370458722,7e267c0bf303542b
2,day2_n4_softmax_seed42,42,62,3,False,False,True,0.6682,0.0,-2.5237496,-6.9121957,1.2914873082081613e-07,0.0018292710883542895,0.0018292710883542895,7e267c0bf303542b
2,day2_n4_softmax_seed42,42,63,0,False,False,True,0.6778,0.0,-1.3114326,6.6078777,-7.005624865996651e-06,0.0018531831447035074,0.0018531964160501957,7e267c0bf303542b
2,day2_n4_softmax_seed42,42,63,1,False,False,True,0.674,0.0,0.04672886,1.1434714,-6.248315912671387e-06,0.0018273669993504882,0.0018273775931447744,7e267c0bf303542b
2,day2_n4_softmax_seed42,42,63,2,False,False,True,0.6296,0.0,6.8662996,-2.7917764,-1.0006235243054107e-05,0.0019025133224204183,0.0019025395158678293,7e267c0bf303542b
2,day2_n4_softmax_seed42,42,63,3,False,False,True,0.6588,0.0,-5.6015906,-4.959578,-5.8280888879380655e-06,0.0018935194239020348,0.0018935283878818154,7e267c0bf303542b
2,day2_n4_softmax_seed42,42,64,0,False,False,True,0.672,0.0,1.8122299,-0.005767085,-1.5424675439135171e-06,0.0018328158184885979,0.001832816400565207,7e267c0bf303542b
2,day2_n4_softmax_seed42,42,64,1,False,False,True,0.6792,0.0,3.1775153,6.028534,-5.172984401724534e-06,0.0018507118802517653,0.0018507190980017185,7e267c0bf303542b
2,day2_n4_softmax_seed42,42,64,2,False,False,True,0.6332,0.0,2.7870064,-6.2461534,-4.433863978192676e-06,0.0018446807516738772,0.0018446861067786813,7e267c0bf303542b
2,day2_n4_softmax_seed42,42,64,3,False,False,True,0.6636,0.0,-7.7767515,0.22338882,-5.400465852289926e-06,0.0019295171368867159,0.0019295248202979565,7e267c0bf303542b
2,day2_n4_softmax_seed42,42,65,0,False,False,True,0.6366,0.0,3.7277951,6.1452127,-4.509286554821301e-06,0.0018618482863530517,0.0018618537578731775,7e267c0bf303542b
2,day2_n4_softmax_seed42,42,65,1,False,False,True,0.661,0.0,2.61808,-6.0837092,2.1012074284953997e-06,0.0018434730591252446,0.0018434743396937847,7e267c0bf303542b
2,day2_n4_softmax_seed42,42,65,2,False,False,True,0.6158,0.0,1.3212618,-0.82907295,-6.831080099800602e-06,0.0018166342051699758,0.0018166471272706985,7e267c0bf303542b
2,day2_n4_softmax_seed42,42,65,3,False,False,True,0.6728,0.0,-7.667137,0.76756585,-3.203953838237794e-06,0.001923204748891294,0.0019232075428590178,7e267c0bf303542b
2,day2_n4_softmax_seed42,42,66,0,False,False,True,0.6468,0.0,-0.031213203,2.0104876,1.4872133533572196e-06,0.0018411712953820825,0.0018411718774586916,7e267c0bf303542b
2,day2_n4_softmax_seed42,42,66,1,False,False,True,0.6888,0.0,-4.5212936,-6.121379,-1.6423738316007075e-06,0.0018716936465352774,0.0018716943450272083,7e267c0bf303542b
2,day2_n4_softmax_seed42,42,66,2,False,False,True,0.6632,0.0,-2.6374931,5.817468,-6.101373855926795e-06,0.0018617482855916023,0.0018617584137246013,7e267c0bf303542b
2,day2_n4_softmax_seed42,42,66,3,False,False,True,0.6458,0.0,7.1900005,-1.7065738,-5.922482614550972e-06,0.0018853346118703485,0.0018853439250960946,7e267c0bf303542b
2,day2_n4_softmax_seed42,42,67,0,False,False,True,0.6844,0.0,4.897974,-6.096373,-1.0076486432808451e-05,0.0019317364785820246,0.0019317625556141138,7e267c0bf303542b
2,day2_n4_softmax_seed42,42,67,1,False,False,True,0.6402,0.0,1.6675224,5.0708003,-3.231139771742164e-06,0.0018524426268413663,0.001852445537224412,7e267c0bf303542b
2,day2_n4_softmax_seed42,42,67,2,False,False,True,0.6658,0.0,-7.6019506,-2.354746,-8.647230970382225e-06,0.0019710541237145662,0.001971072982996702,7e267c0bf303542b
2,day2_n4_softmax_seed42,42,67,3,False,False,True,0.646,0.0,1.0364497,3.3803203,-5.569214408751577e-06,0.001855703303590417,0.0018557116854935884,7e267c0bf303542b
2,day2_n4_softmax_seed42,42,68,0,False,False,True,0.6686,0.0,-4.484946,5.7570977,8.225400449646258e-08,0.0018825279548764229,0.0018825279548764229,7e267c0bf303542b
2,day2_n4_softmax_seed42,42,68,1,False,False,True,0.6722,0.0,7.4138823,1.630769,-3.223488420189824e-06,0.0018944963812828064,0.0018944990588352084,7e267c0bf303542b
2,day2_n4_softmax_seed42,42,68,2,False,False,True,0.686,0.0,-0.9348778,-0.9459216,-4.807827735930914e-06,0.0018463314045220613,0.00184633769094944,7e267c0bf303542b
2,day2_n4_softmax_seed42,42,68,3,False,False,True,0.6902,0.0,-1.9940584,-6.4419494,-5.085663360659964e-06,0.001874081906862557,0.0018740887753665447,7e267c0bf303542b
2,day2_n4_softmax_seed42,42,69,0,False,False,True,0.6546,0.0,1.6978228,-0.25486916,-5.678034085576655e-06,0.0018562210025265813,0.0018562297336757183,7e267c0bf303542b
2,day2_n4_softmax_seed42,42,69,1,False,False,True,0.679,0.0,4.410006,5.281101,3.791553126575309e-06,0.0018777820514515042,0.0018777858931571245,7e267c0bf303542b
2,day2_n4_softmax_seed42,42,69,2,False,False,True,0.6882,0.0,1.341936,-6.8588786,-6.889009540600455e-08,0.0018648866098374128,0.0018648866098374128,7e267c0bf303542b
2,day2_n4_softmax_seed42,42,69,3,False,False,True,0.6828,0.0,-7.449767,1.8326482,-2.1412538444565143e-06,0.001890060375444591,0.001890061772428453,7e267c0bf303542b
2,day2_n4_softmax_seed42,42,70,0,False,False,True,0.6616,0.0,7.8651147,0.43767437,-7.270272817549994e-06,0.0019369384972378612,0.001936952117830515,7e267c0bf303542b
2,day2_n4_softmax_seed42,42,70,1,False,False,True,0.6988,0.0,-2.1761546,-6.1659217,-4.7350413296953775e-06,0.001885921461507678,0.0018859273986890912,7e267c0bf303542b
2,day2_n4_softmax_seed42,42,70,2,False,False,True,0.6968,0.0,-2.7651832,-0.7078585,-5.490805961017031e-06,0.0018651559948921204,0.0018651639111340046,7e267c0bf303542b
2,day2_n4_softmax_seed42,42,70,3,False,False,True,0.6332,0.0,-2.9237766,6.436099,-5.897635219298536e-06,0.0018881408032029867,0.001888150000013411,7e267c0bf303542b
2,day2_n4_softmax_seed42,42,71,0,False,False,True,0.6922,0.0,-2.973757,-2.6605515,1.6960437960733543e-06,0.0018866404425352812,0.0018866413738578558,7e267c0bf303542b
2,day2_n4_softmax_seed42,42,71,1,False,False,True,0.6846,0.0,-2.8003206,7.073224,-8.387576713175804e-07,0.0018822052516043186,0.0018822054844349623,7e267c0bf303542b
2,day2_n4_softmax_seed42,42,71,2,False,False,True,0.6602,0.0,-2.0055196,-4.723935,-6.652853130617586e-07,0.001875537447631359,0.001875537564046681,7e267c0bf303542b
2,day2_n4_softmax_seed42,42,71,3,False,False,True,0.6876,0.0,7.779599,0.31126478,1.5043808616610477e-06,0.0019104634411633015,0.0019104640232399106,7e267c0bf303542b
2,day2_n4_softmax_seed42,42,72,0,False,False,True,0.6822,0.0,-6.445604,2.9297056,-1.9139404230372747e-06,0.001922909403219819,0.0019229104509577155,7e267c0bf303542b
2,day2_n4_softmax_seed42,42,72,1,False,False,True,0.645,0.0,1.7850556,4.2714224,-3.913045020453865e-06,0.0018899780698120594,0.0018899820279330015,7e267c0bf303542b
2,day2_n4_softmax_seed42,42,72,2,False,False,True,0.695,0.0,6.0089016,0.21058366,-4.281512246961938e-06,0.001903410768136382,0.0019034156575798988,7e267c0bf303542b
2,day2_n4_softmax_seed42,42,72,3,False,False,True,0.6866,0.0,-1.3483534,-7.411718,1.4095825235926895e-06,0.0019032045966014266,0.0019032051786780357,7e267c0bf303542b
2,day2_n4_softmax_seed42,42,73,0,False,False,True,0.69,0.0,5.0249476,5.9506197,-1.7882057363749482e-06,0.0019269166514277458,0.0019269175827503204,7e267c0bf303542b
2,day2_n4_softmax_seed42,42,73,1,False,False,True,0.6102,0.0,2.885294,-6.5760045,-1.5838353419894702e-06,0.0019262372516095638,0.001926237833686173,7e267c0bf303542b
2,day2_n4_softmax_seed42,42,73,2,False,False,True,0.6696,0.0,-0.9014497,-1.0716016,-2.307878958163201e-06,0.001902461051940918,0.00190246244892478,7e267c0bf303542b
2,day2_n4_softmax_seed42,42,73,3,False,False,True,0.6632,0.0,-7.0087914,1.6969883,-5.928194468651782e-07,0.0019236825173720717,0.0019236825173720717,7e267c0bf303542b
2,day2_n4_softmax_seed42,42,74,0,False,False,True,0.6786,0.0,-3.5771213,-4.6338434,-1.3146229775884422e-06,0.0019063865765929222,0.0019063869258388877,7e267c0bf303542b
2,day2_n4_softmax_seed42,42,74,1,False,False,True,0.6954,0.0,-3.3644865,7.1386647,-5.66727385375998e-06,0.0019253400387242436,0.0019253483042120934,7e267c0bf303542b
2,day2_n4_softmax_seed42,42,74,2,False,False,True,0.677,0.0,-0.85349256,-3.1181264,-3.4965062241099076e-06,0.0018864483572542667,0.001886451616883278,7e267c0bf303542b
2,day2_n4_softmax_seed42,42,74,3,False,False,True,0.6812,0.0,7.7951097,0.61330956,-7.4448034865781665e-06,0.001962830778211355,0.001962844980880618,7e267c0bf303542b
2,day2_n4_softmax_seed42,42,75,0,False,False,True,0.667,0.0,7.7899776,-1.6816725,1.6605150676696212e-06,0.0019612510222941637,0.0019612517207860947,7e267c0bf303542b
2,day2_n4_softmax_seed42,42,75,1,False,False,True,0.6944,0.0,-4.400832,-6.352422,-3.321379381304723e-06,0.0019480123883113265,0.0019480152986943722,7e267c0bf303542b
2,day2_n4_softmax_seed42,42,75,2,False,False,True,0.6744,0.0,-1.9833134,6.1667223,-6.321758064586902e-06,0.0019273184007033706,0.0019273286452516913,7e267c0bf303542b
2,day2_n4_softmax_seed42,42,75,3,False,False,True,0.6656,0.0,-1.4058311,1.8673733,9.177092579193413e-07,0.0019037328893318772,0.0019037331221625209,7e267c0bf303542b
2,day2_n4_softmax_seed42,42,76,0,False,False,True,0.6686,0.0,3.1510825,-3.5824187,-2.3401144062518142e-06,0.0019470886327326298,0.0019470900297164917,7e267c0bf303542b
2,day2_n4_softmax_seed42,42,76,1,False,False,True,0.6988,0.0,-8.150115,-0.17831427,-7.723306225670967e-06,0.0019934007432311773,0.001993415877223015,7e267c0bf303542b
2,day2_n4_softmax_seed42,42,76,2,False,False,True,0.6868,0.0,2.461507,-3.8449538,-1.8882032293277007e-07,0.0019347224151715636,0.0019347222987562418,7e267c0bf303542b
2,day2_n4_softmax_seed42,42,76,3,False,False,True,0.6978,0.0,2.5375223,7.6056848,-7.997765351319686e-06,0.0019496046006679535,0.001949621131643653,7e267c0bf303542b
2,day2_n4_softmax_seed42,42,77,0,False,False,True,0.681,0.0,3.1050858,6.3451505,-2.165719251934206e-06,0.0019382791360840201,0.0019382803002372384,7e267c0bf303542b
2,day2_n4_softmax_seed42,42,77,1,False,False,True,0.6426,0.0,1.6003275,0.5046227,3.7098917005096155e-07,0.0019237829837948084,0.0019237829837948084,7e267c0bf303542b
2,day2_n4_softmax_seed42,42,77,2,False,False,True,0.6852,0.0,-7.9819527,-0.17175882,-3.2079685752250953e-06,0.0019689782056957483,0.0019689807668328285,7e267c0bf303542b
2,day2_n4_softmax_seed42,42,77,3,False,False,True,0.6876,0.0,3.2765386,-6.6780143,1.8211403585155495e-07,0.001947483397088945,0.001947483397088945,7e267c0bf303542b
2,day2_n4_softmax_seed42,42,78,0,False,False,True,0.6506,0.0,5.4832735,-5.643221,2.706023451537476e-06,0.0019613802433013916,0.001961382105946541,7e267c0bf303542b
2,day2_n4_softmax_seed42,42,78,1,False,False,True,0.7052,0.0,0.52872616,1.8225572,4.056566467625089e-06,0.001920628361403942,0.0019206327851861715,7e267c0bf303542b
2,day2_n4_softmax_seed42,42,78,2,False,False,True,0.687,0.0,1.4617358,6.550783,-5.411803158494877e-06,0.0019321363652125,0.0019321440486237407,7e267c0bf303542b
2,day2_n4_softmax_seed42,42,78,3,False,False,True,0.687,0.0,-7.4737406,-2.730114,-1.0346589078835677e-06,0.0019857166334986687,0.001985717099159956,7e267c0bf303542b
2,day2_n4_softmax_seed42,42,79,0,False,False,True,0.7062,0.0,-1.8741999,7.2932982,-4.261005415173713e-06,0.0019646945875138044,0.0019646992441266775,7e267c0bf303542b
2,day2_n4_softmax_seed42,42,79,1,False,False,True,0.7082,0.0,7.754182,-1.6150358,-3.918313268513884e-06,0.0019681944977492094,0.0019681984558701515,7e267c0bf303542b
2,day2_n4_softmax_seed42,42,79,2,False,False,True,0.6706,0.0,-1.1948981,-0.117689036,3.969390945712803e-06,0.0019390461966395378,0.00193905015476048,7e267c0bf303542b
2,day2_n4_softmax_seed42,42,79,3,False,False,True,0.6882,0.0,-4.6850834,-5.560576,-1.8522614482208155e-06,0.0019587951246649027,0.001958796288818121,7e267c0bf303542b
2,day2_n4_softmax_seed42,42,80,0,False,False,True,0.7098,0.0,3.0880997,-5.2812605,8.590300808464235e-07,0.0019790823571383953,0.001979082589969039,7e267c0bf303542b
2,day2_n4_softmax_seed42,42,80,1,False,False,True,0.6364,0.0,-8.215116,-0.44791478,2.52970062319946e-06,0.002006637630984187,0.0020066392607986927,7e267c0bf303542b
2,day2_n4_softmax_seed42,42,80,2,False,False,True,0.7006,0.0,2.3431878,7.53369,3.148113819406717e-06,0.001971812918782234,0.0019718152470886707,7e267c0bf303542b
2,day2_n4_softmax_seed42,42,80,3,False,False,True,0.6852,0.0,2.7838273,-1.8045181,1.5107470971997827e-06,0.0019749081693589687,0.0019749088678508997,7e267c0bf303542b
2,day2_n4_softmax_seed42,42,81,0,False,False,True,0.7104,0.0,4.390454,-4.2162876,4.726765382656595e-06,0.00196225568652153,0.001962261274456978,7e267c0bf303542b
2,day2_n4_softmax_seed42,42,81,1,False,False,True,0.701,0.0,-7.8408947,-2.0544386,-6.194326033437392e-06,0.001987470081076026,0.0019874796271324158,7e267c0bf303542b
2,day2_n4_softmax_seed42,42,81,2,False,False,True,0.6838,0.0,2.6114988,-1.6123393,3.189148401361308e-06,0.0019540442153811455,0.0019540467765182257,7e267c0bf303542b
2,day2_n4_softmax_seed42,42,81,3,False,False,True,0.6752,0.0,0.83893806,7.8830624,-6.911385753483046e-06,0.00196065753698349,0.00196066964417696,7e267c0bf303542b
2,day2_n4_softmax_seed42,42,82,0,False,False,True,0.6906,0.0,2.9698355,-1.8630481,-8.455876923108008e-06,0.0019467765232548118,0.0019467948004603386,7e267c0bf303542b
2,day2_n4_softmax_seed42,42,82,1,False,False,True,0.717,0.0,3.1154315,7.0916457,-9.706262062536553e-06,0.001975397113710642,0.001975420629605651,7e267c0bf303542b
2,day2_n4_softmax_seed42,42,82,2,False,False,True,0.6918,0.0,-8.171391,0.5511117,-2.473911763445358e-06,0.002011282602325082,0.0020112839993089437,7e267c0bf303542b
2,day2_n4_softmax_seed42,42,82,3,False,False,True,0.6944,0.0,2.08613,-5.7797174,-3.552712087184773e-06,0.0019651001784950495,0.0019651034381240606,7e267c0bf303542b
2,day2_n4_softmax_seed42,42,83,0,False,False,True,0.7036,0.0,-2.4406579,-3.0738308,5.024813617637847e-06,0.0019715020898729563,0.0019715086091309786,7e267c0bf303542b
2,day2_n4_softmax_seed42,42,83,1,False,False,True,0.6964,0.0,-3.3578277,7.3758483,1.813636572478572e-06,0.001982575049623847,0.001982575748115778,7e267c0bf303542b
2,day2_n4_softmax_seed42,42,83,2,False,False,True,0.6734,0.0,8.206777,0.65040976,-3.860170636471594e-06,0.0020097182132303715,0.00200972193852067,7e267c0bf303542b
2,day2_n4_softmax_seed42,42,83,3,False,False,True,0.7036,0.0,-2.4082932,-4.9524236,4.035331130580744e-06,0.0019746960606426,0.001974700251594186,7e267c0bf303542b
2,day2_n4_softmax_seed42,42,84,0,False,False,True,0.6908,0.0,3.6864946,7.2713804,-5.485146630235249e-06,0.001982868416234851,0.0019828760996460915,7e267c0bf303542b
2,day2_n4_softmax_seed42,42,84,1,False,False,True,0.714,0.0,2.6463075,-4.803563,-6.769584615540225e-06,0.0019661940168589354,0.001966205658391118,7e267c0bf303542b
2,day2_n4_softmax_seed42,42,84,2,False,False,True,0.7086,0.0,1.8235765,-3.4291434,-1.1148566727570142e-06,0.001957841217517853,0.00195784168317914,7e267c0bf303542b
2,day2_n4_softmax_seed42,42,84,3,False,False,True,0.7102,0.0,-8.156376,0.9613207,-1.9603935470513534e-06,0.0020080385729670525,0.002008039504289627,7e267c0bf303542b
2,day2_n4_softmax_seed42,42,85,0,False,False,True,0.6484,0.0,4.442444,6.877366,5.4795659707451705e-06,0.0020079852547496557,0.0020079927053302526,7e267c0bf303542b
2,day2_n4_softmax_seed42,42,85,1,False,False,True,0.6994,0.0,2.1938207,-5.6294913,-8.824804353935178e-06,0.0019857094157487154,0.0019857289735227823,7e267c0bf303542b
2,day2_n4_softmax_seed42,42,85,2,False,False,True,0.6594,0.0,1.5551678,-2.9163156,-3.604595576689462e-06,0.0019696808885782957,0.001969684148207307,7e267c0bf303542b
2,day2_n4_softmax_seed42,42,85,3,False,False,True,0.6702,0.0,-8.191431,1.6684338,-6.347070666379295e-06,0.0020496342331171036,0.0020496442448347807,7e267c0bf303542b
2,day2_n4_softmax_seed42,42,86,0,False,False,True,0.674,0.0,4.34708,-6.9778447,3.11353983306617e-06,0.0020090145990252495,0.002009016927331686,7e267c0bf303542b
2,day2_n4_softmax_seed42,42,86,1,False,False,True,0.7004,0.0,2.0041814,3.4654167,-4.002677997050341e-06,0.0020018441136926413,0.002001848304644227,7e267c0bf303542b
2,day2_n4_softmax_seed42,42,86,2,False,False,True,0.713,0.0,-8.158426,-1.7099216,-4.494183691861053e-09,0.0020361733622848988,0.0020361733622848988,7e267c0bf303542b
2,day2_n4_softmax_seed42,42,86,3,False,False,True,0.7038,0.0,1.8071669,5.2223434,-2.432552491882234e-06,0.002006326802074909,0.002006328431889415,7e267c0bf303542b
2,day2_n4_softmax_seed42,42,87,0,False,False,True,0.6862,0.0,2.8067322,5.6875076,-9.511516623206262e-07,0.0020258468575775623,0.0020258473232388496,7e267c0bf303542b
2,day2_n4_softmax_seed42,42,87,1,False,False,True,0.6824,0.0,-8.106901,1.3900431,-3.038959221157711e-06,0.0020359307527542114,0.0020359328482300043,7e267c0bf303542b
2,day2_n4_softmax_seed42,42,87,2,False,False,True,0.6726,0.0,0.9317594,-7.630469,-1.872657833246194e-07,0.0020209872163832188,0.0020209872163832188,7e267c0bf303542b
2,day2_n4_softmax_seed42,42,87,3,False,False,True,0.6994,0.0,4.3683977,0.5529255,-1.948891167558031e-06,0.0020157492253929377,0.0020157501567155123,7e267c0bf303542b
2,day2_n4_softmax_seed42,42,88,0,False,False,True,0.6902,0.0,8.04861,2.4589305,4.426134182722308e-06,0.002075695898383856,0.002075700554996729,7e267c0bf303542b
2,day2_n4_softmax_seed42,42,88,1,False,False,True,0.697,0.0,-0.7972169,-3.4352927,-3.229738254617587e-08,0.001992132281884551,0.001992132281884551,7e267c0bf303542b
2,day2_n4_softmax_seed42,42,88,2,False,False,True,0.7002,0.0,-2.068899,-5.6107693,-4.135447852604557e-06,0.00200440501794219,0.002004409208893776,7e267c0bf303542b
2,day2_n4_softmax_seed42,42,88,3,False,False,True,0.6984,0.0,-5.1824975,6.5871253,-1.348841692561109e-06,0.002050880342721939,0.0020508808083832264,7e267c0bf303542b
2,day2_n4_softmax_seed42,42,89,0,False,False,True,0.6674,0.0,1.567748,4.479311,-1.9022166952709085e-06,0.0020043905824422836,0.0020043915137648582,7e267c0bf303542b
2,day2_n4_softmax_seed42,42,89,1,False,False,True,0.7038,0.0,2.3617256,4.360395,-2.1143512185517466e-06,0.0020147785544395447,0.0020147794857621193,7e267c0bf303542b
2,day2_n4_softmax_seed42,42,89,2,False,False,True,0.712,0.0,-8.26266,-1.6659131,-3.9697022202744847e-07,0.0020609169732779264,0.0020609169732779264,7e267c0bf303542b
2,day2_n4_softmax_seed42,42,89,3,False,False,True,0.7064,0.0,4.3331833,-7.173797,-6.5337494561390486e-06,0.002028111135587096,0.0020281216129660606,7e267c0bf303542b
2,day2_n4_softmax_seed42,42,90,0,False,False,True,0.7176,0.0,1.9432482,0.74555874,6.077993020880967e-06,0.0020111072808504105,0.0020111165940761566,7e267c0bf303542b
2,day2_n4_softmax_seed42,42,90,1,False,False,True,0.697,0.0,-8.392898,-0.70515615,-4.28212342740153e-06,0.00206332141533494,0.0020633258391171694,7e267c0bf303542b
2,day2_n4_softmax_seed42,42,90,2,False,False,True,0.712,0.0,3.7564259,-6.8267946,1.7475628055763082e-06,0.0020333221182227135,0.0020333228167146444,7e267c0bf303542b
2,day2_n4_softmax_seed42,42,90,3,False,False,True,0.691,0.0,2.69322,6.7863936,-3.357435389261809e-06,0.0020355943124741316,0.0020355971064418554,7e267c0bf303542b
2,day2_n4_softmax_seed42,42,91,0,False,False,True,0.6752,0.0,-4.666676,7.0382166,-6.552679110427562e-07,0.002055658958852291,0.0020556591916829348,7e267c0bf303542b
2,day2_n4_softmax_seed42,42,91,1,False,False,True,0.6756,0.0,0.5416639,-2.2412298,-3.012632532772841e-06,0.0020398993510752916,0.002039901679381728,7e267c0bf303542b
2,day2_n4_softmax_seed42,42,91,2,False,False,True,0.7056,0.0,-3.6708329,-6.2315855,-2.5071165055123856e-06,0.0020508395973592997,0.0020508409943431616,7e267c0bf303542b
2,day2_n4_softmax_seed42,42,91,3,False,False,True,0.7022,0.0,7.795847,1.4346044,3.6720453522320895e-07,0.0020585539750754833,0.0020585539750754833,7e267c0bf303542b
2,day2_n4_softmax_seed42,42,92,0,False,False,True,0.708,0.0,-1.7362825,-4.5566244,-4.042790806124685e-06,0.00204808940179646,0.0020480933599174023,7e267c0bf303542b
2,day2_n4_softmax_seed42,42,92,1,False,False,True,0.6558,0.0,8.27879,2.0520213,-4.022366283606971e-06,0.002082147402688861,0.002082151360809803,7e267c0bf303542b
2,day2_n4_softmax_seed42,42,92,2,False,False,True,0.6544,0.0,-4.7107906,7.0550737,1.2086221659046714e-06,0.0020524088758975267,0.0020524091087281704,7e267c0bf303542b
2,day2_n4_softmax_seed42,42,92,3,False,False,True,0.7026,0.0,-1.8317107,-4.5504656,-2.8270005714148283e-06,0.00204396340996027,0.002043965505436063,7e267c0bf303542b
2,day2_n4_softmax_seed42,42,93,0,False,False,True,0.6986,0.0,-3.7196078,-4.682254,2.315838628419442e-06,0.002039127517491579,0.002039128914475441,7e267c0bf303542b
2,day2_n4_softmax_seed42,42,93,1,False,False,True,0.7138,0.0,8.439029,-0.7974679,-4.342974989413051e-06,0.0020714490674436092,0.0020714537240564823,7e267c0bf303542b
2,day2_n4_softmax_seed42,42,93,2,False,False,True,0.7098,0.0,-2.571776,-2.5516248,-4.888820967607899e-06,0.0020366848912090063,0.0020366909448057413,7e267c0bf303542b
2,day2_n4_softmax_seed42,42,93,3,False,False,True,0.6998,0.0,-2.1476483,8.031345,1.1513313893374288e-06,0.0020337996538728476,0.002033799886703491,7e267c0bf303542b
2,day2_n4_softmax_seed42,42,94,0,False,False,True,0.704,0.0,2.5985038,-3.4255257,5.469589154927235e-07,0.0020566668827086687,0.0020566668827086687,7e267c0bf303542b
2,day2_n4_softmax_seed42,42,94,1,False,False,True,0.6894,0.0,2.6307657,-4.849764,-2.392849637544714e-06,0.0020553036592900753,0.0020553050562739372,7e267c0bf303542b
2,day2_n4_softmax_seed42,42,94,2,False,False,True,0.7024,0.0,3.3170521,7.787261,-2.3889244857855374e-06,0.002064511412754655,0.0020645130425691605,7e267c0bf303542b
2,day2_n4_softmax_seed42,42,94,3,False,False,True,0.7088,0.0,-8.546327,0.48803526,-1.907857040350791e-06,0.002085417974740267,0.0020854189060628414,7e267c0bf303542b
2,day2_n4_softmax_seed42,42,95,0,False,False,True,0.6904,0.0,-3.869656,-6.919835,-4.176454694970744e-06,0.0020729333627969027,0.0020729373209178448,7e267c0bf303542b
2,day2_n4_softmax_seed42,42,95,1,False,False,True,0.6526,0.0,-2.324527,6.840177,-1.5090722627064679e-06,0.0020565988961607218,0.002056599361822009,7e267c0bf303542b
2,day2_n4_softmax_seed42,42,95,2,False,False,True,0.7034,0.0,-2.3899236,1.0534892,-6.554330980179657e-07,0.0020402243826538324,0.002040224615484476,7e267c0bf303542b
2,day2_n4_softmax_seed42,42,95,3,False,False,True,0.692,0.0,8.584098,-0.9738303,-7.270651622093283e-06,0.0021125897765159607,0.002112602349370718,7e267c0bf303542b
2,day2_n4_softmax_seed42,42,96,0,False,False,True,0.7058,0.0,3.6413043,7.3325586,5.618192972178804e-06,0.0020905989222228527,0.0020906063728034496,7e267c0bf303542b
2,day2_n4_softmax_seed42,42,96,1,False,False,True,0.7148,0.0,2.0035233,-1.4573628,-2.0109629872422374e-07,0.002050076611340046,0.002050076611340046,7e267c0bf303542b
2,day2_n4_softmax_seed42,42,96,2,False,False,True,0.6666,0.0,-8.637533,0.53287697,5.590896762441844e-06,0.002121558180078864,0.0021215653978288174,7e267c0bf303542b
2,day2_n4_softmax_seed42,42,96,3,False,False,True,0.7194,0.0,2.992705,-6.4080725,3.1779777600604575e-06,0.002065652282908559,0.0020656546112149954,7e267c0bf303542b
2,day2_n4_softmax_seed42,42,97,0,False,False,True,0.6944,0.0,-1.93241,5.8958387,-1.3189082892495207e-06,0.002087212633341551,0.002087213099002838,7e267c0bf303542b
2,day2_n4_softmax_seed42,42,97,1,False,False,True,0.7252,0.0,-1.0859066,3.4990728,-6.465554633905413e-06,0.002086422871798277,0.002086432883515954,7e267c0bf303542b
2,day2_n4_softmax_seed42,42,97,2,False,False,True,0.7102,0.0,-5.319168,-6.8481474,1.4609539675802807e-06,0.0021245921961963177,0.002124592661857605,7e267c0bf303542b
2,day2_n4_softmax_seed42,42,97,3,False,False,True,0.635,0.0,8.337483,-2.5467637,5.788137400486448e-07,0.0021257491316646338,0.0021257491316646338,7e267c0bf303542b
2,day2_n4_softmax_seed42,42,98,0,False,False,True,0.719,0.0,0.37793386,8.261786,1.915540678965044e-06,0.0021162698976695538,0.0021162705961614847,7e267c0bf303542b
2,day2_n4_softmax_seed42,42,98,1,False,False,True,0.7108,0.0,7.6772428,-3.8657398,-2.3072138901625294e-06,0.002118733013048768,0.0021187341772019863,7e267c0bf303542b
2,day2_n4_softmax_seed42,42,98,2,False,False,True,0.7036,0.0,-6.26813,-4.1730733,-4.6349617832674994e-07,0.0021134226117283106,0.0021134226117283106,7e267c0bf303542b
2,day2_n4_softmax_seed42,42,98,3,False,False,True,0.6888,0.0,-1.7870424,-0.22296421,-3.224199872420286e-06,0.0021013771183788776,0.002101379446685314,7e267c0bf303542b
2,day2_n4_softmax_seed42,42,99,0,False,False,True,0.6428,0.0,-0.7644082,-4.3061776,-3.3176445413118927e-06,0.0020506014116108418,0.0020506042055785656,7e267c0bf303542b
2,day2_n4_softmax_seed42,42,99,1,False,False,True,0.6962,0.0,7.563681,4.027451,-9.902141755446792e-07,0.0020885695703327656,0.0020885698031634092,7e267c0bf303542b
2,day2_n4_softmax_seed42,42,99,2,False,False,True,0.7102,0.0,-6.345907,5.7068143,6.13459917531145e-07,0.002078268676996231,0.0020782689098268747,7e267c0bf303542b
2,day2_n4_softmax_seed42,42,99,3,False,False,True,0.7098,0.0,-0.45336354,-5.428087,-2.117892563546775e-06,0.0020589192863553762,0.002058920217677951,7e267c0bf303542b
2,day2_n4_softmax_seed42,42,100,0,False,False,True,0.646,0.0,4.317234,5.328903,1.6733004315483413e-07,0.002100282348692417,0.002100282581523061,7e267c0bf303542b
2,day2_n4_softmax_seed42,42,100,1,False,False,True,0.699,0.0,0.97884244,2.663828,-1.8846127431970672e-06,0.002081847982481122,0.002081848680973053,7e267c0bf303542b
2,day2_n4_softmax_seed42,42,100,2,False,False,True,0.6864,0.0,-8.483556,0.01173558,-4.218684807710815e-06,0.002126941690221429,0.0021269458811730146,7e267c0bf303542b
2,day2_n4_softmax_seed42,42,100,3,False,False,True,0.6648,0.0,3.18747,-8.004471,-1.1102678172392189e-06,0.0020976215600967407,0.0020976217929273844,7e267c0bf303542b
2,day2_n4_softmax_seed42,42,101,0,False,False,True,0.831,0.0,0.5815304,0.548857,-1.2640970226129866e-06,0.00023945362772792578,0.00023945696011651307,7e267c0bf303542b
2,day2_n4_softmax_seed42,42,101,1,False,False,True,0.8294,0.0,0.27246258,-0.7212323,-1.2528374782050378e-06,0.00023921069805510342,0.0002392139722360298,7e267c0bf303542b
2,day2_n4_softmax_seed42,42,101,2,False,False,True,0.8274,0.0,-0.6655149,0.18904035,-2.122633077306091e-06,0.00024037607363425195,0.0002403854305157438,7e267c0bf303542b
2,day2_n4_softmax_seed42,42,101,3,False,False,True,0.828,0.0,-0.18847859,-0.016664982,-1.068575670615246e-06,0.00023952216724865139,0.00023952455376274884,7e267c0bf303542b
2,day2_n4_softmax_seed42,42,102,0,False,False,True,0.8334,0.0,-0.07653134,0.64192814,-7.977556037985778e-07,0.00022884841018822044,0.00022884979262016714,7e267c0bf303542b
2,day2_n4_softmax_seed42,42,102,1,False,False,True,0.8326,0.0,-0.5313523,-0.7131247,-5.270013616609504e-07,0.00023426472034770995,0.00023426533152814955,7e267c0bf303542b
2,day2_n4_softmax_seed42,42,102,2,False,False,True,0.831,0.0,0.8875055,-0.26551074,-1.016065198200522e-06,0.0002360172657063231,0.00023601944849360734,7e267c0bf303542b
2,day2_n4_softmax_seed42,42,102,3,False,False,True,0.8292,0.0,-0.27962178,0.33670682,-6.274076440604404e-07,0.00023011873417999595,0.0002301195781910792,7e267c0bf303542b
2,day2_n4_softmax_seed42,42,103,0,False,False,True,0.836,0.0,-0.2386182,-0.5048745,-2.5909091050380084e-07,0.00023390937712974846,0.00023390953720081598,7e267c0bf303542b
2,day2_n4_softmax_seed42,42,103,1,False,False,True,0.826,0.0,-0.3369936,-0.44945297,1.984714259606335e-07,0.00023737641458865255,0.0002373764873482287,7e267c0bf303542b
2,day2_n4_softmax_seed42,42,103,2,False,False,True,0.8308,0.0,-0.39268565,0.87878233,-5.922848913542111e-07,0.00023738724121358246,0.00023738796880934387,7e267c0bf303542b
2,day2_n4_softmax_seed42,42,103,3,False,False,True,0.8282,0.0,0.9682977,0.07554508,-8.780180849043973e-08,0.00024076583213172853,0.00024076584668364376,7e267c0bf303542b
2,day2_n4_softmax_seed42,42,104,0,False,False,True,0.8352,0.0,0.9161029,0.39544487,1.6191530960441014e-07,0.0002480394905433059,0.0002480395487509668,7e267c0bf303542b
2,day2_n4_softmax_seed42,42,104,1,False,False,True,0.8296,0.0,-0.7148526,0.7276004,-5.097776423212963e-08,0.0002497071400284767,0.00024970711092464626,7e267c0bf303542b
2,day2_n4_softmax_seed42,42,104,2,False,False,True,0.8356,0.0,0.027839534,-0.3869548,1.6043513539898413e-07,0.0002429942978778854,0.00024299432698171586,7e267c0bf303542b
2,day2_n4_softmax_seed42,42,104,3,False,False,True,0.8348,0.0,-0.22909054,-0.7360907,2.1154960450076032e-07,0.00024701160145923495,0.0002470116887707263,7e267c0bf303542b
2,day2_n4_softmax_seed42,42,105,0,False,False,True,0.8388,0.0,0.99346805,0.3219343,6.270100811889279e-07,0.00025414401898160577,0.00025414477568119764,7e267c0bf303542b
2,day2_n4_softmax_seed42,42,105,1,False,False,True,0.8392,0.0,-0.14666606,-0.810357,-2.7840894745168043e-07,0.00025132269365713,0.0002513228391762823,7e267c0bf303542b
2,day2_n4_softmax_seed42,42,105,2,False,False,True,0.8368,0.0,-0.64330477,0.7714525,-3.7310687162062095e-07,0.0002537295513320714,0.00025372981326654553,7e267c0bf303542b
2,day2_n4_softmax_seed42,42,105,3,False,False,True,0.8396,0.0,-0.20349644,-0.2830307,1.65566504506387e-07,0.00024960451992228627,0.00024960454902611673,7e267c0bf303542b
2,day2_n4_softmax_seed42,42,106,0,False,False,True,0.8356,0.0,-0.6870227,-0.82160974,8.706880976205866e-07,0.00025889533571898937,0.0002588967909105122,7e267c0bf303542b
2,day2_n4_softmax_seed42,42,106,1,False,False,True,0.8346,0.0,-0.3360399,0.7113873,7.359558651387488e-08,0.0002559100103098899,0.0002559100103098899,7e267c0bf303542b
2,day2_n4_softmax_seed42,42,106,2,False,False,True,0.8374,0.0,0.9802726,-0.35214147,-3.2672437555447686e-07,0.00025927412207238376,0.00025927432579919696,7e267c0bf303542b
2,day2_n4_softmax_seed42,42,106,3,False,False,True,0.8404,0.0,0.04279,0.46236384,1.2680732197623001e-07,0.00025620812084525824,0.00025620812084525824,7e267c0bf303542b
2,day2_n4_softmax_seed42,42,107,0,False,False,True,0.8376,0.0,0.24878265,-0.7058047,9.776554179552477e-07,0.00026069438899867237,0.00026069622253999114,7e267c0bf303542b
2,day2_n4_softmax_seed42,42,107,1,False,False,True,0.8344,0.0,-1.0894413,-0.06642314,2.5281053694925504e-07,0.0002692340058274567,0.00026923412224277854,7e267c0bf303542b
2,day2_n4_softmax_seed42,42,107,2,False,False,True,0.84,0.0,0.24906701,1.0323805,-1.3584877933681128e-07,0.0002660094469320029,0.00026600947603583336,7e267c0bf303542b
2,day2_n4_softmax_seed42,42,107,3,False,False,True,0.8366,0.0,0.5915918,-0.26015234,-1.6490552923187352e-07,0.0002623743494041264,0.0002623744076117873,7e267c0bf303542b
2,day2_n4_softmax_seed42,42,108,0,False,False,True,0.8426,0.0,0.05140981,1.1114339,4.1261606043008214e-07,0.00027438189135864377,0.0002743822115007788,7e267c0bf303542b
2,day2_n4_softmax_seed42,42,108,1,False,False,True,0.8412,0.0,-0.84082156,-0.48295507,6.266793661779957e-07,0.0002726849925238639,0.00027268572011962533,7e267c0bf303542b
2,day2_n4_softmax_seed42,42,108,2,False,False,True,0.8392,0.0,0.99416393,-0.493696,-1.111763054950643e-07,0.0002736927126534283,0.00027369274175725877,7e267c0bf303542b
2,day2_n4_softmax_seed42,42,108,3,False,False,True,0.8342,0.0,-0.20475249,-0.13478288,-1.3494884854026168e-07,0.00026735832216218114,0.0002673583512660116,7e267c0bf303542b
2,day2_n4_softmax_seed42,42,109,0,False,False,True,0.8378,0.0,-0.56242114,0.7316206,5.932649855822092e-07,0.00027567296638153493,0.0002756735775619745,7e267c0bf303542b
2,day2_n4_softmax_seed42,42,109,1,False,False,True,0.8448,0.0,-0.47462878,-1.0384617,-9.659969180120243e-08,0.000274350109975785,0.0002743501390796155,7e267c0bf303542b
2,day2_n4_softmax_seed42,42,109,2,False,False,True,0.8402,0.0,1.1023767,-0.052547768,-1.6886394860193832e-07,0.0002752305008471012,0.0002752305590547621,7e267c0bf303542b
2,day2_n4_softmax_seed42,42,109,3,False,False,True,0.84,0.0,-0.06532621,0.3593888,8.081269697868265e-07,0.0002725445374380797,0.00027254573069512844,7e267c0bf303542b
2,day2_n4_softmax_seed42,42,110,0,False,False,True,0.8402,0.0,-0.52481353,-0.54805267,2.829303458184995e-09,0.00028069704421795905,0.00028069704421795905,7e267c0bf303542b
2,day2_n4_softmax_seed42,42,110,1,False,False,True,0.8418,0.0,1.1650454,-0.12864196,1.1357284535051804e-07,0.00028369526262395084,0.0002836952917277813,7e267c0bf303542b
2,day2_n4_softmax_seed42,42,110,2,False,False,True,0.8368,0.0,-0.27054366,1.1338418,-4.668213193781412e-07,0.0002770294377114624,0.0002770298160612583,7e267c0bf303542b
2,day2_n4_softmax_seed42,42,110,3,False,False,True,0.8408,0.0,-0.36968836,-0.45714688,7.701825666117657e-07,0.000277594750514254,0.0002775958273559809,7e267c0bf303542b
2,day2_n4_softmax_seed42,42,111,0,False,False,True,0.8434,0.0,1.1328917,0.19937196,6.742889695487975e-07,0.0002871129254344851,0.0002871137112379074,7e267c0bf303542b
2,day2_n4_softmax_seed42,42,111,1,False,False,True,0.8428,0.0,-0.44301194,-0.8740985,-1.2880757793709563e-08,0.00028294647927396,0.00028294645017012954,7e267c0bf303542b
2,day2_n4_softmax_seed42,42,111,2,False,False,True,0.8402,0.0,-0.63882196,0.9844981,-4.817835019821359e-07,0.0002864854468498379,0.00028648582519963384,7e267c0bf303542b
2,day2_n4_softmax_seed42,42,111,3,False,False,True,0.841,0.0,-0.05105729,-0.30977067,6.592802037630463e-07,0.0002795203181449324,0.0002795211039483547,7e267c0bf303542b
2,day2_n4_softmax_seed42,42,112,0,False,False,True,0.8338,0.0,-0.084922396,1.0304068,6.854220941931999e-07,0.00029243103927001357,0.0002924318250734359,7e267c0bf303542b
2,day2_n4_softmax_seed42,42,112,1,False,False,True,0.8366,0.0,-0.8743057,-0.782626,4.5839442464057356e-07,0.0002957773394882679,0.0002957776887342334,7e267c0bf303542b
2,day2_n4_softmax_seed42,42,112,2,False,False,True,0.838,0.0,1.1149132,-0.50002056,-4.976714649274072e-07,0.0002946631284430623,0.0002946635358966887,7e267c0bf303542b
2,day2_n4_softmax_seed42,42,112,3,False,False,True,0.8386,0.0,-0.15568551,0.25223917,1.4647102375420218e-07,0.00028561329236254096,0.0002856133214663714,7e267c0bf303542b
2,day2_n4_softmax_seed42,42,113,0,False,False,True,0.8402,0.0,1.2171079,0.09989438,3.791066376379604e-07,0.00030064216116443276,0.0003006423939950764,7e267c0bf303542b
2,day2_n4_softmax_seed42,42,113,1,False,False,True,0.8434,0.0,-0.14483748,-0.3328721,1.1255897902628931e-07,0.0002955472737085074,0.0002955473028123379,7e267c0bf303542b
2,day2_n4_softmax_seed42,42,113,2,False,False,True,0.8384,0.0,-0.55921024,1.0891109,-6.888448069730657e-07,0.0002944601292256266,0.0002944609150290489,7e267c0bf303542b
2,day2_n4_softmax_seed42,42,113,3,False,False,True,0.8366,0.0,-0.5130592,-0.85613376,3.35114719973717e-07,0.0002937423705589026,0.0002937425742857158,7e267c0bf303542b
2,day2_n4_softmax_seed42,42,114,0,False,False,True,0.844,0.0,0.80912197,0.9694157,7.850377983231738e-07,0.0003038941358681768,0.0003038951545022428,7e267c0bf303542b
2,day2_n4_softmax_seed42,42,114,1,False,False,True,0.8432,0.0,-1.151779,0.35108563,3.785536080158636e-07,0.0003052219108212739,0.0003052221436519176,7e267c0bf303542b
2,day2_n4_softmax_seed42,42,114,2,False,False,True,0.8436,0.0,0.42795825,-0.9598309,-2.508322722860612e-07,0.0002981575089506805,0.00029815759626217186,7e267c0bf303542b
2,day2_n4_softmax_seed42,42,114,3,False,False,True,0.8404,0.0,-0.085301265,-0.3606712,3.501605476685654e-07,0.0002970777277369052,0.0002970779314637184,7e267c0bf303542b
2,day2_n4_softmax_seed42,42,115,0,False,False,True,0.847,0.0,1.2793183,0.02292598,7.302402309505851e-07,0.00031241102260537446,0.0003124118666164577,7e267c0bf303542b
2,day2_n4_softmax_seed42,42,115,1,False,False,True,0.8412,0.0,-0.5448402,1.0796413,-5.849699391546892e-07,0.00030979220173321664,0.0003097927547059953,7e267c0bf303542b
2,day2_n4_softmax_seed42,42,115,2,False,False,True,0.8426,0.0,-0.53050494,-1.0228968,-5.236795459495625e-07,0.0003074765845667571,0.00030747702112421393,7e267c0bf303542b
2,day2_n4_softmax_seed42,42,115,3,False,False,True,0.8336,0.0,-0.20397367,-0.07967048,-3.004344080181909e-07,0.00030102208256721497,0.00030102222808636725,7e267c0bf303542b
2,day2_n4_softmax_seed42,42,116,0,False,False,True,0.8412,0.0,-0.12526862,-1.0816771,1.8094777942678775e-07,0.00031414267141371965,0.00031414272962138057,7e267c0bf303542b
2,day2_n4_softmax_seed42,42,116,1,False,False,True,0.8442,0.0,-1.095922,0.72699803,9.843720363278408e-07,0.00031508581014350057,0.0003150873235426843,7e267c0bf303542b
2,day2_n4_softmax_seed42,42,116,2,False,False,True,0.8426,0.0,0.18064034,-0.33977178,-7.475256325051305e-07,0.0003120059845969081,0.0003120068577118218,7e267c0bf303542b
2,day2_n4_softmax_seed42,42,116,3,False,False,True,0.843,0.0,1.0405494,0.6944498,-3.477629491044354e-07,0.00031445626518689096,0.0003144564980175346,7e267c0bf303542b
2,day2_n4_softmax_seed42,42,117,0,False,False,True,0.8436,0.0,-0.5177303,1.244751,1.0290460750184138e-06,0.0003234113391954452,0.00032341296900995076,7e267c0bf303542b
2,day2_n4_softmax_seed42,42,117,1,False,False,True,0.84,0.0,1.3717302,0.061047796,-1.0735253397342603e-07,0.0003284339909441769,0.00032843402004800737,7e267c0bf303542b
2,day2_n4_softmax_seed42,42,117,2,False,False,True,0.841,0.0,-0.38929665,-0.6114255,-1.2484139233492897e-07,0.000316086778184399,0.00031608680728822947,7e267c0bf303542b
2,day2_n4_softmax_seed42,42,117,3,False,False,True,0.836,0.0,-0.46470454,-0.6943733,8.859304898578557e-07,0.00031776781543157995,0.00031776903779245913,7e267c0bf303542b
2,day2_n4_softmax_seed42,42,118,0,False,False,True,0.8424,0.0,1.0004883,0.027290959,2.2401968635676894e-07,0.0003264238766860217,0.00032642396399751306,7e267c0bf303542b
2,day2_n4_softmax_seed42,42,118,1,False,False,True,0.8422,0.0,0.38234344,0.725765,-3.5890270311256245e-08,0.00032547672162763774,0.00032547672162763774,7e267c0bf303542b
2,day2_n4_softmax_seed42,42,118,2,False,False,True,0.8348,0.0,-1.1456159,0.53218126,-6.653522746091767e-07,0.00032578472746536136,0.00032578539685346186,7e267c0bf303542b
2,day2_n4_softmax_seed42,42,118,3,False,False,True,0.8414,0.0,-0.2372165,-1.2852379,1.898524892851583e-08,0.00032338208984583616,0.00032338208984583616,7e267c0bf303542b
2,day2_n4_softmax_seed42,42,119,0,False,False,True,0.8446,0.0,0.6755988,-1.1002274,1.1413899301260244e-06,0.00032942695543169975,0.0003294289344921708,7e267c0bf303542b
2,day2_n4_softmax_seed42,42,119,1,False,False,True,0.841,0.0,-1.384394,-0.19549163,6.311237257250468e-07,0.00033489923225715756,0.00033489984343759716,7e267c0bf303542b
2,day2_n4_softmax_seed42,42,119,2,False,False,True,0.8444,0.0,0.368573,1.1231631,-4.3092575197078986e-07,0.00032737787114456296,0.00032737813307903707,7e267c0bf303542b
2,day2_n4_softmax_seed42,42,119,3,False,False,True,0.8386,0.0,0.34022275,0.17255603,-1.554478501475387e-07,0.0003263666876591742,0.0003263666876591742,7e267c0bf303542b
2,day2_n4_softmax_seed42,42,120,0,False,False,True,0.8396,0.0,-0.7110754,1.1261115,3.913455515203168e-08,0.0003380458801984787,0.00033804585109464824,7e267c0bf303542b
2,day2_n4_softmax_seed42,42,120,1,False,False,True,0.8354,0.0,1.414982,0.23457058,4.968832740814833e-07,0.00034418905852362514,0.0003441894077695906,7e267c0bf303542b
2,day2_n4_softmax_seed42,42,120,2,False,False,True,0.8394,0.0,-0.3633785,-0.2400965,-3.8673076119266625e-07,0.00033481288119219244,0.00033481308491900563,7e267c0bf303542b
2,day2_n4_softmax_seed42,42,120,3,False,False,True,0.841,0.0,-0.34052807,-1.1205869,7.403434096886485e-07,0.0003331248590257019,0.00033312567393295467,7e267c0bf303542b
2,day2_n4_softmax_seed42,42,121,0,False,False,True,0.8448,0.0,0.18543005,1.1967832,1.5160971145178337e-07,0.00034316148958168924,0.00034316148958168924,7e267c0bf303542b
2,day2_n4_softmax_seed42,42,121,1,False,False,True,0.8346,0.0,-1.3590916,-0.036156435,-3.6283248050494876e-07,0.0003497345023788512,0.00034973470610566437,7e267c0bf303542b
2,day2_n4_softmax_seed42,42,121,2,False,False,True,0.8384,0.0,0.22929646,-1.1537292,9.87415802455871e-08,0.00034150027204304934,0.00034150027204304934,7e267c0bf303542b
2,day2_n4_softmax_seed42,42,121,3,False,False,True,0.8428,0.0,0.9443661,-0.0068971715,1.278177279573356e-07,0.00034681844408623874,0.00034681844408623874,7e267c0bf303542b
2,day2_n4_softmax_seed42,42,122,0,False,False,True,0.8404,0.0,0.023835171,0.6418918,3.6890136811962293e-07,0.0003468907962087542,0.0003468909708317369,7e267c0bf303542b
2,day2_n4_softmax_seed42,42,122,1,False,False,True,0.834,0.0,-1.291008,-0.7201139,1.7776055472040753e-07,0.0003557697928044945,0.00035576982190832496,7e267c0bf303542b
2,day2_n4_softmax_seed42,42,122,2,False,False,True,0.8402,0.0,1.1388707,-0.94501925,-4.021385180408288e-08,0.0003543271159287542,0.0003543271159287542,7e267c0bf303542b
2,day2_n4_softmax_seed42,42,122,3,False,False,True,0.8338,0.0,0.12830076,1.023242,9.349765406341248e-08,0.000346534070558846,0.00034653409966267645,7e267c0bf303542b
2,day2_n4_softmax_seed42,42,123,0,False,False,True,0.8394,0.0,-0.41210535,0.8114937,-3.510504882342502e-07,0.000352740113157779,0.0003527402877807617,7e267c0bf303542b
2,day2_n4_softmax_seed42,42,123,1,False,False,True,0.8304,0.0,-0.78792655,-1.2615398,-7.712031191431379e-08,0.00035455540637485683,0.00035455540637485683,7e267c0bf303542b
2,day2_n4_softmax_seed42,42,123,2,False,False,True,0.8462,0.0,1.4651021,-0.31227303,4.0741042539593764e-07,0.0003605076635722071,0.0003605079255066812,7e267c0bf303542b
2,day2_n4_softmax_seed42,42,123,3,False,False,True,0.8414,0.0,-0.26506972,0.7623198,2.8837018817284843e-07,0.00034986052196472883,0.00034986063838005066,7e267c0bf303542b
2,day2_n4_softmax_seed42,42,124,0,False,False,True,0.842,0.0,-1.2412816,0.7129329,9.046214017871534e-07,0.0003647813282441348,0.0003647824632935226,7e267c0bf303542b
2,day2_n4_softmax_seed42,42,124,1,False,False,True,0.84,0.0,1.2555807,0.81626886,-3.7382872619673435e-07,0.0003660897782538086,0.00036608995287679136,7e267c0bf303542b
2,day2_n4_softmax_seed42,42,124,2,False,False,True,0.8398,0.0,0.11869178,-1.3640649,-1.0311848654964706e-06,0.00036002809065394104,0.00036002957494929433,7e267c0bf303542b
2,day2_n4_softmax_seed42,42,124,3,False,False,True,0.842,0.0,-0.13299167,-0.16513805,-7.971702586928586e-08,0.0003525686915963888,0.00035256866249255836,7e267c0bf303542b
2,day2_n4_softmax_seed42,42,125,0,False,False,True,0.842,0.0,1.2396562,-0.915187,1.3799980251860688e-06,0.0003691697493195534,0.00036917231045663357,7e267c0bf303542b
2,day2_n4_softmax_seed42,42,125,1,False,False,True,0.84,0.0,0.4312944,1.3731061,1.0877997738134582e-06,0.0003682489914353937,0.0003682505921460688,7e267c0bf303542b
2,day2_n4_softmax_seed42,42,125,2,False,False,True,0.8418,0.0,-1.0248351,-0.6507077,-4.686996248892683e-07,0.00036541963345371187,0.00036541992449201643,7e267c0bf303542b
2,day2_n4_softmax_seed42,42,125,3,False,False,True,0.835,0.0,-0.6461163,0.19278838,-2.8363247750462506e-08,0.00036291402648203075,0.00036291402648203075,7e267c0bf303542b
2,day2_n4_softmax_seed42,42,126,0,False,False,True,0.8336,0.0,1.506691,-0.4343862,1.0277577757733525e-06,0.00037589389830827713,0.00037589529529213905,7e267c0bf303542b
2,day2_n4_softmax_seed42,42,126,1,False,False,True,0.8398,0.0,-0.114014484,1.4014298,7.331738629545725e-07,0.0003706851857714355,0.0003706859133671969,7e267c0bf303542b
2,day2_n4_softmax_seed42,42,126,2,False,False,True,0.8414,0.0,-0.82555157,-1.0286627,-4.7249579893104965e-07,0.0003701020614244044,0.00037010235246270895,7e267c0bf303542b
2,day2_n4_softmax_seed42,42,126,3,False,False,True,0.8324,0.0,-0.5671252,0.06161773,7.951071268053056e-08,0.000365989952115342,0.000365989952115342,7e267c0bf303542b
2,day2_n4_softmax_seed42,42,127,0,False,False,True,0.8344,0.0,1.5299764,-0.4370491,5.662474222845049e-07,0.0003908713406417519,0.0003908717480953783,7e267c0bf303542b
2,day2_n4_softmax_seed42,42,127,1,False,False,True,0.836,0.0,-1.0573994,-0.9565036,5.050123945693485e-07,0.0003873219829984009,0.0003873223322443664,7e267c0bf303542b
2,day2_n4_softmax_seed42,42,127,2,False,False,True,0.8362,0.0,-0.24431613,1.5345861,-6.476396379184735e-07,0.00038377949385903776,0.000383780017727986,7e267c0bf303542b
2,day2_n4_softmax_seed42,42,127,3,False,False,True,0.839,0.0,-0.22826035,-0.14103416,-8.893407255072816e-08,0.0003682159003801644,0.0003682159003801644,7e267c0bf303542b
2,day2_n4_softmax_seed42,42,128,0,False,False,True,0.841,0.0,0.5858908,1.454369,-3.3406638522137655e-07,0.00038719933945685625,0.0003871994558721781,7e267c0bf303542b
2,day2_n4_softmax_seed42,42,128,1,False,False,True,0.832,0.0,-1.6179707,0.07787061,-5.862228249498003e-07,0.0003876050759572536,0.0003876055125147104,7e267c0bf303542b
2,day2_n4_softmax_seed42,42,128,2,False,False,True,0.841,0.0,0.39508182,-1.0331006,-5.610161224467447e-07,0.00038022350054234266,0.00038022390799596906,7e267c0bf303542b
2,day2_n4_softmax_seed42,42,128,3,False,False,True,0.839,0.0,0.63699776,-0.49913815,1.0359251945146752e-07,0.0003819811390712857,0.0003819811681751162,7e267c0bf303542b
2,day2_n4_softmax_seed42,42,129,0,False,False,True,0.8386,0.0,-1.2829417,1.0257277,-4.754090809910849e-07,0.0003968472592532635,0.0003968475211877376,7e267c0bf303542b
2,day2_n4_softmax_seed42,42,129,1,False,False,True,0.8426,0.0,1.395797,0.8074468,-6.148932243377203e-07,0.0003941051836591214,0.0003941056493204087,7e267c0bf303542b
2,day2_n4_softmax_seed42,42,129,2,False,False,True,0.8314,0.0,-0.18904829,-1.2388438,-1.5435329032698064e-06,0.00038947758730500937,0.0003894806432072073,7e267c0bf303542b
2,day2_n4_softmax_seed42,42,129,3,False,False,True,0.835,0.0,0.076193,-0.5943312,-5.161288072486059e-07,0.00038814489380456507,0.0003881452139467001,7e267c0bf303542b
2,day2_n4_softmax_seed42,42,130,0,False,False,True,0.8394,0.0,1.4954627,-0.15935068,-3.0356704883161e-07,0.0004028750699944794,0.00040287518640980124,7e267c0bf303542b
2,day2_n4_softmax_seed42,42,130,1,False,False,True,0.8328,0.0,-0.71009195,-1.5170705,5.843917278980371e-07,0.00040257698856294155,0.0004025774251203984,7e267c0bf303542b
2,day2_n4_softmax_seed42,42,130,2,False,False,True,0.8356,0.0,-0.99763185,0.9875216,-3.243479795855819e-07,0.00040110712870955467,0.0004011072451248765,7e267c0bf303542b
2,day2_n4_softmax_seed42,42,130,3,False,False,True,0.8398,0.0,0.21226037,0.68889964,6.047239935469406e-07,0.0003966628573834896,0.00039666329394094646,7e267c0bf303542b
2,day2_n4_softmax_seed42,42,131,0,False,False,True,0.8374,0.0,-0.49274263,-0.23880255,3.1601450700691203e-07,0.00040146036189980805,0.00040146050741896033,7e267c0bf303542b
2,day2_n4_softmax_seed42,42,131,1,False,False,True,0.8356,0.0,1.7368546,0.06088054,-8.051352438087633e-07,0.00041840874473564327,0.00041840950143523514,7e267c0bf303542b
2,day2_n4_softmax_seed42,42,131,2,False,False,True,0.8366,0.0,-0.5813143,-1.2945092,-5.617393412649108e-07,0.00040502214687876403,0.0004050224961247295,7e267c0bf303542b
2,day2_n4_softmax_seed42,42,131,3,False,False,True,0.8336,0.0,-0.6627991,1.4724313,3.2180824405259045e-07,0.00040820337017066777,0.0004082034865859896,7e267c0bf303542b
2,day2_n4_softmax_seed42,42,132,0,False,False,True,0.8338,0.0,-1.1505415,-1.2551554,-9.177169246754602e-09,0.0004107441345695406,0.0004107441345695406,7e267c0bf303542b
2,day2_n4_softmax_seed42,42,132,1,False,False,True,0.835,0.0,1.6024606,-0.6402157,-1.6630384891413996e-07,0.0004149070882704109,0.0004149070882704109,7e267c0bf303542b
2,day2_n4_softmax_seed42,42,132,2,False,False,True,0.8316,0.0,-0.20383188,1.1756641,-1.9919327769457595e-06,0.00040408995118923485,0.00040409486973658204,7e267c0bf303542b
2,day2_n4_softmax_seed42,42,132,3,False,False,True,0.8346,0.0,-0.24808754,0.71970844,1.151117317021999e-06,0.0004038236802443862,0.0004038253100588918,7e267c0bf303542b
2,day2_n4_softmax_seed42,42,133,0,False,False,True,0.8318,0.0,-1.4025673,1.0383213,-3.524690441736311e-07,0.0004190615436527878,0.00041906171827577055,7e267c0bf303542b
2,day2_n4_softmax_seed42,42,133,1,False,False,True,0.8396,0.0,1.4430914,0.9631121,2.0948592194258708e-08,0.0004173309134785086,0.0004173308552708477,7e267c0bf303542b
2,day2_n4_softmax_seed42,42,133,2,False,False,True,0.837,0.0,0.10047713,-0.89344746,-3.659084768514731e-07,0.00040768005419522524,0.000407680228818208,7e267c0bf303542b
2,day2_n4_softmax_seed42,42,133,3,False,False,True,0.8338,0.0,-0.1410013,-1.1079876,3.883162378315319e-07,0.00041081555536948144,0.0004108157299924642,7e267c0bf303542b
2,day2_n4_softmax_seed42,42,134,0,False,False,True,0.8382,0.0,0.51539886,1.6485504,2.2003582955676393e-07,0.0004162869299761951,0.000416286988183856,7e267c0bf303542b
2,day2_n4_softmax_seed42,42,134,1,False,False,True,0.833,0.0,-1.7389325,-0.04354407,-4.904737238575763e-07,0.0004232947831042111,0.0004232950450386852,7e267c0bf303542b
2,day2_n4_softmax_seed42,42,134,2,False,False,True,0.836,0.0,0.37856445,-0.92366016,-1.0852569687358482e-07,0.0004133015754632652,0.0004133015754632652,7e267c0bf303542b
2,day2_n4_softmax_seed42,42,134,3,False,False,True,0.8338,0.0,0.84496725,-0.6813469,2.662081755033796e-08,0.0004148402949795127,0.00041484032408334315,7e267c0bf303542b
2,day2_n4_softmax_seed42,42,135,0,False,False,True,0.8352,0.0,-1.5464351,-0.89468277,-4.6105384399197646e-07,0.00042897879029624164,0.0004289790231268853,7e267c0bf303542b
2,day2_n4_softmax_seed42,42,135,1,False,False,True,0.8392,0.0,1.3819335,-1.1269358,-8.248402991739567e-07,0.0004265934112481773,0.0004265942261554301,7e267c0bf303542b
2,day2_n4_softmax_seed42,42,135,2,False,False,True,0.834,0.0,0.06258653,0.82006216,-3.759380717838212e-07,0.00042205839417874813,0.0004220585396979004,7e267c0bf303542b
2,day2_n4_softmax_seed42,42,135,3,False,False,True,0.8364,0.0,0.101915225,1.2015562,5.379214371714625e-07,0.0004213673819322139,0.0004213677311781794,7e267c0bf303542b
2,day2_n4_softmax_seed42,42,136,0,False,False,True,0.8352,0.0,-0.25181183,-0.57929265,-1.3478710059189325e-07,0.000428386265411973,0.000428386265411973,7e267c0bf303542b
2,day2_n4_softmax_seed42,42,136,1,False,False,True,0.8402,0.0,1.7712375,0.5088294,-3.782117516948347e-07,0.0004452166031114757,0.000445216748630628,7e267c0bf303542b
2,day2_n4_softmax_seed42,42,136,2,False,False,True,0.8358,0.0,-0.40149763,-1.3516423,-5.66160395010229e-07,0.0004326404014136642,0.0004326407506596297,7e267c0bf303542b
2,day2_n4_softmax_seed42,42,136,3,False,False,True,0.8314,0.0,-1.1179285,1.4221046,4.020111532554438e-08,0.0004370228562038392,0.0004370228562038392,7e267c0bf303542b
2,day2_n4_softmax_seed42,42,137,0,False,False,True,0.8454,0.0,1.876067,-0.030407915,1.6708114003449737e-07,0.0004506385012064129,0.0004506385012064129,7e267c0bf303542b
2,day2_n4_softmax_seed42,42,137,1,False,False,True,0.832,0.0,-0.6179947,0.08680689,-6.14644648067042e-07,0.0004350243543740362,0.00043502479093149304,7e267c0bf303542b
2,day2_n4_softmax_seed42,42,137,2,False,False,True,0.8322,0.0,-0.6541126,-1.5279151,-1.110171410800831e-06,0.000439816911239177,0.00043981827911920846,7e267c0bf303542b
2,day2_n4_softmax_seed42,42,137,3,False,False,True,0.831,0.0,-0.6039594,1.4715146,-3.5713412671611877e-07,0.00043759902473539114,0.0004375991993583739,7e267c0bf303542b
2,day2_n4_softmax_seed42,42,138,0,False,False,True,0.8402,0.0,0.69141954,-1.4292526,2.1501639935195271e-07,0.0004456258029676974,0.00044562583207152784,7e267c0bf303542b
2,day2_n4_softmax_seed42,42,138,1,False,False,True,0.8374,0.0,-1.8568698,0.1437108,-9.180566848954186e-07,0.00045109112397767603,0.0004510920261964202,7e267c0bf303542b
2,day2_n4_softmax_seed42,42,138,2,False,False,True,0.836,0.0,0.85087854,1.5861669,-7.209631007754069e-07,0.00044835510198026896,0.0004483556258492172,7e267c0bf303542b
2,day2_n4_softmax_seed42,42,138,3,False,False,True,0.8302,0.0,0.3145742,-0.3006258,4.855442057305481e-07,0.0004420402110554278,0.0004420404729899019,7e267c0bf303542b
2,day2_n4_softmax_seed42,42,139,0,False,False,True,0.8322,0.0,-0.3236612,1.7723114,2.4407194132436416e-07,0.0004558432556223124,0.0004558432847261429,7e267c0bf303542b
2,day2_n4_softmax_seed42,42,139,1,False,False,True,0.8284,0.0,1.9032584,-0.29390058,9.072174407265265e-07,0.0004631847841665149,0.0004631856572814286,7e267c0bf303542b
2,day2_n4_softmax_seed42,42,139,2,False,False,True,0.8322,0.0,-0.8228972,-0.21576479,-3.971207434005919e-07,0.0004572590987663716,0.0004572592442855239,7e267c0bf303542b
2,day2_n4_softmax_seed42,42,139,3,False,False,True,0.8398,0.0,-0.7567005,-1.262646,-2.5684331106390346e-08,0.0004566822899505496,0.00045668226084671915,7e267c0bf303542b
2,day2_n4_softmax_seed42,42,140,0,False,False,True,0.841,0.0,0.5168844,0.69034797,-8.446027095487807e-07,0.00044757191790267825,0.00044757273280993104,7e267c0bf303542b
2,day2_n4_softmax_seed42,42,140,1,False,False,True,0.8362,0.0,0.7403288,-1.7397352,7.12124936796954e-09,0.0004552216560114175,0.0004552216560114175,7e267c0bf303542b
2,day2_n4_softmax_seed42,42,140,2,False,False,True,0.8312,0.0,-1.9352528,-0.08403922,-8.851492907524516e-07,0.00046629805001430213,0.0004662988940253854,7e267c0bf303542b
2,day2_n4_softmax_seed42,42,140,3,False,False,True,0.835,0.0,0.67803967,1.1334273,8.155122372954793e-07,0.00045212620170786977,0.00045212690019980073,7e267c0bf303542b
2,day2_n4_softmax_seed42,42,141,0,False,False,True,0.8346,0.0,1.8194407,-0.65230685,-1.454911000564607e-07,0.00046446139458566904,0.00046446139458566904,7e267c0bf303542b
2,day2_n4_softmax_seed42,42,141,1,False,False,True,0.8258,0.0,-0.9452159,-1.026239,6.87461522375088e-07,0.0004611521144397557,0.00046115260920487344,7e267c0bf303542b
2,day2_n4_softmax_seed42,42,141,2,False,False,True,0.8296,0.0,-0.9041863,-0.1782642,-2.442902768962085e-07,0.0004581313405651599,0.00045813139877282083,7e267c0bf303542b
2,day2_n4_softmax_seed42,42,141,3,False,False,True,0.8332,0.0,0.029960964,1.8568097,-3.1486152352044883e-07,0.0004609967872966081,0.00046099687460809946,7e267c0bf303542b
2,day2_n4_softmax_seed42,42,142,0,False,False,True,0.84,0.0,1.7537087,0.5188249,-5.458612690745213e-07,0.0004674886295106262,0.0004674889496527612,7e267c0bf303542b
2,day2_n4_softmax_seed42,42,142,1,False,False,True,0.8312,0.0,-1.4029224,1.0913386,1.9307763921005971e-07,0.0004678354016505182,0.0004678354598581791,7e267c0bf303542b
2,day2_n4_softmax_seed42,42,142,2,False,False,True,0.8382,0.0,-0.020295346,0.28708062,-1.6790623931228765e-06,0.00045335650793276727,0.00045335956383496523,7e267c0bf303542b
2,day2_n4_softmax_seed42,42,142,3,False,False,True,0.8302,0.0,-0.33049092,-1.8972445,-1.6672017011387652e-07,0.0004709082713816315,0.00047090830048546195,7e267c0bf303542b
2,day2_n4_softmax_seed42,42,143,0,False,False,True,0.8382,0.0,0.51925224,0.2334096,4.830340003536548e-07,0.0004627745656762272,0.0004627748276107013,7e267c0bf303542b
2,day2_n4_softmax_seed42,42,143,1,False,False,True,0.8318,0.0,-1.9214988,-0.5130542,3.106103179106867e-07,0.0004798995505552739,0.0004798996087629348,7e267c0bf303542b
2,day2_n4_softmax_seed42,42,143,2,False,False,True,0.8368,0.0,1.1200105,-1.4156026,-4.6303318868012866e-07,0.0004714250680990517,0.0004714252718258649,7e267c0bf303542b
2,day2_n4_softmax_seed42,42,143,3,False,False,True,0.8302,0.0,0.28223535,1.6952468,8.107811595436942e-07,0.0004685375315602869,0.0004685382009483874,7e267c0bf303542b
2,day2_n4_softmax_seed42,42,144,0,False,False,True,0.835,0.0,-0.5401904,1.9007534,-5.517837848856288e-07,0.0004703725571744144,0.0004703728773165494,7e267c0bf303542b
2,day2_n4_softmax_seed42,42,144,1,False,False,True,0.8352,0.0,1.9921266,-0.13948655,-5.749323008785723e-07,0.0004833064740523696,0.00048330676509067416,7e267c0bf303542b
2,day2_n4_softmax_seed42,42,144,2,False,False,True,0.8324,0.0,-0.5760504,-0.79385674,-7.57707596221735e-07,0.00046831381041556597,0.0004683143924921751,7e267c0bf303542b
2,day2_n4_softmax_seed42,42,144,3,False,False,True,0.8412,0.0,-0.8758859,-0.9674117,-7.315566818988373e-08,0.0004723772290162742,0.0004723772290162742,7e267c0bf303542b
2,day2_n4_softmax_seed42,42,145,0,False,False,True,0.8304,0.0,0.21184549,0.50839967,9.229414672518033e-07,0.0004825406358577311,0.00048254147986881435,7e267c0bf303542b
2,day2_n4_softmax_seed42,42,145,1,False,False,True,0.8242,0.0,-2.0146348,-0.3659339,-1.6381520140384964e-07,0.0005007338477298617,0.0005007338477298617,7e267c0bf303542b
2,day2_n4_softmax_seed42,42,145,2,False,False,True,0.8388,0.0,1.1235505,-1.6838512,-8.438141207989247e-07,0.0004934238968417048,0.0004934245953336358,7e267c0bf303542b
2,day2_n4_softmax_seed42,42,145,3,False,False,True,0.827,0.0,0.67923814,1.541383,2.445782456561574e-07,0.0004884999361820519,0.0004884999943897128,7e267c0bf303542b
2,day2_n4_softmax_seed42,42,146,0,False,False,True,0.8366,0.0,1.4971445,1.4051018,4.2104079511773307e-07,0.0004937401972711086,0.0004937403718940914,7e267c0bf303542b
2,day2_n4_softmax_seed42,42,146,1,False,False,True,0.827,0.0,0.10681747,-1.2137196,-8.979608310255571e-07,0.0004853449063375592,0.000485345721244812,7e267c0bf303542b
2,day2_n4_softmax_seed42,42,146,2,False,False,True,0.824,0.0,-1.8405968,0.9284986,-6.578303555215825e-07,0.0004939539358019829,0.0004939543432556093,7e267c0bf303542b
2,day2_n4_softmax_seed42,42,146,3,False,False,True,0.8348,0.0,0.23663454,-1.11988,-1.5694906707608425e-08,0.0004824056231882423,0.00048240559408441186,7e267c0bf303542b
2,day2_n4_softmax_seed42,42,147,0,False,False,True,0.8358,0.0,-1.3668046,-1.4949269,5.880866069674084e-07,0.0004914930323138833,0.0004914933233521879,7e267c0bf303542b
2,day2_n4_softmax_seed42,42,147,1,False,False,True,0.8342,0.0,1.9191943,-0.7131867,-1.3996836969454307e-06,0.0004985402920283377,0.0004985422710888088,7e267c0bf303542b
2,day2_n4_softmax_seed42,42,147,2,False,False,True,0.8318,0.0,-0.35254088,1.5275215,-1.0434424666527775e-06,0.00048368668649345636,0.0004836877924390137,7e267c0bf303542b
2,day2_n4_softmax_seed42,42,147,3,False,False,True,0.828,0.0,-0.19984867,0.6805905,-1.757452849915353e-07,0.00047492378507740796,0.00047492378507740796,7e267c0bf303542b
2,day2_n4_softmax_seed42,42,148,0,False,False,True,0.837,0.0,-0.8363443,1.7667133,-2.3454340691841935e-07,0.0004957187920808792,0.0004957187920808792,7e267c0bf303542b
2,day2_n4_softmax_seed42,42,148,1,False,False,True,0.831,0.0,-1.0440838,-1.5988711,-3.8221148201955657e-07,0.0004957069177180529,0.0004957070341333747,7e267c0bf303542b
2,day2_n4_softmax_seed42,42,148,2,False,False,True,0.8224,0.0,2.0182402,-0.099675566,-1.020477384372498e-06,0.0005044036661274731,0.0005044047138653696,7e267c0bf303542b
2,day2_n4_softmax_seed42,42,148,3,False,False,True,0.8312,0.0,-0.13781096,-0.06816815,-6.601650852644525e-07,0.000477910740301013,0.0004779111477546394,7e267c0bf303542b
2,day2_n4_softmax_seed42,42,149,0,False,False,True,0.8292,0.0,1.2400928,1.6681701,5.03373769333848e-07,0.0005039107636548579,0.0005039109382778406,7e267c0bf303542b
2,day2_n4_softmax_seed42,42,149,1,False,False,True,0.829,0.0,-2.04806,0.54690397,2.137889083542177e-07,0.0005140190478414297,0.0005140190478414297,7e267c0bf303542b
2,day2_n4_softmax_seed42,42,149,2,False,False,True,0.832,0.0,0.4743899,-1.4891793,-6.943408834558795e-07,0.0004954871255904436,0.00049548753304407,7e267c0bf303542b
2,day2_n4_softmax_seed42,42,149,3,False,False,True,0.8316,0.0,0.33357635,-0.7258955,4.209655628528708e-07,0.000491466314997524,0.0004914664896205068,7e267c0bf303542b
2,day2_n4_softmax_seed42,42,150,0,False,False,True,0.8326,0.0,-0.24426535,0.20875527,1.522487536931294e-06,0.0005109698977321386,0.0005109721096232533,7e267c0bf303542b
2,day2_n4_softmax_seed42,42,150,1,False,False,True,0.8342,0.0,-1.5910288,-1.2477891,-7.354665143566308e-08,0.0005196317797526717,0.0005196317215450108,7e267c0bf303542b
2,day2_n4_softmax_seed42,42,150,2,False,False,True,0.832,0.0,1.9271584,-0.9107533,-1.999402741148515e-07,0.0005205810302868485,0.0005205810302868485,7e267c0bf303542b
2,day2_n4_softmax_seed42,42,150,3,False,False,True,0.8262,0.0,-0.091862194,1.9497855,1.4541595305672672e-07,0.0005165667971596122,0.0005165667971596122,7e267c0bf303542b
2,day2_n4_softmax_seed42,42,151,0,False,False,True,0.8596,0.0,-0.098061085,-0.0150820585,-8.974325993449384e-08,5.150002834852785e-05,5.15001047460828e-05,7e267c0bf303542b
2,day2_n4_softmax_seed42,42,151,1,False,False,True,0.8618,0.0,0.2057185,0.020637646,-1.6307745909216464e-07,5.2825238526565954e-05,5.2825489547103643e-05,7e267c0bf303542b
2,day2_n4_softmax_seed42,42,151,2,False,False,True,0.8622,0.0,-0.03602333,-0.17192768,-3.11215018200528e-07,5.25741015735548e-05,5.257502198219299e-05,7e267c0bf303542b
2,day2_n4_softmax_seed42,42,151,3,False,False,True,0.8566,0.0,-0.07163402,0.16637224,-1.326037306625949e-07,5.203908585826866e-05,5.203925320529379e-05,7e267c0bf303542b
2,day2_n4_softmax_seed42,42,152,0,False,False,True,0.8584,0.0,0.029456226,0.056657813,-1.446763064905099e-07,4.855941006098874e-05,4.855962470173836e-05,7e267c0bf303542b
2,day2_n4_softmax_seed42,42,152,1,False,False,True,0.862,0.0,0.074522816,-0.18588974,-2.8994563194828515e-07,4.902396904071793e-05,4.9024823965737596e-05,7e267c0bf303542b
2,day2_n4_softmax_seed42,42,152,2,False,False,True,0.8578,0.0,0.09498377,0.12892285,-2.123074267501579e-07,4.9331658374285325e-05,4.933211312163621e-05,7e267c0bf303542b
2,day2_n4_softmax_seed42,42,152,3,False,False,True,0.8584,0.0,-0.19896266,0.00030898853,-1.5392542351833072e-08,4.9735011998564005e-05,4.9735011998564005e-05,7e267c0bf303542b
2,day2_n4_softmax_seed42,42,153,0,False,False,True,0.8608,0.0,0.044231903,-0.044949096,-7.620003295016886e-09,4.8075191443786025e-05,4.8075191443786025e-05,7e267c0bf303542b
2,day2_n4_softmax_seed42,42,153,1,False,False,True,0.861,0.0,0.14266914,-0.08682824,-2.4059804104581417e-07,4.96059910801705e-05,4.960657315677963e-05,7e267c0bf303542b
2,day2_n4_softmax_seed42,42,153,2,False,False,True,0.8606,0.0,0.0024453113,0.20505306,-2.766595059711108e-07,5.000574674340896e-05,5.000651071895845e-05,7e267c0bf303542b
2,day2_n4_softmax_seed42,42,153,3,False,False,True,0.8566,0.0,-0.18934648,-0.07327562,-1.525361170706674e-07,4.970963709638454e-05,4.9709869927028194e-05,7e267c0bf303542b
2,day2_n4_softmax_seed42,42,154,0,False,False,True,0.858,0.0,0.10984991,-0.15530623,2.071255700286656e-08,5.061919364379719e-05,5.0619197281775996e-05,7e267c0bf303542b
2,day2_n4_softmax_seed42,42,154,1,False,False,True,0.8576,0.0,-0.21207947,-0.03972613,-2.899029425407207e-07,5.177573984838091e-05,5.177655111765489e-05,7e267c0bf303542b
2,day2_n4_softmax_seed42,42,154,2,False,False,True,0.8584,0.0,0.058850586,0.011308327,-3.1765051744514494e-07,4.92707004013937e-05,4.927172267343849e-05,7e267c0bf303542b
2,day2_n4_softmax_seed42,42,154,3,False,False,True,0.8548,0.0,0.043379042,0.18372409,-2.407139554350124e-08,5.054381108493544e-05,5.054381472291425e-05,7e267c0bf303542b
2,day2_n4_softmax_seed42,42,155,0,False,False,True,0.8606,0.0,-0.0170985,-0.051823918,1.935903348737611e-08,4.951337177772075e-05,4.951337177772075e-05,7e267c0bf303542b
2,day2_n4_softmax_seed42,42,155,1,False,False,True,0.8584,0.0,0.20120884,0.058994975,-1.171017345313885e-07,5.1271992560941726e-05,5.127212716615759e-05,7e267c0bf303542b
2,day2_n4_softmax_seed42,42,155,2,False,False,True,0.8594,0.0,-0.050774425,-0.16608952,-2.596012791400426e-07,4.964885374647565e-05,4.964953041053377e-05,7e267c0bf303542b
2,day2_n4_softmax_seed42,42,155,3,False,False,True,0.859,0.0,-0.13333578,0.15891853,-8.366222914446553e-08,4.991680179955438e-05,4.991687092115171e-05,7e267c0bf303542b
2,day2_n4_softmax_seed42,42,156,0,False,False,True,0.8578,0.0,-0.06741884,0.20275752,-1.5455513846518443e-07,5.1106322644045576e-05,5.110655547468923e-05,7e267c0bf303542b
2,day2_n4_softmax_seed42,42,156,1,False,False,True,0.8602,0.0,-0.16584875,-0.1336613,-1.8767534015751153e-07,5.181254891795106e-05,5.181288724998012e-05,7e267c0bf303542b
2,day2_n4_softmax_seed42,42,156,2,False,False,True,0.8612,0.0,0.15445936,-0.040350247,-2.986458866871544e-07,5.048254388384521e-05,5.0483424274716526e-05,7e267c0bf303542b
2,day2_n4_softmax_seed42,42,156,3,False,False,True,0.8594,0.0,0.078808,-0.028745914,-1.7265649887576728e-07,4.990450543118641e-05,4.990480374544859e-05,7e267c0bf303542b
2,day2_n4_softmax_seed42,42,157,0,False,False,True,0.8554,0.0,-0.012667866,0.12424315,-6.944756592019985e-08,5.073571082903072e-05,5.073575448477641e-05,7e267c0bf303542b
2,day2_n4_softmax_seed42,42,157,1,False,False,True,0.8608,0.0,0.20984107,-0.03340389,-1.9543327312021574e-07,5.199235602049157e-05,5.199271981837228e-05,7e267c0bf303542b
2,day2_n4_softmax_seed42,42,157,2,False,False,True,0.8604,0.0,-0.099875085,0.09897058,-1.6779968348146213e-07,5.1004837587242946e-05,5.1005114073632285e-05,7e267c0bf303542b
2,day2_n4_softmax_seed42,42,157,3,False,False,True,0.8584,0.0,-0.09729791,-0.18980986,5.424478644044939e-09,5.146167677594349e-05,5.146167677594349e-05,7e267c0bf303542b
2,day2_n4_softmax_seed42,42,158,0,False,False,True,0.8574,0.0,-0.13292806,0.17031457,-3.850495744472937e-08,5.1817685744026676e-05,5.1817700295941904e-05,7e267c0bf303542b
2,day2_n4_softmax_seed42,42,158,1,False,False,True,0.8584,0.0,-0.11830162,-0.18532129,-1.3994122127769515e-07,5.223737025517039e-05,5.223755943006836e-05,7e267c0bf303542b
2,day2_n4_softmax_seed42,42,158,2,False,False,True,0.8614,0.0,0.15551564,-0.012049652,-2.3082176880961924e-07,5.2094936108915135e-05,5.209544542594813e-05,7e267c0bf303542b
2,day2_n4_softmax_seed42,42,158,3,False,False,True,0.8582,0.0,0.09571408,0.027056403,-8.265634221515938e-08,5.1152295782230794e-05,5.115236126584932e-05,7e267c0bf303542b
2,day2_n4_softmax_seed42,42,159,0,False,False,True,0.8606,0.0,-0.07771697,-0.06763839,5.4376297242697547e-08,5.086724195280112e-05,5.086727105663158e-05,7e267c0bf303542b
2,day2_n4_softmax_seed42,42,159,1,False,False,True,0.858,0.0,0.21907568,0.015022517,-2.3822718731025816e-07,5.205581692280248e-05,5.205636261962354e-05,7e267c0bf303542b
2,day2_n4_softmax_seed42,42,159,2,False,False,True,0.861,0.0,-0.056419857,-0.14301421,-1.8716272620622476e-07,5.07078439113684e-05,5.0708185881376266e-05,7e267c0bf303542b
2,day2_n4_softmax_seed42,42,159,3,False,False,True,0.8594,0.0,-0.08493874,0.19563,5.0482498181736446e-08,5.207526191952638e-05,5.2075283747399226e-05,7e267c0bf303542b
2,day2_n4_softmax_seed42,42,160,0,False,False,True,0.8598,0.0,-0.017618796,0.14057828,-1.2710191299447615e-07,5.149935532244854e-05,5.149951175553724e-05,7e267c0bf303542b
2,day2_n4_softmax_seed42,42,160,1,False,False,True,0.8596,0.0,-0.20287926,-0.0368409,-9.748512752594252e-08,5.279195465845987e-05,5.279204196995124e-05,7e267c0bf303542b
2,day2_n4_softmax_seed42,42,160,2,False,False,True,0.8582,0.0,0.08711519,-0.19104792,-2.2860533022139862e-07,5.311720087775029e-05,5.3117684728931636e-05,7e267c0bf303542b
2,day2_n4_softmax_seed42,42,160,3,False,False,True,0.8594,0.0,0.13338287,0.08731059,-4.2754013662715806e-08,5.2400082495296374e-05,5.24000970472116e-05,7e267c0bf303542b
2,day2_n4_softmax_seed42,42,161,0,False,False,True,0.8554,0.0,0.026266817,0.20830573,7.482624653221137e-08,5.237355799181387e-05,5.2373612561495975e-05,7e267c0bf303542b
2,day2_n4_softmax_seed42,42,161,1,False,False,True,0.8588,0.0,-0.17838557,-0.09219607,-2.1369368141677114e-07,5.3154395573074e-05,5.3154824854573235e-05,7e267c0bf303542b
2,day2_n4_softmax_seed42,42,161,2,False,False,True,0.8578,0.0,0.18407175,-0.11863467,-2.4300513246089395e-07,5.325432357494719e-05,5.3254872909747064e-05,7e267c0bf303542b
2,day2_n4_softmax_seed42,42,161,3,False,False,True,0.856,0.0,-0.03195291,0.0025250001,-1.0209763701141128e-07,5.2345865697134286e-05,5.234596028458327e-05,7e267c0bf303542b
2,day2_n4_softmax_seed42,42,162,0,False,False,True,0.8588,0.0,-0.10368345,0.13212259,4.3295020901723547e-08,5.3212716011330485e-05,5.3212730563245714e-05,7e267c0bf303542b
2,day2_n4_softmax_seed42,42,162,1,False,False,True,0.8584,0.0,-0.137096,-0.031667534,-8.482518154551144e-08,5.322191282175481e-05,5.322197830537334e-05,7e267c0bf303542b
2,day2_n4_softmax_seed42,42,162,2,False,False,True,0.8566,0.0,0.04864362,-0.19972138,-2.8071642077520664e-07,5.324580706655979e-05,5.324654557625763e-05,7e267c0bf303542b
2,day2_n4_softmax_seed42,42,162,3,False,False,True,0.8544,0.0,0.19213581,0.099266276,-4.345447024434179e-08,5.3471929277293384e-05,5.347194746718742e-05,7e267c0bf303542b
2,day2_n4_softmax_seed42,42,163,0,False,False,True,0.8564,0.0,0.19569491,0.095759295,-7.239330557240464e-08,5.392292223405093e-05,5.392296952777542e-05,7e267c0bf303542b
2,day2_n4_softmax_seed42,42,163,1,False,False,True,0.856,0.0,0.02221648,-0.073992506,-2.1267935323976417e-07,5.276048250379972e-05,5.2760915423277766e-05,7e267c0bf303542b
2,day2_n4_softmax_seed42,42,163,2,False,False,True,0.858,0.0,-0.04927757,-0.17398651,-1.5407277942358633e-07,5.293539652484469e-05,5.2935618441551924e-05,7e267c0bf303542b
2,day2_n4_softmax_seed42,42,163,3,False,False,True,0.8564,0.0,-0.16863391,0.1522196,8.628327918813739e-08,5.350513674784452e-05,5.350520586944185e-05,7e267c0bf303542b
2,day2_n4_softmax_seed42,42,164,0,False,False,True,0.8588,0.0,-0.09910262,-0.07124706,-3.676142412700756e-08,5.303504440234974e-05,5.3035051678307354e-05,7e267c0bf303542b
2,day2_n4_softmax_seed42,42,164,1,False,False,True,0.8582,0.0,-0.117005646,-0.08185918,-1.3486067018675385e-07,5.307722676661797e-05,5.3077394113643095e-05,7e267c0bf303542b
2,day2_n4_softmax_seed42,42,164,2,False,False,True,0.8568,0.0,-0.0030705552,0.22585623,-1.2447560493455967e-07,5.32521735294722e-05,5.325231541064568e-05,7e267c0bf303542b
2,day2_n4_softmax_seed42,42,164,3,False,False,True,0.8544,0.0,0.21917886,-0.072749935,-4.9652363998120563e-08,5.478794628288597e-05,5.478796811075881e-05,7e267c0bf303542b
2,day2_n4_softmax_seed42,42,165,0,False,False,True,0.8566,0.0,0.0024884897,0.22929661,1.3762082140544862e-08,5.456092185340822e-05,5.456092185340822e-05,7e267c0bf303542b
2,day2_n4_softmax_seed42,42,165,1,False,False,True,0.8594,0.0,-0.22154394,-0.07588858,-7.562316994835783e-08,5.5684846302028745e-05,5.5684897233732045e-05,7e267c0bf303542b
2,day2_n4_softmax_seed42,42,165,2,False,False,True,0.8572,0.0,0.12610857,-0.09421907,-2.506652947431576e-07,5.390949081629515e-05,5.391007289290428e-05,7e267c0bf303542b
2,day2_n4_softmax_seed42,42,165,3,False,False,True,0.8576,0.0,0.09294697,-0.05918887,1.9003351781066158e-08,5.308581967256032e-05,5.308581967256032e-05,7e267c0bf303542b
2,day2_n4_softmax_seed42,42,166,0,False,False,True,0.8578,0.0,0.043680146,-0.1476302,-1.3414211963436173e-08,5.371993393055163e-05,5.371993393055163e-05,7e267c0bf303542b
2,day2_n4_softmax_seed42,42,166,1,False,False,True,0.8578,0.0,-0.17343812,-0.077653505,-6.536391339295733e-08,5.430536111816764e-05,5.43053938599769e-05,7e267c0bf303542b
2,day2_n4_softmax_seed42,42,166,2,False,False,True,0.859,0.0,0.18661323,0.023777127,-2.8375666261126753e-07,5.373746535042301e-05,5.373821113607846e-05,7e267c0bf303542b
2,day2_n4_softmax_seed42,42,166,3,False,False,True,0.8582,0.0,-0.05685519,0.2015066,5.796925250933782e-08,5.3895946621196344e-05,5.3895972087047994e-05,7e267c0bf303542b
2,day2_n4_softmax_seed42,42,167,0,False,False,True,0.8598,0.0,0.11769642,-0.020259464,1.646757397111287e-08,5.43854694114998e-05,5.43854694114998e-05,7e267c0bf303542b
2,day2_n4_softmax_seed42,42,167,1,False,False,True,0.8576,0.0,-0.10082819,-0.20332283,-1.3120170194724778e-07,5.498812242876738e-05,5.498827522387728e-05,7e267c0bf303542b
2,day2_n4_softmax_seed42,42,167,2,False,False,True,0.8586,0.0,-0.1646123,0.16375262,-3.0913318482816976e-07,5.5233886087080464e-05,5.5234748288057745e-05,7e267c0bf303542b
2,day2_n4_softmax_seed42,42,167,3,False,False,True,0.8548,0.0,0.1477441,0.05982964,-6.22858253862546e-09,5.494157812790945e-05,5.4941574489930645e-05,7e267c0bf303542b
2,day2_n4_softmax_seed42,42,168,0,False,False,True,0.8578,0.0,0.1700051,0.13736281,3.3138881860850233e-08,5.546996908378787e-05,5.5469979997724295e-05,7e267c0bf303542b
2,day2_n4_softmax_seed42,42,168,1,False,False,True,0.8612,0.0,0.016624779,-0.2067867,-5.773948430487508e-08,5.416672502178699e-05,5.416675776359625e-05,7e267c0bf303542b
2,day2_n4_softmax_seed42,42,168,2,False,False,True,0.8586,0.0,-0.21130309,0.091651164,-2.626315449560934e-07,5.644138946081512e-05,5.644200064125471e-05,7e267c0bf303542b
2,day2_n4_softmax_seed42,42,168,3,False,False,True,0.8568,0.0,0.024673153,-0.022227159,-4.595869995682733e-08,5.333820445230231e-05,5.333822264219634e-05,7e267c0bf303542b
2,day2_n4_softmax_seed42,42,169,0,False,False,True,0.8584,0.0,0.052740373,0.07369603,1.2602330912159232e-07,5.418456930783577e-05,5.4184718464966863e-05,7e267c0bf303542b
2,day2_n4_softmax_seed42,42,169,1,False,False,True,0.858,0.0,-0.23886271,-0.017065635,-1.1235599117753736e-07,5.7048579037655145e-05,5.7048691814998165e-05,7e267c0bf303542b
2,day2_n4_softmax_seed42,42,169,2,False,False,True,0.8586,0.0,0.10043421,-0.21094091,-1.9263794115431665e-07,5.629539373330772e-05,5.629571751342155e-05,7e267c0bf303542b
2,day2_n4_softmax_seed42,42,169,3,False,False,True,0.8598,0.0,0.08568815,0.15431052,-7.070527630048673e-08,5.554042218136601e-05,5.5540465837111697e-05,7e267c0bf303542b
2,day2_n4_softmax_seed42,42,170,0,False,False,True,0.8604,0.0,-0.048425656,0.026717775,2.247848662761953e-08,5.499860708368942e-05,5.4998614359647036e-05,7e267c0bf303542b
2,day2_n4_softmax_seed42,42,170,1,False,False,True,0.8542,0.0,-0.051031835,0.19924958,-2.4071766802080674e-07,5.5534175771754235e-05,5.553469600272365e-05,7e267c0bf303542b
2,day2_n4_softmax_seed42,42,170,2,False,False,True,0.8576,0.0,0.23310791,-0.051092856,-2.5782679813346476e-07,5.7094825024250895e-05,5.709540346288122e-05,7e267c0bf303542b
2,day2_n4_softmax_seed42,42,170,3,False,False,True,0.8562,0.0,-0.1336504,-0.17487448,-6.40818100805518e-08,5.5864864407340065e-05,5.586489714914933e-05,7e267c0bf303542b
2,day2_n4_softmax_seed42,42,171,0,False,False,True,0.8566,0.0,0.23340517,0.042506803,3.2833359142614427e-08,5.6325206969631836e-05,5.632521424558945e-05,7e267c0bf303542b
2,day2_n4_softmax_seed42,42,171,1,False,False,True,0.8584,0.0,-0.11723907,0.20156497,-2.058595356402293e-07,5.55178448848892e-05,5.551822323468514e-05,7e267c0bf303542b
2,day2_n4_softmax_seed42,42,171,2,False,False,True,0.859,0.0,-0.048690833,-0.14686899,-2.022997165340712e-07,5.4865457059349865e-05,5.4865831771166995e-05,7e267c0bf303542b
2,day2_n4_softmax_seed42,42,171,3,False,False,True,0.858,0.0,-0.06747534,-0.097203024,-3.245028779019776e-08,5.5442640586989e-05,5.5442647862946615e-05,7e267c0bf303542b
2,day2_n4_softmax_seed42,42,172,0,False,False,True,0.858,0.0,0.12405339,0.06448517,-1.201837704911668e-07,5.609830986941233e-05,5.6098433560691774e-05,7e267c0bf303542b
2,day2_n4_softmax_seed42,42,172,1,False,False,True,0.8572,0.0,-0.14564532,-0.18431365,-1.6225503429723176e-07,5.7181136071449146e-05,5.71813689020928e-05,7e267c0bf303542b
2,day2_n4_softmax_seed42,42,172,2,False,False,True,0.8592,0.0,-0.13298371,0.1855845,-7.000796387046648e-08,5.647910074912943e-05,5.6479144404875115e-05,7e267c0bf303542b
2,day2_n4_softmax_seed42,42,172,3,False,False,True,0.8536,0.0,0.1545758,-0.06575617,4.4721655712010033e-08,5.634367335005663e-05,5.634368790197186e-05,7e267c0bf303542b
2,day2_n4_softmax_seed42,42,173,0,False,False,True,0.8594,0.0,0.016327767,-0.035291888,-7.656772993414052e-08,5.571087604039349e-05,5.5710926972096786e-05,7e267c0bf303542b
2,day2_n4_softmax_seed42,42,173,1,False,False,True,0.8588,0.0,0.20939407,0.097076274,-7.782695377045457e-08,5.826241977047175e-05,5.826247070217505e-05,7e267c0bf303542b
2,day2_n4_softmax_seed42,42,173,2,False,False,True,0.8596,0.0,-0.18680587,0.14980976,-2.1261354277157807e-07,5.7126384490402415e-05,5.712677739211358e-05,7e267c0bf303542b
2,day2_n4_softmax_seed42,42,173,3,False,False,True,0.8564,0.0,-0.038915977,-0.21159418,-8.333569212481962e-08,5.692377453669906e-05,5.692383638233878e-05,7e267c0bf303542b
2,day2_n4_softmax_seed42,42,174,0,False,False,True,0.8582,0.0,0.12409423,0.18475448,4.797040631387972e-08,5.622216121992096e-05,5.6222179409815e-05,7e267c0bf303542b
2,day2_n4_softmax_seed42,42,174,1,False,False,True,0.8592,0.0,-0.22057377,0.0035834108,-1.0493823765500565e-07,5.6750988733256236e-05,5.675108332070522e-05,7e267c0bf303542b
2,day2_n4_softmax_seed42,42,174,2,False,False,True,0.858,0.0,0.10921467,-0.2011899,-9.073320939023688e-08,5.6614677305333316e-05,5.661475006490946e-05,7e267c0bf303542b
2,day2_n4_softmax_seed42,42,174,3,False,False,True,0.8582,0.0,-0.012735184,0.012852057,-1.5015064036560943e-07,5.548059561988339e-05,5.548079570871778e-05,7e267c0bf303542b
2,day2_n4_softmax_seed42,42,175,0,False,False,True,0.857,0.0,-0.0061646807,-0.21022634,2.304663482277647e-08,5.6593362387502566e-05,5.659336602548137e-05,7e267c0bf303542b
2,day2_n4_softmax_seed42,42,175,1,False,False,True,0.8586,0.0,0.20464315,0.124508165,-3.427899741836882e-08,5.911419430049136e-05,5.911420157644898e-05,7e267c0bf303542b
2,day2_n4_softmax_seed42,42,175,2,False,False,True,0.861,0.0,0.005273847,-0.04454198,-1.1554386958323448e-07,5.488162787514739e-05,5.488174792844802e-05,7e267c0bf303542b
2,day2_n4_softmax_seed42,42,175,3,False,False,True,0.857,0.0,-0.20375232,0.13026017,5.533731695095412e-08,5.9193596825934947e-05,5.9193622291786596e-05,7e267c0bf303542b
2,day2_n4_softmax_seed42,42,176,0,False,False,True,0.8586,0.0,0.24687228,0.011718154,6.858616785621052e-08,5.956958557362668e-05,5.9569618315435946e-05,7e267c0bf303542b
2,day2_n4_softmax_seed42,42,176,1,False,False,True,0.8588,0.0,-0.087967165,-0.2108563,-1.4710975904108636e-07,5.8914196415571496e-05,5.891437467653304e-05,7e267c0bf303542b
2,day2_n4_softmax_seed42,42,176,2,False,False,True,0.8578,0.0,-0.11015263,0.19108805,2.7376012567970065e-08,5.824730760650709e-05,5.824730760650709e-05,7e267c0bf303542b
2,day2_n4_softmax_seed42,42,176,3,False,False,True,0.8582,0.0,-0.04875266,0.00805013,-5.977330852502405e-10,5.6521424994571134e-05,5.6521424994571134e-05,7e267c0bf303542b
2,day2_n4_softmax_seed42,42,177,0,False,False,True,0.8608,0.0,0.014116168,0.010705128,1.1593726156888806e-07,5.5687745771138e-05,5.568785854848102e-05,7e267c0bf303542b
2,day2_n4_softmax_seed42,42,177,1,False,False,True,0.857,0.0,0.055719316,0.218906,-1.0765674574031436e-07,5.778297418146394e-05,5.7783072406891733e-05,7e267c0bf303542b
2,day2_n4_softmax_seed42,42,177,2,False,False,True,0.8554,0.0,0.1622937,-0.16644032,-1.073892903491469e-07,5.8991154219256714e-05,5.8991252444684505e-05,7e267c0bf303542b
2,day2_n4_softmax_seed42,42,177,3,False,False,True,0.8584,0.0,-0.23212917,-0.06317086,1.0860689236835697e-08,5.882182449568063e-05,5.882182085770182e-05,7e267c0bf303542b
2,day2_n4_softmax_seed42,42,178,0,False,False,True,0.8584,0.0,0.018303074,0.069213755,-9.581942350678219e-08,5.590459841187112e-05,5.590467480942607e-05,7e267c0bf303542b
2,day2_n4_softmax_seed42,42,178,1,False,False,True,0.8578,0.0,-0.22874057,-0.072966106,-1.0850220633074059e-07,5.81967833568342e-05,5.819687794428319e-05,7e267c0bf303542b
2,day2_n4_softmax_seed42,42,178,2,False,False,True,0.8574,0.0,0.15525238,-0.18151966,-9.183457194694711e-08,5.7523771829437464e-05,5.752383731305599e-05,7e267c0bf303542b
2,day2_n4_softmax_seed42,42,178,3,False,False,True,0.8574,0.0,0.055184938,0.1852721,7.702013249399897e-08,5.687739758286625e-05,5.687744851456955e-05,7e267c0bf303542b
2,day2_n4_softmax_seed42,42,179,0,False,False,True,0.8584,0.0,0.08161815,0.20960395,1.537276617114003e-08,5.8498899306869134e-05,5.8498899306869134e-05,7e267c0bf303542b
2,day2_n4_softmax_seed42,42,179,1,False,False,True,0.8586,0.0,-0.22832833,-0.047829285,-6.309590361297523e-08,5.8865272876573727e-05,5.88653092563618e-05,7e267c0bf303542b
2,day2_n4_softmax_seed42,42,179,2,False,False,True,0.8548,0.0,0.1518345,-0.18385236,-1.8919702426956064e-07,5.828591019962914e-05,5.828621215187013e-05,7e267c0bf303542b
2,day2_n4_softmax_seed42,42,179,3,False,False,True,0.8566,0.0,-0.005124347,0.02207765,-3.375471280264719e-08,5.70978554605972e-05,5.709787001251243e-05,7e267c0bf303542b
2,day2_n4_softmax_seed42,42,180,0,False,False,True,0.8556,0.0,-0.16217543,-0.1595646,-3.004520365834651e-08,5.9085181419504806e-05,5.9085185057483613e-05,7e267c0bf303542b
2,day2_n4_softmax_seed42,42,180,1,False,False,True,0.8588,0.0,-0.06537104,0.23509797,-2.4056481251477635e-09,5.9756443079095334e-05,5.975643944111653e-05,7e267c0bf303542b
2,day2_n4_softmax_seed42,42,180,2,False,False,True,0.8602,0.0,-0.004856718,-0.029694686,-8.558849629025644e-08,5.617746865027584e-05,5.617753049591556e-05,7e267c0bf303542b
2,day2_n4_softmax_seed42,42,180,3,False,False,True,0.8602,0.0,0.23240319,-0.04583871,-1.4687461913354127e-08,5.984132076264359e-05,5.984132076264359e-05,7e267c0bf303542b
2,day2_n4_softmax_seed42,42,181,0,False,False,True,0.8536,0.0,0.23000586,-0.10684356,1.3588217218085674e-09,6.062938700779341e-05,6.062938700779341e-05,7e267c0bf303542b
2,day2_n4_softmax_seed42,42,181,1,False,False,True,0.8568,0.0,-0.050896913,0.13776858,-7.632023368842056e-08,5.8972287661163136e-05,5.897233131690882e-05,7e267c0bf303542b
2,day2_n4_softmax_seed42,42,181,2,False,False,True,0.856,0.0,-0.0013601112,0.14791067,-1.190689289387592e-07,5.7766519603319466e-05,5.77666396566201e-05,7e267c0bf303542b
2,day2_n4_softmax_seed42,42,181,3,False,False,True,0.8566,0.0,-0.17774898,-0.17883545,6.17743367570256e-08,5.992031219648197e-05,5.992034493829124e-05,7e267c0bf303542b
2,day2_n4_softmax_seed42,42,182,0,False,False,True,0.8578,0.0,-0.17191379,-0.16528724,1.177745048153156e-07,5.927542224526405e-05,5.927553502260707e-05,7e267c0bf303542b
2,day2_n4_softmax_seed42,42,182,1,False,False,True,0.8592,0.0,0.22901566,-0.0837085,-9.81245165121436e-08,6.020132059347816e-05,6.0201400629011914e-05,7e267c0bf303542b
2,day2_n4_softmax_seed42,42,182,2,False,False,True,0.8564,0.0,-0.040376585,0.21479012,-4.4915502428466425e-08,5.827905988553539e-05,5.827907443745062e-05,7e267c0bf303542b
2,day2_n4_softmax_seed42,42,182,3,False,False,True,0.8582,0.0,-0.016725272,0.03420564,-3.135249926344841e-08,5.6166732974816114e-05,5.616673661279492e-05,7e267c0bf303542b
2,day2_n4_softmax_seed42,42,183,0,False,False,True,0.8542,0.0,-0.095846266,-0.012569389,-8.023617681374162e-08,5.962941577308811e-05,5.962946670479141e-05,7e267c0bf303542b
2,day2_n4_softmax_seed42,42,183,1,False,False,True,0.8582,0.0,0.11464491,-0.21723214,-2.5069172693292785e-07,5.92946817050688e-05,5.929521284997463e-05,7e267c0bf303542b
2,day2_n4_softmax_seed42,42,183,2,False,False,True,0.8552,0.0,0.16839825,0.18762349,-1.3781878749341558e-07,5.971320570097305e-05,5.9713362134061754e-05,7e267c0bf303542b
2,day2_n4_softmax_seed42,42,183,3,False,False,True,0.8584,0.0,-0.18719663,0.042178325,-4.8576950462120294e-08,5.969167250441387e-05,5.969169069430791e-05,7e267c0bf303542b
2,day2_n4_softmax_seed42,42,184,0,False,False,True,0.856,0.0,-0.07485196,0.12152323,8.015490493562538e-08,5.9654779761331156e-05,5.9654830693034455e-05,7e267c0bf303542b
2,day2_n4_softmax_seed42,42,184,1,False,False,True,0.8566,0.0,-0.1546354,0.05919176,-1.2169574858944543e-07,6.025897164363414e-05,6.025909533491358e-05,7e267c0bf303542b
2,day2_n4_softmax_seed42,42,184,2,False,False,True,0.8566,0.0,-0.0087657,-0.24818055,-1.0557012330991711e-07,5.876013892702758e-05,5.876022987649776e-05,7e267c0bf303542b
2,day2_n4_softmax_seed42,42,184,3,False,False,True,0.855,0.0,0.23825301,0.06746574,-1.295148592816986e-07,5.9986432461300865e-05,5.9986570704495534e-05,7e267c0bf303542b
2,day2_n4_softmax_seed42,42,185,0,False,False,True,0.8592,0.0,-0.03247877,-0.022962537,1.9400437167860218e-07,5.7289376854896545e-05,5.728970791096799e-05,7e267c0bf303542b
2,day2_n4_softmax_seed42,42,185,1,False,False,True,0.86,0.0,-0.07611572,-0.20635709,-1.780764904424359e-07,5.8214092859998345e-05,5.821436207043007e-05,7e267c0bf303542b
2,day2_n4_softmax_seed42,42,185,2,False,False,True,0.8546,0.0,-0.13242841,0.19205742,-1.7073338653972314e-07,5.882739060325548e-05,5.8827634347835556e-05,7e267c0bf303542b
2,day2_n4_softmax_seed42,42,185,3,False,False,True,0.8586,0.0,0.24102272,0.037262294,1.3714252133922855e-07,5.926781886955723e-05,5.9267975302645937e-05,7e267c0bf303542b
2,day2_n4_softmax_seed42,42,186,0,False,False,True,0.8588,0.0,0.051781774,0.09604687,-1.1705088098779015e-07,5.8792546042241156e-05,5.8792658819584176e-05,7e267c0bf303542b
2,day2_n4_softmax_seed42,42,186,1,False,False,True,0.8558,0.0,0.1756473,-0.17666128,-1.5755365723180148e-07,6.1033297242829576e-05,6.103350096964277e-05,7e267c0bf303542b
2,day2_n4_softmax_seed42,42,186,2,False,False,True,0.8598,0.0,0.008347963,0.18459253,-1.9125295125377306e-07,5.898558083572425e-05,5.898589006392285e-05,7e267c0bf303542b
2,day2_n4_softmax_seed42,42,186,3,False,False,True,0.8548,0.0,-0.23577702,-0.103978075,1.2704408902664e-07,6.130701513029635e-05,6.13071460975334e-05,7e267c0bf303542b
2,day2_n4_softmax_seed42,42,187,0,False,False,True,0.859,0.0,-0.027578592,-0.05801363,-1.9338347811981293e-08,5.8661677030613646e-05,5.866168066859245e-05,7e267c0bf303542b
2,day2_n4_softmax_seed42,42,187,1,False,False,True,0.8562,0.0,0.17551504,0.18043327,-3.905529055714396e-08,6.020518412697129e-05,6.020519504090771e-05,7e267c0bf303542b
2,day2_n4_softmax_seed42,42,187,2,False,False,True,0.8574,0.0,0.074123956,-0.2041069,-4.6754063731668793e-08,5.921797492192127e-05,5.921799674979411e-05,7e267c0bf303542b
2,day2_n4_softmax_seed42,42,187,3,False,False,True,0.8588,0.0,-0.22206041,0.0816871,8.396659012532837e-08,6.052849494153634e-05,6.052855314919725e-05,7e267c0bf303542b
2,day2_n4_softmax_seed42,42,188,0,False,False,True,0.8592,0.0,-0.0014678158,-0.08630179,2.516122599161008e-08,5.9566831623669714e-05,5.956683889962733e-05,7e267c0bf303542b
2,day2_n4_softmax_seed42,42,188,1,False,False,True,0.856,0.0,-0.24357916,-0.0011661447,-6.704705413085321e-08,6.194134766701609e-05,6.194137677084655e-05,7e267c0bf303542b
2,day2_n4_softmax_seed42,42,188,2,False,False,True,0.8564,0.0,0.0940657,0.239244,-8.908783399874665e-08,6.110923277447e-05,6.110929098213091e-05,7e267c0bf303542b
2,day2_n4_softmax_seed42,42,188,3,False,False,True,0.855,0.0,0.15098137,-0.15177615,-5.381849632613012e-09,6.047380156815052e-05,6.047379793017171e-05,7e267c0bf303542b
2,day2_n4_softmax_seed42,42,189,0,False,False,True,0.8592,0.0,0.057311855,-0.090939574,2.082330894381812e-07,5.9799145674332976e-05,5.9799509472213686e-05,7e267c0bf303542b
2,day2_n4_softmax_seed42,42,189,1,False,False,True,0.8566,0.0,0.0927693,-0.16450913,-1.2968597218332434e-07,6.108343222877011e-05,6.108356319600716e-05,7e267c0bf303542b
2,day2_n4_softmax_seed42,42,189,2,False,False,True,0.8536,0.0,0.11467637,0.23220198,-8.124472117287951e-08,6.194977322593331e-05,6.1949816881679e-05,7e267c0bf303542b
2,day2_n4_softmax_seed42,42,189,3,False,False,True,0.8566,0.0,-0.2647577,0.023246825,3.421969552164228e-08,6.379010301316157e-05,6.379011028911918e-05,7e267c0bf303542b
2,day2_n4_softmax_seed42,42,190,0,False,False,True,0.8578,0.0,-0.18984367,0.16177925,7.706439930643683e-09,6.172007124405354e-05,6.172007124405354e-05,7e267c0bf303542b
2,day2_n4_softmax_seed42,42,190,1,False,False,True,0.8562,0.0,-0.10591892,-0.22607403,-5.694023030855533e-08,6.249780562939122e-05,6.249783473322168e-05,7e267c0bf303542b
2,day2_n4_softmax_seed42,42,190,2,False,False,True,0.8546,0.0,0.166696,-0.04068855,-1.3130814124906465e-07,6.12246003584005e-05,6.122473860159516e-05,7e267c0bf303542b
2,day2_n4_softmax_seed42,42,190,3,False,False,True,0.857,0.0,0.12906684,0.10498327,8.109814331191956e-08,6.117635348346084e-05,6.117640441516414e-05,7e267c0bf303542b
2,day2_n4_softmax_seed42,42,191,0,False,False,True,0.8564,0.0,-0.23529853,0.0914872,4.6319823532314786e-09,6.203164957696572e-05,6.203164957696572e-05,7e267c0bf303542b
2,day2_n4_softmax_seed42,42,191,1,False,False,True,0.8572,0.0,0.011615154,-0.014950252,-7.774086441258987e-08,6.040918378857896e-05,6.040923108230345e-05,7e267c0bf303542b
2,day2_n4_softmax_seed42,42,191,2,False,False,True,0.8544,0.0,0.18777083,0.16099916,-2.0763852148775186e-07,6.226498226169497e-05,6.226532423170283e-05,7e267c0bf303542b
2,day2_n4_softmax_seed42,42,191,3,False,False,True,0.8548,0.0,0.035912428,-0.23753583,-5.713999495782218e-09,6.153670256026089e-05,6.153670256026089e-05,7e267c0bf303542b
2,day2_n4_softmax_seed42,42,192,0,False,False,True,0.8566,0.0,0.08646807,-0.006230007,-1.3064010317975772e-08,6.119278987171128e-05,6.119278987171128e-05,7e267c0bf303542b
2,day2_n4_softmax_seed42,42,192,1,False,False,True,0.8582,0.0,0.18196051,-0.10597023,-1.6105755662465526e-07,6.195003516040742e-05,6.195023888722062e-05,7e267c0bf303542b
2,day2_n4_softmax_seed42,42,192,2,False,False,True,0.8564,0.0,-0.042534642,0.24632756,-6.597242219186228e-08,6.106292858021334e-05,6.10629576840438e-05,7e267c0bf303542b
2,day2_n4_softmax_seed42,42,192,3,False,False,True,0.8566,0.0,-0.22589388,-0.13412736,-6.578696343240154e-08,6.271972961258143e-05,6.271975871641189e-05,7e267c0bf303542b
2,day2_n4_softmax_seed42,42,193,0,False,False,True,0.8538,0.0,-0.19582926,-0.14875413,-1.2885014832875186e-08,6.381096318364143e-05,6.381096318364143e-05,7e267c0bf303542b
2,day2_n4_softmax_seed42,42,193,1,False,False,True,0.851,0.0,0.24180669,-0.11959868,8.481723057229829e-08,6.503165059257299e-05,6.503170152427629e-05,7e267c0bf303542b
2,day2_n4_softmax_seed42,42,193,2,False,False,True,0.8554,0.0,-0.05082126,0.027136473,-1.6930383139879268e-07,6.252106686588377e-05,6.252128514461219e-05,7e267c0bf303542b
2,day2_n4_softmax_seed42,42,193,3,False,False,True,0.8564,0.0,0.004843967,0.24121642,-9.308022441700814e-08,6.365282024489716e-05,6.365288572851568e-05,7e267c0bf303542b
2,day2_n4_softmax_seed42,42,194,0,False,False,True,0.8562,0.0,0.26287565,0.053314723,1.933234905493464e-08,6.414228118956089e-05,6.414227391360328e-05,7e267c0bf303542b
2,day2_n4_softmax_seed42,42,194,1,False,False,True,0.8566,0.0,-0.133669,0.19081901,-6.628435134103938e-09,6.312505865935236e-05,6.312505138339475e-05,7e267c0bf303542b
2,day2_n4_softmax_seed42,42,194,2,False,False,True,0.8558,0.0,-0.083102,-0.006371685,-4.795397501311527e-08,6.203468365129083e-05,6.203469820320606e-05,7e267c0bf303542b
2,day2_n4_softmax_seed42,42,194,3,False,False,True,0.8572,0.0,-0.046104636,-0.23776226,4.817580556704115e-09,6.339343235595152e-05,6.339343235595152e-05,7e267c0bf303542b
2,day2_n4_softmax_seed42,42,195,0,False,False,True,0.8584,0.0,0.0019593209,0.020296436,1.2795436532542226e-07,6.160685006761923e-05,6.160698103485629e-05,7e267c0bf303542b
2,day2_n4_softmax_seed42,42,195,1,False,False,True,0.8564,0.0,-0.2532333,0.043974746,-2.1681570316900434e-08,6.493055116152391e-05,6.493055116152391e-05,7e267c0bf303542b
2,day2_n4_softmax_seed42,42,195,2,False,False,True,0.8564,0.0,0.08111911,-0.24745269,-2.2790754883317277e-07,6.368311733240262e-05,6.368352478602901e-05,7e267c0bf303542b
2,day2_n4_softmax_seed42,42,195,3,False,False,True,0.8552,0.0,0.17015491,0.1831816,9.795136435286622e-08,6.399008998414502e-05,6.399016274372116e-05,7e267c0bf303542b
2,day2_n4_softmax_seed42,42,196,0,False,False,True,0.8554,0.0,-0.15644489,0.21193552,-9.559241220813419e-08,6.300424138316885e-05,6.300431414274499e-05,7e267c0bf303542b
2,day2_n4_softmax_seed42,42,196,1,False,False,True,0.8526,0.0,0.25318912,0.07482447,-1.5579637135942903e-07,6.31153816357255e-05,6.311557081062347e-05,7e267c0bf303542b
2,day2_n4_softmax_seed42,42,196,2,False,False,True,0.8558,0.0,-0.037739903,-0.12737656,-2.1025172713962093e-08,6.12436342635192e-05,6.12436342635192e-05,7e267c0bf303542b
2,day2_n4_softmax_seed42,42,196,3,False,False,True,0.8562,0.0,-0.059004292,-0.15938337,8.136849771744892e-08,6.172528810566291e-05,6.172533903736621e-05,7e267c0bf303542b
2,day2_n4_softmax_seed42,42,197,0,False,False,True,0.8582,0.0,0.25499973,0.020305622,-4.150915344780515e-08,6.34647294646129e-05,6.346474401652813e-05,7e267c0bf303542b
2,day2_n4_softmax_seed42,42,197,1,False,False,True,0.8544,0.0,-0.11929902,0.2387382,-1.1851696513076604e-07,6.366195157170296e-05,6.366206071106717e-05,7e267c0bf303542b
2,day2_n4_softmax_seed42,42,197,2,False,False,True,0.856,0.0,-0.004818802,-0.084091395,5.1691372959794535e-08,6.164116348372772e-05,6.164117803564295e-05,7e267c0bf303542b
2,day2_n4_softmax_seed42,42,197,3,False,False,True,0.8566,0.0,-0.13088168,-0.17495252,5.847736161967987e-08,6.348421447910368e-05,6.348424358293414e-05,7e267c0bf303542b
2,day2_n4_softmax_seed42,42,198,0,False,False,True,0.8546,0.0,-0.028603943,0.24714743,6.385266715369653e-08,6.424413732020184e-05,6.42441664240323e-05,7e267c0bf303542b
2,day2_n4_softmax_seed42,42,198,1,False,False,True,0.8524,0.0,-0.071917035,0.007000201,-1.5059367797221057e-07,6.298346124822274e-05,6.298363587120548e-05,7e267c0bf303542b
2,day2_n4_softmax_seed42,42,198,2,False,False,True,0.8562,0.0,0.26435554,-0.07955669,-1.1553904499805867e-07,6.635425961576402e-05,6.635434692725539e-05,7e267c0bf303542b
2,day2_n4_softmax_seed42,42,198,3,False,False,True,0.8556,0.0,-0.16383468,-0.1745911,6.509668537546531e-08,6.44294050289318e-05,6.442943413276225e-05,7e267c0bf303542b
2,day2_n4_softmax_seed42,42,199,0,False,False,True,0.8554,0.0,-0.06071033,0.16908605,9.46176137439636e-10,6.362786371028051e-05,6.36278564343229e-05,7e267c0bf303542b
2,day2_n4_softmax_seed42,42,199,1,False,False,True,0.8592,0.0,-0.06842465,0.11588557,-7.109983357622696e-08,6.37672928860411e-05,6.376732198987156e-05,7e267c0bf303542b
2,day2_n4_softmax_seed42,42,199,2,False,False,True,0.8552,0.0,-0.14007735,-0.23189576,-1.3129243825460435e-07,6.477353599620983e-05,6.477365968748927e-05,7e267c0bf303542b
2,day2_n4_softmax_seed42,42,199,3,False,False,True,0.8574,0.0,0.2692125,-0.053075697,-8.117015681818884e-08,6.507108628284186e-05,6.507113721454516e-05,7e267c0bf303542b
2,day2_n4_softmax_seed42,42,200,0,False,False,True,0.8572,0.0,0.07773456,0.25376984,1.937069704638361e-08,6.339310493785888e-05,6.339310493785888e-05,7e267c0bf303542b
2,day2_n4_softmax_seed42,42,200,1,False,False,True,0.8546,0.0,-0.26971954,-0.01395313,-5.056390861568616e-08,6.45621694275178e-05,6.456219125539064e-05,7e267c0bf303542b
2,day2_n4_softmax_seed42,42,200,2,False,False,True,0.8564,0.0,0.10291828,-0.15380412,-1.721311519986557e-07,6.270158337429166e-05,6.270181620493531e-05,7e267c0bf303542b
2,day2_n4_softmax_seed42,42,200,3,False,False,True,0.8532,0.0,0.08906669,-0.08601268,-1.2759706180531794e-07,6.268879224080592e-05,6.268891593208537e-05,7e267c0bf303542b
