day,run_name,seed,epoch,worker_id,is_malicious,is_flagged,is_accepted,validation_acc,detector_score,projection_1,projection_2,update_mean,update_std,update_rms,config_hash
2,day2_n8_softmax_seed42,42,1,0,False,False,True,0.0782,0.0,-57.635727,83.37886,0.0004594908969011158,0.07700981199741364,0.07701117545366287,7e267c0bf303542b
2,day2_n8_softmax_seed42,42,1,1,False,False,True,0.1158,0.0,545.8479,7.789586,0.0010636034421622753,0.12424054741859436,0.12424509227275848,7e267c0bf303542b
2,day2_n8_softmax_seed42,42,1,2,False,False,True,0.1342,0.0,-72.49683,-70.622086,2.3015885744825937e-05,0.08514299243688583,0.08514299243688583,7e267c0bf303542b
2,day2_n8_softmax_seed42,42,1,3,False,False,True,0.0976,0.0,-65.22022,-123.74093,0.00045889808097854257,0.07555638998746872,0.07555777579545975,7e267c0bf303542b
2,day2_n8_softmax_seed42,42,1,4,False,False,True,0.135,0.0,-93.462494,-63.050903,0.0006101760664023459,0.08470138907432556,0.08470358699560165,7e267c0bf303542b
2,day2_n8_softmax_seed42,42,1,5,False,False,True,0.1084,0.0,-71.72002,-106.723175,-2.765787394309882e-05,0.0769168958067894,0.0769168958067894,7e267c0bf303542b
2,day2_n8_softmax_seed42,42,1,6,False,False,True,0.1144,0.0,-90.828606,-107.00429,-0.00025209825253114104,0.07867961376905441,0.07868000864982605,7e267c0bf303542b
2,day2_n8_softmax_seed42,42,1,7,False,False,True,0.104,0.0,-94.48771,379.97278,0.00040478480514138937,0.0924912840127945,0.09249216318130493,7e267c0bf303542b
2,day2_n8_softmax_seed42,42,2,0,False,False,True,0.0978,0.0,49.729153,-43.469574,-0.00046389017370529473,0.03717350587248802,0.03717639669775963,7e267c0bf303542b
2,day2_n8_softmax_seed42,42,2,1,False,False,True,0.123,0.0,47.105167,-132.7439,-0.0003629506682045758,0.03962774574756622,0.03962940722703934,7e267c0bf303542b
2,day2_n8_softmax_seed42,42,2,2,False,False,True,0.1134,0.0,34.801414,7.967734,-0.0003983862407039851,0.029763726517558098,0.029766393825411797,7e267c0bf303542b
2,day2_n8_softmax_seed42,42,2,3,False,False,True,0.0988,0.0,35.959003,43.314224,-0.00015361364057753235,0.030664775520563126,0.030665159225463867,7e267c0bf303542b
2,day2_n8_softmax_seed42,42,2,4,False,False,True,0.1318,0.0,-265.1158,-5.223414,-0.00066221016459167,0.06130977347493172,0.06131334975361824,7e267c0bf303542b
2,day2_n8_softmax_seed42,42,2,5,False,False,True,0.1356,0.0,28.83155,11.399552,-0.00018129180534742773,0.03090685047209263,0.03090737946331501,7e267c0bf303542b
2,day2_n8_softmax_seed42,42,2,6,False,False,True,0.1148,0.0,27.380655,2.8299024,-0.0002539666893426329,0.019171064719557762,0.019172746688127518,7e267c0bf303542b
2,day2_n8_softmax_seed42,42,2,7,False,False,True,0.1276,0.0,41.309425,115.92607,-0.0005694903084076941,0.03661627322435379,0.03662069886922836,7e267c0bf303542b
2,day2_n8_softmax_seed42,42,3,0,False,False,True,0.0932,0.0,-3.691466,0.018781332,-6.46789267193526e-05,0.004054609220474958,0.004055125173181295,7e267c0bf303542b
2,day2_n8_softmax_seed42,42,3,1,False,False,True,0.1114,0.0,-0.056549754,-19.144354,-0.00013140540977474302,0.006196034140884876,0.006197427399456501,7e267c0bf303542b
2,day2_n8_softmax_seed42,42,3,2,False,False,True,0.1426,0.0,-3.1301062,6.3561797,-2.333533666387666e-05,0.004550444893538952,0.004550504498183727,7e267c0bf303542b
2,day2_n8_softmax_seed42,42,3,3,False,False,True,0.1084,0.0,-10.6626,0.44388318,8.611089469923172e-06,0.005996693857014179,0.005996699910610914,7e267c0bf303542b
2,day2_n8_softmax_seed42,42,3,4,False,False,True,0.1724,0.0,17.145731,16.935625,-6.31317452643998e-05,0.006359701510518789,0.006360014900565147,7e267c0bf303542b
2,day2_n8_softmax_seed42,42,3,5,False,False,True,0.1468,0.0,-17.888542,7.813213,-7.584632840007544e-05,0.005943146999925375,0.005943630822002888,7e267c0bf303542b
2,day2_n8_softmax_seed42,42,3,6,False,False,True,0.1168,0.0,3.1923153,-5.0837655,-7.161585381254554e-05,0.003515485441312194,0.003516214666888118,7e267c0bf303542b
2,day2_n8_softmax_seed42,42,3,7,False,False,True,0.0962,0.0,15.0911255,-7.339583,-7.211296178866178e-05,0.004868560936301947,0.004869095049798489,7e267c0bf303542b
2,day2_n8_softmax_seed42,42,4,0,False,False,True,0.2012,0.0,10.388987,-2.3209643,-2.490414772182703e-05,0.0032136293593794107,0.0032137257512658834,7e267c0bf303542b
2,day2_n8_softmax_seed42,42,4,1,False,False,True,0.1732,0.0,10.927716,-1.0837938,-6.244539690669626e-05,0.0024083186872303486,0.002409128239378333,7e267c0bf303542b
2,day2_n8_softmax_seed42,42,4,2,False,False,True,0.1178,0.0,-75.68207,-1.2803078,8.463711856165901e-05,0.01795947551727295,0.017959674820303917,7e267c0bf303542b
2,day2_n8_softmax_seed42,42,4,3,False,False,True,0.1678,0.0,9.93659,-4.2666287,-1.3530546311812941e-05,0.004041203297674656,0.004041226580739021,7e267c0bf303542b
2,day2_n8_softmax_seed42,42,4,4,False,False,True,0.2,0.0,12.626729,-4.610778,-2.4901568394852802e-05,0.002769342390820384,0.0027694543823599815,7e267c0bf303542b
2,day2_n8_softmax_seed42,42,4,5,False,False,True,0.165,0.0,12.15047,-5.2412634,-1.743249231367372e-05,0.0046506342478096485,0.00465066684409976,7e267c0bf303542b
2,day2_n8_softmax_seed42,42,4,6,False,False,True,0.131,0.0,6.8887877,23.259836,-7.37268928787671e-05,0.005974111147224903,0.005974566098302603,7e267c0bf303542b
2,day2_n8_softmax_seed42,42,4,7,False,False,True,0.1504,0.0,12.763235,-4.4560795,-2.309578121639788e-05,0.004831490572541952,0.0048315455205738544,7e267c0bf303542b
2,day2_n8_softmax_seed42,42,5,0,False,False,True,0.1868,0.0,9.618364,-4.2336006,-7.09489995642798e-06,0.002791059436276555,0.002791068283841014,7e267c0bf303542b
2,day2_n8_softmax_seed42,42,5,1,False,False,True,0.1926,0.0,-5.7771792,-3.327175,-1.692720252322033e-05,0.0020175452809780836,0.002017616294324398,7e267c0bf303542b
2,day2_n8_softmax_seed42,42,5,2,False,False,True,0.2066,0.0,-1.4538168,-0.42993203,-1.6078949556685984e-05,0.0015376722440123558,0.0015377562958747149,7e267c0bf303542b
2,day2_n8_softmax_seed42,42,5,3,False,False,True,0.2146,0.0,-1.6598436,0.16011493,-1.5197001630440354e-05,0.001538772601634264,0.0015388476895168424,7e267c0bf303542b
2,day2_n8_softmax_seed42,42,5,4,False,False,True,0.2342,0.0,-1.05873,0.1817778,-2.8343980375211686e-05,0.0015876715769991279,0.0015879245474934578,7e267c0bf303542b
2,day2_n8_softmax_seed42,42,5,5,False,False,True,0.1792,0.0,2.5925465,7.878158,-2.900445724662859e-05,0.002429310930892825,0.0024294841568917036,7e267c0bf303542b
2,day2_n8_softmax_seed42,42,5,6,False,False,True,0.2146,0.0,-0.7616908,0.7633737,-2.4472084987792186e-05,0.0017130875494331121,0.0017132624052464962,7e267c0bf303542b
2,day2_n8_softmax_seed42,42,5,7,False,False,True,0.2044,0.0,-1.4996775,-0.9927186,-2.402574500592891e-05,0.0016126501141116023,0.0016128290444612503,7e267c0bf303542b
2,day2_n8_softmax_seed42,42,6,0,False,False,True,0.2278,0.0,2.0886142,-0.84072995,-1.3759764442511369e-05,0.0013612136244773865,0.0013612833572551608,7e267c0bf303542b
2,day2_n8_softmax_seed42,42,6,1,False,False,True,0.2378,0.0,0.24170315,0.23380366,-1.7168755221064202e-05,0.0013056740863248706,0.0013057870091870427,7e267c0bf303542b
2,day2_n8_softmax_seed42,42,6,2,False,False,True,0.2548,0.0,2.4038663,0.003109314,-2.4848706743796356e-05,0.0014720831532031298,0.00147229281719774,7e267c0bf303542b
2,day2_n8_softmax_seed42,42,6,3,False,False,True,0.203,0.0,6.5871034,-3.9474323,-9.813832548388746e-06,0.0021095825359225273,0.0021096053533256054,7e267c0bf303542b
2,day2_n8_softmax_seed42,42,6,4,False,False,True,0.2078,0.0,-12.219642,-2.5588522,-1.9943772713304497e-05,0.0030067956540733576,0.0030068615451455116,7e267c0bf303542b
2,day2_n8_softmax_seed42,42,6,5,False,False,True,0.1874,0.0,0.4849497,0.47961017,-1.4357112377183512e-05,0.0012627477990463376,0.0012628294061869383,7e267c0bf303542b
2,day2_n8_softmax_seed42,42,6,6,False,False,True,0.237,0.0,0.94108063,-0.20995493,-2.201828101533465e-05,0.0012731495080515742,0.001273339963518083,7e267c0bf303542b
2,day2_n8_softmax_seed42,42,6,7,False,False,True,0.2096,0.0,-0.52761126,6.8405137,1.3649884749611374e-05,0.0020055200438946486,0.0020055663771927357,7e267c0bf303542b
2,day2_n8_softmax_seed42,42,7,0,False,False,True,0.267,0.0,3.5489974,-2.2807448,-2.664042403921485e-05,0.0015114485286176205,0.0015116831054911017,7e267c0bf303542b
2,day2_n8_softmax_seed42,42,7,1,False,False,True,0.197,0.0,-2.0639827,7.798561,-2.5521816496620886e-05,0.002119823358952999,0.002119976794347167,7e267c0bf303542b
2,day2_n8_softmax_seed42,42,7,2,False,False,True,0.2474,0.0,1.1647232,-0.41055167,-2.0934967324137688e-05,0.0015295174671337008,0.001529660657979548,7e267c0bf303542b
2,day2_n8_softmax_seed42,42,7,3,False,False,True,0.229,0.0,-8.211496,-3.5217202,-2.679382987480494e-06,0.00236522383056581,0.0023652254603803158,7e267c0bf303542b
2,day2_n8_softmax_seed42,42,7,4,False,False,True,0.236,0.0,2.1034846,-1.7816072,-1.8276758055435494e-05,0.0013960812939330935,0.0013962009688839316,7e267c0bf303542b
2,day2_n8_softmax_seed42,42,7,5,False,False,True,0.269,0.0,1.499959,-0.30068603,-2.3458755094907247e-05,0.001308308681473136,0.0013085190439596772,7e267c0bf303542b
2,day2_n8_softmax_seed42,42,7,6,False,False,True,0.268,0.0,0.3415387,0.6699963,-2.207846409874037e-05,0.0013639581156894565,0.0013641368132084608,7e267c0bf303542b
2,day2_n8_softmax_seed42,42,7,7,False,False,True,0.275,0.0,1.6168252,-0.17329557,-2.5412255126866512e-05,0.0012820872943848372,0.001282338984310627,7e267c0bf303542b
2,day2_n8_softmax_seed42,42,8,0,False,False,True,0.2444,0.0,4.1474094,-3.5318196,-1.18879306683084e-05,0.0016612999606877565,0.0016613424522802234,7e267c0bf303542b
2,day2_n8_softmax_seed42,42,8,1,False,False,True,0.2788,0.0,-0.53550076,0.1852074,-1.3860931176168378e-05,0.0012185715604573488,0.0012186503736302257,7e267c0bf303542b
2,day2_n8_softmax_seed42,42,8,2,False,False,True,0.2834,0.0,-1.348958,-0.19854304,-1.4905313946655951e-05,0.0013138346839696169,0.0013139192014932632,7e267c0bf303542b
2,day2_n8_softmax_seed42,42,8,3,False,False,True,0.2298,0.0,3.0306358,3.1307771,-2.2766847905586474e-05,0.0016176876379176974,0.0016178478254005313,7e267c0bf303542b
2,day2_n8_softmax_seed42,42,8,4,False,False,True,0.2938,0.0,-3.3718674,-2.3324156,-1.3412140106083825e-05,0.0016520407516509295,0.0016520951176062226,7e267c0bf303542b
2,day2_n8_softmax_seed42,42,8,5,False,False,True,0.2738,0.0,-0.9928383,0.86601436,-2.0030256564496085e-05,0.0012498213909566402,0.0012499819276854396,7e267c0bf303542b
2,day2_n8_softmax_seed42,42,8,6,False,False,True,0.2912,0.0,0.11734301,-0.03955989,-1.1131374776596203e-05,0.0012634461745619774,0.0012634951854124665,7e267c0bf303542b
2,day2_n8_softmax_seed42,42,8,7,False,False,True,0.3028,0.0,-1.0462326,1.9203495,-2.025804678851273e-05,0.0014666479546576738,0.0014667878858745098,7e267c0bf303542b
2,day2_n8_softmax_seed42,42,9,0,False,False,True,0.313,0.0,1.1717669,-1.0427293,-1.7522403140901588e-05,0.0012238153722137213,0.0012239407515153289,7e267c0bf303542b
2,day2_n8_softmax_seed42,42,9,1,False,False,True,0.3258,0.0,4.5560007,0.849397,-1.2975994650332723e-05,0.0019535301253199577,0.00195357296615839,7e267c0bf303542b
2,day2_n8_softmax_seed42,42,9,2,False,False,True,0.268,0.0,-10.745829,-0.111208305,-1.5090390661498532e-05,0.002791378414258361,0.0027914191596210003,7e267c0bf303542b
2,day2_n8_softmax_seed42,42,9,3,False,False,True,0.3302,0.0,1.3855692,-1.125445,-1.482078278058907e-05,0.0011803689412772655,0.0011804619571194053,7e267c0bf303542b
2,day2_n8_softmax_seed42,42,9,4,False,False,True,0.3168,0.0,2.1053228,-0.9035625,-1.8301998352399096e-05,0.001258451258763671,0.001258584321476519,7e267c0bf303542b
2,day2_n8_softmax_seed42,42,9,5,False,False,True,0.3188,0.0,1.3328843,-0.9462327,-1.5368601452792063e-05,0.0012176887830719352,0.001217785757035017,7e267c0bf303542b
2,day2_n8_softmax_seed42,42,9,6,False,False,True,0.2772,0.0,0.1464372,7.334921,1.038570098899072e-05,0.0021572334226220846,0.0021572583355009556,7e267c0bf303542b
2,day2_n8_softmax_seed42,42,9,7,False,False,True,0.3126,0.0,0.047907,-4.0551634,-1.2822428288927767e-05,0.0017557801911607385,0.0017558271065354347,7e267c0bf303542b
2,day2_n8_softmax_seed42,42,10,0,False,False,True,0.2748,0.0,3.1336243,-0.95979303,-1.713232632027939e-05,0.0013376661809161305,0.0013377759605646133,7e267c0bf303542b
2,day2_n8_softmax_seed42,42,10,1,False,False,True,0.3346,0.0,2.0792716,-1.1477776,-1.538351170893293e-05,0.0012481767917051911,0.00124827167019248,7e267c0bf303542b
2,day2_n8_softmax_seed42,42,10,2,False,False,True,0.3562,0.0,2.3376794,-1.4081227,-1.9410399545449764e-05,0.001194228883832693,0.0011943866265937686,7e267c0bf303542b
2,day2_n8_softmax_seed42,42,10,3,False,False,True,0.349,0.0,2.0220888,-1.430252,-1.865638478193432e-05,0.001230418449267745,0.0012305598938837647,7e267c0bf303542b
2,day2_n8_softmax_seed42,42,10,4,False,False,True,0.1762,0.0,-19.64462,1.8584074,1.1998799891443923e-05,0.004662909545004368,0.004662924446165562,7e267c0bf303542b
2,day2_n8_softmax_seed42,42,10,5,False,False,True,0.3278,0.0,0.8393391,-1.9843044,-1.9240247638663277e-05,0.0012588475365191698,0.0012589945690706372,7e267c0bf303542b
2,day2_n8_softmax_seed42,42,10,6,False,False,True,0.2946,0.0,7.579909,6.9796324,-1.999272353714332e-05,0.0022774843964725733,0.002277571940794587,7e267c0bf303542b
2,day2_n8_softmax_seed42,42,10,7,False,False,True,0.3364,0.0,1.6528764,-1.9080411,-1.4560893760062754e-05,0.0012166332453489304,0.001216720324009657,7e267c0bf303542b
2,day2_n8_softmax_seed42,42,11,0,False,False,True,0.3368,0.0,2.9300516,-0.7299441,-1.4825457583356183e-05,0.0012576328590512276,0.0012577201705425978,7e267c0bf303542b
2,day2_n8_softmax_seed42,42,11,1,False,False,True,0.3314,0.0,2.3906362,-0.75783217,-1.9583163521019742e-05,0.0011633258545771241,0.001163490698672831,7e267c0bf303542b
2,day2_n8_softmax_seed42,42,11,2,False,False,True,0.3742,0.0,2.1144829,-0.3836376,-1.9404717022553086e-05,0.0011972978245466948,0.0011974549852311611,7e267c0bf303542b
2,day2_n8_softmax_seed42,42,11,3,False,False,True,0.3102,0.0,2.4318943,-3.1288724,-1.5076551790116355e-05,0.0012929437216371298,0.0012930316152051091,7e267c0bf303542b
2,day2_n8_softmax_seed42,42,11,4,False,False,True,0.3652,0.0,2.5312424,-0.27787164,-1.923781201185193e-05,0.0011557971592992544,0.0011559571139514446,7e267c0bf303542b
2,day2_n8_softmax_seed42,42,11,5,False,False,True,0.1482,0.0,-17.806992,0.053374376,-2.1604017092613503e-05,0.00430328119546175,0.004303335212171078,7e267c0bf303542b
2,day2_n8_softmax_seed42,42,11,6,False,False,True,0.34,0.0,2.9222665,2.3700953,-1.6265970771200955e-05,0.0013654831564053893,0.0013655798975378275,7e267c0bf303542b
2,day2_n8_softmax_seed42,42,11,7,False,False,True,0.3518,0.0,2.4866152,2.8546877,-1.1163816452608444e-05,0.0013781306333839893,0.0013781758025288582,7e267c0bf303542b
2,day2_n8_softmax_seed42,42,12,0,False,False,True,0.3696,0.0,0.32079348,-0.028153367,-1.7477048459113576e-05,0.001197495381347835,0.0011976228561252356,7e267c0bf303542b
2,day2_n8_softmax_seed42,42,12,1,False,False,True,0.38,0.0,0.92733544,-0.15450056,-1.6358608263544738e-05,0.0011626050109043717,0.0011627201456576586,7e267c0bf303542b
2,day2_n8_softmax_seed42,42,12,2,False,False,True,0.2994,0.0,-8.874084,6.0424247,-1.5160519978962839e-05,0.0026427642442286015,0.0026428077835589647,7e267c0bf303542b
2,day2_n8_softmax_seed42,42,12,3,False,False,True,0.315,0.0,-5.6112537,-8.196454,-1.0222262972092722e-05,0.0024682446382939816,0.002468265825882554,7e267c0bf303542b
2,day2_n8_softmax_seed42,42,12,4,False,False,True,0.3174,0.0,2.9618514,-0.4426262,-2.1584966816590168e-05,0.0013777788262814283,0.001377947861328721,7e267c0bf303542b
2,day2_n8_softmax_seed42,42,12,5,False,False,True,0.3328,0.0,3.5721045,-0.20734966,-1.815263749449514e-05,0.0014686767244711518,0.001468788948841393,7e267c0bf303542b
2,day2_n8_softmax_seed42,42,12,6,False,False,True,0.3228,0.0,3.258241,2.4440267,-2.6668658392736688e-05,0.0016798741417005658,0.0016800857847556472,7e267c0bf303542b
2,day2_n8_softmax_seed42,42,12,7,False,False,True,0.3376,0.0,3.4451044,0.54261017,-1.9666951629915275e-05,0.0014577577821910381,0.0014578904956579208,7e267c0bf303542b
2,day2_n8_softmax_seed42,42,13,0,False,False,True,0.3458,0.0,-0.94417775,-0.7138097,-1.702734880382195e-05,0.001151843462139368,0.001151969307102263,7e267c0bf303542b
2,day2_n8_softmax_seed42,42,13,1,False,False,True,0.374,0.0,-0.43131933,0.119516715,-1.5841667845961638e-05,0.001127706142142415,0.0011278173187747598,7e267c0bf303542b
2,day2_n8_softmax_seed42,42,13,2,False,False,True,0.374,0.0,-0.82102174,1.7532177,-1.4967976312618703e-05,0.0011369222775101662,0.00113702064845711,7e267c0bf303542b
2,day2_n8_softmax_seed42,42,13,3,False,False,True,0.376,0.0,-0.51589894,0.5067893,-1.9519304260029458e-05,0.0011233851546421647,0.0011235547717660666,7e267c0bf303542b
2,day2_n8_softmax_seed42,42,13,4,False,False,True,0.3816,0.0,-0.5971146,-0.054039106,-1.5538884326815605e-05,0.001128896838054061,0.001129003707319498,7e267c0bf303542b
2,day2_n8_softmax_seed42,42,13,5,False,False,True,0.389,0.0,-0.34876516,0.4168818,-1.4902762814017478e-05,0.001117719104513526,0.0011178184067830443,7e267c0bf303542b
2,day2_n8_softmax_seed42,42,13,6,False,False,True,0.3616,0.0,0.11304562,-2.4425545,-1.452539800084196e-05,0.0011736276792362332,0.0011737175518646836,7e267c0bf303542b
2,day2_n8_softmax_seed42,42,13,7,False,False,True,0.3586,0.0,3.545232,0.41399708,-1.4138436199573334e-05,0.0012646742397919297,0.0012647531693801284,7e267c0bf303542b
2,day2_n8_softmax_seed42,42,14,0,False,False,True,0.382,0.0,1.5260456,-0.7763225,-1.4640495464846026e-05,0.001138008781708777,0.001138102961704135,7e267c0bf303542b
2,day2_n8_softmax_seed42,42,14,1,False,False,True,0.3914,0.0,1.2779148,-0.5973078,-1.7003623725031503e-05,0.001105642644688487,0.0011057733790948987,7e267c0bf303542b
2,day2_n8_softmax_seed42,42,14,2,False,False,True,0.385,0.0,1.9583938,4.009012,-1.2466981388570275e-05,0.001345794997178018,0.0013458527391776443,7e267c0bf303542b
2,day2_n8_softmax_seed42,42,14,3,False,False,True,0.3316,0.0,-9.794315,0.22021608,-1.7145692254416645e-05,0.0025100226048380136,0.0025100810453295708,7e267c0bf303542b
2,day2_n8_softmax_seed42,42,14,4,False,False,True,0.3602,0.0,1.6953187,-1.0419171,-1.3098537237965502e-05,0.0011345554376021028,0.0011346309911459684,7e267c0bf303542b
2,day2_n8_softmax_seed42,42,14,5,False,False,True,0.3844,0.0,1.3482072,-0.33058366,-1.640021764615085e-05,0.0010972650488838553,0.0010973875178024173,7e267c0bf303542b
2,day2_n8_softmax_seed42,42,14,6,False,False,True,0.3944,0.0,1.0919126,-1.047084,-1.72130257851677e-05,0.001128417206928134,0.0011285485234111547,7e267c0bf303542b
2,day2_n8_softmax_seed42,42,14,7,False,False,True,0.3508,0.0,0.89658856,-0.43603516,-1.7666361600277014e-05,0.0011367249535396695,0.0011368622072041035,7e267c0bf303542b
2,day2_n8_softmax_seed42,42,15,0,False,False,True,0.4114,0.0,0.77971834,-2.7520251,-1.888861515908502e-05,0.0011424781987443566,0.0011426343116909266,7e267c0bf303542b
2,day2_n8_softmax_seed42,42,15,1,False,False,True,0.3874,0.0,1.2601706,0.8699721,-1.666565367486328e-05,0.0010954809840768576,0.001095607760362327,7e267c0bf303542b
2,day2_n8_softmax_seed42,42,15,2,False,False,True,0.3832,0.0,1.1312797,0.19316313,-1.658872133702971e-05,0.0010899724438786507,0.001090098638087511,7e267c0bf303542b
2,day2_n8_softmax_seed42,42,15,3,False,False,True,0.3942,0.0,1.1162354,0.5963819,-1.4658372492704075e-05,0.0011035870993509889,0.0011036844225600362,7e267c0bf303542b
2,day2_n8_softmax_seed42,42,15,4,False,False,True,0.3854,0.0,0.94950396,-0.14068013,-1.4559924238710664e-05,0.001106895157136023,0.0011069908505305648,7e267c0bf303542b
2,day2_n8_softmax_seed42,42,15,5,False,False,True,0.3806,0.0,1.2704455,-0.022597693,-1.7904814740177244e-05,0.0010880350600928068,0.0010881824418902397,7e267c0bf303542b
2,day2_n8_softmax_seed42,42,15,6,False,False,True,0.3696,0.0,-7.300344,0.0825801,-1.7187174307764508e-05,0.001957997912541032,0.0019580733496695757,7e267c0bf303542b
2,day2_n8_softmax_seed42,42,15,7,False,False,True,0.4064,0.0,0.7930563,1.1732033,-1.747281385178212e-05,0.0011253284756094217,0.001125464215874672,7e267c0bf303542b
2,day2_n8_softmax_seed42,42,16,0,False,False,True,0.3974,0.0,-0.7384435,-0.7289828,-1.6153093383763917e-05,0.001106029492802918,0.0011061473051086068,7e267c0bf303542b
2,day2_n8_softmax_seed42,42,16,1,False,False,True,0.3638,0.0,6.635816,0.01046142,-1.775540476955939e-05,0.0017831464065238833,0.0017832348821684718,7e267c0bf303542b
2,day2_n8_softmax_seed42,42,16,2,False,False,True,0.4086,0.0,-0.7589198,-0.5408776,-1.4999578525021207e-05,0.0011033328482881188,0.0011034347116947174,7e267c0bf303542b
2,day2_n8_softmax_seed42,42,16,3,False,False,True,0.4104,0.0,-1.0833437,-0.7837839,-1.373615214106394e-05,0.0011002845130860806,0.001100370311178267,7e267c0bf303542b
2,day2_n8_softmax_seed42,42,16,4,False,False,True,0.4052,0.0,-0.86529493,-0.7086666,-1.2645808055822272e-05,0.001091143349185586,0.0010912165744230151,7e267c0bf303542b
2,day2_n8_softmax_seed42,42,16,5,False,False,True,0.3746,0.0,-0.92479026,-0.6165492,-1.7372720321873203e-05,0.0010835115099325776,0.0010836507426574826,7e267c0bf303542b
2,day2_n8_softmax_seed42,42,16,6,False,False,True,0.4206,0.0,-1.337208,-0.18255274,-1.4325878510135226e-05,0.0011103491997346282,0.0011104416335001588,7e267c0bf303542b
2,day2_n8_softmax_seed42,42,16,7,False,False,True,0.4034,0.0,-0.9278715,3.5509424,-1.9675837393151596e-05,0.0012397033860906959,0.0012398594990372658,7e267c0bf303542b
2,day2_n8_softmax_seed42,42,17,0,False,False,True,0.3902,0.0,4.2632732,-2.0619624,-1.647108183533419e-05,0.0014691011747345328,0.0014691934920847416,7e267c0bf303542b
2,day2_n8_softmax_seed42,42,17,1,False,False,True,0.434,0.0,-0.7027258,-0.18211304,-1.4313381143438164e-05,0.0010961939115077257,0.0010962873930111527,7e267c0bf303542b
2,day2_n8_softmax_seed42,42,17,2,False,False,True,0.3992,0.0,-0.35754228,-0.75964975,-1.6318115740432404e-05,0.0011119662085548043,0.0011120858835056424,7e267c0bf303542b
2,day2_n8_softmax_seed42,42,17,3,False,False,True,0.42,0.0,-0.50543845,-0.3439251,-1.736374724714551e-05,0.0010925255483016372,0.001092663500458002,7e267c0bf303542b
2,day2_n8_softmax_seed42,42,17,4,False,False,True,0.428,0.0,-0.6519139,-0.7246936,-1.2285714547033422e-05,0.001135811093263328,0.0011358775664120913,7e267c0bf303542b
2,day2_n8_softmax_seed42,42,17,5,False,False,True,0.4084,0.0,1.8237709,4.355433,-1.5835083104320802e-05,0.001409092335961759,0.001409181160852313,7e267c0bf303542b
2,day2_n8_softmax_seed42,42,17,6,False,False,True,0.4186,0.0,-0.41959128,-0.38778126,-1.4498362361337058e-05,0.0010711392387747765,0.0010712374933063984,7e267c0bf303542b
2,day2_n8_softmax_seed42,42,17,7,False,False,True,0.3374,0.0,-3.44984,0.10468962,-8.558640729461331e-06,0.0013908576220273972,0.00139088393189013,7e267c0bf303542b
2,day2_n8_softmax_seed42,42,18,0,False,False,True,0.4214,0.0,3.840846,1.4627172,-1.5868727132328786e-05,0.0012871006038039923,0.001287198392674327,7e267c0bf303542b
2,day2_n8_softmax_seed42,42,18,1,False,False,True,0.4168,0.0,-1.6110756,0.6546482,-1.6710988347767852e-05,0.0011508514871820807,0.0011509727919474244,7e267c0bf303542b
2,day2_n8_softmax_seed42,42,18,2,False,False,True,0.4298,0.0,-0.26981404,0.32257295,-1.6988631614367478e-05,0.0010800330201163888,0.0010801666649058461,7e267c0bf303542b
2,day2_n8_softmax_seed42,42,18,3,False,False,True,0.418,0.0,-0.32658023,0.26231986,-1.431137843610486e-05,0.0010830146493390203,0.0010831091785803437,7e267c0bf303542b
2,day2_n8_softmax_seed42,42,18,4,False,False,True,0.4388,0.0,-0.29619175,0.15785824,-1.5517338397330604e-05,0.0010791403474286199,0.001079251989722252,7e267c0bf303542b
2,day2_n8_softmax_seed42,42,18,5,False,False,True,0.4202,0.0,-2.010087,0.48102796,-2.0860885342699476e-05,0.0011526293819770217,0.0011528180912137032,7e267c0bf303542b
2,day2_n8_softmax_seed42,42,18,6,False,False,True,0.435,0.0,0.91543704,-3.6161106,-1.1787093171733432e-05,0.0012260930379852653,0.001226149732246995,7e267c0bf303542b
2,day2_n8_softmax_seed42,42,18,7,False,False,True,0.436,0.0,-0.2425511,0.27497062,-1.327860081801191e-05,0.0010640708496794105,0.0010641537373885512,7e267c0bf303542b
2,day2_n8_softmax_seed42,42,19,0,False,False,True,0.3964,0.0,1.731161,1.173355,-1.3890800801164005e-05,0.001097609638236463,0.0010976975318044424,7e267c0bf303542b
2,day2_n8_softmax_seed42,42,19,1,False,False,True,0.4264,0.0,1.0640553,-2.3790903,-1.3176452739571687e-05,0.0011012700852006674,0.0011013488983735442,7e267c0bf303542b
2,day2_n8_softmax_seed42,42,19,2,False,False,True,0.4356,0.0,-0.379495,0.9898839,-1.2936035091115627e-05,0.0010761599987745285,0.001076237764209509,7e267c0bf303542b
2,day2_n8_softmax_seed42,42,19,3,False,False,True,0.45,0.0,0.65264237,0.6027677,-1.3570285773312207e-05,0.0010763898026198149,0.0010764753678813577,7e267c0bf303542b
2,day2_n8_softmax_seed42,42,19,4,False,False,True,0.4292,0.0,-1.061042,-1.5078826,-1.1563456610019784e-05,0.0011019355151802301,0.0011019962839782238,7e267c0bf303542b
2,day2_n8_softmax_seed42,42,19,5,False,False,True,0.3998,0.0,0.1341332,0.47066933,-1.2717266145045869e-05,0.001083672046661377,0.001083746668882668,7e267c0bf303542b
2,day2_n8_softmax_seed42,42,19,6,False,False,True,0.3986,0.0,-2.4627397,0.4991006,-1.2243429409863893e-05,0.00110351899638772,0.001103586982935667,7e267c0bf303542b
2,day2_n8_softmax_seed42,42,19,7,False,False,True,0.3956,0.0,0.32129002,0.15119521,-1.599399183760397e-05,0.0010732287773862481,0.001073347986675799,7e267c0bf303542b
2,day2_n8_softmax_seed42,42,20,0,False,False,True,0.4394,0.0,-0.7306378,0.25235304,-1.3342681995709427e-05,0.0010639511747285724,0.001064034877344966,7e267c0bf303542b
2,day2_n8_softmax_seed42,42,20,1,False,False,True,0.4362,0.0,0.97680724,2.6763403,-1.529365181340836e-05,0.0010719170095399022,0.001072026090696454,7e267c0bf303542b
2,day2_n8_softmax_seed42,42,20,2,False,False,True,0.4334,0.0,0.07815414,-1.3083119,-1.607563353900332e-05,0.0010594581253826618,0.0010595800122246146,7e267c0bf303542b
2,day2_n8_softmax_seed42,42,20,3,False,False,True,0.4332,0.0,1.1780607,-0.95753086,-1.3927639884059317e-05,0.0010593831539154053,0.001059474772773683,7e267c0bf303542b
2,day2_n8_softmax_seed42,42,20,4,False,False,True,0.4148,0.0,0.52937037,-0.7033942,-1.392626109009143e-05,0.0010544831166043878,0.0010545749682933092,7e267c0bf303542b
2,day2_n8_softmax_seed42,42,20,5,False,False,True,0.4374,0.0,0.24168442,-0.23298223,-1.534419243398588e-05,0.0010464085498824716,0.0010465210070833564,7e267c0bf303542b
2,day2_n8_softmax_seed42,42,20,6,False,False,True,0.4024,0.0,0.42687222,-0.010344249,-1.6434396457043476e-05,0.0010578716173768044,0.0010579993249848485,7e267c0bf303542b
2,day2_n8_softmax_seed42,42,20,7,False,False,True,0.432,0.0,-2.7003117,0.28386742,-1.4455712516792119e-05,0.0010783382458612323,0.0010784352198243141,7e267c0bf303542b
2,day2_n8_softmax_seed42,42,21,0,False,False,True,0.4444,0.0,1.6306723,-0.7013591,-1.5632323993486352e-05,0.0010641273111104965,0.0010642420966178179,7e267c0bf303542b
2,day2_n8_softmax_seed42,42,21,1,False,False,True,0.4298,0.0,1.6702964,-1.22828,-1.1277415069343988e-05,0.001065972144715488,0.0010660317493602633,7e267c0bf303542b
2,day2_n8_softmax_seed42,42,21,2,False,False,True,0.441,0.0,1.3899671,-0.34299034,-1.5814573998795822e-05,0.001054986147210002,0.0010551046580076218,7e267c0bf303542b
2,day2_n8_softmax_seed42,42,21,3,False,False,True,0.4356,0.0,1.3723828,-0.3145199,-1.4936616935301572e-05,0.0010561259696260095,0.0010562315583229065,7e267c0bf303542b
2,day2_n8_softmax_seed42,42,21,4,False,False,True,0.3762,0.0,-10.526899,-0.10137786,-1.9895344394171843e-06,0.002603254746645689,0.00260325544513762,7e267c0bf303542b
2,day2_n8_softmax_seed42,42,21,5,False,False,True,0.4,0.0,1.5957286,-0.6452955,-1.4603015188185964e-05,0.0010451581329107285,0.0010452601127326488,7e267c0bf303542b
2,day2_n8_softmax_seed42,42,21,6,False,False,True,0.4402,0.0,1.6246954,-0.20575179,-1.3463900359056424e-05,0.0010465410305187106,0.001046627527102828,7e267c0bf303542b
2,day2_n8_softmax_seed42,42,21,7,False,False,True,0.4126,0.0,1.2432197,3.5395772,-1.7043206753442064e-05,0.0011650774395093322,0.0011652021203190088,7e267c0bf303542b
2,day2_n8_softmax_seed42,42,22,0,False,False,True,0.4664,0.0,0.32925013,-0.8505049,-1.1151760190841742e-05,0.001082355622202158,0.0010824131313711405,7e267c0bf303542b
2,day2_n8_softmax_seed42,42,22,1,False,False,True,0.441,0.0,-0.81664896,-0.088049024,-1.1665032616292592e-05,0.0010655352380126715,0.0010655990336090326,7e267c0bf303542b
2,day2_n8_softmax_seed42,42,22,2,False,False,True,0.4502,0.0,-0.4113236,0.19275354,-1.3762749404122587e-05,0.001039824914187193,0.0010399159509688616,7e267c0bf303542b
2,day2_n8_softmax_seed42,42,22,3,False,False,True,0.439,0.0,3.1835117,-0.29948556,-1.116073690354824e-05,0.0011050784960389137,0.0011051349574699998,7e267c0bf303542b
2,day2_n8_softmax_seed42,42,22,4,False,False,True,0.4498,0.0,-1.0530084,-2.0503244,-1.2050470104441047e-05,0.001080026850104332,0.001080094138160348,7e267c0bf303542b
2,day2_n8_softmax_seed42,42,22,5,False,False,True,0.4204,0.0,-0.256212,2.494276,-1.4473481314780656e-05,0.001069897785782814,0.0010699956910684705,7e267c0bf303542b
2,day2_n8_softmax_seed42,42,22,6,False,False,True,0.4332,0.0,-0.38655156,0.3708004,-1.39005960591021e-05,0.0010601792018860579,0.0010602703550830483,7e267c0bf303542b
2,day2_n8_softmax_seed42,42,22,7,False,False,True,0.4174,0.0,-0.589019,0.23053248,-1.0160007150261663e-05,0.0010477969190105796,0.0010478461626917124,7e267c0bf303542b
2,day2_n8_softmax_seed42,42,23,0,False,False,True,0.4732,0.0,0.6626035,1.2481682,-1.6176818462554365e-05,0.0010577013017609715,0.0010578251676633954,7e267c0bf303542b
2,day2_n8_softmax_seed42,42,23,1,False,False,True,0.4602,0.0,0.48084414,1.387203,-1.4987311260483693e-05,0.0010661425767466426,0.001066247932612896,7e267c0bf303542b
2,day2_n8_softmax_seed42,42,23,2,False,False,True,0.4194,0.0,0.7727803,-0.7527728,-1.4116901184024755e-05,0.0010466957464814186,0.001046790974214673,7e267c0bf303542b
2,day2_n8_softmax_seed42,42,23,3,False,False,True,0.442,0.0,0.62831736,-0.11577743,-1.271818473469466e-05,0.001044197822920978,0.001044275239109993,7e267c0bf303542b
2,day2_n8_softmax_seed42,42,23,4,False,False,True,0.4048,0.0,0.5587475,0.67189854,-1.6504433006048203e-05,0.00104910833761096,0.0010492382571101189,7e267c0bf303542b
2,day2_n8_softmax_seed42,42,23,5,False,False,True,0.429,0.0,-4.444857,-0.15677832,-1.2727602552331518e-05,0.0013025430962443352,0.0013026052620261908,7e267c0bf303542b
2,day2_n8_softmax_seed42,42,23,6,False,False,True,0.4622,0.0,0.545249,0.3771734,-1.5316691133193672e-05,0.0010434099240228534,0.0010435222648084164,7e267c0bf303542b
2,day2_n8_softmax_seed42,42,23,7,False,False,True,0.4242,0.0,0.79633015,-2.65911,-1.0410017239337321e-05,0.0010689001064747572,0.001068950747139752,7e267c0bf303542b
2,day2_n8_softmax_seed42,42,24,0,False,False,True,0.465,0.0,0.92130196,-0.802756,-1.0436006050440483e-05,0.0010596266947686672,0.001059678033925593,7e267c0bf303542b
2,day2_n8_softmax_seed42,42,24,1,False,False,True,0.4568,0.0,1.169922,-1.0539093,-1.1999962225672789e-05,0.001071679755114019,0.001071746926754713,7e267c0bf303542b
2,day2_n8_softmax_seed42,42,24,2,False,False,True,0.4692,0.0,1.2277113,-0.05208209,-1.0837766240001656e-05,0.001085684634745121,0.0010857387678697705,7e267c0bf303542b
2,day2_n8_softmax_seed42,42,24,3,False,False,True,0.4642,0.0,0.49277008,-0.5126943,-1.5506893760175444e-05,0.0010444571962580085,0.0010445723310112953,7e267c0bf303542b
2,day2_n8_softmax_seed42,42,24,4,False,False,True,0.45,0.0,0.5319111,-0.19257148,-1.324116783507634e-05,0.0010448567336425185,0.0010449406690895557,7e267c0bf303542b
2,day2_n8_softmax_seed42,42,24,5,False,False,True,0.4682,0.0,0.66788244,-1.00955,-1.227752090926515e-05,0.0010500492062419653,0.0010501210344955325,7e267c0bf303542b
2,day2_n8_softmax_seed42,42,24,6,False,False,True,0.3186,0.0,-5.517772,-0.20438007,-1.3669382497027982e-05,0.0015064056497067213,0.001506467699073255,7e267c0bf303542b
2,day2_n8_softmax_seed42,42,24,7,False,False,True,0.4628,0.0,0.50630987,3.8279376,-1.243587121280143e-05,0.0011816401965916157,0.0011817056220024824,7e267c0bf303542b
2,day2_n8_softmax_seed42,42,25,0,False,False,True,0.4682,0.0,1.3005929,-0.49231428,-1.1393660315661691e-05,0.00106022076215595,0.0010602818801999092,7e267c0bf303542b
2,day2_n8_softmax_seed42,42,25,1,False,False,True,0.4634,0.0,-1.1841648,2.7104912,-1.2960621461388655e-05,0.0010668158065527678,0.0010668945033103228,7e267c0bf303542b
2,day2_n8_softmax_seed42,42,25,2,False,False,True,0.431,0.0,1.6977216,-0.616583,-1.2218231859151274e-05,0.001059090020135045,0.0010591604514047503,7e267c0bf303542b
2,day2_n8_softmax_seed42,42,25,3,False,False,True,0.443,0.0,0.03762747,-0.860977,-1.273239467991516e-05,0.001043111551553011,0.0010431892005726695,7e267c0bf303542b
2,day2_n8_softmax_seed42,42,25,4,False,False,True,0.448,0.0,0.03835646,0.5908802,-1.2483188584155869e-05,0.0010510955471545458,0.0010511697037145495,7e267c0bf303542b
2,day2_n8_softmax_seed42,42,25,5,False,False,True,0.4612,0.0,0.757454,0.21138419,-1.450723266316345e-05,0.0010561534436419606,0.0010562530951574445,7e267c0bf303542b
2,day2_n8_softmax_seed42,42,25,6,False,False,True,0.4536,0.0,-0.08015252,0.31566048,-1.1873876246681903e-05,0.0010347848292440176,0.0010348529322072864,7e267c0bf303542b
2,day2_n8_softmax_seed42,42,25,7,False,False,True,0.4798,0.0,-2.5674338,-1.858538,-1.2126509318477474e-05,0.001076843705959618,0.0010769119253382087,7e267c0bf303542b
2,day2_n8_softmax_seed42,42,26,0,False,False,True,0.451,0.0,0.052329127,3.2502377,-1.358916506433161e-05,0.0010754421819001436,0.001075528096407652,7e267c0bf303542b
2,day2_n8_softmax_seed42,42,26,1,False,False,True,0.4728,0.0,-1.4015032,0.39793232,-1.1756263120332733e-05,0.0010617818916216493,0.0010618470842018723,7e267c0bf303542b
2,day2_n8_softmax_seed42,42,26,2,False,False,True,0.4764,0.0,-2.1500642,-1.2280641,-1.2908521966892295e-05,0.001074619241990149,0.001074696658179164,7e267c0bf303542b
2,day2_n8_softmax_seed42,42,26,3,False,False,True,0.47,0.0,2.6874042,-0.70968443,-1.2610912563104648e-05,0.0010675359517335892,0.0010676104575395584,7e267c0bf303542b
2,day2_n8_softmax_seed42,42,26,4,False,False,True,0.4778,0.0,0.031566754,-0.64339566,-1.5503996110055596e-05,0.0010578333167359233,0.0010579469380900264,7e267c0bf303542b
2,day2_n8_softmax_seed42,42,26,5,False,False,True,0.485,0.0,0.057013653,-0.056743663,-1.2935864106111694e-05,0.0010416524019092321,0.0010417328448966146,7e267c0bf303542b
2,day2_n8_softmax_seed42,42,26,6,False,False,True,0.4736,0.0,0.19054265,-0.6317035,-1.3045414561929647e-05,0.0010686710011214018,0.0010687506292015314,7e267c0bf303542b
2,day2_n8_softmax_seed42,42,26,7,False,False,True,0.4644,0.0,0.53271157,-0.37858027,-1.192890886159148e-05,0.0010585099225863814,0.0010585770942270756,7e267c0bf303542b
2,day2_n8_softmax_seed42,42,27,0,False,False,True,0.462,0.0,1.062695,-0.7406408,-1.39349667733768e-05,0.0010677226819097996,0.0010678137186914682,7e267c0bf303542b
2,day2_n8_softmax_seed42,42,27,1,False,False,True,0.4486,0.0,-3.7916174,-1.1100926,-1.3491954632627312e-05,0.0011640795273706317,0.0011641577584668994,7e267c0bf303542b
2,day2_n8_softmax_seed42,42,27,2,False,False,True,0.466,0.0,1.280881,0.26542482,-1.2830128980567679e-05,0.0010826927609741688,0.0010827687801793218,7e267c0bf303542b
2,day2_n8_softmax_seed42,42,27,3,False,False,True,0.475,0.0,-0.7714435,3.4228487,-1.3072795809421223e-05,0.0011039294768124819,0.0011040068930014968,7e267c0bf303542b
2,day2_n8_softmax_seed42,42,27,4,False,False,True,0.471,0.0,0.48939463,0.03879832,-1.380722733301809e-05,0.0010604284470900893,0.0010605183197185397,7e267c0bf303542b
2,day2_n8_softmax_seed42,42,27,5,False,False,True,0.4514,0.0,0.5530508,-0.40684918,-1.148850151366787e-05,0.0010542997624725103,0.0010543623939156532,7e267c0bf303542b
2,day2_n8_softmax_seed42,42,27,6,False,False,True,0.4856,0.0,0.6643554,-1.0681645,-1.3179166671761777e-05,0.0010676245437934995,0.0010677059181034565,7e267c0bf303542b
2,day2_n8_softmax_seed42,42,27,7,False,False,True,0.497,0.0,0.51268864,-0.40132442,-1.1636390809144359e-05,0.0010506558464840055,0.0010507202241569757,7e267c0bf303542b
2,day2_n8_softmax_seed42,42,28,0,False,False,True,0.4642,0.0,2.8115351,-1.3165951,-1.3088488231005613e-05,0.0010784949408844113,0.0010785743361338973,7e267c0bf303542b
2,day2_n8_softmax_seed42,42,28,1,False,False,True,0.4818,0.0,0.18286526,-0.05649502,-1.0819944691320416e-05,0.0010634070495143533,0.0010634619975462556,7e267c0bf303542b
2,day2_n8_softmax_seed42,42,28,2,False,False,True,0.4906,0.0,-1.3596854,-0.9303487,-1.1824619832623284e-05,0.0010588517179712653,0.0010589177254587412,7e267c0bf303542b
2,day2_n8_softmax_seed42,42,28,3,False,False,True,0.4724,0.0,-2.0138671,-1.5469837,-1.2826004422095139e-05,0.0010695677483454347,0.0010696446988731623,7e267c0bf303542b
2,day2_n8_softmax_seed42,42,28,4,False,False,True,0.4986,0.0,0.023307461,0.43113273,-1.2546632206067443e-05,0.0010603946866467595,0.001060468959622085,7e267c0bf303542b
2,day2_n8_softmax_seed42,42,28,5,False,False,True,0.502,0.0,-0.13538225,0.033675995,-1.4234842637961265e-05,0.0010301764123141766,0.0010302747832611203,7e267c0bf303542b
2,day2_n8_softmax_seed42,42,28,6,False,False,True,0.4802,0.0,-0.33062562,2.9990852,-1.2090755262761377e-05,0.001068970188498497,0.0010690386407077312,7e267c0bf303542b
2,day2_n8_softmax_seed42,42,28,7,False,False,True,0.4882,0.0,0.8218514,0.38652617,-1.1828345122921746e-05,0.0010606505675241351,0.001060716575011611,7e267c0bf303542b
2,day2_n8_softmax_seed42,42,29,0,False,False,True,0.467,0.0,0.23074174,0.6458916,-1.511919435870368e-05,0.0010706466855481267,0.0010707535548135638,7e267c0bf303542b
2,day2_n8_softmax_seed42,42,29,1,False,False,True,0.479,0.0,1.7155645,-3.2110455,-1.0910338460234925e-05,0.0010939815547317266,0.0010940359206870198,7e267c0bf303542b
2,day2_n8_softmax_seed42,42,29,2,False,False,True,0.4778,0.0,-0.12049839,1.1247886,-1.479426646255888e-05,0.0010703378356993198,0.0010704400483518839,7e267c0bf303542b
2,day2_n8_softmax_seed42,42,29,3,False,False,True,0.5002,0.0,0.46386138,1.071308,-1.3311183465702925e-05,0.0010605222778394818,0.0010606057476252317,7e267c0bf303542b
2,day2_n8_softmax_seed42,42,29,4,False,False,True,0.4954,0.0,0.8247668,0.8695561,-1.1602688573475461e-05,0.0010744220344349742,0.001074484665878117,7e267c0bf303542b
2,day2_n8_softmax_seed42,42,29,5,False,False,True,0.49,0.0,0.41665533,0.7017639,-1.567626532050781e-05,0.001064098090864718,0.001064213691279292,7e267c0bf303542b
2,day2_n8_softmax_seed42,42,29,6,False,False,True,0.496,0.0,0.10610142,-0.102613166,-1.2558220078062732e-05,0.001051031518727541,0.0010511066066101193,7e267c0bf303542b
2,day2_n8_softmax_seed42,42,29,7,False,False,True,0.4916,0.0,-3.6371906,-1.0996475,-1.470461575081572e-05,0.001119531225413084,0.0011196278501302004,7e267c0bf303542b
2,day2_n8_softmax_seed42,42,30,0,False,False,True,0.4886,0.0,0.18195643,0.5468376,-1.1830259609268978e-05,0.0010766928317025304,0.0010767577914521098,7e267c0bf303542b
2,day2_n8_softmax_seed42,42,30,1,False,False,True,0.4902,0.0,0.75152296,0.2280198,-1.2810027328669094e-05,0.0010561159579083323,0.0010561937233433127,7e267c0bf303542b
2,day2_n8_softmax_seed42,42,30,2,False,False,True,0.4868,0.0,0.60569346,0.563796,-1.3028724424657412e-05,0.0010594363557174802,0.0010595164494588971,7e267c0bf303542b
2,day2_n8_softmax_seed42,42,30,3,False,False,True,0.4996,0.0,0.6936428,0.89989763,-1.033809530781582e-05,0.0010895687155425549,0.001089617726393044,7e267c0bf303542b
2,day2_n8_softmax_seed42,42,30,4,False,False,True,0.5018,0.0,0.94405264,0.586252,-1.2008172234345693e-05,0.0010938325431197882,0.001093898550607264,7e267c0bf303542b
2,day2_n8_softmax_seed42,42,30,5,False,False,True,0.5078,0.0,0.599885,0.5192065,-1.1548995644261595e-05,0.0010450530098751187,0.00104511680547148,7e267c0bf303542b
2,day2_n8_softmax_seed42,42,30,6,False,False,True,0.4778,0.0,-3.874641,0.446601,-1.3992525964567903e-05,0.0011245456989854574,0.001124632777646184,7e267c0bf303542b
2,day2_n8_softmax_seed42,42,30,7,False,False,True,0.4842,0.0,0.09788839,-3.7906098,-1.1600566722336225e-05,0.0011066715233027935,0.0011067322921007872,7e267c0bf303542b
2,day2_n8_softmax_seed42,42,31,0,False,False,True,0.4988,0.0,2.0543232,-2.6768265,-9.669483915786259e-06,0.0010767686180770397,0.0010768120409920812,7e267c0bf303542b
2,day2_n8_softmax_seed42,42,31,1,False,False,True,0.5018,0.0,0.440581,1.3379458,-1.0725558240665123e-05,0.0010671253548935056,0.0010671792551875114,7e267c0bf303542b
2,day2_n8_softmax_seed42,42,31,2,False,False,True,0.4776,0.0,0.236875,0.3836584,-1.005949525278993e-05,0.0010687016183510423,0.001068748882971704,7e267c0bf303542b
2,day2_n8_softmax_seed42,42,31,3,False,False,True,0.5026,0.0,-3.1289124,-1.8705709,-1.3911858331994154e-05,0.001086910255253315,0.0010869993129745126,7e267c0bf303542b
2,day2_n8_softmax_seed42,42,31,4,False,False,True,0.5244,0.0,-0.57914066,1.6209509,-1.1821741281892173e-05,0.001078598783351481,0.0010786636266857386,7e267c0bf303542b
2,day2_n8_softmax_seed42,42,31,5,False,False,True,0.5216,0.0,-0.6198624,0.7094146,-1.2959052583028097e-05,0.0010495298774912953,0.0010496098548173904,7e267c0bf303542b
2,day2_n8_softmax_seed42,42,31,6,False,False,True,0.515,0.0,0.70905685,0.5343164,-1.1691182407957967e-05,0.0010715918615460396,0.0010716556571424007,7e267c0bf303542b
2,day2_n8_softmax_seed42,42,31,7,False,False,True,0.4896,0.0,0.88708186,-0.038888775,-9.577637683833018e-06,0.0010660828556865454,0.0010661259293556213,7e267c0bf303542b
2,day2_n8_softmax_seed42,42,32,0,False,False,True,0.5036,0.0,1.4426292,1.9299159,-1.3077778930892237e-05,0.0011052925838157535,0.0011053698835894465,7e267c0bf303542b
2,day2_n8_softmax_seed42,42,32,1,False,False,True,0.4838,0.0,-1.9273727,2.611985,-1.2422849977156147e-05,0.001104610739275813,0.0011046805884689093,7e267c0bf303542b
2,day2_n8_softmax_seed42,42,32,2,False,False,True,0.4824,0.0,0.2672354,-0.2060412,-1.2500582670327276e-05,0.0010720300488173962,0.0010721029248088598,7e267c0bf303542b
2,day2_n8_softmax_seed42,42,32,3,False,False,True,0.5186,0.0,1.1240784,-0.30009484,-1.209398851642618e-05,0.0010765631450340152,0.0010766311315819621,7e267c0bf303542b
2,day2_n8_softmax_seed42,42,32,4,False,False,True,0.4858,0.0,0.8565405,-0.3038496,-1.1864130101457704e-05,0.0010809461819007993,0.0010810112580657005,7e267c0bf303542b
2,day2_n8_softmax_seed42,42,32,5,False,False,True,0.503,0.0,1.6031499,-1.5993215,-1.3674614820047282e-05,0.001085164723917842,0.001085250754840672,7e267c0bf303542b
2,day2_n8_softmax_seed42,42,32,6,False,False,True,0.4912,0.0,-2.5962653,-2.09423,-1.1412406820454635e-05,0.00110334949567914,0.0011034085182473063,7e267c0bf303542b
2,day2_n8_softmax_seed42,42,32,7,False,False,True,0.519,0.0,-0.76999635,-0.038366582,-1.3762349226453807e-05,0.0010655682999640703,0.0010656571248546243,7e267c0bf303542b
2,day2_n8_softmax_seed42,42,33,0,False,False,True,0.4912,0.0,-0.29665068,-2.585549,-1.179038554255385e-05,0.0010956637561321259,0.0010957272024825215,7e267c0bf303542b
2,day2_n8_softmax_seed42,42,33,1,False,False,True,0.5258,0.0,0.3125517,-0.87214833,-1.144295310950838e-05,0.0010711450595408678,0.001071206177584827,7e267c0bf303542b
2,day2_n8_softmax_seed42,42,33,2,False,False,True,0.5072,0.0,-0.106882036,-0.19542062,-9.24057894735597e-06,0.001072557526640594,0.0010725974570959806,7e267c0bf303542b
2,day2_n8_softmax_seed42,42,33,3,False,False,True,0.4988,0.0,-2.966545,2.2746193,-8.716527190699708e-06,0.001105274772271514,0.0011053091147914529,7e267c0bf303542b
2,day2_n8_softmax_seed42,42,33,4,False,False,True,0.5108,0.0,-0.13515413,0.11253075,-9.944945304596331e-06,0.001068713958375156,0.001068760291673243,7e267c0bf303542b
2,day2_n8_softmax_seed42,42,33,5,False,False,True,0.5138,0.0,-0.071206026,-0.43587205,-1.2082524335710332e-05,0.0010846065124496818,0.0010846738005056977,7e267c0bf303542b
2,day2_n8_softmax_seed42,42,33,6,False,False,True,0.5084,0.0,2.965926,2.140039,-1.1184921277163085e-05,0.0011053078342229128,0.0011053644120693207,7e267c0bf303542b
2,day2_n8_softmax_seed42,42,33,7,False,False,True,0.5264,0.0,0.29796186,-0.43819845,-1.0001170267059933e-05,0.0010838157031685114,0.0010838619200512767,7e267c0bf303542b
2,day2_n8_softmax_seed42,42,34,0,False,False,True,0.5282,0.0,1.7285421,3.2871406,-1.4204191757016815e-05,0.0011130450293421745,0.0011131357168778777,7e267c0bf303542b
2,day2_n8_softmax_seed42,42,34,1,False,False,True,0.5162,0.0,-1.5607228,0.54192835,-1.3766856682195794e-05,0.0011003892868757248,0.001100475317798555,7e267c0bf303542b
2,day2_n8_softmax_seed42,42,34,2,False,False,True,0.4942,0.0,0.8051006,-1.0552813,-1.1884495506819803e-05,0.0010993309551849961,0.0010993952164426446,7e267c0bf303542b
2,day2_n8_softmax_seed42,42,34,3,False,False,True,0.5294,0.0,2.350969,-1.2842486,-1.1101224117737729e-05,0.0011053107446059585,0.0011053666239604354,7e267c0bf303542b
2,day2_n8_softmax_seed42,42,34,4,False,False,True,0.5248,0.0,0.38727432,-0.004737034,-1.0978309546771925e-05,0.0010754180839285254,0.0010754740796983242,7e267c0bf303542b
2,day2_n8_softmax_seed42,42,34,5,False,False,True,0.517,0.0,0.09855732,-1.9868132,-1.1427689969423227e-05,0.001100562047213316,0.0011006213026121259,7e267c0bf303542b
2,day2_n8_softmax_seed42,42,34,6,False,False,True,0.538,0.0,-2.073671,-0.30163854,-1.2377935490803793e-05,0.001102411188185215,0.0011024806881323457,7e267c0bf303542b
2,day2_n8_softmax_seed42,42,34,7,False,False,True,0.5014,0.0,-1.7360489,0.80364877,-1.257710209756624e-05,0.0010978044010698795,0.0010978765785694122,7e267c0bf303542b
2,day2_n8_softmax_seed42,42,35,0,False,False,True,0.5164,0.0,0.49560902,-0.54407156,-1.0769854270620272e-05,0.0010881500784307718,0.0010882033966481686,7e267c0bf303542b
2,day2_n8_softmax_seed42,42,35,1,False,False,True,0.5058,0.0,-0.20200787,-0.3604347,-1.2829306797357276e-05,0.001083549577742815,0.001083625596947968,7e267c0bf303542b
2,day2_n8_softmax_seed42,42,35,2,False,False,True,0.5008,0.0,0.1467804,-1.5702602,-9.745373972691596e-06,0.0010941390646621585,0.0010941824875772,7e267c0bf303542b
2,day2_n8_softmax_seed42,42,35,3,False,False,True,0.5228,0.0,1.5016673,2.9470685,-1.1083860954386182e-05,0.0011088296305388212,0.0011088850442320108,7e267c0bf303542b
2,day2_n8_softmax_seed42,42,35,4,False,False,True,0.4966,0.0,-3.9932945,0.64803845,-1.1085236110375263e-05,0.0011277433950453997,0.0011277978774160147,7e267c0bf303542b
2,day2_n8_softmax_seed42,42,35,5,False,False,True,0.518,0.0,0.6719619,0.6163885,-9.153388418781105e-06,0.0010875626467168331,0.0010876011801883578,7e267c0bf303542b
2,day2_n8_softmax_seed42,42,35,6,False,False,True,0.5232,0.0,0.49027777,0.7037716,-1.3449804100673646e-05,0.00108672387432307,0.0010868071112781763,7e267c0bf303542b
2,day2_n8_softmax_seed42,42,35,7,False,False,True,0.4548,0.0,0.88900626,-2.440501,-8.798728231340647e-06,0.0010973848402500153,0.001097419997677207,7e267c0bf303542b
2,day2_n8_softmax_seed42,42,36,0,False,False,True,0.5006,0.0,0.7852305,3.6456861,-9.185526323562954e-06,0.0011220903834328055,0.0011221279855817556,7e267c0bf303542b
2,day2_n8_softmax_seed42,42,36,1,False,False,True,0.5166,0.0,3.6493049,-1.2969704,-1.192042327602394e-05,0.0011358722113072872,0.00113593484275043,7e267c0bf303542b
2,day2_n8_softmax_seed42,42,36,2,False,False,True,0.5144,0.0,-1.8780289,-1.2488872,-1.2486211744544562e-05,0.0011081018019467592,0.0011081721168011427,7e267c0bf303542b
2,day2_n8_softmax_seed42,42,36,3,False,False,True,0.5044,0.0,-0.61991286,0.03605781,-9.911965207720641e-06,0.001100980443879962,0.0011010250309482217,7e267c0bf303542b
2,day2_n8_softmax_seed42,42,36,4,False,False,True,0.5384,0.0,-0.85236686,0.6585458,-1.1754411389119923e-05,0.001112342462874949,0.0011124046286568046,7e267c0bf303542b
2,day2_n8_softmax_seed42,42,36,5,False,False,True,0.5208,0.0,-1.0583036,0.39569065,-8.87078476807801e-06,0.0010964589891955256,0.0010964949615299702,7e267c0bf303542b
2,day2_n8_softmax_seed42,42,36,6,False,False,True,0.5462,0.0,-0.56463474,-1.5472658,-1.1352120054652914e-05,0.0011049318127334118,0.001104990136809647,7e267c0bf303542b
2,day2_n8_softmax_seed42,42,36,7,False,False,True,0.5392,0.0,0.5387146,-0.6428563,-1.1173103303008247e-05,0.0010856814915314317,0.0010857390007004142,7e267c0bf303542b
2,day2_n8_softmax_seed42,42,37,0,False,False,True,0.5408,0.0,2.5476618,0.49098453,-1.1148992598464247e-05,0.0011376471957191825,0.0011377019109204412,7e267c0bf303542b
2,day2_n8_softmax_seed42,42,37,1,False,False,True,0.527,0.0,0.8798295,0.4692957,-1.0124113941856194e-05,0.001113134203478694,0.0011131803039461374,7e267c0bf303542b
2,day2_n8_softmax_seed42,42,37,2,False,False,True,0.5304,0.0,-0.12753269,0.057222694,-1.1318728866172023e-05,0.0011168733472004533,0.0011169306235387921,7e267c0bf303542b
2,day2_n8_softmax_seed42,42,37,3,False,False,True,0.519,0.0,0.9021069,1.2061807,-9.851412869466003e-06,0.001131470431573689,0.0011315132724121213,7e267c0bf303542b
2,day2_n8_softmax_seed42,42,37,4,False,False,True,0.495,0.0,-3.5524528,0.88600576,-1.2177460121165495e-05,0.0011387367267161608,0.001138801802881062,7e267c0bf303542b
2,day2_n8_softmax_seed42,42,37,5,False,False,True,0.5282,0.0,-0.66179955,0.9406393,-7.464561349479482e-06,0.0011156396940350533,0.001115664723329246,7e267c0bf303542b
2,day2_n8_softmax_seed42,42,37,6,False,False,True,0.5302,0.0,0.25051048,0.12304511,-1.1298065146547742e-05,0.0011210625525563955,0.001121119479648769,7e267c0bf303542b
2,day2_n8_softmax_seed42,42,37,7,False,False,True,0.556,0.0,-0.23832367,-4.173373,-8.335054189956281e-06,0.0011420509545132518,0.0011420814553275704,7e267c0bf303542b
2,day2_n8_softmax_seed42,42,38,0,False,False,True,0.5338,0.0,0.73399216,1.3873881,-1.1684815945045557e-05,0.001144189271144569,0.0011442488757893443,7e267c0bf303542b
2,day2_n8_softmax_seed42,42,38,1,False,False,True,0.5486,0.0,2.205955,1.586112,-1.0167052096221596e-05,0.0011378657072782516,0.0011379109928384423,7e267c0bf303542b
2,day2_n8_softmax_seed42,42,38,2,False,False,True,0.5294,0.0,-0.61136305,0.113720775,-1.5387109669973142e-05,0.00109280354809016,0.0010929119307547808,7e267c0bf303542b
2,day2_n8_softmax_seed42,42,38,3,False,False,True,0.5572,0.0,-1.9554217,-2.9045699,-1.1950204680033494e-05,0.0011421231320127845,0.0011421856470406055,7e267c0bf303542b
2,day2_n8_softmax_seed42,42,38,4,False,False,True,0.528,0.0,-1.268424,0.7574494,-1.4675547390652355e-05,0.0011250401148572564,0.0011251358082517982,7e267c0bf303542b
2,day2_n8_softmax_seed42,42,38,5,False,False,True,0.5134,0.0,-1.8359385,1.7045738,-9.301153113483451e-06,0.0011230192612856627,0.0011230577947571874,7e267c0bf303542b
2,day2_n8_softmax_seed42,42,38,6,False,False,True,0.5322,0.0,0.041828208,-0.40618506,-1.3502755791705567e-05,0.0011193283135071397,0.0011194098042324185,7e267c0bf303542b
2,day2_n8_softmax_seed42,42,38,7,False,False,True,0.5134,0.0,2.6893706,-2.2384834,-8.476597031403799e-06,0.001138354535214603,0.0011383862001821399,7e267c0bf303542b
2,day2_n8_softmax_seed42,42,39,0,False,False,True,0.518,0.0,0.4762816,4.0243897,-1.102188070944976e-05,0.001169855473563075,0.0011699073947966099,7e267c0bf303542b
2,day2_n8_softmax_seed42,42,39,1,False,False,True,0.536,0.0,0.87290335,-0.5915365,-1.1541622370714322e-05,0.0011485405266284943,0.0011485983850434422,7e267c0bf303542b
2,day2_n8_softmax_seed42,42,39,2,False,False,True,0.5156,0.0,0.47726253,-0.42476168,-1.0571465281827841e-05,0.0011256056604906917,0.00112565525341779,7e267c0bf303542b
2,day2_n8_softmax_seed42,42,39,3,False,False,True,0.5438,0.0,0.86888653,-2.4682083,-9.826209861785173e-06,0.0011690912069752812,0.0011691325344145298,7e267c0bf303542b
2,day2_n8_softmax_seed42,42,39,4,False,False,True,0.5554,0.0,0.400957,-0.6258217,-9.125044016400352e-06,0.001120338449254632,0.0011203755857422948,7e267c0bf303542b
2,day2_n8_softmax_seed42,42,39,5,False,False,True,0.538,0.0,0.8842159,0.06684557,-8.739816621528007e-06,0.00111699930857867,0.0011170335346832871,7e267c0bf303542b
2,day2_n8_softmax_seed42,42,39,6,False,False,True,0.532,0.0,-4.7476234,-0.20383582,-1.1030166206182912e-05,0.0012274110922589898,0.0012274605687707663,7e267c0bf303542b
2,day2_n8_softmax_seed42,42,39,7,False,False,True,0.5362,0.0,0.7671222,0.22292903,-1.011443146126112e-05,0.001135273720137775,0.0011353188892826438,7e267c0bf303542b
2,day2_n8_softmax_seed42,42,40,0,False,False,True,0.5282,0.0,0.8034381,1.1503694,-1.1582051229197532e-05,0.0011671293759718537,0.0011671868851408362,7e267c0bf303542b
2,day2_n8_softmax_seed42,42,40,1,False,False,True,0.5438,0.0,0.5651689,-0.05473725,-1.1701143193931784e-05,0.0011209372896701097,0.0011209984077140689,7e267c0bf303542b
2,day2_n8_softmax_seed42,42,40,2,False,False,True,0.5118,0.0,0.7182992,-0.198895,-1.2847434845753014e-05,0.00113850983325392,0.0011385823599994183,7e267c0bf303542b
2,day2_n8_softmax_seed42,42,40,3,False,False,True,0.5458,0.0,2.2968616,0.005452194,-1.2402764696162194e-05,0.0011739699402824044,0.001174035482108593,7e267c0bf303542b
2,day2_n8_softmax_seed42,42,40,4,False,False,True,0.5096,0.0,1.2671856,0.2678205,-7.017625193839194e-06,0.0011595874093472958,0.0011596085969358683,7e267c0bf303542b
2,day2_n8_softmax_seed42,42,40,5,False,False,True,0.5068,0.0,-3.3868623,3.014478,-1.1175188774359412e-05,0.00120531115680933,0.0012053630780428648,7e267c0bf303542b
2,day2_n8_softmax_seed42,42,40,6,False,False,True,0.5504,0.0,-2.4713347,-3.723797,-1.1457791515567806e-05,0.0012007239274680614,0.0012007785262539983,7e267c0bf303542b
2,day2_n8_softmax_seed42,42,40,7,False,False,True,0.5016,0.0,0.20724837,-0.46069166,-9.865361789707094e-06,0.0011561240535229445,0.001156166079454124,7e267c0bf303542b
2,day2_n8_softmax_seed42,42,41,0,False,False,True,0.555,0.0,-0.6949116,-0.7386355,-9.613972906663548e-06,0.0011650893138721585,0.0011651290114969015,7e267c0bf303542b
2,day2_n8_softmax_seed42,42,41,1,False,False,True,0.5724,0.0,-0.44175476,-0.1592964,-1.0240723895549309e-05,0.001117609441280365,0.0011176563566550612,7e267c0bf303542b
2,day2_n8_softmax_seed42,42,41,2,False,False,True,0.539,0.0,-0.73974824,-0.6318423,-9.404508091392927e-06,0.0011571977520361543,0.0011572359362617135,7e267c0bf303542b
2,day2_n8_softmax_seed42,42,41,3,False,False,True,0.5392,0.0,-1.0633943,-0.7661372,-1.0232226486550644e-05,0.0011735865846276283,0.0011736310552805662,7e267c0bf303542b
2,day2_n8_softmax_seed42,42,41,4,False,False,True,0.5714,0.0,-1.5735152,-0.90932626,-9.034384675032925e-06,0.001170700415968895,0.0011707352241501212,7e267c0bf303542b
2,day2_n8_softmax_seed42,42,41,5,False,False,True,0.4912,0.0,5.0617394,-0.9368215,-9.121717084781267e-06,0.0013072282308712602,0.001307260012254119,7e267c0bf303542b
2,day2_n8_softmax_seed42,42,41,6,False,False,True,0.5614,0.0,-0.7611408,-0.57937706,-6.3863458308333065e-06,0.0011536269448697567,0.0011536446399986744,7e267c0bf303542b
2,day2_n8_softmax_seed42,42,41,7,False,False,True,0.544,0.0,0.21272264,4.721432,-7.264648957061581e-06,0.00121193693485111,0.0012119587045162916,7e267c0bf303542b
2,day2_n8_softmax_seed42,42,42,0,False,False,True,0.541,0.0,-0.6339666,0.5627007,-9.681415576778818e-06,0.001188750728033483,0.0011887900764122605,7e267c0bf303542b
2,day2_n8_softmax_seed42,42,42,1,False,False,True,0.5398,0.0,-0.1203364,-3.2412314,-7.754927537462208e-06,0.0011908799642696977,0.001190905342809856,7e267c0bf303542b
2,day2_n8_softmax_seed42,42,42,2,False,False,True,0.558,0.0,0.9512013,2.345154,-7.104817996150814e-06,0.0011889010202139616,0.001188922207802534,7e267c0bf303542b
2,day2_n8_softmax_seed42,42,42,3,False,False,True,0.538,0.0,-2.951909,2.193718,-1.1118453585368115e-05,0.0012120540486648679,0.001212105038575828,7e267c0bf303542b
2,day2_n8_softmax_seed42,42,42,4,False,False,True,0.5746,0.0,-0.6353971,-0.09902253,-1.1546727364475373e-05,0.0011405555997043848,0.001140614040195942,7e267c0bf303542b
2,day2_n8_softmax_seed42,42,42,5,False,False,True,0.5638,0.0,-0.31822184,-0.5191026,-1.236303160112584e-05,0.0011491093318909407,0.0011491758050397038,7e267c0bf303542b
2,day2_n8_softmax_seed42,42,42,6,False,False,True,0.5424,0.0,-0.5564602,-1.9250444,-6.558308996318374e-06,0.001181021798402071,0.0011810398427769542,7e267c0bf303542b
2,day2_n8_softmax_seed42,42,42,7,False,False,True,0.5458,0.0,4.265085,0.6828278,-1.0230754014628474e-05,0.001237673801369965,0.0012377160601317883,7e267c0bf303542b
2,day2_n8_softmax_seed42,42,43,0,False,False,True,0.5706,0.0,0.14351332,4.685085,-9.564777428749949e-06,0.001202405197545886,0.0012024432653561234,7e267c0bf303542b
2,day2_n8_softmax_seed42,42,43,1,False,False,True,0.5726,0.0,0.4848542,-0.2575946,-8.64183675730601e-06,0.001132346922531724,0.001132379868067801,7e267c0bf303542b
2,day2_n8_softmax_seed42,42,43,2,False,False,True,0.556,0.0,0.20158127,-1.0668942,-1.2655174941755831e-05,0.0011585482861846685,0.0011586175533011556,7e267c0bf303542b
2,day2_n8_softmax_seed42,42,43,3,False,False,True,0.5492,0.0,1.1676441,-0.30729172,-1.1369625099177938e-05,0.0011738380417227745,0.0011738931061699986,7e267c0bf303542b
2,day2_n8_softmax_seed42,42,43,4,False,False,True,0.5904,0.0,1.0212157,-0.68164784,-1.2341280125838239e-05,0.0011556408135220408,0.0011557067045941949,7e267c0bf303542b
2,day2_n8_softmax_seed42,42,43,5,False,False,True,0.5174,0.0,0.80292445,-0.8928143,-1.0510464562685229e-05,0.0011594851966947317,0.0011595329269766808,7e267c0bf303542b
2,day2_n8_softmax_seed42,42,43,6,False,False,True,0.5144,0.0,1.3956647,-0.9490783,-1.3244229194242507e-05,0.0011544224107638001,0.0011544984299689531,7e267c0bf303542b
2,day2_n8_softmax_seed42,42,43,7,False,False,True,0.5278,0.0,-5.2173905,-0.5297597,-9.237503036274575e-06,0.001322376076132059,0.0013224083231762052,7e267c0bf303542b
2,day2_n8_softmax_seed42,42,44,0,False,False,True,0.567,0.0,-0.9203338,-0.841,-1.035286459227791e-05,0.0011947700986638665,0.0011948150349780917,7e267c0bf303542b
2,day2_n8_softmax_seed42,42,44,1,False,False,True,0.5576,0.0,-0.43561584,-0.81307,-7.906392056611367e-06,0.0011742606293410063,0.0011742872884497046,7e267c0bf303542b
2,day2_n8_softmax_seed42,42,44,2,False,False,True,0.5516,0.0,-0.55808467,-1.1151657,-1.1655095477181021e-05,0.001175389508716762,0.0011754472507163882,7e267c0bf303542b
2,day2_n8_softmax_seed42,42,44,3,False,False,True,0.5426,0.0,0.25971583,-0.04988099,-1.0220277545158751e-05,0.0011982485884800553,0.0011982921278104186,7e267c0bf303542b
2,day2_n8_softmax_seed42,42,44,4,False,False,True,0.5894,0.0,4.8032537,1.5797564,-7.886241291998886e-06,0.0012786274310201406,0.0012786517618224025,7e267c0bf303542b
2,day2_n8_softmax_seed42,42,44,5,False,False,True,0.5508,0.0,-0.5518223,-1.8595635,-1.0081934306072071e-05,0.0011860784143209457,0.001186121255159378,7e267c0bf303542b
2,day2_n8_softmax_seed42,42,44,6,False,False,True,0.5564,0.0,-0.102520995,-1.0957699,-9.357420822198037e-06,0.001185091445222497,0.0011851283488795161,7e267c0bf303542b
2,day2_n8_softmax_seed42,42,44,7,False,False,True,0.5506,0.0,-2.4945936,4.1946907,-1.2994313692615833e-05,0.0012278937501832843,0.001227962551638484,7e267c0bf303542b
2,day2_n8_softmax_seed42,42,45,0,False,False,True,0.5862,0.0,0.17012747,2.5156083,-8.115027412713971e-06,0.0011845171684399247,0.0011845448752865195,7e267c0bf303542b
2,day2_n8_softmax_seed42,42,45,1,False,False,True,0.5626,0.0,-0.92981297,-0.5112983,-9.410047823621426e-06,0.0011773199075832963,0.0011773576261475682,7e267c0bf303542b
2,day2_n8_softmax_seed42,42,45,2,False,False,True,0.5416,0.0,3.5136943,2.161687,-8.103047548502218e-06,0.0011957178357988596,0.0011957453098148108,7e267c0bf303542b
2,day2_n8_softmax_seed42,42,45,3,False,False,True,0.572,0.0,-0.8909747,-1.0546771,-9.177981155517045e-06,0.0011838243808597326,0.0011838598875328898,7e267c0bf303542b
2,day2_n8_softmax_seed42,42,45,4,False,False,True,0.5838,0.0,0.6362705,-1.4794904,-1.0432763701828662e-05,0.0011658245930448174,0.0011658713920041919,7e267c0bf303542b
2,day2_n8_softmax_seed42,42,45,5,False,False,True,0.5656,0.0,-3.1867237,2.104759,-1.0937313163594808e-05,0.0011944612488150597,0.001194511423818767,7e267c0bf303542b
2,day2_n8_softmax_seed42,42,45,6,False,False,True,0.5626,0.0,1.4149916,-2.104292,-8.44472560856957e-06,0.0011886600404977798,0.001188690192066133,7e267c0bf303542b
2,day2_n8_softmax_seed42,42,45,7,False,False,True,0.551,0.0,-0.7275722,-1.6322995,-9.069965926755685e-06,0.0011854601325467229,0.0011854948243126273,7e267c0bf303542b
2,day2_n8_softmax_seed42,42,46,0,False,False,True,0.5554,0.0,4.8755155,0.7210442,-7.837004886823706e-06,0.0012294037733227015,0.0012294288026168942,7e267c0bf303542b
2,day2_n8_softmax_seed42,42,46,1,False,False,True,0.5812,0.0,-0.668831,0.8112465,-8.924444955482613e-06,0.0011710190447047353,0.0011710530379787087,7e267c0bf303542b
2,day2_n8_softmax_seed42,42,46,2,False,False,True,0.5456,0.0,-1.2574427,0.47118035,-7.608528449054575e-06,0.001183988293632865,0.0011840127408504486,7e267c0bf303542b
2,day2_n8_softmax_seed42,42,46,3,False,False,True,0.5658,0.0,0.030716375,-4.8795156,-8.010783858480863e-06,0.0012215219903737307,0.0012215481838211417,7e267c0bf303542b
2,day2_n8_softmax_seed42,42,46,4,False,False,True,0.5468,0.0,-0.8528001,1.2070702,-9.505195521342102e-06,0.0011794937308877707,0.0011795319151133299,7e267c0bf303542b
2,day2_n8_softmax_seed42,42,46,5,False,False,True,0.5678,0.0,-0.53053665,0.4472513,-1.0954906429105904e-05,0.001185490284115076,0.0011855409247800708,7e267c0bf303542b
2,day2_n8_softmax_seed42,42,46,6,False,False,True,0.58,0.0,-1.082821,0.5906891,-9.275238880945835e-06,0.0011850730516016483,0.0011851093731820583,7e267c0bf303542b
2,day2_n8_softmax_seed42,42,46,7,False,False,True,0.5714,0.0,-0.51380324,0.6310365,-7.88159559306223e-06,0.0011876998469233513,0.0011877259239554405,7e267c0bf303542b
2,day2_n8_softmax_seed42,42,47,0,False,False,True,0.5654,0.0,-0.3282657,-0.22220553,-9.049590516951866e-06,0.0012058998690918088,0.001205933978781104,7e267c0bf303542b
2,day2_n8_softmax_seed42,42,47,1,False,False,True,0.5982,0.0,-0.90169626,0.6304058,-1.3228166608314496e-05,0.0011945650912821293,0.0011946382001042366,7e267c0bf303542b
2,day2_n8_softmax_seed42,42,47,2,False,False,True,0.5744,0.0,-1.0000657,-0.66539425,-1.0501084943825845e-05,0.001192545983940363,0.0011925922008231282,7e267c0bf303542b
2,day2_n8_softmax_seed42,42,47,3,False,False,True,0.5914,0.0,-0.7091307,3.6788623,-9.84704092843458e-06,0.0012127762893214822,0.0012128162197768688,7e267c0bf303542b
2,day2_n8_softmax_seed42,42,47,4,False,False,True,0.559,0.0,5.392121,0.00011114591,-7.852022463339381e-06,0.0013332304079085588,0.0013332534581422806,7e267c0bf303542b
2,day2_n8_softmax_seed42,42,47,5,False,False,True,0.526,0.0,-0.32030737,-0.043768656,-1.3553755707107484e-05,0.0011926860315725207,0.0011927629821002483,7e267c0bf303542b
2,day2_n8_softmax_seed42,42,47,6,False,False,True,0.5732,0.0,-0.7686763,-3.667556,-7.574134542664979e-06,0.001217092853039503,0.001217116485349834,7e267c0bf303542b
2,day2_n8_softmax_seed42,42,47,7,False,False,True,0.5544,0.0,-1.3639833,0.28954402,-8.762115612626076e-06,0.0011990913189947605,0.0011991234496235847,7e267c0bf303542b
2,day2_n8_softmax_seed42,42,48,0,False,False,True,0.5906,0.0,2.0633636,4.623935,-7.636732334503904e-06,0.001256990828551352,0.0012570139952003956,7e267c0bf303542b
2,day2_n8_softmax_seed42,42,48,1,False,False,True,0.5398,0.0,3.1248777,-2.480416,-9.212847544404212e-06,0.001238546334207058,0.001238580676726997,7e267c0bf303542b
2,day2_n8_softmax_seed42,42,48,2,False,False,True,0.558,0.0,-0.69212747,-0.6493162,-1.2213700756547041e-05,0.0012243964010849595,0.0012244574027135968,7e267c0bf303542b
2,day2_n8_softmax_seed42,42,48,3,False,False,True,0.5698,0.0,-3.3854008,0.69697744,-1.0820625902852044e-05,0.0012442928273230791,0.001244339975528419,7e267c0bf303542b
2,day2_n8_softmax_seed42,42,48,4,False,False,True,0.592,0.0,1.0173244,-1.0125618,-1.1293699571979232e-05,0.0012180863413959742,0.0012181386118754745,7e267c0bf303542b
2,day2_n8_softmax_seed42,42,48,5,False,False,True,0.5758,0.0,-1.8797641,-0.45729274,-1.3993464563100133e-05,0.0012342833215370774,0.0012343626003712416,7e267c0bf303542b
2,day2_n8_softmax_seed42,42,48,6,False,False,True,0.5962,0.0,0.18869191,-0.039019473,-1.032231102726655e-05,0.001208028756082058,0.0012080728774890304,7e267c0bf303542b
2,day2_n8_softmax_seed42,42,48,7,False,False,True,0.5914,0.0,-0.43696606,-0.68230045,-1.0163527804252226e-05,0.0012081272434443235,0.0012081700842827559,7e267c0bf303542b
2,day2_n8_softmax_seed42,42,49,0,False,False,True,0.575,0.0,4.192097,-2.5977764,-1.1472903679532465e-05,0.001269181608222425,0.001269233413040638,7e267c0bf303542b
2,day2_n8_softmax_seed42,42,49,1,False,False,True,0.6072,0.0,-0.0227005,0.010513759,-9.916368981066626e-06,0.0012228436535224319,0.0012228838168084621,7e267c0bf303542b
2,day2_n8_softmax_seed42,42,49,2,False,False,True,0.578,0.0,-0.63636386,-0.6064628,-8.481388249492738e-06,0.0012297583743929863,0.0012297875946387649,7e267c0bf303542b
2,day2_n8_softmax_seed42,42,49,3,False,False,True,0.6062,0.0,-1.8600906,-0.25133726,-1.2035545296384953e-05,0.0012538735754787922,0.001253931550309062,7e267c0bf303542b
2,day2_n8_softmax_seed42,42,49,4,False,False,True,0.5718,0.0,1.6150383,4.8330603,-8.61036005517235e-06,0.0012707114219665527,0.0012707406422123313,7e267c0bf303542b
2,day2_n8_softmax_seed42,42,49,5,False,False,True,0.5912,0.0,0.23967002,-0.23119532,-8.140360478137154e-06,0.001229674555361271,0.0012297015637159348,7e267c0bf303542b
2,day2_n8_softmax_seed42,42,49,6,False,False,True,0.574,0.0,-2.4799626,-0.75040513,-9.411452083440963e-06,0.0012507730862125754,0.0012508085928857327,7e267c0bf303542b
2,day2_n8_softmax_seed42,42,49,7,False,False,True,0.6052,0.0,-1.0476872,-0.40639842,-9.291778951592278e-06,0.0012297033099457622,0.001229738467372954,7e267c0bf303542b
2,day2_n8_softmax_seed42,42,50,0,False,False,True,0.5876,0.0,-1.0465403,-1.0353199,-8.946852176450193e-06,0.001245290506631136,0.0012453226372599602,7e267c0bf303542b
2,day2_n8_softmax_seed42,42,50,1,False,False,True,0.5842,0.0,-0.5937692,-0.6709501,-1.1710807484632824e-05,0.0012124346103519201,0.001212491188198328,7e267c0bf303542b
2,day2_n8_softmax_seed42,42,50,2,False,False,True,0.5854,0.0,-0.73319113,-1.7863168,-1.0471351743035484e-05,0.0012339327950030565,0.0012339771492406726,7e267c0bf303542b
2,day2_n8_softmax_seed42,42,50,3,False,False,True,0.5678,0.0,-1.1891358,5.0007954,-7.409643330902327e-06,0.0012791953049600124,0.0012792167253792286,7e267c0bf303542b
2,day2_n8_softmax_seed42,42,50,4,False,False,True,0.597,0.0,-0.7291544,-1.2875733,-8.569199962948915e-06,0.0012163205537945032,0.0012163507053628564,7e267c0bf303542b
2,day2_n8_softmax_seed42,42,50,5,False,False,True,0.591,0.0,-0.7017559,-0.48659918,-8.121978680719621e-06,0.0012083863839507103,0.0012084137415513396,7e267c0bf303542b
2,day2_n8_softmax_seed42,42,50,6,False,False,True,0.5788,0.0,5.859558,0.31298855,-7.423491751978872e-06,0.0014252201654016972,0.0014252394903451204,7e267c0bf303542b
2,day2_n8_softmax_seed42,42,50,7,False,False,True,0.5994,0.0,-0.86601627,-0.047027014,-9.605619197827764e-06,0.0011969499755650759,0.0011969886254519224,7e267c0bf303542b
2,day2_n8_softmax_seed42,42,51,0,False,False,True,0.5916,0.0,-0.5600667,0.39518258,-1.1049657587136608e-05,0.0012392997741699219,0.0012393489014357328,7e267c0bf303542b
2,day2_n8_softmax_seed42,42,51,1,False,False,True,0.5958,0.0,0.5134206,3.0097952,-8.873711522028316e-06,0.0012765350984409451,0.0012765659485012293,7e267c0bf303542b
2,day2_n8_softmax_seed42,42,51,2,False,False,True,0.576,0.0,0.40017322,0.4199012,-7.875041774241254e-06,0.0012514974223449826,0.0012515222188085318,7e267c0bf303542b
2,day2_n8_softmax_seed42,42,51,3,False,False,True,0.5834,0.0,1.5394862,0.27374735,-7.676314453419764e-06,0.0012740727979689837,0.0012740959646180272,7e267c0bf303542b
2,day2_n8_softmax_seed42,42,51,4,False,False,True,0.5888,0.0,0.6030487,0.82995886,-1.1115368579339702e-05,0.0012256377376616001,0.0012256881454959512,7e267c0bf303542b
2,day2_n8_softmax_seed42,42,51,5,False,False,True,0.6034,0.0,0.6136171,1.0105621,-7.486681170121301e-06,0.0012528784573078156,0.0012529008090496063,7e267c0bf303542b
2,day2_n8_softmax_seed42,42,51,6,False,False,True,0.593,0.0,2.2941852,-4.5632777,-1.2411543139023706e-05,0.001314421882852912,0.0013144805561751127,7e267c0bf303542b
2,day2_n8_softmax_seed42,42,51,7,False,False,True,0.587,0.0,-5.4038615,-1.3758618,-1.2116377547499724e-05,0.001374207204207778,0.0013742607552558184,7e267c0bf303542b
2,day2_n8_softmax_seed42,42,52,0,False,False,True,0.6056,0.0,-1.0013052,-0.7343029,-6.7525479607866146e-06,0.001268333406187594,0.0012683513341471553,7e267c0bf303542b
2,day2_n8_softmax_seed42,42,52,1,False,False,True,0.5914,0.0,-1.0132738,-2.9693737,-7.51021161704557e-06,0.001261174795217812,0.0012611971469596028,7e267c0bf303542b
2,day2_n8_softmax_seed42,42,52,2,False,False,True,0.5366,0.0,-1.4421666,4.2641544,-8.294992767332587e-06,0.0012712174793705344,0.00127124460414052,7e267c0bf303542b
2,day2_n8_softmax_seed42,42,52,3,False,False,True,0.5972,0.0,6.0767865,0.27278683,-1.4291051229520235e-05,0.0014815235044807196,0.0014815924223512411,7e267c0bf303542b
2,day2_n8_softmax_seed42,42,52,4,False,False,True,0.6108,0.0,-0.5864572,0.9820053,-7.84117219154723e-06,0.0012584382202476263,0.0012584627838805318,7e267c0bf303542b
2,day2_n8_softmax_seed42,42,52,5,False,False,True,0.593,0.0,-0.49093363,-0.7500507,-8.97702466318151e-06,0.0012480044970288873,0.0012480367440730333,7e267c0bf303542b
2,day2_n8_softmax_seed42,42,52,6,False,False,True,0.5974,0.0,-0.7071694,0.5113037,-8.472192348563112e-06,0.001240792335011065,0.0012408213224262,7e267c0bf303542b
2,day2_n8_softmax_seed42,42,52,7,False,False,True,0.595,0.0,-0.8354858,-1.5765268,-1.0702653526095673e-05,0.0012493592221289873,0.0012494049733504653,7e267c0bf303542b
2,day2_n8_softmax_seed42,42,53,0,False,False,True,0.5978,0.0,-1.1176314,-2.9675782,-9.430615136807319e-06,0.0012902162270620465,0.0012902508024126291,7e267c0bf303542b
2,day2_n8_softmax_seed42,42,53,1,False,False,True,0.6082,0.0,5.076916,1.2648283,-3.2382608878833707e-06,0.0013113408349454403,0.0013113447930663824,7e267c0bf303542b
2,day2_n8_softmax_seed42,42,53,2,False,False,True,0.5936,0.0,0.03599043,0.054108128,-7.297901902347803e-06,0.0012551607796922326,0.0012551819672808051,7e267c0bf303542b
2,day2_n8_softmax_seed42,42,53,3,False,False,True,0.6064,0.0,-0.15450326,-2.7074769,-9.037505151354708e-06,0.0012871148064732552,0.001287146471440792,7e267c0bf303542b
2,day2_n8_softmax_seed42,42,53,4,False,False,True,0.6102,0.0,-2.3965733,3.73808,-1.0110369657923002e-05,0.0012949432712048292,0.0012949828524142504,7e267c0bf303542b
2,day2_n8_softmax_seed42,42,53,5,False,False,True,0.6044,0.0,-1.3359321,0.85190684,-6.620703061344102e-06,0.001282647019252181,0.0012826641323044896,7e267c0bf303542b
2,day2_n8_softmax_seed42,42,53,6,False,False,True,0.6,0.0,-0.09853923,0.7200755,-9.691637387732044e-06,0.001258418196812272,0.0012584554497152567,7e267c0bf303542b
2,day2_n8_softmax_seed42,42,53,7,False,False,True,0.5594,0.0,-0.0097286785,-0.95394295,-8.178215466614347e-06,0.0012778806267306209,0.001277906820178032,7e267c0bf303542b
2,day2_n8_softmax_seed42,42,54,0,False,False,True,0.6084,0.0,0.050775092,1.7479533,-7.093728072504746e-06,0.0013095495523884892,0.0013095687609165907,7e267c0bf303542b
2,day2_n8_softmax_seed42,42,54,1,False,False,True,0.567,0.0,1.3586968,1.165873,-8.127336514007766e-06,0.0012906905030831695,0.0012907162308692932,7e267c0bf303542b
2,day2_n8_softmax_seed42,42,54,2,False,False,True,0.5988,0.0,1.2754213,0.7637043,-1.0174870112678036e-05,0.001274675945751369,0.0012747165746986866,7e267c0bf303542b
2,day2_n8_softmax_seed42,42,54,3,False,False,True,0.5622,0.0,-0.4088893,0.8671084,-7.876185918576084e-06,0.0013085425598546863,0.0013085661921650171,7e267c0bf303542b
2,day2_n8_softmax_seed42,42,54,4,False,False,True,0.6142,0.0,0.9815513,0.21412183,-9.637098628445528e-06,0.001244375016540289,0.0012444123858585954,7e267c0bf303542b
2,day2_n8_softmax_seed42,42,54,5,False,False,True,0.5996,0.0,1.5272355,-5.2478476,-5.652227628161199e-06,0.0013280007988214493,0.0013280127895995975,7e267c0bf303542b
2,day2_n8_softmax_seed42,42,54,6,False,False,True,0.5868,0.0,-5.487017,-0.8351199,-1.3519745152734686e-05,0.0013567679561674595,0.0013568353606387973,7e267c0bf303542b
2,day2_n8_softmax_seed42,42,54,7,False,False,True,0.5988,0.0,0.7022262,1.3242085,-6.442377525672782e-06,0.0012999731115996838,0.001299989060498774,7e267c0bf303542b
2,day2_n8_softmax_seed42,42,55,0,False,False,True,0.5974,0.0,1.2333301,-3.0472856,-9.462953130423557e-06,0.001319789094850421,0.0013198230881243944,7e267c0bf303542b
2,day2_n8_softmax_seed42,42,55,1,False,False,True,0.595,0.0,0.5993092,2.0947804,-7.298456694115885e-06,0.0013123003300279379,0.0013123207027092576,7e267c0bf303542b
2,day2_n8_softmax_seed42,42,55,2,False,False,True,0.5942,0.0,-5.604355,-0.81991863,-1.3721406503464095e-05,0.001353131840005517,0.0013532013399526477,7e267c0bf303542b
2,day2_n8_softmax_seed42,42,55,3,False,False,True,0.6112,0.0,1.868347,-2.0559335,-1.287727354792878e-05,0.0013175077037885785,0.0013175706844776869,7e267c0bf303542b
2,day2_n8_softmax_seed42,42,55,4,False,False,True,0.6044,0.0,0.23213004,0.18791299,-8.435930794803426e-06,0.0012563662603497505,0.0012563945492729545,7e267c0bf303542b
2,day2_n8_softmax_seed42,42,55,5,False,False,True,0.6204,0.0,0.22968245,-0.49995592,-8.22896163299447e-06,0.0012826704187318683,0.001282696845009923,7e267c0bf303542b
2,day2_n8_softmax_seed42,42,55,6,False,False,True,0.5822,0.0,0.4356619,4.111688,-3.251625912525924e-06,0.0013140181545168161,0.0013140221126377583,7e267c0bf303542b
2,day2_n8_softmax_seed42,42,55,7,False,False,True,0.612,0.0,1.0058966,0.028711677,-9.094347660720814e-06,0.001305944286286831,0.0013059760676696897,7e267c0bf303542b
2,day2_n8_softmax_seed42,42,56,0,False,False,True,0.6148,0.0,5.4966254,-0.24792019,-9.19845660973806e-06,0.0013355148257687688,0.0013355464907363057,7e267c0bf303542b
2,day2_n8_softmax_seed42,42,56,1,False,False,True,0.61,0.0,-1.1039867,-2.9696925,-7.298343007278163e-06,0.0012985882349312305,0.001298608840443194,7e267c0bf303542b
2,day2_n8_softmax_seed42,42,56,2,False,False,True,0.5916,0.0,-1.0732384,-3.3307998,-9.24917094380362e-06,0.001302481396123767,0.0013025141088292003,7e267c0bf303542b
2,day2_n8_softmax_seed42,42,56,3,False,False,True,0.618,0.0,-0.40600643,1.3040568,-8.173347850970458e-06,0.0013038350734859705,0.0013038606848567724,7e267c0bf303542b
2,day2_n8_softmax_seed42,42,56,4,False,False,True,0.5966,0.0,-0.5035175,0.002273747,-8.714058822079096e-06,0.0012683054665103555,0.001268335385248065,7e267c0bf303542b
2,day2_n8_softmax_seed42,42,56,5,False,False,True,0.621,0.0,-0.68116426,0.042308893,-8.840085683914367e-06,0.0012584497453644872,0.0012584807118400931,7e267c0bf303542b
2,day2_n8_softmax_seed42,42,56,6,False,False,True,0.633,0.0,-0.01916573,2.341572,-9.99363237497164e-06,0.0012925660703331232,0.0012926048366352916,7e267c0bf303542b
2,day2_n8_softmax_seed42,42,56,7,False,False,True,0.5932,0.0,-1.7095449,2.8581998,-1.1401958545320667e-05,0.0013027326203882694,0.0013027825625613332,7e267c0bf303542b
2,day2_n8_softmax_seed42,42,57,0,False,False,True,0.595,0.0,-1.0691494,0.6427777,-6.053483048162889e-06,0.0012919805012643337,0.0012919948203489184,7e267c0bf303542b
2,day2_n8_softmax_seed42,42,57,1,False,False,True,0.5786,0.0,2.1261756,-4.556457,-8.552893632440828e-06,0.0013361036544665694,0.001336130895651877,7e267c0bf303542b
2,day2_n8_softmax_seed42,42,57,2,False,False,True,0.5812,0.0,0.3203424,0.9774395,-4.627409452950815e-06,0.0013011303963139653,0.001301138661801815,7e267c0bf303542b
2,day2_n8_softmax_seed42,42,57,3,False,False,True,0.601,0.0,-1.4795076,1.1918808,-8.274630090454593e-06,0.0013006681110709906,0.0013006944209337234,7e267c0bf303542b
2,day2_n8_softmax_seed42,42,57,4,False,False,True,0.6112,0.0,-3.4058375,-2.473431,-7.779724910506047e-06,0.0013255641097202897,0.0013255869271233678,7e267c0bf303542b
2,day2_n8_softmax_seed42,42,57,5,False,False,True,0.6066,0.0,-0.11034529,0.8073661,-6.471998403867474e-06,0.0012812569038942456,0.0012812733184546232,7e267c0bf303542b
2,day2_n8_softmax_seed42,42,57,6,False,False,True,0.5664,0.0,4.2115164,1.1474923,-9.165171832137275e-06,0.0013428544625639915,0.001342885778285563,7e267c0bf303542b
2,day2_n8_softmax_seed42,42,57,7,False,False,True,0.622,0.0,-0.5931967,2.2629313,-5.6090862017299514e-06,0.0013100000796839595,0.0013100121868774295,7e267c0bf303542b
2,day2_n8_softmax_seed42,42,58,0,False,False,True,0.6136,0.0,-0.33282682,-3.081529,-5.908672846999252e-06,0.0013355694245547056,0.001335582579486072,7e267c0bf303542b
2,day2_n8_softmax_seed42,42,58,1,False,False,True,0.589,0.0,0.3134502,-0.95687896,-8.49999560159631e-06,0.0013125250115990639,0.0013125526020303369,7e267c0bf303542b
2,day2_n8_softmax_seed42,42,58,2,False,False,True,0.585,0.0,-0.64253324,-0.5062416,-9.68266340350965e-06,0.0012994057033210993,0.0012994416756555438,7e267c0bf303542b
2,day2_n8_softmax_seed42,42,58,3,False,False,True,0.5936,0.0,-0.37123984,-0.5600445,-9.48422803048743e-06,0.0012906541815027595,0.0012906891060993075,7e267c0bf303542b
2,day2_n8_softmax_seed42,42,58,4,False,False,True,0.5794,0.0,-0.78756744,-0.97667307,-5.46723867955734e-06,0.0013189418241381645,0.0013189531164243817,7e267c0bf303542b
2,day2_n8_softmax_seed42,42,58,5,False,False,True,0.613,0.0,-1.3644791,-0.3827588,-8.056651495280676e-06,0.001305623329244554,0.001305648242123425,7e267c0bf303542b
2,day2_n8_softmax_seed42,42,58,6,False,False,True,0.5788,0.0,-2.337353,4.8663163,-7.99672125140205e-06,0.0013558865757659078,0.0013559100916609168,7e267c0bf303542b
2,day2_n8_softmax_seed42,42,58,7,False,False,True,0.6246,0.0,5.5225487,1.597807,-9.390446393808816e-06,0.0013732828665524721,0.0013733149971812963,7e267c0bf303542b
2,day2_n8_softmax_seed42,42,59,0,False,False,True,0.6362,0.0,-1.6490005,5.8316317,-7.600412118335953e-06,0.00142295949626714,0.0014229797525331378,7e267c0bf303542b
2,day2_n8_softmax_seed42,42,59,1,False,False,True,0.6146,0.0,-0.9097758,-0.45322916,-7.524773991463007e-06,0.0013384175254032016,0.001338438712991774,7e267c0bf303542b
2,day2_n8_softmax_seed42,42,59,2,False,False,True,0.6196,0.0,-0.9800787,-1.5688866,-7.872771675465629e-06,0.0013580007944256067,0.0013580236118286848,7e267c0bf303542b
2,day2_n8_softmax_seed42,42,59,3,False,False,True,0.6226,0.0,-1.0449357,-0.81265604,-1.3622330698126461e-05,0.0013321652077138424,0.001332234707660973,7e267c0bf303542b
2,day2_n8_softmax_seed42,42,59,4,False,False,True,0.5932,0.0,-0.75106895,-1.5817257,-4.436441940924851e-06,0.0013582967221736908,0.001358304056338966,7e267c0bf303542b
2,day2_n8_softmax_seed42,42,59,5,False,False,True,0.6338,0.0,-0.9328143,-0.623492,-1.1453031220298726e-05,0.0013339414726942778,0.0013339907163754106,7e267c0bf303542b
2,day2_n8_softmax_seed42,42,59,6,False,False,True,0.6126,0.0,-0.93865585,-1.3201396,-6.416370979422936e-06,0.0013439784524962306,0.0013439938193187118,7e267c0bf303542b
2,day2_n8_softmax_seed42,42,59,7,False,False,True,0.5698,0.0,7.2063155,0.52849233,-9.03284308151342e-06,0.0016953812446445227,0.001695405226200819,7e267c0bf303542b
2,day2_n8_softmax_seed42,42,60,0,False,False,True,0.6264,0.0,-1.2779468,2.5767953,-8.45687827677466e-06,0.0013775387778878212,0.0013775648549199104,7e267c0bf303542b
2,day2_n8_softmax_seed42,42,60,1,False,False,True,0.6048,0.0,-0.83484375,0.7260464,-6.1181776800367516e-06,0.001363930874504149,0.0013639446115121245,7e267c0bf303542b
2,day2_n8_softmax_seed42,42,60,2,False,False,True,0.5794,0.0,6.4306526,0.6749846,-4.794118012796389e-06,0.0015612517017871141,0.0015612590359523892,7e267c0bf303542b
2,day2_n8_softmax_seed42,42,60,3,False,False,True,0.6112,0.0,-1.5187569,-4.1272335,-8.720121513761114e-06,0.0014070695033296943,0.00140709662809968,7e267c0bf303542b
2,day2_n8_softmax_seed42,42,60,4,False,False,True,0.637,0.0,-0.7100689,1.3032193,-8.71138854563469e-06,0.0013168210862204432,0.0013168499572202563,7e267c0bf303542b
2,day2_n8_softmax_seed42,42,60,5,False,False,True,0.615,0.0,-1.7913897,1.7003298,-1.0881124580919277e-05,0.0013925798702985048,0.0013926223618909717,7e267c0bf303542b
2,day2_n8_softmax_seed42,42,60,6,False,False,True,0.6232,0.0,-0.87547165,0.74949175,-7.286080290214159e-06,0.0012879689456894994,0.0012879895512014627,7e267c0bf303542b
2,day2_n8_softmax_seed42,42,60,7,False,False,True,0.5822,0.0,0.5778124,-3.6036305,-5.403708655649098e-06,0.0014187719207257032,0.0014187822816893458,7e267c0bf303542b
2,day2_n8_softmax_seed42,42,61,0,False,False,True,0.5218,0.0,-6.3585353,-0.21165079,-3.844828825094737e-06,0.0015074665425345302,0.001507471315562725,7e267c0bf303542b
2,day2_n8_softmax_seed42,42,61,1,False,False,True,0.5456,0.0,1.4999257,-4.4237943,-6.2970111684990115e-06,0.001368614612147212,0.0013686290476471186,7e267c0bf303542b
2,day2_n8_softmax_seed42,42,61,2,False,False,True,0.6108,0.0,1.0868845,-0.7454412,-9.79997366812313e-06,0.0013467752141878009,0.00134681083727628,7e267c0bf303542b
2,day2_n8_softmax_seed42,42,61,3,False,False,True,0.6482,0.0,0.6493131,-0.53666306,-6.346659574774094e-06,0.0013687638565897942,0.0013687786413356662,7e267c0bf303542b
2,day2_n8_softmax_seed42,42,61,4,False,False,True,0.6134,0.0,0.10504994,-0.43551335,-9.92075183603447e-06,0.0013312386581674218,0.0013312756782397628,7e267c0bf303542b
2,day2_n8_softmax_seed42,42,61,5,False,False,True,0.6304,0.0,0.44280827,3.5567083,-1.1113410437246785e-05,0.0013717816909775138,0.0013718268601223826,7e267c0bf303542b
2,day2_n8_softmax_seed42,42,61,6,False,False,True,0.6404,0.0,1.8141667,2.650214,-8.733475624467246e-06,0.001381625304929912,0.001381653011776507,7e267c0bf303542b
2,day2_n8_softmax_seed42,42,61,7,False,False,True,0.6204,0.0,0.7603893,0.1461453,-8.44496662466554e-06,0.0013713935622945428,0.001371419639326632,7e267c0bf303542b
2,day2_n8_softmax_seed42,42,62,0,False,False,True,0.6356,0.0,-0.33672965,-2.375394,-7.455815648427233e-06,0.0013769350480288267,0.0013769553042948246,7e267c0bf303542b
2,day2_n8_softmax_seed42,42,62,1,False,False,True,0.527,0.0,6.2478614,1.9488591,-8.25670940685086e-06,0.0015593045391142368,0.0015593264251947403,7e267c0bf303542b
2,day2_n8_softmax_seed42,42,62,2,False,False,True,0.6392,0.0,-0.519367,-0.8598063,-9.143302122538444e-06,0.0012989736860617995,0.0012990059331059456,7e267c0bf303542b
2,day2_n8_softmax_seed42,42,62,3,False,False,True,0.5648,0.0,-2.8001776,5.4144826,-3.904226559825474e-06,0.0014671181561425328,0.0014671232784166932,7e267c0bf303542b
2,day2_n8_softmax_seed42,42,62,4,False,False,True,0.614,0.0,-0.47695032,-1.2131362,-8.759428055782337e-06,0.0013426711084321141,0.0013426997466012836,7e267c0bf303542b
2,day2_n8_softmax_seed42,42,62,5,False,False,True,0.6354,0.0,-0.39879847,-0.7944723,-1.1182580237800721e-05,0.0013574251206591725,0.0013574711047112942,7e267c0bf303542b
2,day2_n8_softmax_seed42,42,62,6,False,False,True,0.6086,0.0,-1.8821025,-0.58388543,-5.762092314398615e-06,0.0013943028170615435,0.0013943146914243698,7e267c0bf303542b
2,day2_n8_softmax_seed42,42,62,7,False,False,True,0.6106,0.0,0.16626175,-1.5366542,-7.961985829751939e-06,0.0013809842057526112,0.001381007139571011,7e267c0bf303542b
2,day2_n8_softmax_seed42,42,63,0,False,False,True,0.5766,0.0,-0.08126032,-2.7644043,-4.231745606375625e-06,0.0014076200313866138,0.0014076264342293143,7e267c0bf303542b
2,day2_n8_softmax_seed42,42,63,1,False,False,True,0.6262,0.0,-5.247092,3.5331686,-6.926843070687028e-06,0.001469510025344789,0.0014695263234898448,7e267c0bf303542b
2,day2_n8_softmax_seed42,42,63,2,False,False,True,0.6206,0.0,0.3668037,-0.21194634,-8.461760444333777e-06,0.001353520667180419,0.0013535472098737955,7e267c0bf303542b
2,day2_n8_softmax_seed42,42,63,3,False,False,True,0.6314,0.0,-0.05099447,-1.4807489,-4.71655448563979e-06,0.001405575079843402,0.001405583112500608,7e267c0bf303542b
2,day2_n8_softmax_seed42,42,63,4,False,False,True,0.632,0.0,0.19650337,-1.0254067,-6.5755853029259015e-06,0.0013714804081246257,0.0013714961241930723,7e267c0bf303542b
2,day2_n8_softmax_seed42,42,63,5,False,False,True,0.633,0.0,-0.1173035,-1.1893461,-6.307665898930281e-06,0.0013777283020317554,0.001377742737531662,7e267c0bf303542b
2,day2_n8_softmax_seed42,42,63,6,False,False,True,0.6356,0.0,0.56603277,-1.2287536,-6.646855126746232e-06,0.0013843318447470665,0.0013843480264768004,7e267c0bf303542b
2,day2_n8_softmax_seed42,42,63,7,False,False,True,0.5384,0.0,4.3673162,4.3674307,-6.379070782713825e-06,0.0014704203931614757,0.001470434246584773,7e267c0bf303542b
2,day2_n8_softmax_seed42,42,64,0,False,False,True,0.5886,0.0,1.1975105,2.7671826,-6.662810392299434e-06,0.001411538920365274,0.0014115547528490424,7e267c0bf303542b
2,day2_n8_softmax_seed42,42,64,1,False,False,True,0.6612,0.0,1.1323625,0.20547165,-7.66345237934729e-06,0.0013947120169177651,0.0013947330880910158,7e267c0bf303542b
2,day2_n8_softmax_seed42,42,64,2,False,False,True,0.6266,0.0,1.0012317,0.42934448,-9.505425623501651e-06,0.0013506546383723617,0.001350688049569726,7e267c0bf303542b
2,day2_n8_softmax_seed42,42,64,3,False,False,True,0.587,0.0,0.8896733,2.4283006,-3.949591246055206e-06,0.0013989850413054228,0.0013989906292408705,7e267c0bf303542b
2,day2_n8_softmax_seed42,42,64,4,False,False,True,0.6018,0.0,-6.680564,-0.35991618,-4.082573923369637e-06,0.001549095381051302,0.001549100736156106,7e267c0bf303542b
2,day2_n8_softmax_seed42,42,64,5,False,False,True,0.6074,0.0,0.72263366,-0.6482845,-7.2357020144409034e-06,0.0013652181951329112,0.0013652374036610126,7e267c0bf303542b
2,day2_n8_softmax_seed42,42,64,6,False,False,True,0.6474,0.0,1.5120306,-5.4293485,-5.923073331359774e-06,0.0014312027487903833,0.001431215088814497,7e267c0bf303542b
2,day2_n8_softmax_seed42,42,64,7,False,False,True,0.6552,0.0,0.2251269,0.6072478,-9.149365723715164e-06,0.001397052314132452,0.0013970822328701615,7e267c0bf303542b
2,day2_n8_softmax_seed42,42,65,0,False,False,True,0.6012,0.0,1.815796,5.1556387,-4.7826683839957695e-06,0.001421018852852285,0.0014210267690941691,7e267c0bf303542b
2,day2_n8_softmax_seed42,42,65,1,False,False,True,0.6532,0.0,1.4855828,-0.28318346,-7.947690392029472e-06,0.0013841635081917048,0.0013841864420101047,7e267c0bf303542b
2,day2_n8_softmax_seed42,42,65,2,False,False,True,0.6052,0.0,-5.603757,0.6309588,-8.368087947019376e-06,0.0014530312037095428,0.001453055301681161,7e267c0bf303542b
2,day2_n8_softmax_seed42,42,65,3,False,False,True,0.6058,0.0,2.5695326,-0.66410506,-9.213949851982761e-06,0.001423714915290475,0.0014237448340281844,7e267c0bf303542b
2,day2_n8_softmax_seed42,42,65,4,False,False,True,0.6296,0.0,0.25982234,-1.1492836,-4.636427547666244e-06,0.001402751775458455,0.0014027594588696957,7e267c0bf303542b
2,day2_n8_softmax_seed42,42,65,5,False,False,True,0.6478,0.0,-1.226678,-0.0673868,-7.1495114752906375e-06,0.0014160019345581532,0.0014160198625177145,7e267c0bf303542b
2,day2_n8_softmax_seed42,42,65,6,False,False,True,0.6464,0.0,-0.19034988,0.23918682,-9.22901563171763e-06,0.001381689915433526,0.0013817207654938102,7e267c0bf303542b
2,day2_n8_softmax_seed42,42,65,7,False,False,True,0.61,0.0,0.890055,-3.8618238,-8.329546290042344e-06,0.001414964790455997,0.0014149892376735806,7e267c0bf303542b
2,day2_n8_softmax_seed42,42,66,0,False,False,True,0.6432,0.0,0.48092628,-3.7628458,-7.535570148320403e-06,0.00140114885289222,0.001401168992742896,7e267c0bf303542b
2,day2_n8_softmax_seed42,42,66,1,False,False,True,0.6404,0.0,-1.9761318,4.3131967,-7.215400728455279e-06,0.0013950738357380033,0.0013950925786048174,7e267c0bf303542b
2,day2_n8_softmax_seed42,42,66,2,False,False,True,0.6326,0.0,-0.6507553,0.6520615,-1.0648999705153983e-05,0.0013917498290538788,0.0013917905744165182,7e267c0bf303542b
2,day2_n8_softmax_seed42,42,66,3,False,False,True,0.5632,0.0,5.8350697,1.6533331,-1.0080401807499584e-05,0.0014198912540450692,0.001419927109964192,7e267c0bf303542b
2,day2_n8_softmax_seed42,42,66,4,False,False,True,0.6534,0.0,-1.5815558,0.8933343,-8.482300472678617e-06,0.0013814090052619576,0.001381434965878725,7e267c0bf303542b
2,day2_n8_softmax_seed42,42,66,5,False,False,True,0.6294,0.0,-0.2521042,-0.79576606,-9.814441000344232e-06,0.0013415268622338772,0.0013415627181529999,7e267c0bf303542b
2,day2_n8_softmax_seed42,42,66,6,False,False,True,0.6548,0.0,-1.2613239,-0.850912,-1.1166228432557546e-05,0.0013844025088474154,0.0013844474451616406,7e267c0bf303542b
2,day2_n8_softmax_seed42,42,66,7,False,False,True,0.6382,0.0,-0.59412545,-2.102398,-8.154673196258955e-06,0.0013873400166630745,0.0013873639982193708,7e267c0bf303542b
2,day2_n8_softmax_seed42,42,67,0,False,False,True,0.6676,0.0,-0.22974598,5.7176332,-3.963619690239284e-07,0.0014387377304956317,0.0014387378469109535,7e267c0bf303542b
2,day2_n8_softmax_seed42,42,67,1,False,False,True,0.6552,0.0,-0.4151772,-0.032063924,-6.459601081587607e-06,0.001381130889058113,0.0013811460230499506,7e267c0bf303542b
2,day2_n8_softmax_seed42,42,67,2,False,False,True,0.6572,0.0,-0.6695048,0.2462738,-8.083319698926061e-06,0.0013720665592700243,0.0013720901915803552,7e267c0bf303542b
2,day2_n8_softmax_seed42,42,67,3,False,False,True,0.6352,0.0,-1.3641635,-0.15424314,-8.427151442447212e-06,0.001393678947351873,0.001393704442307353,7e267c0bf303542b
2,day2_n8_softmax_seed42,42,67,4,False,False,True,0.6362,0.0,-0.6908582,-0.07041611,-7.262149665621109e-06,0.0013636625371873379,0.0013636818621307611,7e267c0bf303542b
2,day2_n8_softmax_seed42,42,67,5,False,False,True,0.6206,0.0,-0.8365691,-2.5137422,-6.043773282726761e-06,0.0014343650545924902,0.0014343778602778912,7e267c0bf303542b
2,day2_n8_softmax_seed42,42,67,6,False,False,True,0.611,0.0,-2.094169,-2.2899284,-8.971732313511893e-06,0.0014260546304285526,0.0014260829193517566,7e267c0bf303542b
2,day2_n8_softmax_seed42,42,67,7,False,False,True,0.6286,0.0,6.3001804,-0.9035143,-4.971998805558542e-06,0.0014808368869125843,0.0014808452688157558,7e267c0bf303542b
2,day2_n8_softmax_seed42,42,68,0,False,False,True,0.6006,0.0,-8.214285,0.74972624,-8.989263733383268e-06,0.0019105017418041825,0.0019105228129774332,7e267c0bf303542b
2,day2_n8_softmax_seed42,42,68,1,False,False,True,0.4352,0.0,2.0915728,6.615453,8.694542543707939e-07,0.0015885287430137396,0.0015885289758443832,7e267c0bf303542b
2,day2_n8_softmax_seed42,42,68,2,False,False,True,0.6342,0.0,0.7823256,-0.7157187,-7.131201073207194e-06,0.0013799822190776467,0.0013800006126984954,7e267c0bf303542b
2,day2_n8_softmax_seed42,42,68,3,False,False,True,0.6434,0.0,1.0612998,-1.6313927,-1.0535507499298546e-05,0.0014610204380005598,0.0014610582729801536,7e267c0bf303542b
2,day2_n8_softmax_seed42,42,68,4,False,False,True,0.6322,0.0,1.1721627,-1.4608341,-8.444942977803294e-06,0.0014236625283956528,0.0014236876741051674,7e267c0bf303542b
2,day2_n8_softmax_seed42,42,68,5,False,False,True,0.6514,0.0,1.1788733,-1.142432,-9.242608939530328e-06,0.0013909842818975449,0.0013910150155425072,7e267c0bf303542b
2,day2_n8_softmax_seed42,42,68,6,False,False,True,0.6628,0.0,0.963398,-1.3243477,-8.069563591561746e-06,0.0013897087192162871,0.0013897321186959743,7e267c0bf303542b
2,day2_n8_softmax_seed42,42,68,7,False,False,True,0.6498,0.0,0.9646568,-1.090461,-1.1194316357432399e-05,0.001372053287923336,0.0013720988063141704,7e267c0bf303542b
2,day2_n8_softmax_seed42,42,69,0,False,False,True,0.6694,0.0,-2.037287,0.29750758,-5.87370641369489e-06,0.0014291878324002028,0.0014291999395936728,7e267c0bf303542b
2,day2_n8_softmax_seed42,42,69,1,False,False,True,0.6304,0.0,-1.4175751,-1.4717761,-5.630771738651674e-06,0.0014839066425338387,0.0014839173527434468,7e267c0bf303542b
2,day2_n8_softmax_seed42,42,69,2,False,False,True,0.6642,0.0,-0.6575896,-1.3621869,-5.456859071273357e-06,0.0014016373315826058,0.001401647925376892,7e267c0bf303542b
2,day2_n8_softmax_seed42,42,69,3,False,False,True,0.6344,0.0,-1.3311017,6.275103,-8.541665920347441e-06,0.0015459094429388642,0.001545933075249195,7e267c0bf303542b
2,day2_n8_softmax_seed42,42,69,4,False,False,True,0.529,0.0,7.235351,0.6939869,-5.988988505123416e-06,0.0017023328691720963,0.0017023433465510607,7e267c0bf303542b
2,day2_n8_softmax_seed42,42,69,5,False,False,True,0.6608,0.0,0.017838148,-1.330595,-6.977853900025366e-06,0.0014645844930782914,0.0014646011404693127,7e267c0bf303542b
2,day2_n8_softmax_seed42,42,69,6,False,False,True,0.6196,0.0,-0.12377079,-2.7209246,-7.131360689527355e-06,0.0014809678541496396,0.00148098508361727,7e267c0bf303542b
2,day2_n8_softmax_seed42,42,69,7,False,False,True,0.619,0.0,-1.6858717,-0.38111842,-5.165471065993188e-06,0.001436099293641746,0.0014361084904521704,7e267c0bf303542b
2,day2_n8_softmax_seed42,42,70,0,False,False,True,0.6274,0.0,-1.4152277,-0.18592659,-7.728096534265205e-06,0.0014585088938474655,0.0014585292665287852,7e267c0bf303542b
2,day2_n8_softmax_seed42,42,70,1,False,False,True,0.5828,0.0,-2.1628811,0.87516,-8.194616384571418e-06,0.0014561436837539077,0.0014561667339876294,7e267c0bf303542b
2,day2_n8_softmax_seed42,42,70,2,False,False,True,0.6492,0.0,-1.546146,1.3878437,-5.866921583219664e-06,0.001458622980862856,0.0014586348552256823,7e267c0bf303542b
2,day2_n8_softmax_seed42,42,70,3,False,False,True,0.6584,0.0,-0.13480116,-0.25599274,-4.653053110814653e-06,0.0014128913171589375,0.0014128988841548562,7e267c0bf303542b
2,day2_n8_softmax_seed42,42,70,4,False,False,True,0.611,0.0,-0.9398866,-4.488872,-5.985647476336453e-06,0.0014847756829112768,0.001484787673689425,7e267c0bf303542b
2,day2_n8_softmax_seed42,42,70,5,False,False,True,0.5956,0.0,6.1508474,-1.0785295,-6.26862129138317e-06,0.0015012234216555953,0.00150123646017164,7e267c0bf303542b
2,day2_n8_softmax_seed42,42,70,6,False,False,True,0.6308,0.0,1.0747163,4.7597885,-4.987795364286285e-06,0.0014783850638195872,0.0014783935621380806,7e267c0bf303542b
2,day2_n8_softmax_seed42,42,70,7,False,False,True,0.5866,0.0,-1.0266238,-1.0134748,-6.9378102125483565e-06,0.0014578750124201179,0.0014578914269804955,7e267c0bf303542b
2,day2_n8_softmax_seed42,42,71,0,False,False,True,0.6624,0.0,2.128094,-2.751799,-5.822366802021861e-06,0.0014536227099597454,0.00145363446790725,7e267c0bf303542b
2,day2_n8_softmax_seed42,42,71,1,False,False,True,0.6346,0.0,1.6987461,-2.7970479,-5.980850346531952e-06,0.0014512218767777085,0.0014512341003865004,7e267c0bf303542b
2,day2_n8_softmax_seed42,42,71,2,False,False,True,0.6346,0.0,0.59812826,-0.06024044,-5.683290964952903e-06,0.0013761869631707668,0.0013761987211182714,7e267c0bf303542b
2,day2_n8_softmax_seed42,42,71,3,False,False,True,0.6358,0.0,-6.143095,-0.7086217,-8.870345482137054e-06,0.0014826474944129586,0.0014826740371063352,7e267c0bf303542b
2,day2_n8_softmax_seed42,42,71,4,False,False,True,0.6232,0.0,0.5380951,-0.14308737,-8.510048246535007e-06,0.0014100491534918547,0.0014100748812779784,7e267c0bf303542b
2,day2_n8_softmax_seed42,42,71,5,False,False,True,0.6468,0.0,0.81722367,0.51887727,-9.88798274192959e-06,0.0014470723690465093,0.001447106245905161,7e267c0bf303542b
2,day2_n8_softmax_seed42,42,71,6,False,False,True,0.6056,0.0,1.145033,5.4955444,-1.062959199771285e-05,0.001452698023058474,0.0014527367893606424,7e267c0bf303542b
2,day2_n8_softmax_seed42,42,71,7,False,False,True,0.6478,0.0,-0.7822222,0.44638032,-8.375947800232098e-06,0.0014236962888389826,0.00142372096888721,7e267c0bf303542b
2,day2_n8_softmax_seed42,42,72,0,False,False,True,0.6586,0.0,6.473825,1.2322502,-3.990122422692366e-06,0.0015498469583690166,0.0015498521970584989,7e267c0bf303542b
2,day2_n8_softmax_seed42,42,72,1,False,False,True,0.6176,0.0,-0.1731276,-1.3687896,-4.1949242586269975e-06,0.0014600781723856926,0.0014600842259824276,7e267c0bf303542b
2,day2_n8_softmax_seed42,42,72,2,False,False,True,0.6508,0.0,-0.13268405,-0.15426846,-4.427592557476601e-06,0.0014059955719858408,0.0014060025569051504,7e267c0bf303542b
2,day2_n8_softmax_seed42,42,72,3,False,False,True,0.666,0.0,-1.6004014,-0.68041193,-8.20488185127033e-06,0.0014401113148778677,0.001440134714357555,7e267c0bf303542b
2,day2_n8_softmax_seed42,42,72,4,False,False,True,0.6424,0.0,-1.4128599,-2.1202202,-5.321016942616552e-06,0.0014534011716023088,0.001453411066904664,7e267c0bf303542b
2,day2_n8_softmax_seed42,42,72,5,False,False,True,0.581,0.0,-2.2964613,6.039027,-4.790703769685933e-06,0.0014981090789660811,0.0014981167623773217,7e267c0bf303542b
2,day2_n8_softmax_seed42,42,72,6,False,False,True,0.641,0.0,0.20841743,-1.2509822,-6.890149052196648e-06,0.0014655918348580599,0.0014656081330031157,7e267c0bf303542b
2,day2_n8_softmax_seed42,42,72,7,False,False,True,0.6412,0.0,-1.0667099,-1.6966141,-5.587161922449013e-06,0.0014316004235297441,0.001431611250154674,7e267c0bf303542b
2,day2_n8_softmax_seed42,42,73,0,False,False,True,0.6504,0.0,-0.767375,3.8138902,-7.733907295914833e-06,0.0015366029692813754,0.0015366224106401205,7e267c0bf303542b
2,day2_n8_softmax_seed42,42,73,1,False,False,True,0.6714,0.0,0.17957853,0.3315817,-4.531434115051525e-06,0.0014405065448954701,0.0014405136462301016,7e267c0bf303542b
2,day2_n8_softmax_seed42,42,73,2,False,False,True,0.6268,0.0,-4.953984,-4.746059,-7.213199296529638e-06,0.001594947767443955,0.0015949639491736889,7e267c0bf303542b
2,day2_n8_softmax_seed42,42,73,3,False,False,True,0.6498,0.0,-0.009194334,1.5815837,-8.296245141536929e-06,0.001472732750698924,0.001472756266593933,7e267c0bf303542b
2,day2_n8_softmax_seed42,42,73,4,False,False,True,0.6402,0.0,-0.7399148,1.122153,-7.03107889421517e-06,0.0014788785483688116,0.0014788951957598329,7e267c0bf303542b
2,day2_n8_softmax_seed42,42,73,5,False,False,True,0.6428,0.0,0.6940299,0.506376,-6.919771749380743e-06,0.001466594636440277,0.0014666110510006547,7e267c0bf303542b
2,day2_n8_softmax_seed42,42,73,6,False,False,True,0.6528,0.0,-0.22273219,0.82170206,-6.771382231818279e-06,0.0014620271977037191,0.0014620429137721658,7e267c0bf303542b
2,day2_n8_softmax_seed42,42,73,7,False,False,True,0.6196,0.0,5.81959,-3.4312272,-4.887524482910521e-06,0.001613656640984118,0.001613664091564715,7e267c0bf303542b
2,day2_n8_softmax_seed42,42,74,0,False,False,True,0.6182,0.0,2.410067,-0.3925796,-8.242340300057549e-06,0.0015064042527228594,0.001506426720879972,7e267c0bf303542b
2,day2_n8_softmax_seed42,42,74,1,False,False,True,0.5838,0.0,3.0954456,-4.998246,-9.85800852504326e-06,0.0015964320627972484,0.0015964624471962452,7e267c0bf303542b
2,day2_n8_softmax_seed42,42,74,2,False,False,True,0.6018,0.0,2.31186,-0.13242543,-6.656383447989356e-06,0.0015266365371644497,0.001526651089079678,7e267c0bf303542b
2,day2_n8_softmax_seed42,42,74,3,False,False,True,0.6552,0.0,2.517992,-0.10356294,-7.321057637454942e-06,0.0014941402478143573,0.0014941580593585968,7e267c0bf303542b
2,day2_n8_softmax_seed42,42,74,4,False,False,True,0.5312,0.0,-18.248402,-0.08638815,-1.5199183508229908e-05,0.004246347583830357,0.0042463745921850204,7e267c0bf303542b
2,day2_n8_softmax_seed42,42,74,5,False,False,True,0.6408,0.0,2.4285476,-0.07792281,-7.169270702434005e-06,0.0014786579413339496,0.0014786752872169018,7e267c0bf303542b
2,day2_n8_softmax_seed42,42,74,6,False,False,True,0.619,0.0,2.6895685,5.582072,-6.778531769668916e-06,0.0015982688637450337,0.0015982832992449403,7e267c0bf303542b
2,day2_n8_softmax_seed42,42,74,7,False,False,True,0.6482,0.0,2.7950249,0.20905037,-8.224513294408098e-06,0.0014853887259960175,0.0014854115433990955,7e267c0bf303542b
2,day2_n8_softmax_seed42,42,75,0,False,False,True,0.6244,0.0,-0.7865408,-0.5238237,-5.413002327259164e-06,0.0014689203817397356,0.0014689303934574127,7e267c0bf303542b
2,day2_n8_softmax_seed42,42,75,1,False,False,True,0.4774,0.0,8.41469,-0.5132933,-2.1163109522603918e-06,0.0019524011295288801,0.0019524022936820984,7e267c0bf303542b
2,day2_n8_softmax_seed42,42,75,2,False,False,True,0.6414,0.0,-1.2726572,5.516654,-7.537669262092095e-06,0.001731674070470035,0.0017316906014457345,7e267c0bf303542b
2,day2_n8_softmax_seed42,42,75,3,False,False,True,0.6708,0.0,-0.8610193,-0.80607265,-2.2900117073731963e-06,0.0015049126232042909,0.00150491448584944,7e267c0bf303542b
2,day2_n8_softmax_seed42,42,75,4,False,False,True,0.4336,0.0,-1.4960663,-1.77923,-3.3309713671769714e-06,0.0016666313167661428,0.0016666348092257977,7e267c0bf303542b
2,day2_n8_softmax_seed42,42,75,5,False,False,True,0.6276,0.0,-0.7194355,-1.0251882,-2.0030101950396784e-06,0.0015144189819693565,0.0015144202625378966,7e267c0bf303542b
2,day2_n8_softmax_seed42,42,75,6,False,False,True,0.5502,0.0,-2.290956,-4.586478,-6.04006891080644e-06,0.0017502278788015246,0.001750238356180489,7e267c0bf303542b
2,day2_n8_softmax_seed42,42,75,7,False,False,True,0.6372,0.0,-0.98800737,3.7174315,-9.943722034222446e-06,0.0016963430680334568,0.0016963721718639135,7e267c0bf303542b
2,day2_n8_softmax_seed42,42,76,0,False,False,True,0.556,0.0,2.514312,-1.866735,-7.299178832909092e-06,0.0016545542748644948,0.001654570223763585,7e267c0bf303542b
2,day2_n8_softmax_seed42,42,76,1,False,False,True,0.6482,0.0,2.252531,-1.8196398,-5.236957804299891e-06,0.0015737481880933046,0.0015737568028271198,7e267c0bf303542b
2,day2_n8_softmax_seed42,42,76,2,False,False,True,0.5634,0.0,2.8646944,-1.6304609,-4.8841029638424516e-06,0.0018169995164498687,0.001817006035707891,7e267c0bf303542b
2,day2_n8_softmax_seed42,42,76,3,False,False,True,0.5358,0.0,-26.02317,1.4594543,-7.533637017331785e-06,0.0059717390686273575,0.0059717437252402306,7e267c0bf303542b
2,day2_n8_softmax_seed42,42,76,4,False,False,True,0.5874,0.0,7.2437043,10.504639,-1.5668860214645974e-05,0.002660406520590186,0.0026604526210576296,7e267c0bf303542b
2,day2_n8_softmax_seed42,42,76,5,False,False,True,0.6448,0.0,3.8538873,-2.0205421,-6.599102107429644e-06,0.0016147991409525275,0.0016148125287145376,7e267c0bf303542b
2,day2_n8_softmax_seed42,42,76,6,False,False,True,0.6442,0.0,3.675437,-2.1088367,-5.077501555206254e-06,0.0015683555975556374,0.001568363863043487,7e267c0bf303542b
2,day2_n8_softmax_seed42,42,76,7,False,False,True,0.63,0.0,3.6187582,-2.5179648,-2.4427827156614512e-06,0.0017152528744190931,0.0017152546206489205,7e267c0bf303542b
2,day2_n8_softmax_seed42,42,77,0,False,False,True,0.6136,0.0,-1.5093886,1.0686511,-3.2204980016103946e-06,0.001628699479624629,0.0016287027392536402,7e267c0bf303542b
2,day2_n8_softmax_seed42,42,77,1,False,False,True,0.6472,0.0,-0.8804956,-1.7953671,-6.282116373768076e-06,0.0014834725297987461,0.0014834858011454344,7e267c0bf303542b
2,day2_n8_softmax_seed42,42,77,2,False,False,True,0.6054,0.0,-0.634298,-1.1124471,-5.163864443602506e-06,0.0014687433140352368,0.0014687523944303393,7e267c0bf303542b
2,day2_n8_softmax_seed42,42,77,3,False,False,True,0.648,0.0,7.7277875,0.9166703,-7.231265044538304e-06,0.001780798309482634,0.0017808129778131843,7e267c0bf303542b
2,day2_n8_softmax_seed42,42,77,4,False,False,True,0.6372,0.0,-1.1054523,-0.5609419,-5.903121746086981e-06,0.0015196261228993535,0.0015196375316008925,7e267c0bf303542b
2,day2_n8_softmax_seed42,42,77,5,False,False,True,0.6364,0.0,-1.9446225,6.542501,-1.186198915092973e-05,0.0016994430916383862,0.0016994844190776348,7e267c0bf303542b
2,day2_n8_softmax_seed42,42,77,6,False,False,True,0.6638,0.0,-0.6459729,-2.0796459,-7.733647180430125e-06,0.0015066085616126657,0.001506628468632698,7e267c0bf303542b
2,day2_n8_softmax_seed42,42,77,7,False,False,True,0.6446,0.0,-1.0075551,-2.9794297,-4.935316610499285e-06,0.0015593391144648194,0.0015593469142913818,7e267c0bf303542b
2,day2_n8_softmax_seed42,42,78,0,False,False,True,0.6718,0.0,0.2944617,-0.84592324,-3.4781257909344276e-06,0.001534127164632082,0.0015341310063377023,7e267c0bf303542b
2,day2_n8_softmax_seed42,42,78,1,False,False,True,0.6226,0.0,4.0256467,5.8577847,-7.936923793749884e-06,0.0016455412842333317,0.0016455604927614331,7e267c0bf303542b
2,day2_n8_softmax_seed42,42,78,2,False,False,True,0.6284,0.0,1.0908744,-0.8213602,-5.2601944844354875e-06,0.0014408640563488007,0.0014408737188205123,7e267c0bf303542b
2,day2_n8_softmax_seed42,42,78,3,False,False,True,0.6576,0.0,0.7169867,-1.6258765,-4.534040272119455e-06,0.0015016497345641255,0.0015016567194834352,7e267c0bf303542b
2,day2_n8_softmax_seed42,42,78,4,False,False,True,0.632,0.0,-6.9234715,2.9448652,-6.614614903810434e-06,0.001725375885143876,0.0017253884579986334,7e267c0bf303542b
2,day2_n8_softmax_seed42,42,78,5,False,False,True,0.645,0.0,0.31223834,-1.1203243,-1.1431915481807664e-05,0.0014944779686629772,0.0014945217408239841,7e267c0bf303542b
2,day2_n8_softmax_seed42,42,78,6,False,False,True,0.6816,0.0,0.8483146,-1.7590017,-6.647015197813744e-06,0.0015061560552567244,0.0015061707235872746,7e267c0bf303542b
2,day2_n8_softmax_seed42,42,78,7,False,False,True,0.6016,0.0,-0.3650477,-2.6301641,-4.366229404695332e-06,0.0015371300978586078,0.0015371361514553428,7e267c0bf303542b
2,day2_n8_softmax_seed42,42,79,0,False,False,True,0.5928,0.0,8.437015,-1.9837018,-2.447048700560117e-06,0.0019889757968485355,0.001988977426663041,7e267c0bf303542b
2,day2_n8_softmax_seed42,42,79,1,False,False,True,0.6852,0.0,-0.57739717,0.7395805,-5.124798008182552e-06,0.001442977343685925,0.0014429864240810275,7e267c0bf303542b
2,day2_n8_softmax_seed42,42,79,2,False,False,True,0.5668,0.0,-1.0340607,1.6230702,-3.835055849776836e-06,0.0015530937816947699,0.0015530985547229648,7e267c0bf303542b
2,day2_n8_softmax_seed42,42,79,3,False,False,True,0.6148,0.0,-0.76131684,1.0791012,-6.773487257305533e-06,0.0014824253739789128,0.0014824408572167158,7e267c0bf303542b
2,day2_n8_softmax_seed42,42,79,4,False,False,True,0.6724,0.0,-0.733024,0.9338591,-5.238754511083243e-06,0.0014711669646203518,0.001471176277846098,7e267c0bf303542b
2,day2_n8_softmax_seed42,42,79,5,False,False,True,0.5832,0.0,-3.5486474,-6.955888,-8.799807801551651e-06,0.0017916011856868863,0.0017916226061061025,7e267c0bf303542b
2,day2_n8_softmax_seed42,42,79,6,False,False,True,0.622,0.0,-0.720497,1.4970037,-2.020549572989694e-06,0.0015561358304694295,0.0015561371110379696,7e267c0bf303542b
2,day2_n8_softmax_seed42,42,79,7,False,False,True,0.6266,0.0,-1.062094,3.0669847,-1.021279240376316e-05,0.0017097716918215156,0.0017098021926358342,7e267c0bf303542b
2,day2_n8_softmax_seed42,42,80,0,False,False,True,0.6226,0.0,1.2577511,-0.9166313,-1.6930832771322457e-06,0.0015171186532825232,0.0015171195846050978,7e267c0bf303542b
2,day2_n8_softmax_seed42,42,80,1,False,False,True,0.6284,0.0,0.7489924,-1.5490351,-9.212617442244664e-06,0.001493280753493309,0.0014933091588318348,7e267c0bf303542b
2,day2_n8_softmax_seed42,42,80,2,False,False,True,0.6646,0.0,0.15900709,-0.35194767,-6.561689133377513e-06,0.0014813286252319813,0.0014813431771472096,7e267c0bf303542b
2,day2_n8_softmax_seed42,42,80,3,False,False,True,0.6616,0.0,0.28521007,-1.1826755,-2.678144483070355e-06,0.0015086773782968521,0.0015086797066032887,7e267c0bf303542b
2,day2_n8_softmax_seed42,42,80,4,False,False,True,0.6218,0.0,0.44573614,-1.894343,-4.1693779166962486e-06,0.001540261902846396,0.0015402676071971655,7e267c0bf303542b
2,day2_n8_softmax_seed42,42,80,5,False,False,True,0.5458,0.0,-0.20894885,-2.9112525,-3.5484997624735115e-06,0.0015216427855193615,0.0015216469764709473,7e267c0bf303542b
2,day2_n8_softmax_seed42,42,80,6,False,False,True,0.6056,0.0,-6.604596,2.9985282,-7.724076567683369e-06,0.0016549356514587998,0.0016549535794183612,7e267c0bf303542b
2,day2_n8_softmax_seed42,42,80,7,False,False,True,0.5342,0.0,3.9168508,5.8073525,-3.1160434446064755e-06,0.0016375314444303513,0.0016375344712287188,7e267c0bf303542b
2,day2_n8_softmax_seed42,42,81,0,False,False,True,0.6686,0.0,-1.5618821,0.0086870305,-7.454989372490672e-06,0.0015435497043654323,0.0015435676323249936,7e267c0bf303542b
2,day2_n8_softmax_seed42,42,81,1,False,False,True,0.6424,0.0,6.5369425,0.8624202,-6.367995865730336e-06,0.0015615987358614802,0.0015616117743775249,7e267c0bf303542b
2,day2_n8_softmax_seed42,42,81,2,False,False,True,0.6738,0.0,-0.2684331,-0.5577053,-6.200365533004515e-06,0.0014876994537189603,0.001487712492235005,7e267c0bf303542b
2,day2_n8_softmax_seed42,42,81,3,False,False,True,0.659,0.0,-1.8399178,-2.2287517,-5.1148776947229635e-06,0.0015367482556030154,0.0015367567539215088,7e267c0bf303542b
2,day2_n8_softmax_seed42,42,81,4,False,False,True,0.649,0.0,-0.4858625,-0.045594793,-2.3992474780243356e-06,0.0015165256336331367,0.0015165276126936078,7e267c0bf303542b
2,day2_n8_softmax_seed42,42,81,5,False,False,True,0.6802,0.0,-2.2371364,5.8108606,-5.698074801330222e-06,0.0015587133821099997,0.001558723859488964,7e267c0bf303542b
2,day2_n8_softmax_seed42,42,81,6,False,False,True,0.6748,0.0,-0.8360521,-3.7742493,-5.5065138440113515e-06,0.001547908061183989,0.0015479178400710225,7e267c0bf303542b
2,day2_n8_softmax_seed42,42,81,7,False,False,True,0.645,0.0,0.69233435,-0.07566781,-3.6359251680551097e-06,0.0015312018804252148,0.0015312061877921224,7e267c0bf303542b
2,day2_n8_softmax_seed42,42,82,0,False,False,True,0.6168,0.0,-0.08647105,-0.38091618,-3.3374724353052443e-06,0.0015264041721820831,0.0015264077810570598,7e267c0bf303542b
2,day2_n8_softmax_seed42,42,82,1,False,False,True,0.6564,0.0,1.4355431,0.39606237,-4.3997242755722255e-06,0.001505299936980009,0.0015053063398227096,7e267c0bf303542b
2,day2_n8_softmax_seed42,42,82,2,False,False,True,0.631,0.0,0.23534806,-0.27972794,-5.964242063782876e-06,0.0015044917818158865,0.001504503539763391,7e267c0bf303542b
2,day2_n8_softmax_seed42,42,82,3,False,False,True,0.6632,0.0,-0.09193379,-5.4256644,-8.904587048164103e-06,0.0015597192104905844,0.0015597447054460645,7e267c0bf303542b
2,day2_n8_softmax_seed42,42,82,4,False,False,True,0.6482,0.0,0.051028073,-0.45256695,-8.09732864581747e-06,0.0015311376191675663,0.0015311590395867825,7e267c0bf303542b
2,day2_n8_softmax_seed42,42,82,5,False,False,True,0.6284,0.0,-5.64603,3.3825042,-3.843797003355576e-06,0.0015967402141541243,0.0015967448707669973,7e267c0bf303542b
2,day2_n8_softmax_seed42,42,82,6,False,False,True,0.639,0.0,4.892395,3.5666454,-7.202523192972876e-06,0.0015882205916568637,0.0015882368898019195,7e267c0bf303542b
2,day2_n8_softmax_seed42,42,82,7,False,False,True,0.654,0.0,-0.78987634,-0.80634034,-2.186771780543495e-06,0.001508544315584004,0.0015085458289831877,7e267c0bf303542b
2,day2_n8_softmax_seed42,42,83,0,False,False,True,0.658,0.0,-0.060668346,1.0501717,-4.735707534564426e-06,0.001536363735795021,0.0015363710699602962,7e267c0bf303542b
2,day2_n8_softmax_seed42,42,83,1,False,False,True,0.6036,0.0,-0.7824068,2.5832398,-2.7285748274152866e-06,0.0015485091134905815,0.0015485115582123399,7e267c0bf303542b
2,day2_n8_softmax_seed42,42,83,2,False,False,True,0.6316,0.0,-4.884964,-5.292574,-2.7607043193711434e-06,0.0016324794851243496,0.001632481929846108,7e267c0bf303542b
2,day2_n8_softmax_seed42,42,83,3,False,False,True,0.6372,0.0,6.023694,-3.860339,-5.9969606809318066e-06,0.0016387893119826913,0.001638800255022943,7e267c0bf303542b
2,day2_n8_softmax_seed42,42,83,4,False,False,True,0.6586,0.0,-0.00076604844,1.6687946,-5.77658693146077e-06,0.001523848855867982,0.0015238599153235555,7e267c0bf303542b
2,day2_n8_softmax_seed42,42,83,5,False,False,True,0.6512,0.0,0.06357334,1.3422536,-8.532252650184091e-06,0.001537059317342937,0.0015370831824839115,7e267c0bf303542b
2,day2_n8_softmax_seed42,42,83,6,False,False,True,0.6824,0.0,0.012520031,0.8627398,-6.195535206643399e-06,0.0015124606434255838,0.001512473332695663,7e267c0bf303542b
2,day2_n8_softmax_seed42,42,83,7,False,False,True,0.6234,0.0,-0.37098646,1.6457164,-4.640588940674206e-06,0.0015687859850004315,0.0015687929699197412,7e267c0bf303542b
2,day2_n8_softmax_seed42,42,84,0,False,False,True,0.664,0.0,0.90698165,-2.0305855,-4.986410203855485e-06,0.001573866349644959,0.0015738742658868432,7e267c0bf303542b
2,day2_n8_softmax_seed42,42,84,1,False,False,True,0.665,0.0,1.3808082,-1.580655,-7.04790500094532e-06,0.0015612104907631874,0.0015612264396622777,7e267c0bf303542b
2,day2_n8_softmax_seed42,42,84,2,False,False,True,0.6838,0.0,0.82375175,-0.84453005,-2.806996917570359e-06,0.0015064486069604754,0.0015064511680975556,7e267c0bf303542b
2,day2_n8_softmax_seed42,42,84,3,False,False,True,0.6676,0.0,1.3624413,-0.7770007,-3.5721784570341697e-06,0.001609540544450283,0.0016095445025712252,7e267c0bf303542b
2,day2_n8_softmax_seed42,42,84,4,False,False,True,0.667,0.0,0.77958554,-0.9434603,-5.829059773532208e-06,0.0014961891574785113,0.0014962004497647285,7e267c0bf303542b
2,day2_n8_softmax_seed42,42,84,5,False,False,True,0.6254,0.0,1.4515779,7.051156,-5.996328582114074e-06,0.0016415396239608526,0.0016415506834164262,7e267c0bf303542b
2,day2_n8_softmax_seed42,42,84,6,False,False,True,0.6258,0.0,-7.729441,0.3227222,-4.6240297706390265e-06,0.0017665342893451452,0.001766540459357202,7e267c0bf303542b
2,day2_n8_softmax_seed42,42,84,7,False,False,True,0.6742,0.0,1.0243025,-1.1976516,-4.588930551108206e-06,0.0015565878711640835,0.0015565947396680713,7e267c0bf303542b
2,day2_n8_softmax_seed42,42,85,0,False,False,True,0.6742,0.0,4.2869473,1.0132531,-2.094661340379389e-06,0.0016227263258770108,0.0016227277228608727,7e267c0bf303542b
2,day2_n8_softmax_seed42,42,85,1,False,False,True,0.6022,0.0,-4.9423723,-1.4381448,-3.938925601687515e-06,0.0016024752985686064,0.0016024799551814795,7e267c0bf303542b
2,day2_n8_softmax_seed42,42,85,2,False,False,True,0.6636,0.0,1.0348725,-0.6122398,-2.226070364486077e-06,0.0015364690916612744,0.00153647072147578,7e267c0bf303542b
2,day2_n8_softmax_seed42,42,85,3,False,False,True,0.6646,0.0,-0.6218599,-0.64847314,-4.267381427780492e-06,0.0015587398083880544,0.0015587456291541457,7e267c0bf303542b
2,day2_n8_softmax_seed42,42,85,4,False,False,True,0.6578,0.0,-0.26528406,6.30049,-3.023431418114342e-06,0.001598382368683815,0.0015983851626515388,7e267c0bf303542b
2,day2_n8_softmax_seed42,42,85,5,False,False,True,0.5976,0.0,3.428252,-3.5042348,-5.340767074812902e-06,0.0016238467069342732,0.0016238554380834103,7e267c0bf303542b
2,day2_n8_softmax_seed42,42,85,6,False,False,True,0.6734,0.0,-1.9354304,-1.4410269,-2.4074768134596525e-06,0.0015689712017774582,0.0015689730644226074,7e267c0bf303542b
2,day2_n8_softmax_seed42,42,85,7,False,False,True,0.6656,0.0,-0.9851289,0.33037996,-6.8309523157950025e-06,0.0015121052274480462,0.0015121205942705274,7e267c0bf303542b
2,day2_n8_softmax_seed42,42,86,0,False,False,True,0.5966,0.0,1.6595477,7.4410267,-8.3802069639205e-06,0.0017956349765881896,0.0017956544179469347,7e267c0bf303542b
2,day2_n8_softmax_seed42,42,86,1,False,False,True,0.5572,0.0,2.5641348,-2.1481962,-1.3182165048419847e-06,0.0017579870764166117,0.0017579876584932208,7e267c0bf303542b
2,day2_n8_softmax_seed42,42,86,2,False,False,True,0.6878,0.0,0.7933185,-0.69927025,-5.615129339275882e-06,0.0015845439629629254,0.0015845538582652807,7e267c0bf303542b
2,day2_n8_softmax_seed42,42,86,3,False,False,True,0.6148,0.0,0.78547597,-0.56996787,-4.6263289732451085e-06,0.001543710590340197,0.0015437174588441849,7e267c0bf303542b
2,day2_n8_softmax_seed42,42,86,4,False,False,True,0.5912,0.0,-8.361865,0.23893806,-6.361833015944285e-07,0.0019363026367500424,0.0019363027531653643,7e267c0bf303542b
2,day2_n8_softmax_seed42,42,86,5,False,False,True,0.469,0.0,0.77452046,-0.42171717,-6.2861931837687735e-06,0.0016482142964378,0.001648226287215948,7e267c0bf303542b
2,day2_n8_softmax_seed42,42,86,6,False,False,True,0.6798,0.0,0.8592879,-0.6267246,-5.295686150930123e-06,0.0015481796581298113,0.0015481887385249138,7e267c0bf303542b
2,day2_n8_softmax_seed42,42,86,7,False,False,True,0.422,0.0,0.9255829,-3.2140927,-5.273895567370346e-06,0.0017447194550186396,0.0017447273712605238,7e267c0bf303542b
2,day2_n8_softmax_seed42,42,87,0,False,False,True,0.6572,0.0,-0.83978695,-0.90033466,-6.921831300132908e-06,0.0015750685706734657,0.001575083821080625,7e267c0bf303542b
2,day2_n8_softmax_seed42,42,87,1,False,False,True,0.6138,0.0,-1.7136406,-3.3518877,-8.918185812945012e-06,0.0016351233934983611,0.001635147724300623,7e267c0bf303542b
2,day2_n8_softmax_seed42,42,87,2,False,False,True,0.651,0.0,-0.77088356,-0.14081348,-1.0304142961103935e-05,0.001595074194483459,0.0015951074892655015,7e267c0bf303542b
2,day2_n8_softmax_seed42,42,87,3,False,False,True,0.6404,0.0,-0.54143393,-0.5012409,-8.995894859253895e-06,0.001516732037998736,0.0015167586971074343,7e267c0bf303542b
2,day2_n8_softmax_seed42,42,87,4,False,False,True,0.591,0.0,-0.75035995,-0.8105919,-4.868252744927304e-06,0.0016264792066067457,0.0016264865407720208,7e267c0bf303542b
2,day2_n8_softmax_seed42,42,87,5,False,False,True,0.6386,0.0,-0.7424842,-1.824938,-5.2038717512914445e-06,0.0015781555557623506,0.001578164054080844,7e267c0bf303542b
2,day2_n8_softmax_seed42,42,87,6,False,False,True,0.5746,0.0,7.940451,1.0071744,-1.034520573739428e-05,0.0018214614829048514,0.0018214908195659518,7e267c0bf303542b
2,day2_n8_softmax_seed42,42,87,7,False,False,True,0.6578,0.0,-2.5818732,6.522631,-5.859240445715841e-06,0.0016665104776620865,0.001666520838625729,7e267c0bf303542b
2,day2_n8_softmax_seed42,42,88,0,False,False,True,0.6654,0.0,-7.8612037,0.41836447,-4.597891802404774e-06,0.0017972624627873302,0.0017972685163840652,7e267c0bf303542b
2,day2_n8_softmax_seed42,42,88,1,False,False,True,0.5684,0.0,0.79955274,-0.2256354,-8.334678568644449e-06,0.0015440613497048616,0.0015440838178619742,7e267c0bf303542b
2,day2_n8_softmax_seed42,42,88,2,False,False,True,0.6492,0.0,1.2029792,-0.8924191,-4.7262578846130054e-06,0.001576015492901206,0.0015760225942358375,7e267c0bf303542b
2,day2_n8_softmax_seed42,42,88,3,False,False,True,0.6714,0.0,1.668366,6.905027,-6.109615696914261e-06,0.001636984758079052,0.001636996166780591,7e267c0bf303542b
2,day2_n8_softmax_seed42,42,88,4,False,False,True,0.6608,0.0,1.0749081,-1.997689,-5.30903605522326e-07,0.0015897394623607397,0.0015897395787760615,7e267c0bf303542b
2,day2_n8_softmax_seed42,42,88,5,False,False,True,0.6524,0.0,1.2455261,-1.6128526,-4.822814389626728e-06,0.0015916727716103196,0.0015916801057755947,7e267c0bf303542b
2,day2_n8_softmax_seed42,42,88,6,False,False,True,0.6468,0.0,1.2475051,-1.9294825,-8.533921572961845e-06,0.0015859531704336405,0.0015859761042520404,7e267c0bf303542b
2,day2_n8_softmax_seed42,42,88,7,False,False,True,0.6944,0.0,0.62237006,-0.66531587,-4.052762960782275e-06,0.0015294156037271023,0.0015294208424165845,7e267c0bf303542b
2,day2_n8_softmax_seed42,42,89,0,False,False,True,0.6364,0.0,-0.37915543,0.3251393,-5.125312782183755e-06,0.0015828844625502825,0.0015828927280381322,7e267c0bf303542b
2,day2_n8_softmax_seed42,42,89,1,False,False,True,0.6438,0.0,-0.58707845,0.6319344,-4.9514569582242984e-06,0.0015239785425364971,0.0015239865751937032,7e267c0bf303542b
2,day2_n8_softmax_seed42,42,89,2,False,False,True,0.5178,0.0,8.083606,-0.66609335,-4.052094027429121e-06,0.001923248521052301,0.0019232528284192085,7e267c0bf303542b
2,day2_n8_softmax_seed42,42,89,3,False,False,True,0.6578,0.0,-0.3558717,0.70305806,-5.013596819480881e-06,0.0015869085909798741,0.0015869165072217584,7e267c0bf303542b
2,day2_n8_softmax_seed42,42,89,4,False,False,True,0.654,0.0,-0.96972764,0.92247593,-4.108019311388489e-06,0.0015619131736457348,0.0015619186451658607,7e267c0bf303542b
2,day2_n8_softmax_seed42,42,89,5,False,False,True,0.584,0.0,-2.8716083,4.5137177,-8.633242032374255e-06,0.0017881115199998021,0.0017881323583424091,7e267c0bf303542b
2,day2_n8_softmax_seed42,42,89,6,False,False,True,0.6854,0.0,-0.06134611,0.572707,-5.208863967709476e-06,0.0016401293687522411,0.001640137517824769,7e267c0bf303542b
2,day2_n8_softmax_seed42,42,89,7,False,False,True,0.6144,0.0,-2.858833,-7.0029345,-3.027874981853529e-06,0.0017980303382501006,0.0017980330158025026,7e267c0bf303542b
2,day2_n8_softmax_seed42,42,90,0,False,False,True,0.621,0.0,2.50198,8.257236,-1.34247984533431e-05,0.0019550721626728773,0.0019551184959709644,7e267c0bf303542b
2,day2_n8_softmax_seed42,42,90,1,False,False,True,0.6784,0.0,1.454741,-0.92478245,-4.09968379244674e-06,0.0015275254845619202,0.001527530956082046,7e267c0bf303542b
2,day2_n8_softmax_seed42,42,90,2,False,False,True,0.6142,0.0,1.9504211,-2.2011654,-4.672537670558086e-06,0.0016798838041722775,0.0016798904398456216,7e267c0bf303542b
2,day2_n8_softmax_seed42,42,90,3,False,False,True,0.6314,0.0,-10.45866,0.7344581,-7.4141344157396816e-06,0.002444569021463394,0.0024445801973342896,7e267c0bf303542b
2,day2_n8_softmax_seed42,42,90,4,False,False,True,0.6622,0.0,0.14107873,-0.94137245,-4.984321094525512e-06,0.001780721009708941,0.0017807279946282506,7e267c0bf303542b
2,day2_n8_softmax_seed42,42,90,5,False,False,True,0.5898,0.0,0.8790453,-1.8966688,-3.569864929886535e-06,0.0017320088809356093,0.0017320122569799423,7e267c0bf303542b
2,day2_n8_softmax_seed42,42,90,6,False,False,True,0.6414,0.0,2.013404,-1.904217,-3.5075502182735363e-06,0.001678893226198852,0.0016788968350738287,7e267c0bf303542b
2,day2_n8_softmax_seed42,42,90,7,False,False,True,0.6444,0.0,1.5179968,-1.1234871,-2.9462976272043306e-06,0.001592953340150416,0.001592956017702818,7e267c0bf303542b
2,day2_n8_softmax_seed42,42,91,0,False,False,True,0.6568,0.0,-1.0569674,-0.5427467,-6.629627023357898e-06,0.0016530131688341498,0.0016530263237655163,7e267c0bf303542b
2,day2_n8_softmax_seed42,42,91,1,False,False,True,0.651,0.0,9.100037,-1.9251289,-5.334578418114688e-06,0.0021106090862303972,0.002110615838319063,7e267c0bf303542b
2,day2_n8_softmax_seed42,42,91,2,False,False,True,0.5586,0.0,-2.7222703,-4.0040526,-5.101197530166246e-06,0.001841165591031313,0.0018411725759506226,7e267c0bf303542b
2,day2_n8_softmax_seed42,42,91,3,False,False,True,0.6806,0.0,-3.0094905,-2.5379796,-7.095147793734213e-06,0.001763310399837792,0.0017633247189223766,7e267c0bf303542b
2,day2_n8_softmax_seed42,42,91,4,False,False,True,0.5946,0.0,0.038286928,6.0340114,-9.030229364270781e-08,0.0016880526673048735,0.0016880527837201953,7e267c0bf303542b
2,day2_n8_softmax_seed42,42,91,5,False,False,True,0.6448,0.0,-0.78175193,0.44981176,-8.523556061845738e-06,0.0015764181734994054,0.0015764412237331271,7e267c0bf303542b
2,day2_n8_softmax_seed42,42,91,6,False,False,True,0.617,0.0,-0.9239841,-0.5500531,-5.711364792659879e-06,0.0016813856782391667,0.0016813953407108784,7e267c0bf303542b
2,day2_n8_softmax_seed42,42,91,7,False,False,True,0.5286,0.0,-0.6438849,3.0761375,-5.360727755032713e-06,0.001667208387516439,0.0016672170022502542,7e267c0bf303542b
2,day2_n8_softmax_seed42,42,92,0,False,False,True,0.567,0.0,2.3807874,-1.8578974,-5.725875780626666e-06,0.001871865475550294,0.001871874206699431,7e267c0bf303542b
2,day2_n8_softmax_seed42,42,92,1,False,False,True,0.6874,0.0,1.1574913,-0.88662034,-5.365439847082598e-06,0.0016263896832242608,0.0016263985307887197,7e267c0bf303542b
2,day2_n8_softmax_seed42,42,92,2,False,False,True,0.6342,0.0,2.2278495,-1.4206508,-3.5836626466334565e-06,0.0017152609070762992,0.001715264399535954,7e267c0bf303542b
2,day2_n8_softmax_seed42,42,92,3,False,False,True,0.683,0.0,0.3081369,-1.1410346,-6.074915745557519e-06,0.0016622529365122318,0.0016622641123831272,7e267c0bf303542b
2,day2_n8_softmax_seed42,42,92,4,False,False,True,0.6358,0.0,2.1385114,-1.6426288,-4.4871121644973755e-06,0.0016905399970710278,0.001690545934252441,7e267c0bf303542b
2,day2_n8_softmax_seed42,42,92,5,False,False,True,0.6518,0.0,1.6071751,-1.4732237,-6.31282591712079e-06,0.0017099686665460467,0.0017099804244935513,7e267c0bf303542b
2,day2_n8_softmax_seed42,42,92,6,False,False,True,0.5864,0.0,-11.071743,-0.34923935,-6.1337427723628934e-06,0.002543115522712469,0.0025431227404624224,7e267c0bf303542b
2,day2_n8_softmax_seed42,42,92,7,False,False,True,0.494,0.0,1.2518033,8.771291,-1.011999756883597e-05,0.0020245418418198824,0.002024566987529397,7e267c0bf303542b
2,day2_n8_softmax_seed42,42,93,0,False,False,True,0.624,0.0,3.6814787,8.291321,-3.0126593628665432e-06,0.0020934336353093386,0.002093435963615775,7e267c0bf303542b
2,day2_n8_softmax_seed42,42,93,1,False,False,True,0.5102,0.0,0.86260843,-1.2875206,-9.62890680966666e-06,0.00171518640127033,0.001715213293209672,7e267c0bf303542b
2,day2_n8_softmax_seed42,42,93,2,False,False,True,0.6452,0.0,1.1806943,-0.9264987,-4.149844698986271e-06,0.001620423630811274,0.0016204288695007563,7e267c0bf303542b
2,day2_n8_softmax_seed42,42,93,3,False,False,True,0.7024,0.0,0.7120043,-1.596794,-3.248972689107177e-06,0.0017767163226380944,0.0017767194658517838,7e267c0bf303542b
2,day2_n8_softmax_seed42,42,93,4,False,False,True,0.6542,0.0,1.1248372,-1.0083866,-2.4560263227613177e-06,0.0015589274698868394,0.0015589294489473104,7e267c0bf303542b
2,day2_n8_softmax_seed42,42,93,5,False,False,True,0.6616,0.0,1.9196789,-4.288813,-3.6642779832618544e-06,0.0019351971568539739,0.001935200416482985,7e267c0bf303542b
2,day2_n8_softmax_seed42,42,93,6,False,False,True,0.3854,0.0,-11.367448,1.4604176,-9.101929208554793e-06,0.0026602086145430803,0.002660224214196205,7e267c0bf303542b
2,day2_n8_softmax_seed42,42,93,7,False,False,True,0.6346,0.0,1.8861743,-0.64374703,3.124001750620664e-06,0.0016981513472273946,0.0016981542576104403,7e267c0bf303542b
2,day2_n8_softmax_seed42,42,94,0,False,False,True,0.6112,0.0,-9.977293,0.24421878,-6.229355676623527e-06,0.0023096720688045025,0.002309680450707674,7e267c0bf303542b
2,day2_n8_softmax_seed42,42,94,1,False,False,True,0.6846,0.0,1.3268013,-6.3915253,-3.1379988740809495e-06,0.0017894960474222898,0.0017894988413900137,7e267c0bf303542b
2,day2_n8_softmax_seed42,42,94,2,False,False,True,0.64,0.0,0.9893413,-0.08975203,-4.746320882986765e-06,0.0015809544129297137,0.0015809615142643452,7e267c0bf303542b
2,day2_n8_softmax_seed42,42,94,3,False,False,True,0.541,0.0,2.1947012,0.1600433,-6.2178542066249065e-06,0.0017691857647150755,0.001769196824170649,7e267c0bf303542b
2,day2_n8_softmax_seed42,42,94,4,False,False,True,0.6776,0.0,1.1427375,0.041309148,-4.6566415221604984e-06,0.0015931004891172051,0.001593107357621193,7e267c0bf303542b
2,day2_n8_softmax_seed42,42,94,5,False,False,True,0.6622,0.0,1.284362,-0.10454968,-4.771835847350303e-06,0.0017246418865397573,0.0017246486386284232,7e267c0bf303542b
2,day2_n8_softmax_seed42,42,94,6,False,False,True,0.5902,0.0,1.7855852,5.7220592,-9.008960660139564e-06,0.0017944562714546919,0.00179447908885777,7e267c0bf303542b
2,day2_n8_softmax_seed42,42,94,7,False,False,True,0.686,0.0,1.2537748,0.41819993,-4.8821607379068155e-06,0.0015786562580615282,0.0015786637086421251,7e267c0bf303542b
2,day2_n8_softmax_seed42,42,95,0,False,False,True,0.6334,0.0,-0.062148135,-0.05519337,2.1501091396203265e-06,0.0016432892298325896,0.0016432905104011297,7e267c0bf303542b
2,day2_n8_softmax_seed42,42,95,1,False,False,True,0.688,0.0,0.41500813,0.85124826,-2.5139577246591216e-06,0.0016234936192631721,0.0016234955983236432,7e267c0bf303542b
2,day2_n8_softmax_seed42,42,95,2,False,False,True,0.6372,0.0,-1.4726926,0.94992983,-1.082294033949438e-06,0.0016440184554085135,0.001644018804654479,7e267c0bf303542b
2,day2_n8_softmax_seed42,42,95,3,False,False,True,0.6786,0.0,-4.3674607,4.6196966,1.8147061098261474e-07,0.0017081719124689698,0.0017081719124689698,7e267c0bf303542b
2,day2_n8_softmax_seed42,42,95,4,False,False,True,0.6812,0.0,0.30138537,-1.225958,-2.867739567591343e-06,0.0015704073011875153,0.0015704099787399173,7e267c0bf303542b
2,day2_n8_softmax_seed42,42,95,5,False,False,True,0.6268,0.0,-0.68172777,-5.726302,-7.329831987590296e-06,0.0016627843724563718,0.0016628005541861057,7e267c0bf303542b
2,day2_n8_softmax_seed42,42,95,6,False,False,True,0.5354,0.0,-1.1831961,-1.6454226,-2.8571948860189877e-06,0.0016269373008981347,0.0016269399784505367,7e267c0bf303542b
2,day2_n8_softmax_seed42,42,95,7,False,False,True,0.6296,0.0,7.0508337,2.2319984,-5.63143260023935e-07,0.0017882012762129307,0.0017882012762129307,7e267c0bf303542b
2,day2_n8_softmax_seed42,42,96,0,False,False,True,0.6814,0.0,-3.8766472,-4.6060557,7.650988322893681e-07,0.0017952374182641506,0.0017952374182641506,7e267c0bf303542b
2,day2_n8_softmax_seed42,42,96,1,False,False,True,0.5694,0.0,-1.7644753,0.83429956,-1.3671698297912371e-06,0.0016923944931477308,0.0016923949588090181,7e267c0bf303542b
2,day2_n8_softmax_seed42,42,96,2,False,False,True,0.6864,0.0,0.25322083,-0.8075846,-5.2997388593212236e-06,0.0016157733043655753,0.0016157819190993905,7e267c0bf303542b
2,day2_n8_softmax_seed42,42,96,3,False,False,True,0.5704,0.0,5.911056,2.5060456,-4.329388957557967e-06,0.00180945941247046,0.0018094645347446203,7e267c0bf303542b
2,day2_n8_softmax_seed42,42,96,4,False,False,True,0.6578,0.0,0.3747139,-0.31762698,-1.1973654636676656e-06,0.0015690770233049989,0.0015690774889662862,7e267c0bf303542b
2,day2_n8_softmax_seed42,42,96,5,False,False,True,0.618,0.0,-0.67483103,-0.96709234,-2.5984070362028433e-06,0.0016821310855448246,0.0016821330646052957,7e267c0bf303542b
2,day2_n8_softmax_seed42,42,96,6,False,False,True,0.6758,0.0,3.5599544,-2.5634232,-3.305782229290344e-06,0.0016962055815383792,0.0016962087247520685,7e267c0bf303542b
2,day2_n8_softmax_seed42,42,96,7,False,False,True,0.6648,0.0,-3.7829943,5.921437,-4.179616723831714e-07,0.0017961303237825632,0.001796130440197885,7e267c0bf303542b
2,day2_n8_softmax_seed42,42,97,0,False,False,True,0.5952,0.0,-8.475165,2.9043207,-3.4940001114591723e-06,0.0020921884570270777,0.002092191483825445,7e267c0bf303542b
2,day2_n8_softmax_seed42,42,97,1,False,False,True,0.6282,0.0,1.9110322,0.11401099,-5.9701892496377695e-06,0.0016601464012637734,0.0016601572278887033,7e267c0bf303542b
2,day2_n8_softmax_seed42,42,97,2,False,False,True,0.6764,0.0,1.7545229,0.47956806,-8.20886270957999e-06,0.001550754765048623,0.001550776301883161,7e267c0bf303542b
2,day2_n8_softmax_seed42,42,97,3,False,False,True,0.6712,0.0,1.6177585,0.57640266,-8.741748388274573e-06,0.0016059956979006529,0.0016060194466263056,7e267c0bf303542b
2,day2_n8_softmax_seed42,42,97,4,False,False,True,0.5638,0.0,-2.15808,-7.665838,-2.659486654010834e-06,0.0018439267296344042,0.0018439285922795534,7e267c0bf303542b
2,day2_n8_softmax_seed42,42,97,5,False,False,True,0.6292,0.0,2.4646134,0.8140539,-3.658384457594366e-06,0.0015979543095454574,0.001597958616912365,7e267c0bf303542b
2,day2_n8_softmax_seed42,42,97,6,False,False,True,0.6822,0.0,2.5852845,1.417641,-9.72409270616481e-06,0.0016852825647220016,0.00168531050439924,7e267c0bf303542b
2,day2_n8_softmax_seed42,42,97,7,False,False,True,0.645,0.0,0.30004123,1.3598444,-4.982439349987544e-06,0.0016644709976390004,0.0016644784482195973,7e267c0bf303542b
2,day2_n8_softmax_seed42,42,98,0,False,False,True,0.6276,0.0,3.1625633,-4.712151,3.698246473504696e-07,0.0017379374476149678,0.0017379374476149678,7e267c0bf303542b
2,day2_n8_softmax_seed42,42,98,1,False,False,True,0.6008,0.0,-1.4929127,-0.05527466,-3.2332077353203204e-06,0.0016479551559314132,0.0016479582991451025,7e267c0bf303542b
2,day2_n8_softmax_seed42,42,98,2,False,False,True,0.665,0.0,-0.8599135,0.034285694,-1.480463822645106e-07,0.0015863485168665648,0.0015863486332818866,7e267c0bf303542b
2,day2_n8_softmax_seed42,42,98,3,False,False,True,0.5932,0.0,5.2881374,5.841745,-4.1100355474554817e-07,0.0017941935220733285,0.0017941937549039721,7e267c0bf303542b
2,day2_n8_softmax_seed42,42,98,4,False,False,True,0.6186,0.0,0.9704571,-1.8384818,-8.143676495819818e-06,0.0016961824148893356,0.0016962019726634026,7e267c0bf303542b
2,day2_n8_softmax_seed42,42,98,5,False,False,True,0.6148,0.0,-5.6212754,2.7432063,-3.7172089832893107e-06,0.0017445629928261042,0.0017445669509470463,7e267c0bf303542b
2,day2_n8_softmax_seed42,42,98,6,False,False,True,0.6522,0.0,-0.519798,-1.7299587,-6.6154702835774515e-06,0.0016880151815712452,0.001688028103671968,7e267c0bf303542b
2,day2_n8_softmax_seed42,42,98,7,False,False,True,0.572,0.0,-0.9272604,-0.28337193,-6.654311619058717e-06,0.0016436153091490269,0.0016436288133263588,7e267c0bf303542b
2,day2_n8_softmax_seed42,42,99,0,False,False,True,0.59,0.0,-2.2570167,-7.394902,-7.754684702376835e-06,0.001777800964191556,0.0017778178444132209,7e267c0bf303542b
2,day2_n8_softmax_seed42,42,99,1,False,False,True,0.6808,0.0,-0.7962254,0.62659115,-3.9601040953129996e-06,0.001610100967809558,0.0016101058572530746,7e267c0bf303542b
2,day2_n8_softmax_seed42,42,99,2,False,False,True,0.648,0.0,-1.5130625,2.8845403,-5.4851093409524765e-06,0.0017111724009737372,0.0017111811321228743,7e267c0bf303542b
2,day2_n8_softmax_seed42,42,99,3,False,False,True,0.6974,0.0,7.9516296,-0.9348653,-5.190091087570181e-06,0.0018209109548479319,0.0018209185218438506,7e267c0bf303542b
2,day2_n8_softmax_seed42,42,99,4,False,False,True,0.6426,0.0,-0.8086958,0.9085935,-6.589616987184854e-06,0.0016293944790959358,0.001629407750442624,7e267c0bf303542b
2,day2_n8_softmax_seed42,42,99,5,False,False,True,0.6512,0.0,-1.1193194,2.029574,-2.9147117857064586e-06,0.0017125351587310433,0.0017125377198681235,7e267c0bf303542b
2,day2_n8_softmax_seed42,42,99,6,False,False,True,0.6574,0.0,-0.91521865,0.98465025,-2.419433258182835e-06,0.0016411921242251992,0.0016411941032856703,7e267c0bf303542b
2,day2_n8_softmax_seed42,42,99,7,False,False,True,0.6466,0.0,-0.5420919,0.89581937,-1.216685859617428e-06,0.0016494170995429158,0.0016494175652042031,7e267c0bf303542b
2,day2_n8_softmax_seed42,42,100,0,False,False,True,0.6758,0.0,2.0800354,-1.3536873,-5.511903054866707e-06,0.0016560115618631244,0.0016560206422582269,7e267c0bf303542b
2,day2_n8_softmax_seed42,42,100,1,False,False,True,0.5346,0.0,2.0033927,-2.2074494,-4.532969796855468e-06,0.0017187841003760695,0.0017187901539728045,7e267c0bf303542b
2,day2_n8_softmax_seed42,42,100,2,False,False,True,0.6004,0.0,2.1517947,-1.9392287,-3.272265075793257e-06,0.0017540350090712309,0.0017540381522849202,7e267c0bf303542b
2,day2_n8_softmax_seed42,42,100,3,False,False,True,0.5866,0.0,1.8226078,-1.3804075,-5.687008979293751e-06,0.0016677675303071737,0.0016677773091942072,7e267c0bf303542b
2,day2_n8_softmax_seed42,42,100,4,False,False,True,0.4552,0.0,-14.695382,0.40336567,6.902397672092775e-06,0.003429597243666649,0.003429603995755315,7e267c0bf303542b
2,day2_n8_softmax_seed42,42,100,5,False,False,True,0.6472,0.0,2.7644088,8.83029,-4.666005111175764e-07,0.0020589211490005255,0.002058921381831169,7e267c0bf303542b
2,day2_n8_softmax_seed42,42,100,6,False,False,True,0.667,0.0,1.9345629,-1.3173127,-4.073621312272735e-06,0.0015990905230864882,0.0015990957617759705,7e267c0bf303542b
2,day2_n8_softmax_seed42,42,100,7,False,False,True,0.665,0.0,1.9386346,-1.0355873,-6.536894488817779e-06,0.0016239664983004332,0.0016239797696471214,7e267c0bf303542b
2,day2_n8_softmax_seed42,42,101,0,False,False,True,0.805,0.0,0.4984026,-0.0089456085,-1.4574657143384684e-06,0.0001743886823533103,0.0001743947941577062,7e267c0bf303542b
2,day2_n8_softmax_seed42,42,101,1,False,False,True,0.8072,0.0,-0.15669285,-0.2731166,-1.4081753079153714e-06,0.00017482152907177806,0.00017482720431871712,7e267c0bf303542b
2,day2_n8_softmax_seed42,42,101,2,False,False,True,0.8076,0.0,-0.36989892,0.432159,-1.942946482813568e-06,0.0001739419822115451,0.00017395283794030547,7e267c0bf303542b
2,day2_n8_softmax_seed42,42,101,3,False,False,True,0.8076,0.0,0.06692427,0.015120448,-1.897978336273809e-06,0.00016819333541207016,0.000168204031069763,7e267c0bf303542b
2,day2_n8_softmax_seed42,42,101,4,False,False,True,0.807,0.0,0.2608682,0.08201553,-1.4241903727452154e-06,0.0001705837930785492,0.0001705897448118776,7e267c0bf303542b
2,day2_n8_softmax_seed42,42,101,5,False,False,True,0.8054,0.0,0.04012777,0.2911371,-1.7351454744130024e-06,0.00017545325681567192,0.0001754618133418262,7e267c0bf303542b
2,day2_n8_softmax_seed42,42,101,6,False,False,True,0.8084,0.0,-0.12969412,-0.31924626,-1.2462049880923587e-06,0.00017087401647586375,0.000170878556673415,7e267c0bf303542b
2,day2_n8_softmax_seed42,42,101,7,False,False,True,0.806,0.0,-0.21003677,-0.21912359,-1.3794881397188874e-06,0.00017228913202416152,0.00017229464720003307,7e267c0bf303542b
2,day2_n8_softmax_seed42,42,102,0,False,False,True,0.8132,0.0,-0.24715984,-0.0374731,-1.090337946152431e-06,0.00016841362230479717,0.00016841714386828244,7e267c0bf303542b
2,day2_n8_softmax_seed42,42,102,1,False,False,True,0.8062,0.0,0.67425835,0.12311558,-7.200737286439107e-07,0.0001818380696931854,0.000181839510332793,7e267c0bf303542b
2,day2_n8_softmax_seed42,42,102,2,False,False,True,0.8082,0.0,-0.31954053,0.5132476,-6.300281825133425e-07,0.00017049585585482419,0.00017049702000804245,7e267c0bf303542b
2,day2_n8_softmax_seed42,42,102,3,False,False,True,0.8094,0.0,0.043186404,-0.062852114,-6.821686042712827e-07,0.000166095735039562,0.00016609714657533914,7e267c0bf303542b
2,day2_n8_softmax_seed42,42,102,4,False,False,True,0.8012,0.0,-0.12921663,0.018348884,-8.776802928878169e-07,0.00016647616575937718,0.0001664784795138985,7e267c0bf303542b
2,day2_n8_softmax_seed42,42,102,5,False,False,True,0.8118,0.0,-0.10682028,-0.5664872,-9.529624662718561e-07,0.00017178694542963058,0.00017178959387820214,7e267c0bf303542b
2,day2_n8_softmax_seed42,42,102,6,False,False,True,0.8072,0.0,0.160746,0.0728875,-1.0626805533320294e-06,0.00016909089754335582,0.00016909422993194312,7e267c0bf303542b
2,day2_n8_softmax_seed42,42,102,7,False,False,True,0.8082,0.0,-0.07545378,-0.060787883,-5.946581040916499e-07,0.00016435125144198537,0.00016435232828371227,7e267c0bf303542b
2,day2_n8_softmax_seed42,42,103,0,False,False,True,0.8162,0.0,-0.23807497,-0.08676659,-4.1463400179964083e-07,0.00018041831208392978,0.00018041880684904754,7e267c0bf303542b
2,day2_n8_softmax_seed42,42,103,1,False,False,True,0.8076,0.0,0.78719777,-0.27044863,-7.676839004489011e-07,0.00019075859745498747,0.00019076013995800167,7e267c0bf303542b
2,day2_n8_softmax_seed42,42,103,2,False,False,True,0.8118,0.0,-0.27961627,-0.38905013,-6.98988060321426e-07,0.00017975238733924925,0.0001797537406673655,7e267c0bf303542b
2,day2_n8_softmax_seed42,42,103,3,False,False,True,0.8164,0.0,0.021693593,0.2708,-3.70869742027935e-07,0.00017297723388765007,0.00017297762678936124,7e267c0bf303542b
2,day2_n8_softmax_seed42,42,103,4,False,False,True,0.8086,0.0,-0.041442137,0.3161415,-4.972122837898496e-07,0.00017442219541408122,0.0001744229084579274,7e267c0bf303542b
2,day2_n8_softmax_seed42,42,103,5,False,False,True,0.8112,0.0,0.004954068,0.43578437,-6.039758773113135e-07,0.00017744315846357495,0.00017744417709764093,7e267c0bf303542b
2,day2_n8_softmax_seed42,42,103,6,False,False,True,0.8164,0.0,-0.2569627,-0.34390622,-8.006928169379535e-07,0.0001795055140974,0.00017950728943105787,7e267c0bf303542b
2,day2_n8_softmax_seed42,42,103,7,False,False,True,0.8084,0.0,0.0022507764,0.067445956,-5.095361643725482e-08,0.0001684931048657745,0.0001684931048657745,7e267c0bf303542b
2,day2_n8_softmax_seed42,42,104,0,False,False,True,0.8196,0.0,-0.33969182,0.4292434,-1.6991667450838577e-07,0.0001881666830740869,0.00018816677038557827,7e267c0bf303542b
2,day2_n8_softmax_seed42,42,104,1,False,False,True,0.8094,0.0,-0.2902379,0.25850365,1.8334245055484644e-07,0.0001917420740937814,0.00019174216140527278,7e267c0bf303542b
2,day2_n8_softmax_seed42,42,104,2,False,False,True,0.8076,0.0,-0.13222505,0.055972487,-5.900736823605257e-07,0.000181921073817648,0.00018192203424405307,7e267c0bf303542b
2,day2_n8_softmax_seed42,42,104,3,False,False,True,0.8128,0.0,-0.10404701,0.1630554,-6.432510417653248e-07,0.00018086418276652694,0.00018086531781591475,7e267c0bf303542b
2,day2_n8_softmax_seed42,42,104,4,False,False,True,0.814,0.0,-0.27698362,-0.39801708,-2.401663721229852e-07,0.00019142890232615173,0.00019142906239721924,7e267c0bf303542b
2,day2_n8_softmax_seed42,42,104,5,False,False,True,0.8112,0.0,-0.113901764,-0.63002527,-7.962304948705423e-07,0.0001936139742610976,0.00019361561862751842,7e267c0bf303542b
2,day2_n8_softmax_seed42,42,104,6,False,False,True,0.8172,0.0,-0.032182027,0.070488326,-4.950293828187569e-07,0.00018074615218210965,0.0001807468361221254,7e267c0bf303542b
2,day2_n8_softmax_seed42,42,104,7,False,False,True,0.7976,0.0,1.2892654,0.050779063,-8.349150562025898e-07,0.0002989763452205807,0.00029897750937379897,7e267c0bf303542b
2,day2_n8_softmax_seed42,42,105,0,False,False,True,0.8108,0.0,0.14823765,-0.33531108,-1.9589444377743348e-07,0.00019116907787974924,0.00019116917974315584,7e267c0bf303542b
2,day2_n8_softmax_seed42,42,105,1,False,False,True,0.8178,0.0,0.15045139,-0.4230218,-2.5734377118169505e-07,0.00019035532022826374,0.00019035549485124648,7e267c0bf303542b
2,day2_n8_softmax_seed42,42,105,2,False,False,True,0.817,0.0,0.15735738,-0.18675134,-2.985631510910025e-07,0.0001867182581918314,0.0001867185055743903,7e267c0bf303542b
2,day2_n8_softmax_seed42,42,105,3,False,False,True,0.8144,0.0,0.116390206,0.23868872,-7.035808948785416e-07,0.00018401595298200846,0.0001840173063101247,7e267c0bf303542b
2,day2_n8_softmax_seed42,42,105,4,False,False,True,0.8176,0.0,0.1717428,-0.068920635,-4.874279966315953e-07,0.00018371747864875942,0.0001837181334849447,7e267c0bf303542b
2,day2_n8_softmax_seed42,42,105,5,False,False,True,0.8182,0.0,0.19214647,0.68158615,-4.4152537270747416e-07,0.00019103233353234828,0.00019103284284938127,7e267c0bf303542b
2,day2_n8_softmax_seed42,42,105,6,False,False,True,0.814,0.0,0.13853541,0.07959053,-4.885065436610603e-07,0.00018641880888026208,0.00018641944916453212,7e267c0bf303542b
2,day2_n8_softmax_seed42,42,105,7,False,False,True,0.8068,0.0,-1.0748607,0.014139724,9.28181520976068e-07,0.00024600286269560456,0.0002460046380292624,7e267c0bf303542b
2,day2_n8_softmax_seed42,42,106,0,False,False,True,0.809,0.0,0.00024885105,-0.049156476,-2.267033636371707e-07,0.00018923651077784598,0.00018923664174508303,7e267c0bf303542b
2,day2_n8_softmax_seed42,42,106,1,False,False,True,0.8118,0.0,0.88989794,-0.46655485,8.711886607670749e-07,0.00022691456251777709,0.00022691623598802835,7e267c0bf303542b
2,day2_n8_softmax_seed42,42,106,2,False,False,True,0.8106,0.0,-0.13127868,-0.13279203,-3.8588260053984413e-07,0.00019891512056346983,0.00019891548436135054,7e267c0bf303542b
2,day2_n8_softmax_seed42,42,106,3,False,False,True,0.8098,0.0,-0.21840228,0.067253865,-8.346406730197486e-07,0.00019124259415548295,0.0001912444131448865,7e267c0bf303542b
2,day2_n8_softmax_seed42,42,106,4,False,False,True,0.812,0.0,-0.37922382,-0.032149427,-7.07967160451517e-07,0.00020485965069383383,0.000204860873054713,7e267c0bf303542b
2,day2_n8_softmax_seed42,42,106,5,False,False,True,0.8028,0.0,0.3569254,0.89508027,-4.001875311132608e-07,0.00021852244390174747,0.00021852279314771295,7e267c0bf303542b
2,day2_n8_softmax_seed42,42,106,6,False,False,True,0.8156,0.0,-0.29610413,-0.24627449,-3.5933334174842457e-07,0.0001995107886614278,0.00019951110880356282,7e267c0bf303542b
2,day2_n8_softmax_seed42,42,106,7,False,False,True,0.8058,0.0,-0.22206363,-0.035406824,-4.549375489659724e-07,0.00019802882161457092,0.00019802934548351914,7e267c0bf303542b
2,day2_n8_softmax_seed42,42,107,0,False,False,True,0.8096,0.0,-0.16423883,-0.12115321,-1.4401244641248923e-07,0.0001949434372363612,0.0001949434808921069,7e267c0bf303542b
2,day2_n8_softmax_seed42,42,107,1,False,False,True,0.8166,0.0,-0.101131536,-0.048649672,-2.9524323963414645e-07,0.00019691840861923993,0.00019691862689796835,7e267c0bf303542b
2,day2_n8_softmax_seed42,42,107,2,False,False,True,0.8034,0.0,-0.53208405,-0.56010324,-9.48983654325275e-07,0.00024471688084304333,0.0002447187143843621,7e267c0bf303542b
2,day2_n8_softmax_seed42,42,107,3,False,False,True,0.8172,0.0,-0.2757832,0.07211859,-5.009654273635533e-07,0.00021669208945240825,0.0002166926715290174,7e267c0bf303542b
2,day2_n8_softmax_seed42,42,107,4,False,False,True,0.8178,0.0,-0.17552422,-0.15106164,-5.485612177835719e-07,0.0001970488956430927,0.00019704965234268457,7e267c0bf303542b
2,day2_n8_softmax_seed42,42,107,5,False,False,True,0.8136,0.0,-0.16760868,-0.025189107,-2.8186724421175313e-07,0.00020669779041782022,0.0002066979941446334,7e267c0bf303542b
2,day2_n8_softmax_seed42,42,107,6,False,False,True,0.8018,0.0,1.4824287,-0.17991048,8.86076577444328e-07,0.0003314501082058996,0.00033145127235911787,7e267c0bf303542b
2,day2_n8_softmax_seed42,42,107,7,False,False,True,0.8126,0.0,-0.0660619,1.0139487,2.3380900415759243e-07,0.0002515426022000611,0.0002515427186153829,7e267c0bf303542b
2,day2_n8_softmax_seed42,42,108,0,False,False,True,0.8162,0.0,0.22523469,-0.074904844,2.788725055324903e-07,0.00023454056645277888,0.00023454074107576162,7e267c0bf303542b
2,day2_n8_softmax_seed42,42,108,1,False,False,True,0.7612,0.0,-4.6003666,0.3766144,3.1591623610438546e-06,0.0010387740330770612,0.001038778806105256,7e267c0bf303542b
2,day2_n8_softmax_seed42,42,108,2,False,False,True,0.8156,0.0,0.11655397,-0.06674297,-4.625297034266396e-09,0.0002100316050928086,0.00021003161964472383,7e267c0bf303542b
2,day2_n8_softmax_seed42,42,108,3,False,False,True,0.771,0.0,0.49412802,-0.050860044,3.587731214338419e-07,0.0002968240878544748,0.000296824291581288,7e267c0bf303542b
2,day2_n8_softmax_seed42,42,108,4,False,False,True,0.8088,0.0,0.42479074,-0.105697416,1.502517648077628e-07,0.00024156708968803287,0.00024156713334377855,7e267c0bf303542b
2,day2_n8_softmax_seed42,42,108,5,False,False,True,0.8124,0.0,0.26528087,-0.078364134,-7.508581347792642e-07,0.00020466107525862753,0.00020466245769057423,7e267c0bf303542b
2,day2_n8_softmax_seed42,42,108,6,False,False,True,0.7564,0.0,2.0039442,1.9797571,-3.0389512630790705e-06,0.0006169711123220623,0.0006169785629026592,7e267c0bf303542b
2,day2_n8_softmax_seed42,42,108,7,False,False,True,0.747,0.0,1.070449,-1.979813,2.775208940875018e-06,0.00052697240607813,0.0005269797402434051,7e267c0bf303542b
2,day2_n8_softmax_seed42,42,109,0,False,False,True,0.8134,0.0,1.3136852,0.071136996,-6.479983198914852e-07,0.00029209343483671546,0.0002920941333286464,7e267c0bf303542b
2,day2_n8_softmax_seed42,42,109,1,False,False,True,0.8058,0.0,-0.16384615,-1.0147887,-1.4033439299510064e-07,0.00023113035422284156,0.00023113041243050247,7e267c0bf303542b
2,day2_n8_softmax_seed42,42,109,2,False,False,True,0.7782,0.0,-0.18178292,0.2511042,-5.839305003974005e-07,0.0002149269712390378,0.00021492775704246014,7e267c0bf303542b
2,day2_n8_softmax_seed42,42,109,3,False,False,True,0.813,0.0,-0.18678597,0.1669271,-8.296761393467023e-07,0.0002146263577742502,0.00021462795848492533,7e267c0bf303542b
2,day2_n8_softmax_seed42,42,109,4,False,False,True,0.8144,0.0,-0.023969846,-0.10561278,-3.9256588024727535e-07,0.00020159524865448475,0.00020159562700428069,7e267c0bf303542b
2,day2_n8_softmax_seed42,42,109,5,False,False,True,0.8188,0.0,-0.3280554,0.3913427,-6.362061100162464e-08,0.0002230331883765757,0.00022303320292849094,7e267c0bf303542b
2,day2_n8_softmax_seed42,42,109,6,False,False,True,0.8028,0.0,-0.263487,0.17681745,-3.050659245218412e-07,0.00021864361769985408,0.0002186438359785825,7e267c0bf303542b
2,day2_n8_softmax_seed42,42,109,7,False,False,True,0.81,0.0,-0.16575994,0.063073345,-1.6807807412533293e-07,0.000207371442229487,0.0002073714858852327,7e267c0bf303542b
2,day2_n8_softmax_seed42,42,110,0,False,False,True,0.8162,0.0,0.08335662,0.5818922,-2.2482531392142846e-08,0.00021409087639767677,0.000214090890949592,7e267c0bf303542b
2,day2_n8_softmax_seed42,42,110,1,False,False,True,0.8114,0.0,-1.0696995,0.022298638,8.754368536756374e-07,0.0002479588729329407,0.00024796038633212447,7e267c0bf303542b
2,day2_n8_softmax_seed42,42,110,2,False,False,True,0.8126,0.0,0.16900428,0.5035558,1.82801827008916e-07,0.00021502995514310896,0.0002150300279026851,7e267c0bf303542b
2,day2_n8_softmax_seed42,42,110,3,False,False,True,0.816,0.0,0.1431654,-0.1848258,-3.292886390227068e-07,0.00019744932069443166,0.00019744958262890577,7e267c0bf303542b
2,day2_n8_softmax_seed42,42,110,4,False,False,True,0.814,0.0,0.05832009,-0.69616413,-7.288726351362129e-07,0.00021473255765158683,0.00021473380911629647,7e267c0bf303542b
2,day2_n8_softmax_seed42,42,110,5,False,False,True,0.8138,0.0,0.11956821,-0.1204257,-7.305856115635834e-07,0.0002020682586589828,0.00020206956833135337,7e267c0bf303542b
2,day2_n8_softmax_seed42,42,110,6,False,False,True,0.8194,0.0,0.33805808,-0.063783534,-3.976547304773703e-07,0.0002053013740805909,0.00020530175243038684,7e267c0bf303542b
2,day2_n8_softmax_seed42,42,110,7,False,False,True,0.8134,0.0,0.15822792,-0.042547334,-4.772048214363167e-07,0.0001965338014997542,0.00019653438357636333,7e267c0bf303542b
2,day2_n8_softmax_seed42,42,111,0,False,False,True,0.8174,0.0,0.19311453,0.1874455,3.713179541620093e-09,0.00022015681315679103,0.00022015682770870626,7e267c0bf303542b
2,day2_n8_softmax_seed42,42,111,1,False,False,True,0.809,0.0,0.20955506,0.924343,1.971948648815669e-07,0.0002290931879542768,0.00022909327526576817,7e267c0bf303542b
2,day2_n8_softmax_seed42,42,111,2,False,False,True,0.8098,0.0,0.20530537,-0.32053027,-1.4009614801580028e-07,0.0002165583282476291,0.0002165583719033748,7e267c0bf303542b
2,day2_n8_softmax_seed42,42,111,3,False,False,True,0.7644,0.0,-1.2607806,0.017917044,-1.9700595998983772e-07,0.00029139529215171933,0.00029139535035938025,7e267c0bf303542b
2,day2_n8_softmax_seed42,42,111,4,False,False,True,0.8114,0.0,0.16657124,-0.17948098,-5.632114152831491e-07,0.00021381383703555912,0.00021381457918323576,7e267c0bf303542b
2,day2_n8_softmax_seed42,42,111,5,False,False,True,0.815,0.0,0.08734602,-0.13326725,-8.902439958546893e-07,0.0002099339326377958,0.00020993583893869072,7e267c0bf303542b
2,day2_n8_softmax_seed42,42,111,6,False,False,True,0.8202,0.0,0.19570151,-0.12048089,-5.00461226238258e-07,0.00020516336371656507,0.00020516397489700466,7e267c0bf303542b
2,day2_n8_softmax_seed42,42,111,7,False,False,True,0.8152,0.0,0.20318943,-0.37594625,3.783654562994343e-07,0.00021356310753617436,0.00021356342767830938,7e267c0bf303542b
2,day2_n8_softmax_seed42,42,112,0,False,False,True,0.8138,0.0,0.2530556,0.08785422,-2.4570547907387663e-07,0.00020504950953181833,0.00020504966960288584,7e267c0bf303542b
2,day2_n8_softmax_seed42,42,112,1,False,False,True,0.8076,0.0,-1.9972248,0.16653772,1.5431767224072246e-06,0.00046507405932061374,0.000465076562250033,7e267c0bf303542b
2,day2_n8_softmax_seed42,42,112,2,False,False,True,0.8128,0.0,0.29521525,0.10481034,-1.9893039393537038e-07,0.00021211504645179957,0.0002121151192113757,7e267c0bf303542b
2,day2_n8_softmax_seed42,42,112,3,False,False,True,0.81,0.0,0.56188875,0.34206393,-2.3416905037265678e-07,0.00023095778306014836,0.00023095791402738541,7e267c0bf303542b
2,day2_n8_softmax_seed42,42,112,4,False,False,True,0.8166,0.0,0.25477454,0.09122068,-1.9004778550879564e-07,0.00021088279027026147,0.00021088287758175284,7e267c0bf303542b
2,day2_n8_softmax_seed42,42,112,5,False,False,True,0.7952,0.0,0.019052414,-1.057908,-3.3271149391111976e-07,0.00024598356685601175,0.00024598377058282495,7e267c0bf303542b
2,day2_n8_softmax_seed42,42,112,6,False,False,True,0.8184,0.0,0.21795325,0.117096774,-9.961127744873011e-08,0.00020715633581858128,0.0002071563503704965,7e267c0bf303542b
2,day2_n8_softmax_seed42,42,112,7,False,False,True,0.8078,0.0,0.39529,0.14832361,-2.264194591816704e-07,0.00020492087060119957,0.00020492100156843662,7e267c0bf303542b
2,day2_n8_softmax_seed42,42,113,0,False,False,True,0.797,0.0,-0.0350348,-1.2662781,-5.531314286599809e-07,0.000290536176180467,0.00029053670004941523,7e267c0bf303542b
2,day2_n8_softmax_seed42,42,113,1,False,False,True,0.8156,0.0,0.20367828,0.13453491,7.928382501631859e-07,0.0002146114275092259,0.00021461289725266397,7e267c0bf303542b
2,day2_n8_softmax_seed42,42,113,2,False,False,True,0.8072,0.0,0.25780085,0.17069486,-2.1331706534510886e-07,0.00021362640836741775,0.00021362651023082435,7e267c0bf303542b
2,day2_n8_softmax_seed42,42,113,3,False,False,True,0.8152,0.0,0.41342446,0.1727691,-2.3978845575811647e-08,0.00022484507644549012,0.00022484507644549012,7e267c0bf303542b
2,day2_n8_softmax_seed42,42,113,4,False,False,True,0.81,0.0,0.072874635,0.25794816,-3.2595855259387463e-07,0.00022070154955144972,0.0002207017969340086,7e267c0bf303542b
2,day2_n8_softmax_seed42,42,113,5,False,False,True,0.7888,0.0,-1.3170414,0.20623115,-1.4259480849432293e-06,0.00031090661650523543,0.00031090984703041613,7e267c0bf303542b
2,day2_n8_softmax_seed42,42,113,6,False,False,True,0.8228,0.0,0.20514072,0.17908783,-1.5146355281103752e-07,0.00020868214778602123,0.00020868220599368215,7e267c0bf303542b
2,day2_n8_softmax_seed42,42,113,7,False,False,True,0.8148,0.0,0.19915983,0.1450137,-1.0106522552177921e-07,0.00020740095351357013,0.0002074009826174006,7e267c0bf303542b
2,day2_n8_softmax_seed42,42,114,0,False,False,True,0.7994,0.0,1.612924,-0.10091806,7.598200681968592e-07,0.00037182564847171307,0.00037182640517130494,7e267c0bf303542b
2,day2_n8_softmax_seed42,42,114,1,False,False,True,0.8142,0.0,-0.2445476,-0.11539407,5.74445309098337e-08,0.00021855137310922146,0.00021855137310922146,7e267c0bf303542b
2,day2_n8_softmax_seed42,42,114,2,False,False,True,0.8162,0.0,-0.24376003,0.26172492,-1.6246495704308472e-07,0.00022782752057537436,0.0002278275933349505,7e267c0bf303542b
2,day2_n8_softmax_seed42,42,114,3,False,False,True,0.8164,0.0,-0.20851372,0.009458031,-6.785613777537947e-07,0.00021550543897319585,0.00021550651581492275,7e267c0bf303542b
2,day2_n8_softmax_seed42,42,114,4,False,False,True,0.8052,0.0,-0.10662282,0.8142821,1.9297837638987403e-07,0.0002317469916306436,0.00023174706439021975,7e267c0bf303542b
2,day2_n8_softmax_seed42,42,114,5,False,False,True,0.812,0.0,-0.25298002,-0.22208631,-7.548782718913571e-07,0.0002184716722695157,0.00021847296738997102,7e267c0bf303542b
2,day2_n8_softmax_seed42,42,114,6,False,False,True,0.8132,0.0,-0.20137551,0.0076148077,-6.52079336305178e-07,0.0002125063765561208,0.00021250738063827157,7e267c0bf303542b
2,day2_n8_softmax_seed42,42,114,7,False,False,True,0.8184,0.0,-0.3551269,-0.6546819,1.4810761683747842e-07,0.00022590853041037917,0.00022590857406612486,7e267c0bf303542b
2,day2_n8_softmax_seed42,42,115,0,False,False,True,0.8148,0.0,0.20596309,0.119314626,-5.93045342611731e-07,0.0002178232534788549,0.00021782406838610768,7e267c0bf303542b
2,day2_n8_softmax_seed42,42,115,1,False,False,True,0.8136,0.0,0.23123616,0.5335645,-1.0639892167318976e-07,0.00022531108697876334,0.0002253111160825938,7e267c0bf303542b
2,day2_n8_softmax_seed42,42,115,2,False,False,True,0.8132,0.0,0.24353024,0.12102375,-3.504166556922428e-08,0.00022032161359675229,0.00022032162814866751,7e267c0bf303542b
2,day2_n8_softmax_seed42,42,115,3,False,False,True,0.81,0.0,-1.3189291,0.05445816,-3.6023726579514914e-07,0.0003051456587854773,0.00030514589161612093,7e267c0bf303542b
2,day2_n8_softmax_seed42,42,115,4,False,False,True,0.8222,0.0,0.19897637,0.38259813,-3.834063875274296e-07,0.00022356623958330601,0.00022356655972544104,7e267c0bf303542b
2,day2_n8_softmax_seed42,42,115,5,False,False,True,0.8118,0.0,0.098144315,-0.52018446,-3.037589522136841e-07,0.00022651896870229393,0.00022651918698102236,7e267c0bf303542b
2,day2_n8_softmax_seed42,42,115,6,False,False,True,0.815,0.0,0.18904091,-0.69322276,-2.5996675390160817e-07,0.00022630328021477908,0.0002263034402858466,7e267c0bf303542b
2,day2_n8_softmax_seed42,42,115,7,False,False,True,0.82,0.0,0.15204081,0.0024483006,-1.1574209679565683e-07,0.0002087559551000595,0.0002087559987558052,7e267c0bf303542b
2,day2_n8_softmax_seed42,42,116,0,False,False,True,0.815,0.0,0.45447606,0.155934,-5.975523436063668e-07,0.00022071844432502985,0.0002207192446803674,7e267c0bf303542b
2,day2_n8_softmax_seed42,42,116,1,False,False,True,0.815,0.0,0.4331098,0.101524234,2.731374415532173e-08,0.00022256479132920504,0.0002225648204330355,7e267c0bf303542b
2,day2_n8_softmax_seed42,42,116,2,False,False,True,0.818,0.0,0.43198332,0.23670779,-1.9654099503441103e-07,0.00022488141257781535,0.00022488151444122195,7e267c0bf303542b
2,day2_n8_softmax_seed42,42,116,3,False,False,True,0.8132,0.0,0.47205758,0.2205537,-1.5517247220486752e-07,0.0002305045200046152,0.0002305045782122761,7e267c0bf303542b
2,day2_n8_softmax_seed42,42,116,4,False,False,True,0.8176,0.0,0.0878984,-1.1157249,-3.3185904158017365e-07,0.0002577006525825709,0.0002577008563093841,7e267c0bf303542b
2,day2_n8_softmax_seed42,42,116,5,False,False,True,0.8166,0.0,0.44675684,0.147178,-4.959693455930392e-07,0.00022905856894794852,0.00022905910736881196,7e267c0bf303542b
2,day2_n8_softmax_seed42,42,116,6,False,False,True,0.821,0.0,0.36807564,0.12898193,-2.403886014690215e-07,0.00021450535859912634,0.0002145054895663634,7e267c0bf303542b
2,day2_n8_softmax_seed42,42,116,7,False,False,True,0.5386,0.0,-2.6943452,0.12484096,2.5832282517512795e-06,0.0006334250792860985,0.0006334303761832416,7e267c0bf303542b
2,day2_n8_softmax_seed42,42,117,0,False,False,True,0.8198,0.0,0.26931047,-0.39691994,1.2131162918649352e-07,0.00022773088130634278,0.00022773091041017324,7e267c0bf303542b
2,day2_n8_softmax_seed42,42,117,1,False,False,True,0.818,0.0,0.016434992,-0.15737887,3.818191771642887e-07,0.00022785946202930063,0.00022785978217143565,7e267c0bf303542b
2,day2_n8_softmax_seed42,42,117,2,False,False,True,0.809,0.0,-0.922628,-0.44015217,-4.422247457114281e-08,0.00024651680723764,0.00024651680723764,7e267c0bf303542b
2,day2_n8_softmax_seed42,42,117,3,False,False,True,0.82,0.0,0.61678153,-0.0004883509,-3.406759674362547e-07,0.00023452937602996826,0.00023452963796444237,7e267c0bf303542b
2,day2_n8_softmax_seed42,42,117,4,False,False,True,0.814,0.0,-0.35376462,0.8406369,-6.571729613824573e-07,0.00023357901955023408,0.00023357993632089347,7e267c0bf303542b
2,day2_n8_softmax_seed42,42,117,5,False,False,True,0.8236,0.0,0.0904774,0.3796214,-6.43358362140134e-07,0.0002297768514836207,0.0002297777682542801,7e267c0bf303542b
2,day2_n8_softmax_seed42,42,117,6,False,False,True,0.8192,0.0,0.123888515,-0.07482184,2.8055862344444904e-07,0.00021910267241764814,0.00021910284704063088,7e267c0bf303542b
2,day2_n8_softmax_seed42,42,117,7,False,False,True,0.8134,0.0,0.15950015,-0.150497,1.9146978047501761e-07,0.000222720205783844,0.0002227203076472506,7e267c0bf303542b
2,day2_n8_softmax_seed42,42,118,0,False,False,True,0.8172,0.0,0.21319924,0.23010121,-4.967569111613557e-07,0.0002341409563086927,0.00023414148017764091,7e267c0bf303542b
2,day2_n8_softmax_seed42,42,118,1,False,False,True,0.8116,0.0,-1.2060925,0.38733128,4.138534848152631e-08,0.00028967062826268375,0.00028967062826268375,7e267c0bf303542b
2,day2_n8_softmax_seed42,42,118,2,False,False,True,0.8204,0.0,0.2153634,0.15623508,-4.6352436555707754e-08,0.00022997721680440009,0.00022997720225248486,7e267c0bf303542b
2,day2_n8_softmax_seed42,42,118,3,False,False,True,0.7944,0.0,-0.24871771,-1.073885,-7.488885103157372e-07,0.0002571817603893578,0.0002571828372310847,7e267c0bf303542b
2,day2_n8_softmax_seed42,42,118,4,False,False,True,0.8202,0.0,0.21228413,0.09245895,-4.583912982525362e-08,0.00023139850236475468,0.00023139850236475468,7e267c0bf303542b
2,day2_n8_softmax_seed42,42,118,5,False,False,True,0.816,0.0,0.20868418,-0.044235814,-6.070827112125698e-07,0.00023831780708860606,0.00023831857834011316,7e267c0bf303542b
2,day2_n8_softmax_seed42,42,118,6,False,False,True,0.817,0.0,0.41513738,0.26243806,-1.7050129486051446e-07,0.000234939536312595,0.00023493960907217115,7e267c0bf303542b
2,day2_n8_softmax_seed42,42,118,7,False,False,True,0.8134,0.0,0.19014265,-0.010444048,4.142785599015042e-07,0.00022692291531711817,0.0002269232936669141,7e267c0bf303542b
2,day2_n8_softmax_seed42,42,119,0,False,False,True,0.8182,0.0,-0.039676726,0.12818636,-9.17559930257994e-07,0.00023258564760908484,0.00023258745204657316,7e267c0bf303542b
2,day2_n8_softmax_seed42,42,119,1,False,False,True,0.8164,0.0,0.47521546,0.16478851,2.308851918542132e-07,0.0002332976000616327,0.00023329771647695452,7e267c0bf303542b
2,day2_n8_softmax_seed42,42,119,2,False,False,True,0.82,0.0,-0.54557675,0.71520746,-2.900048343690287e-07,0.00023902546672616154,0.00023902564134914428,7e267c0bf303542b
2,day2_n8_softmax_seed42,42,119,3,False,False,True,0.8196,0.0,0.15662953,0.020750385,-3.9745705748828186e-07,0.00022550520952790976,0.00022550557332579046,7e267c0bf303542b
2,day2_n8_softmax_seed42,42,119,4,False,False,True,0.821,0.0,0.06666672,0.1373384,1.085364758068863e-07,0.000224206960410811,0.00022420698951464146,7e267c0bf303542b
2,day2_n8_softmax_seed42,42,119,5,False,False,True,0.8136,0.0,-0.24689995,-0.09753095,-5.069572921456711e-07,0.0002359009813517332,0.00023590151977259666,7e267c0bf303542b
2,day2_n8_softmax_seed42,42,119,6,False,False,True,0.8114,0.0,-0.5479955,-0.82055616,-1.0903499969572295e-06,0.00024142242909874767,0.0002414249029243365,7e267c0bf303542b
2,day2_n8_softmax_seed42,42,119,7,False,False,True,0.8158,0.0,0.6816369,-0.24818353,-5.275755370348634e-07,0.00023464848345611244,0.00023464909463655204,7e267c0bf303542b
2,day2_n8_softmax_seed42,42,120,0,False,False,True,0.8192,0.0,0.31051347,-0.1480589,-1.0139609685211326e-07,0.00024290640430990607,0.00024290643341373652,7e267c0bf303542b
2,day2_n8_softmax_seed42,42,120,1,False,False,True,0.8114,0.0,0.1736251,-0.44637665,8.00171903847513e-07,0.00024360633688047528,0.00024360764655284584,7e267c0bf303542b
2,day2_n8_softmax_seed42,42,120,2,False,False,True,0.8168,0.0,0.013706277,-0.16298209,4.013046464024228e-07,0.00023055268684402108,0.00023055303608998656,7e267c0bf303542b
2,day2_n8_softmax_seed42,42,120,3,False,False,True,0.8086,0.0,-0.86935633,0.67778957,-5.290215199238446e-07,0.0002667088701855391,0.00026670939405448735,7e267c0bf303542b
2,day2_n8_softmax_seed42,42,120,4,False,False,True,0.8186,0.0,0.74490863,0.79372877,-3.4031646123366954e-07,0.0002618081052787602,0.0002618083090055734,7e267c0bf303542b
2,day2_n8_softmax_seed42,42,120,5,False,False,True,0.818,0.0,0.21562105,-0.2735978,6.83755047248269e-07,0.00024570254026912153,0.0002457035006955266,7e267c0bf303542b
2,day2_n8_softmax_seed42,42,120,6,False,False,True,0.8104,0.0,0.01935082,-0.13588841,-1.9815067275885667e-07,0.0002257443848066032,0.0002257444866700098,7e267c0bf303542b
2,day2_n8_softmax_seed42,42,120,7,False,False,True,0.8108,0.0,-0.6083681,-0.30461517,1.892796177571654e-07,0.00025015449500642717,0.0002501545532140881,7e267c0bf303542b
2,day2_n8_softmax_seed42,42,121,0,False,False,True,0.8224,0.0,0.23050728,0.14392498,-3.9111105820666126e-07,0.0002387797721894458,0.00023878010688349605,7e267c0bf303542b
2,day2_n8_softmax_seed42,42,121,1,False,False,True,0.815,0.0,0.26214978,0.09907513,1.9108722426608438e-07,0.0002396644267719239,0.00023966451408341527,7e267c0bf303542b
2,day2_n8_softmax_seed42,42,121,2,False,False,True,0.8162,0.0,0.26175135,0.28149396,-4.864771767643106e-07,0.00024591584224253893,0.0002459163370076567,7e267c0bf303542b
2,day2_n8_softmax_seed42,42,121,3,False,False,True,0.8052,0.0,-1.8697928,-0.06960097,-1.2860942888437421e-06,0.0004286503535695374,0.00042865227442234755,7e267c0bf303542b
2,day2_n8_softmax_seed42,42,121,4,False,False,True,0.817,0.0,0.22120045,0.2834389,-3.2028432883635105e-07,0.00024904950987547636,0.00024904971360228956,7e267c0bf303542b
2,day2_n8_softmax_seed42,42,121,5,False,False,True,0.8138,0.0,0.330269,0.1019817,-5.947769636804878e-07,0.00025925697991624475,0.0002592576784081757,7e267c0bf303542b
2,day2_n8_softmax_seed42,42,121,6,False,False,True,0.8224,0.0,0.36315104,-1.174009,2.897342028518324e-07,0.00027024734299629927,0.000270247517619282,7e267c0bf303542b
2,day2_n8_softmax_seed42,42,121,7,False,False,True,0.8166,0.0,0.20076741,0.33369568,-1.409606653623996e-07,0.0002428293664706871,0.00024282941012643278,7e267c0bf303542b
2,day2_n8_softmax_seed42,42,122,0,False,False,True,0.8202,0.0,0.24915175,0.15453461,-5.1314781757128e-08,0.00023493151820730418,0.0002349315327592194,7e267c0bf303542b
2,day2_n8_softmax_seed42,42,122,1,False,False,True,0.805,0.0,0.22981866,0.36247838,-3.580071847864019e-07,0.0002472276974003762,0.0002472279593348503,7e267c0bf303542b
2,day2_n8_softmax_seed42,42,122,2,False,False,True,0.8092,0.0,0.3832755,0.27739364,-2.0529475364128302e-07,0.00024152793048415333,0.0002415280177956447,7e267c0bf303542b
2,day2_n8_softmax_seed42,42,122,3,False,False,True,0.8076,0.0,0.10608497,-0.14185137,5.458299057181648e-08,0.0002490284969098866,0.00024902852601371706,7e267c0bf303542b
2,day2_n8_softmax_seed42,42,122,4,False,False,True,0.8142,0.0,-0.24823718,-1.0743632,6.77422988815124e-08,0.0002674947027117014,0.0002674947027117014,7e267c0bf303542b
2,day2_n8_softmax_seed42,42,122,5,False,False,True,0.8148,0.0,0.23131001,-0.05156064,-6.262661145228776e-07,0.0002442296827211976,0.0002442304976284504,7e267c0bf303542b
2,day2_n8_softmax_seed42,42,122,6,False,False,True,0.8198,0.0,0.2662291,0.07314705,-3.286104401922785e-07,0.00023208744823932648,0.00023208769562188536,7e267c0bf303542b
2,day2_n8_softmax_seed42,42,122,7,False,False,True,0.7328,0.0,-1.2176305,0.40022078,-4.9004754032466735e-08,0.0002994361275341362,0.0002994361275341362,7e267c0bf303542b
2,day2_n8_softmax_seed42,42,123,0,False,False,True,0.8226,0.0,-1.1370174,0.13911837,2.3897419509921747e-07,0.00029243584140203893,0.0002924359287135303,7e267c0bf303542b
2,day2_n8_softmax_seed42,42,123,1,False,False,True,0.8176,0.0,-0.036204025,0.08907945,5.083436462882673e-07,0.000247932126512751,0.0002479326503816992,7e267c0bf303542b
2,day2_n8_softmax_seed42,42,123,2,False,False,True,0.8132,0.0,-0.12736921,-0.49734294,-6.290063083724817e-07,0.0002608527720440179,0.0002608535287436098,7e267c0bf303542b
2,day2_n8_softmax_seed42,42,123,3,False,False,True,0.815,0.0,0.24885613,0.46934545,-5.910155778110493e-07,0.00027419146499596536,0.0002741921052802354,7e267c0bf303542b
2,day2_n8_softmax_seed42,42,123,4,False,False,True,0.8214,0.0,-0.085319035,0.0042056604,-3.3561920531610667e-07,0.0002461999247316271,0.00024620015756227076,7e267c0bf303542b
2,day2_n8_softmax_seed42,42,123,5,False,False,True,0.8146,0.0,-0.09284888,0.14249636,-4.7036513706189e-07,0.0002501566777937114,0.0002501571143511683,7e267c0bf303542b
2,day2_n8_softmax_seed42,42,123,6,False,False,True,0.7834,0.0,0.7504981,0.5944591,-4.1354087443323806e-07,0.00028450964600779116,0.0002845099661499262,7e267c0bf303542b
2,day2_n8_softmax_seed42,42,123,7,False,False,True,0.7994,0.0,0.47940305,-0.9413614,-1.340022066642632e-07,0.00028788845520466566,0.0002878884843084961,7e267c0bf303542b
2,day2_n8_softmax_seed42,42,124,0,False,False,True,0.822,0.0,0.123215035,-0.29840395,-3.5569956935432856e-07,0.00024127487267833203,0.00024127513461280614,7e267c0bf303542b
2,day2_n8_softmax_seed42,42,124,1,False,False,True,0.8134,0.0,-0.5174087,0.13129339,6.335795319500903e-07,0.00028956029564142227,0.0002895610232371837,7e267c0bf303542b
2,day2_n8_softmax_seed42,42,124,2,False,False,True,0.8156,0.0,0.1513911,-0.31679726,5.6785125934766256e-08,0.0002450198517180979,0.0002450198517180979,7e267c0bf303542b
2,day2_n8_softmax_seed42,42,124,3,False,False,True,0.807,0.0,1.1984706,0.9024912,-2.446448945647717e-07,0.0003383251605555415,0.00033832527697086334,7e267c0bf303542b
2,day2_n8_softmax_seed42,42,124,4,False,False,True,0.8168,0.0,-1.1296757,0.8086126,-2.5977760742534883e-07,0.00034547908580861986,0.0003454791731201112,7e267c0bf303542b
2,day2_n8_softmax_seed42,42,124,5,False,False,True,0.8198,0.0,0.14191957,-0.29170632,-5.996504341965192e-07,0.000251964433118701,0.00025196513161063194,7e267c0bf303542b
2,day2_n8_softmax_seed42,42,124,6,False,False,True,0.8262,0.0,0.120535396,-0.2718997,-2.1987858644934022e-07,0.00023611025244463235,0.00023611036885995418,7e267c0bf303542b
2,day2_n8_softmax_seed42,42,124,7,False,False,True,0.8182,0.0,-0.088447854,-0.6635924,5.326817813511298e-07,0.00030187726952135563,0.0003018777060788125,7e267c0bf303542b
2,day2_n8_softmax_seed42,42,125,0,False,False,True,0.8188,0.0,0.2901764,-0.45107448,-4.540342501968553e-07,0.00025663262931630015,0.00025663303676992655,7e267c0bf303542b
2,day2_n8_softmax_seed42,42,125,1,False,False,True,0.724,0.0,-1.7876872,-0.26734024,2.3441802454726712e-07,0.0004232996725477278,0.00042329973075538874,7e267c0bf303542b
2,day2_n8_softmax_seed42,42,125,2,False,False,True,0.8234,0.0,0.30376866,-0.2465498,2.81827880144192e-07,0.000258682674029842,0.00025868284865282476,7e267c0bf303542b
2,day2_n8_softmax_seed42,42,125,3,False,False,True,0.8214,0.0,0.3128162,-0.15209088,-1.034360252560873e-06,0.00024467369075864553,0.00024467584444209933,7e267c0bf303542b
2,day2_n8_softmax_seed42,42,125,4,False,False,True,0.821,0.0,0.3497853,-0.15895402,-7.578810823360982e-07,0.0002499065885785967,0.0002499077236279845,7e267c0bf303542b
2,day2_n8_softmax_seed42,42,125,5,False,False,True,0.821,0.0,0.33039084,-0.21862738,-3.4204080634481215e-07,0.0002501403505448252,0.00025014058337546885,7e267c0bf303542b
2,day2_n8_softmax_seed42,42,125,6,False,False,True,0.8134,0.0,0.27667558,0.04748907,-1.865576706450156e-07,0.00025924801593646407,0.00025924810324795544,7e267c0bf303542b
2,day2_n8_softmax_seed42,42,125,7,False,False,True,0.8016,0.0,-0.07591897,1.4471451,1.0611654488457134e-06,0.00034000599407590926,0.0003400076529942453,7e267c0bf303542b
2,day2_n8_softmax_seed42,42,126,0,False,False,True,0.8216,0.0,-0.29030892,-0.16747978,-6.732158226441243e-07,0.00024783494882285595,0.00024783588014543056,7e267c0bf303542b
2,day2_n8_softmax_seed42,42,126,1,False,False,True,0.8122,0.0,-0.17666855,0.5782762,5.141555448062718e-07,0.0002540541172493249,0.00025405464111827314,7e267c0bf303542b
2,day2_n8_softmax_seed42,42,126,2,False,False,True,0.8156,0.0,-0.50476605,0.20949005,-2.447450526688044e-07,0.0002549665223341435,0.00025496663874946535,7e267c0bf303542b
2,day2_n8_softmax_seed42,42,126,3,False,False,True,0.8128,0.0,-0.23415346,-0.3882862,-6.589704071302549e-07,0.0002506003947928548,0.0002506012679077685,7e267c0bf303542b
2,day2_n8_softmax_seed42,42,126,4,False,False,True,0.823,0.0,0.574398,0.77726716,-1.0522955840031045e-08,0.00025941801141016185,0.00025941801141016185,7e267c0bf303542b
2,day2_n8_softmax_seed42,42,126,5,False,False,True,0.8246,0.0,-0.13063383,-0.2791016,-5.341580617823638e-07,0.00025139894569292665,0.0002513995277695358,7e267c0bf303542b
2,day2_n8_softmax_seed42,42,126,6,False,False,True,0.819,0.0,0.9106767,-0.49377385,-1.0909950276527525e-07,0.0002624485641717911,0.0002624485641717911,7e267c0bf303542b
2,day2_n8_softmax_seed42,42,126,7,False,False,True,0.8176,0.0,-0.14854434,-0.23639202,-1.6533809343854955e-07,0.00024320505326613784,0.00024320511147379875,7e267c0bf303542b
2,day2_n8_softmax_seed42,42,127,0,False,False,True,0.4364,0.0,3.0754228,0.25476408,-1.7824784208642086e-06,0.0007079846691340208,0.0007079868810251355,7e267c0bf303542b
2,day2_n8_softmax_seed42,42,127,1,False,False,True,0.8212,0.0,-0.3338935,-0.3533929,2.610600517982675e-07,0.0002600545121822506,0.00026005462859757245,7e267c0bf303542b
2,day2_n8_softmax_seed42,42,127,2,False,False,True,0.8188,0.0,-0.35049215,-0.29059657,4.5624915401276667e-07,0.0002532793441787362,0.0002532797516323626,7e267c0bf303542b
2,day2_n8_softmax_seed42,42,127,3,False,False,True,0.8154,0.0,-0.33027536,-0.37358248,-1.0396939842394204e-06,0.00025299866683781147,0.0002530007914174348,7e267c0bf303542b
2,day2_n8_softmax_seed42,42,127,4,False,False,True,0.7948,0.0,-0.47482514,-0.18584166,-4.567633027363627e-07,0.0002693733258638531,0.00026937370421364903,7e267c0bf303542b
2,day2_n8_softmax_seed42,42,127,5,False,False,True,0.8164,0.0,-0.3276822,-0.3295129,-5.958554538665339e-07,0.00026130949845537543,0.0002613101969473064,7e267c0bf303542b
2,day2_n8_softmax_seed42,42,127,6,False,False,True,0.81,0.0,-0.9151138,1.5461779,-3.710709961524117e-07,0.0003844020830001682,0.0003844022285193205,7e267c0bf303542b
2,day2_n8_softmax_seed42,42,127,7,False,False,True,0.8184,0.0,-0.3431497,-0.26802,2.6727755653155327e-07,0.000242855487158522,0.00024285564722958952,7e267c0bf303542b
2,day2_n8_softmax_seed42,42,128,0,False,False,True,0.817,0.0,0.81479025,-0.18909949,8.48141112896883e-08,0.000262122048297897,0.00026212207740172744,7e267c0bf303542b
2,day2_n8_softmax_seed42,42,128,1,False,False,True,0.8138,0.0,0.6861658,0.11621647,6.55515862035827e-07,0.00028728804318234324,0.0002872887998819351,7e267c0bf303542b
2,day2_n8_softmax_seed42,42,128,2,False,False,True,0.8116,0.0,0.7654266,-0.21971074,4.1158770613947127e-08,0.0002491454069968313,0.0002491454069968313,7e267c0bf303542b
2,day2_n8_softmax_seed42,42,128,3,False,False,True,0.8226,0.0,0.7518806,-0.18991098,-6.666639933428087e-07,0.0002581625303719193,0.0002581633743830025,7e267c0bf303542b
2,day2_n8_softmax_seed42,42,128,4,False,False,True,0.8148,0.0,0.8155737,-0.23676568,-7.034764735180943e-07,0.0002651060640346259,0.00026510702446103096,7e267c0bf303542b
2,day2_n8_softmax_seed42,42,128,5,False,False,True,0.8136,0.0,0.5772519,-0.98965025,-1.3092819699522806e-06,0.00031509133987128735,0.0003150940756313503,7e267c0bf303542b
2,day2_n8_softmax_seed42,42,128,6,False,False,True,0.808,0.0,1.1374788,1.590129,1.7271705701205065e-06,0.00039782191743142903,0.0003978256427217275,7e267c0bf303542b
2,day2_n8_softmax_seed42,42,128,7,False,False,True,0.694,0.0,-5.548541,0.118781775,-1.95368193089962e-06,0.001303225988522172,0.001303227385506034,7e267c0bf303542b
2,day2_n8_softmax_seed42,42,129,0,False,False,True,0.816,0.0,0.20796062,0.33158866,-6.441506457122159e-07,0.00025761366123333573,0.0002576144761405885,7e267c0bf303542b
2,day2_n8_softmax_seed42,42,129,1,False,False,True,0.817,0.0,-1.4852347,-0.011924546,1.8536238144406525e-07,0.00033668638207018375,0.0003366864693816751,7e267c0bf303542b
2,day2_n8_softmax_seed42,42,129,2,False,False,True,0.8158,0.0,0.22109503,0.19551417,-2.5568672867848363e-07,0.0002510474296286702,0.00025104754604399204,7e267c0bf303542b
2,day2_n8_softmax_seed42,42,129,3,False,False,True,0.8124,0.0,0.21173084,0.2611833,-8.328594276463264e-07,0.0002622745232656598,0.00026227583293803036,7e267c0bf303542b
2,day2_n8_softmax_seed42,42,129,4,False,False,True,0.822,0.0,0.28964975,0.22959709,-2.2955819645176234e-07,0.0002602198801469058,0.00026021996745839715,7e267c0bf303542b
2,day2_n8_softmax_seed42,42,129,5,False,False,True,0.8106,0.0,0.22950193,-1.3626045,-1.2850994153268402e-06,0.0003123718488495797,0.0003123744681943208,7e267c0bf303542b
2,day2_n8_softmax_seed42,42,129,6,False,False,True,0.8172,0.0,0.20110255,0.21750702,-3.629506011293415e-07,0.000250191253144294,0.00025019151507876813,7e267c0bf303542b
2,day2_n8_softmax_seed42,42,129,7,False,False,True,0.8104,0.0,0.12419515,0.13913938,3.5551036603465036e-07,0.00026231270749121904,0.00026231291121803224,7e267c0bf303542b
2,day2_n8_softmax_seed42,42,130,0,False,False,True,0.8168,0.0,-0.18831748,0.17784299,-4.279627319192514e-07,0.00026204471942037344,0.0002620450686663389,7e267c0bf303542b
2,day2_n8_softmax_seed42,42,130,1,False,False,True,0.8182,0.0,-0.30520085,0.2067462,-2.740474087659095e-07,0.000266629591351375,0.00026662973687052727,7e267c0bf303542b
2,day2_n8_softmax_seed42,42,130,2,False,False,True,0.6662,0.0,-0.43971074,-1.2849498,-8.094539225567132e-07,0.0003073075495194644,0.00030730862636119127,7e267c0bf303542b
2,day2_n8_softmax_seed42,42,130,3,False,False,True,0.8114,0.0,1.6255765,-0.16329841,3.68953607221556e-07,0.0003724383714143187,0.00037243851693347096,7e267c0bf303542b
2,day2_n8_softmax_seed42,42,130,4,False,False,True,0.8218,0.0,-0.07032249,0.1077381,-5.845936925652495e-07,0.00026926628197543323,0.0002692669222597033,7e267c0bf303542b
2,day2_n8_softmax_seed42,42,130,5,False,False,True,0.8202,0.0,-0.19606532,0.4674846,-2.0114980259222648e-07,0.00027821658295579255,0.0002782166702672839,7e267c0bf303542b
2,day2_n8_softmax_seed42,42,130,6,False,False,True,0.8106,0.0,-0.20203763,0.2578906,-5.776953457825584e-07,0.0002599797153379768,0.00025998035562224686,7e267c0bf303542b
2,day2_n8_softmax_seed42,42,130,7,False,False,True,0.8158,0.0,-0.22392282,0.23054707,3.8105176258795836e-07,0.0002571512886788696,0.00025715157971717417,7e267c0bf303542b
2,day2_n8_softmax_seed42,42,131,0,False,False,True,0.8038,0.0,0.1710556,1.4699569,7.133825761229673e-07,0.0003418759151827544,0.0003418766427785158,7e267c0bf303542b
2,day2_n8_softmax_seed42,42,131,1,False,False,True,0.8112,0.0,0.23477156,-0.080842026,3.2904284807955264e-07,0.0002706877130549401,0.0002706879167817533,7e267c0bf303542b
2,day2_n8_softmax_seed42,42,131,2,False,False,True,0.8182,0.0,0.05771441,-0.1716866,-1.8322403150250466e-08,0.0002698207681532949,0.0002698207681532949,7e267c0bf303542b
2,day2_n8_softmax_seed42,42,131,3,False,False,True,0.8084,0.0,-1.6085012,-0.17989959,-1.1040833669540007e-07,0.0003687436110340059,0.0003687436110340059,7e267c0bf303542b
2,day2_n8_softmax_seed42,42,131,4,False,False,True,0.809,0.0,0.6315966,-0.7297238,1.3424633493741567e-07,0.00030477633117698133,0.0003047763602808118,7e267c0bf303542b
2,day2_n8_softmax_seed42,42,131,5,False,False,True,0.8118,0.0,0.15107979,-0.16957575,-5.579240109909733e-07,0.00027637637685984373,0.00027637695893645287,7e267c0bf303542b
2,day2_n8_softmax_seed42,42,131,6,False,False,True,0.8262,0.0,0.2132461,-0.0749473,-2.7145611625201127e-07,0.0002635264245327562,0.0002635265700519085,7e267c0bf303542b
2,day2_n8_softmax_seed42,42,131,7,False,False,True,0.8148,0.0,0.14903857,-0.063282326,1.0974042652378557e-07,0.0002555956016294658,0.0002555956307332963,7e267c0bf303542b
2,day2_n8_softmax_seed42,42,132,0,False,False,True,0.813,0.0,-0.20337395,-0.35998863,-1.9585355914841784e-07,0.00027810197207145393,0.0002781020593829453,7e267c0bf303542b
2,day2_n8_softmax_seed42,42,132,1,False,False,True,0.8086,0.0,-0.6990443,1.4042317,-8.098930948108318e-07,0.0003571913402993232,0.00035719224251806736,7e267c0bf303542b
2,day2_n8_softmax_seed42,42,132,2,False,False,True,0.818,0.0,-0.18551135,-0.2690213,-2.6159231225619806e-08,0.0002653129049576819,0.00026531287585385144,7e267c0bf303542b
2,day2_n8_softmax_seed42,42,132,3,False,False,True,0.8176,0.0,-0.0939796,-0.34278393,-8.449075039607123e-07,0.00026540071121416986,0.00026540204999037087,7e267c0bf303542b
2,day2_n8_softmax_seed42,42,132,4,False,False,True,0.821,0.0,-0.19951297,-0.19684316,-7.067417868711345e-07,0.00027608053642325103,0.0002760814386419952,7e267c0bf303542b
2,day2_n8_softmax_seed42,42,132,5,False,False,True,0.726,0.0,1.6909747,0.4070472,-2.4965861484815832e-06,0.00039540944271720946,0.00039541732985526323,7e267c0bf303542b
2,day2_n8_softmax_seed42,42,132,6,False,False,True,0.8228,0.0,-0.14256087,-0.35240445,-7.803627681823855e-07,0.0002633479016367346,0.0002633490657899529,7e267c0bf303542b
2,day2_n8_softmax_seed42,42,132,7,False,False,True,0.8122,0.0,-0.1669927,-0.29024065,-9.681281198936631e-08,0.00026167111354880035,0.00026167111354880035,7e267c0bf303542b
2,day2_n8_softmax_seed42,42,133,0,False,False,True,0.8152,0.0,-0.33376214,-0.21600333,-2.0507668807567825e-07,0.00028022678452543914,0.0002802268718369305,7e267c0bf303542b
2,day2_n8_softmax_seed42,42,133,1,False,False,True,0.817,0.0,-0.3280537,-0.019380832,5.439403025775391e-07,0.0002780072973109782,0.0002780078211799264,7e267c0bf303542b
2,day2_n8_softmax_seed42,42,133,2,False,False,True,0.814,0.0,0.18866397,1.2141583,-7.526210765718133e-07,0.00029467837885022163,0.0002946793392766267,7e267c0bf303542b
2,day2_n8_softmax_seed42,42,133,3,False,False,True,0.8034,0.0,1.4726936,-0.33636194,-5.763166086580895e-07,0.00034803562448360026,0.000348036119248718,7e267c0bf303542b
2,day2_n8_softmax_seed42,42,133,4,False,False,True,0.8236,0.0,-0.22076786,0.00040016638,2.8088973635931325e-07,0.00027523518656380475,0.00027523533208295703,7e267c0bf303542b
2,day2_n8_softmax_seed42,42,133,5,False,False,True,0.8112,0.0,-0.30057803,-0.5594338,-5.311804329721781e-07,0.00028492286219261587,0.0002849233278539032,7e267c0bf303542b
2,day2_n8_softmax_seed42,42,133,6,False,False,True,0.8226,0.0,-0.25188422,-0.03534214,6.549930731125642e-08,0.000268831878202036,0.0002688319073058665,7e267c0bf303542b
2,day2_n8_softmax_seed42,42,133,7,False,False,True,0.8126,0.0,-0.22631267,-0.048035238,8.192245815052956e-08,0.00025956254103221,0.00025956254103221,7e267c0bf303542b
2,day2_n8_softmax_seed42,42,134,0,False,False,True,0.82,0.0,-0.0057417946,0.1393381,-2.4109795049298555e-07,0.0002780517388600856,0.00027805185527540743,7e267c0bf303542b
2,day2_n8_softmax_seed42,42,134,1,False,False,True,0.8182,0.0,0.28226253,0.31907505,-3.9492437053922913e-07,0.0002834827173501253,0.0002834829792845994,7e267c0bf303542b
2,day2_n8_softmax_seed42,42,134,2,False,False,True,0.819,0.0,0.08780636,0.8041097,-6.219578381205793e-07,0.000285653630271554,0.0002856542996596545,7e267c0bf303542b
2,day2_n8_softmax_seed42,42,134,3,False,False,True,0.8094,0.0,0.11850807,0.221993,1.6378059797261812e-07,0.0002814606123138219,0.00028146064141765237,7e267c0bf303542b
2,day2_n8_softmax_seed42,42,134,4,False,False,True,0.8138,0.0,0.4941746,-0.9177847,2.3038918328666114e-08,0.0002861248212866485,0.0002861248212866485,7e267c0bf303542b
2,day2_n8_softmax_seed42,42,134,5,False,False,True,0.8166,0.0,-1.2637128,-0.32806325,-4.5869907694395806e-07,0.00029648083727806807,0.00029648118652403355,7e267c0bf303542b
2,day2_n8_softmax_seed42,42,134,6,False,False,True,0.8138,0.0,-0.053771093,0.16727772,-1.8321034644941392e-07,0.0002748280530795455,0.0002748281112872064,7e267c0bf303542b
2,day2_n8_softmax_seed42,42,134,7,False,False,True,0.824,0.0,0.34047338,-0.405946,3.0933006200939417e-07,0.0002839809749275446,0.00028398114955052733,7e267c0bf303542b
2,day2_n8_softmax_seed42,42,135,0,False,False,True,0.8172,0.0,0.34278986,0.08121012,1.1237322183887954e-07,0.00027750557637773454,0.000277505605481565,7e267c0bf303542b
2,day2_n8_softmax_seed42,42,135,1,False,False,True,0.8188,0.0,0.3608912,0.16212867,2.3445578278824541e-07,0.0002752895816229284,0.00027528966893441975,7e267c0bf303542b
2,day2_n8_softmax_seed42,42,135,2,False,False,True,0.8132,0.0,0.3473274,0.13888611,-6.70217517040328e-08,0.0002765775134321302,0.0002765775425359607,7e267c0bf303542b
2,day2_n8_softmax_seed42,42,135,3,False,False,True,0.8154,0.0,0.2752738,0.08952907,-5.687385851160798e-07,0.00027591106481850147,0.00027591167599894106,7e267c0bf303542b
2,day2_n8_softmax_seed42,42,135,4,False,False,True,0.815,0.0,0.39153534,0.13655233,-5.178904416425212e-07,0.0002761256182566285,0.0002761261130217463,7e267c0bf303542b
2,day2_n8_softmax_seed42,42,135,5,False,False,True,0.8064,0.0,-0.55252284,-1.3433516,3.185479897638288e-07,0.0003334449138492346,0.0003334450302645564,7e267c0bf303542b
2,day2_n8_softmax_seed42,42,135,6,False,False,True,0.8246,0.0,0.28620866,0.0644465,4.1481845869384415e-07,0.0002746814861893654,0.0002746818063315004,7e267c0bf303542b
2,day2_n8_softmax_seed42,42,135,7,False,False,True,0.8114,0.0,-1.4515008,0.67059934,-1.8258305090057547e-07,0.00037049083039164543,0.00037049088859930634,7e267c0bf303542b
2,day2_n8_softmax_seed42,42,136,0,False,False,True,0.816,0.0,-0.289662,-0.24418077,-7.14692362180358e-07,0.00028767678304575384,0.00028767765616066754,7e267c0bf303542b
2,day2_n8_softmax_seed42,42,136,1,False,False,True,0.8134,0.0,-0.27853474,-0.19527932,-1.519028955954127e-07,0.00028737299726344645,0.00028737305547110736,7e267c0bf303542b
2,day2_n8_softmax_seed42,42,136,2,False,False,True,0.8112,0.0,-0.1971936,1.333486,-2.019847755718729e-07,0.0003072675899602473,0.00030726761906407773,7e267c0bf303542b
2,day2_n8_softmax_seed42,42,136,3,False,False,True,0.683,0.0,1.7531917,-0.010094313,1.7136135284090415e-06,0.0004019403422717005,0.0004019439802505076,7e267c0bf303542b
2,day2_n8_softmax_seed42,42,136,4,False,False,True,0.8132,0.0,-0.00080187584,-0.44216478,1.993389631138598e-08,0.0002996032708324492,0.0002996032708324492,7e267c0bf303542b
2,day2_n8_softmax_seed42,42,136,5,False,False,True,0.825,0.0,-0.38300768,-0.20160003,-5.915455290050886e-07,0.00029014190658926964,0.00029014248866587877,7e267c0bf303542b
2,day2_n8_softmax_seed42,42,136,6,False,False,True,0.8192,0.0,-0.27465123,-0.02079068,-6.389103077708569e-07,0.0002808257704600692,0.0002808264980558306,7e267c0bf303542b
2,day2_n8_softmax_seed42,42,136,7,False,False,True,0.8056,0.0,-0.32934391,-0.21937731,1.698388274462559e-07,0.0002846433490049094,0.0002846434072125703,7e267c0bf303542b
2,day2_n8_softmax_seed42,42,137,0,False,False,True,0.8038,0.0,0.37145236,-1.3422287,1.7611280611617985e-07,0.0003063198528252542,0.00030631988192908466,7e267c0bf303542b
2,day2_n8_softmax_seed42,42,137,1,False,False,True,0.8146,0.0,0.3506268,0.40423906,2.5539522496842437e-08,0.0002936142263934016,0.0002936142263934016,7e267c0bf303542b
2,day2_n8_softmax_seed42,42,137,2,False,False,True,0.8114,0.0,0.31206018,0.1441291,-1.3854855751560535e-07,0.0002824028779286891,0.0002824029070325196,7e267c0bf303542b
2,day2_n8_softmax_seed42,42,137,3,False,False,True,0.8246,0.0,0.27280006,0.30517846,-6.598928621315281e-07,0.00029098265804350376,0.00029098341474309564,7e267c0bf303542b
2,day2_n8_softmax_seed42,42,137,4,False,False,True,0.4644,0.0,-2.205491,-0.03292479,1.4388401723408606e-06,0.0005095372907817364,0.0005095393280498683,7e267c0bf303542b
2,day2_n8_softmax_seed42,42,137,5,False,False,True,0.815,0.0,0.2794971,0.17384991,1.8391558853636525e-07,0.00028948282124474645,0.00028948287945240736,7e267c0bf303542b
2,day2_n8_softmax_seed42,42,137,6,False,False,True,0.8194,0.0,0.3132107,0.14131674,-8.019417663263084e-08,0.00027894179220311344,0.0002789418213069439,7e267c0bf303542b
2,day2_n8_softmax_seed42,42,137,7,False,False,True,0.816,0.0,0.30584982,0.20644103,-1.6191626173167606e-07,0.00027622576453723013,0.00027622582274489105,7e267c0bf303542b
2,day2_n8_softmax_seed42,42,138,0,False,False,True,0.8178,0.0,0.41872898,-0.18960713,-1.7693274401153758e-07,0.000289071787847206,0.0002890718460548669,7e267c0bf303542b
2,day2_n8_softmax_seed42,42,138,1,False,False,True,0.8168,0.0,0.39924383,-0.24492557,6.019553779879061e-07,0.00029281125171110034,0.00029281186289153993,7e267c0bf303542b
2,day2_n8_softmax_seed42,42,138,2,False,False,True,0.8138,0.0,0.40499026,-0.20297867,-8.325213940452159e-08,0.000285662361420691,0.00028566239052452147,7e267c0bf303542b
2,day2_n8_softmax_seed42,42,138,3,False,False,True,0.816,0.0,0.38323334,-0.25037694,-1.7068344959625392e-07,0.0002898920502047986,0.0002898921084124595,7e267c0bf303542b
2,day2_n8_softmax_seed42,42,138,4,False,False,True,0.7998,0.0,0.45829695,-0.60871184,-4.1144841134155286e-07,0.0003608545521274209,0.00036085478495806456,7e267c0bf303542b
2,day2_n8_softmax_seed42,42,138,5,False,False,True,0.814,0.0,0.41433784,-0.19185127,-6.004853503327467e-07,0.00030069935019128025,0.0003006999322678894,7e267c0bf303542b
2,day2_n8_softmax_seed42,42,138,6,False,False,True,0.8016,0.0,0.5542022,1.6265794,-3.2422153140032606e-07,0.0003844836901407689,0.00038448383565992117,7e267c0bf303542b
2,day2_n8_softmax_seed42,42,138,7,False,False,True,0.7884,0.0,-3.0330248,0.061871063,-4.6457842017844087e-07,0.0007045360398478806,0.0007045362144708633,7e267c0bf303542b
2,day2_n8_softmax_seed42,42,139,0,False,False,True,0.806,0.0,0.2823492,0.07138249,-1.01999626167526e-06,0.00029150251066312194,0.0002915042859967798,7e267c0bf303542b
2,day2_n8_softmax_seed42,42,139,1,False,False,True,0.8098,0.0,0.17698798,-1.251745,-8.271792353298224e-07,0.0003897649876307696,0.0003897658607456833,7e267c0bf303542b
2,day2_n8_softmax_seed42,42,139,2,False,False,True,0.816,0.0,0.44428673,0.096228324,-1.5649963813757495e-07,0.0003085147181991488,0.0003085147764068097,7e267c0bf303542b
2,day2_n8_softmax_seed42,42,139,3,False,False,True,0.8148,0.0,0.2736131,0.057284903,-2.865376700356137e-07,0.00029060663655400276,0.0002906067529693246,7e267c0bf303542b
2,day2_n8_softmax_seed42,42,139,4,False,False,True,0.8202,0.0,0.22835332,-0.3963776,2.3718993702459557e-07,0.0003356926317792386,0.0003356926899868995,7e267c0bf303542b
2,day2_n8_softmax_seed42,42,139,5,False,False,True,0.8022,0.0,-1.8970798,0.046346415,-1.5693910881964257e-06,0.0004374805430416018,0.0004374833370093256,7e267c0bf303542b
2,day2_n8_softmax_seed42,42,139,6,False,False,True,0.8174,0.0,0.2587885,0.03811635,-5.820148771817912e-07,0.0002821840753313154,0.000282184686511755,7e267c0bf303542b
2,day2_n8_softmax_seed42,42,139,7,False,False,True,0.8064,0.0,0.23270388,1.3387623,-3.4707110074805314e-08,0.0003848946653306484,0.0003848946653306484,7e267c0bf303542b
2,day2_n8_softmax_seed42,42,140,0,False,False,True,0.8074,0.0,-0.008505515,-1.7546188,1.5413771734529291e-06,0.0004088627465534955,0.0004088656569365412,7e267c0bf303542b
2,day2_n8_softmax_seed42,42,140,1,False,False,True,0.8208,0.0,0.2951289,0.15940647,-3.3517653719172813e-07,0.0003071570536121726,0.0003071571991313249,7e267c0bf303542b
2,day2_n8_softmax_seed42,42,140,2,False,False,True,0.8162,0.0,0.24728888,0.20145823,4.5403729131976434e-07,0.00030004020663909614,0.0003000405558850616,7e267c0bf303542b
2,day2_n8_softmax_seed42,42,140,3,False,False,True,0.8176,0.0,0.30067462,0.15777607,-1.7567201027191004e-08,0.0002973189693875611,0.0002973189693875611,7e267c0bf303542b
2,day2_n8_softmax_seed42,42,140,4,False,False,True,0.5274,0.0,0.8215238,0.5609114,4.1656841176518355e-07,0.00039499622653238475,0.0003949964593630284,7e267c0bf303542b
2,day2_n8_softmax_seed42,42,140,5,False,False,True,0.798,0.0,-2.2707274,0.32023084,1.7610953761959536e-07,0.0005338267073966563,0.0005338267656043172,7e267c0bf303542b
2,day2_n8_softmax_seed42,42,140,6,False,False,True,0.8112,0.0,0.2726936,0.20510438,7.591286816932552e-07,0.000323665386531502,0.00032366628875024617,7e267c0bf303542b
2,day2_n8_softmax_seed42,42,140,7,False,False,True,0.8086,0.0,0.3419269,0.14973082,5.246232035460707e-07,0.00031410285737365484,0.00031410332303494215,7e267c0bf303542b
2,day2_n8_softmax_seed42,42,141,0,False,False,True,0.8184,0.0,-0.04571225,0.37351403,-3.8542819424947083e-07,0.00030504181631840765,0.0003050420491490513,7e267c0bf303542b
2,day2_n8_softmax_seed42,42,141,1,False,False,True,0.8114,0.0,-0.82358295,-1.1147802,-4.1451585275353864e-07,0.0003127377131022513,0.00031273800414055586,7e267c0bf303542b
2,day2_n8_softmax_seed42,42,141,2,False,False,True,0.82,0.0,-0.056043264,0.20724571,-4.774267381435493e-07,0.00028657226357609034,0.0002865727001335472,7e267c0bf303542b
2,day2_n8_softmax_seed42,42,141,3,False,False,True,0.813,0.0,-0.0642015,0.36521038,-7.720206554040487e-07,0.00029274594271555543,0.0002927469613496214,7e267c0bf303542b
2,day2_n8_softmax_seed42,42,141,4,False,False,True,0.7994,0.0,1.2372044,-0.65283215,-1.7077846337087976e-07,0.0003138535830657929,0.0003138536121696234,7e267c0bf303542b
2,day2_n8_softmax_seed42,42,141,5,False,False,True,0.8228,0.0,0.113268696,0.30687696,-9.739144388731802e-07,0.0002959531848318875,0.0002959547855425626,7e267c0bf303542b
2,day2_n8_softmax_seed42,42,141,6,False,False,True,0.8166,0.0,-0.19303751,0.26345322,3.3556628409314726e-07,0.0002902749984059483,0.0002902752021327615,7e267c0bf303542b
2,day2_n8_softmax_seed42,42,141,7,False,False,True,0.8038,0.0,-0.16789551,0.25131205,-1.741709780844758e-07,0.0002870292228180915,0.0002870292810257524,7e267c0bf303542b
2,day2_n8_softmax_seed42,42,142,0,False,False,True,0.8158,0.0,0.25128943,-0.28577006,-1.984713726699283e-08,0.000291182950604707,0.000291182950604707,7e267c0bf303542b
2,day2_n8_softmax_seed42,42,142,1,False,False,True,0.814,0.0,0.16114,-0.4589147,-6.387072630786861e-07,0.00030782632529735565,0.0003078269655816257,7e267c0bf303542b
2,day2_n8_softmax_seed42,42,142,2,False,False,True,0.8172,0.0,0.25603756,-0.40984088,-5.537502829611185e-07,0.0003025297191925347,0.0003025302430614829,7e267c0bf303542b
2,day2_n8_softmax_seed42,42,142,3,False,False,True,0.8018,0.0,0.525621,0.08034668,-1.1328567097734776e-06,0.00035625798045657575,0.0003562598139978945,7e267c0bf303542b
2,day2_n8_softmax_seed42,42,142,4,False,False,True,0.812,0.0,0.2935279,-0.33677435,-7.963641337482841e-07,0.000309277354972437,0.000309278373606503,7e267c0bf303542b
2,day2_n8_softmax_seed42,42,142,5,False,False,True,0.8046,0.0,0.4406979,-0.20335703,-7.106100952114502e-07,0.00031319892150349915,0.00031319973641075194,7e267c0bf303542b
2,day2_n8_softmax_seed42,42,142,6,False,False,True,0.806,0.0,-2.3296733,0.09190424,1.2199699312986922e-06,0.0005340877105481923,0.0005340891075320542,7e267c0bf303542b
2,day2_n8_softmax_seed42,42,142,7,False,False,True,0.793,0.0,0.40136695,1.5224025,-1.5085239510881365e-06,0.0003635206667240709,0.0003635237517300993,7e267c0bf303542b
2,day2_n8_softmax_seed42,42,143,0,False,False,True,0.8164,0.0,-0.20807706,-0.29297194,-8.801270041658427e-07,0.000306689296849072,0.0003066905483137816,7e267c0bf303542b
2,day2_n8_softmax_seed42,42,143,1,False,False,True,0.7986,0.0,1.5652176,0.29924724,-1.4993216268521792e-07,0.00035899205249734223,0.00035899205249734223,7e267c0bf303542b
2,day2_n8_softmax_seed42,42,143,2,False,False,True,0.6442,0.0,-0.53874445,1.4209828,5.606257218460087e-07,0.0003372122591827065,0.0003372126957401633,7e267c0bf303542b
2,day2_n8_softmax_seed42,42,143,3,False,False,True,0.8176,0.0,-0.13615051,-0.21961752,-1.7258277296150482e-07,0.00030048235203139484,0.00030048241023905575,7e267c0bf303542b
2,day2_n8_softmax_seed42,42,143,4,False,False,True,0.8134,0.0,-0.14248595,-0.33127806,-2.848616418305028e-07,0.00030964190955273807,0.00030964205507189035,7e267c0bf303542b
2,day2_n8_softmax_seed42,42,143,5,False,False,True,0.8176,0.0,-0.28242683,-0.32687515,-7.610332772856054e-07,0.00030661874916404486,0.00030661970959044993,7e267c0bf303542b
2,day2_n8_softmax_seed42,42,143,6,False,False,True,0.8176,0.0,-0.09760262,-0.33790594,-8.389918662032869e-07,0.0003146032977383584,0.00031460440368391573,7e267c0bf303542b
2,day2_n8_softmax_seed42,42,143,7,False,False,True,0.819,0.0,-0.15973188,-0.21158296,1.694073432645382e-07,0.00028929661493748426,0.0002892966731451452,7e267c0bf303542b
2,day2_n8_softmax_seed42,42,144,0,False,False,True,0.7812,0.0,3.2691092,0.16771537,1.9196683354039124e-07,0.0007522681844420731,0.0007522681844420731,7e267c0bf303542b
2,day2_n8_softmax_seed42,42,144,1,False,False,True,0.816,0.0,-0.30819997,-0.3953221,-6.982850777603744e-07,0.0003114127612207085,0.0003114135470241308,7e267c0bf303542b
2,day2_n8_softmax_seed42,42,144,2,False,False,True,0.8092,0.0,-0.37610367,-0.34264672,3.8962863868619024e-07,0.0003145260561723262,0.00031452628900296986,7e267c0bf303542b
2,day2_n8_softmax_seed42,42,144,3,False,False,True,0.808,0.0,-0.30750567,-0.30732635,-3.4304551377317694e-07,0.0003039771690964699,0.0003039773728232831,7e267c0bf303542b
2,day2_n8_softmax_seed42,42,144,4,False,False,True,0.7656,0.0,-0.7604603,1.7367647,5.195910830479988e-07,0.0004128777072764933,0.0004128780565224588,7e267c0bf303542b
2,day2_n8_softmax_seed42,42,144,5,False,False,True,0.8064,0.0,-0.7642377,-0.29196393,9.147737500825315e-07,0.0003583193465601653,0.00035832051071338356,7e267c0bf303542b
2,day2_n8_softmax_seed42,42,144,6,False,False,True,0.8188,0.0,-0.4729974,-0.23535465,1.2398137982927437e-07,0.0003021332377102226,0.0003021332377102226,7e267c0bf303542b
2,day2_n8_softmax_seed42,42,144,7,False,False,True,0.8202,0.0,-0.27961296,-0.33187065,9.860379890369586e-08,0.0002971318899653852,0.0002971319481730461,7e267c0bf303542b
2,day2_n8_softmax_seed42,42,145,0,False,False,True,0.7986,0.0,0.7373121,0.81055766,-6.373143719429208e-07,0.0004280146677047014,0.00042801513336598873,7e267c0bf303542b
2,day2_n8_softmax_seed42,42,145,1,False,False,True,0.8102,0.0,0.28717792,0.31275004,4.675937361753313e-07,0.000312715710606426,0.0003127160598523915,7e267c0bf303542b
2,day2_n8_softmax_seed42,42,145,2,False,False,True,0.8136,0.0,0.25242195,0.28525403,-1.0253169193674694e-06,0.00031496546580456197,0.00031496715382672846,7e267c0bf303542b
2,day2_n8_softmax_seed42,42,145,3,False,False,True,0.7546,0.0,-2.9278142,-0.2336834,6.790305064896529e-07,0.0006789466133341193,0.0006789469625800848,7e267c0bf303542b
2,day2_n8_softmax_seed42,42,145,4,False,False,True,0.8226,0.0,0.24203245,0.2857017,-4.891347202828911e-07,0.0003085221687797457,0.00030852254712954164,7e267c0bf303542b
2,day2_n8_softmax_seed42,42,145,5,False,False,True,0.8116,0.0,0.25981826,0.33416963,-3.643121999630239e-07,0.0003199992352165282,0.00031999946804717183,7e267c0bf303542b
2,day2_n8_softmax_seed42,42,145,6,False,False,True,0.817,0.0,0.31815958,0.21133153,1.070681143744423e-08,0.0003024126635864377,0.00030241263448260725,7e267c0bf303542b
2,day2_n8_softmax_seed42,42,145,7,False,False,True,0.7488,0.0,0.83089817,-2.006076,4.179365475920349e-07,0.0004903166554868221,0.0004903168301098049,7e267c0bf303542b
2,day2_n8_softmax_seed42,42,146,0,False,False,True,0.8212,0.0,-0.31155285,0.2633971,-7.077188115545141e-07,0.00030525814509019256,0.0003052589891012758,7e267c0bf303542b
2,day2_n8_softmax_seed42,42,146,1,False,False,True,0.7482,0.0,2.1185296,0.10747822,9.090396702049475e-07,0.0004888608236797154,0.0004888616385869682,7e267c0bf303542b
2,day2_n8_softmax_seed42,42,146,2,False,False,True,0.8108,0.0,-0.4151448,0.3450752,-1.5963114208261686e-07,0.0003235024050809443,0.00032350243418477476,7e267c0bf303542b
2,day2_n8_softmax_seed42,42,146,3,False,False,True,0.8126,0.0,-0.18250133,-1.8208699,1.0077724432733248e-08,0.0004185225407127291,0.00041852251160889864,7e267c0bf303542b
2,day2_n8_softmax_seed42,42,146,4,False,False,True,0.8142,0.0,-0.32463485,0.28886804,1.2097754620299384e-07,0.00031485798535868526,0.0003148580144625157,7e267c0bf303542b
2,day2_n8_softmax_seed42,42,146,5,False,False,True,0.8158,0.0,-0.29090852,0.2714572,-1.0960278586935601e-06,0.00032160713453777134,0.0003216089680790901,7e267c0bf303542b
2,day2_n8_softmax_seed42,42,146,6,False,False,True,0.8144,0.0,-0.34195817,0.27510452,-5.319655542734836e-07,0.0003029390354640782,0.0003029395011253655,7e267c0bf303542b
2,day2_n8_softmax_seed42,42,146,7,False,False,True,0.8234,0.0,-0.2518351,0.26949385,5.893718935112702e-08,0.00030536047415807843,0.0003053605032619089,7e267c0bf303542b
2,day2_n8_softmax_seed42,42,147,0,False,False,True,0.786,0.0,3.5697305,0.12932596,-3.5791148889074975e-07,0.0008265419164672494,0.0008265419164672494,7e267c0bf303542b
2,day2_n8_softmax_seed42,42,147,1,False,False,True,0.8222,0.0,-0.44518122,-0.22701421,-5.88606667406566e-07,0.0003290244494564831,0.00032902497332543135,7e267c0bf303542b
2,day2_n8_softmax_seed42,42,147,2,False,False,True,0.8182,0.0,-0.44515398,-0.30620465,7.284462100187739e-08,0.0003142247733194381,0.0003142247733194381,7e267c0bf303542b
2,day2_n8_softmax_seed42,42,147,3,False,False,True,0.8182,0.0,-0.4148206,-0.3260178,1.987225672905879e-08,0.0003118466993328184,0.0003118466993328184,7e267c0bf303542b
2,day2_n8_softmax_seed42,42,147,4,False,False,True,0.8222,0.0,-0.42378166,-0.26933867,-5.191023433326336e-07,0.0003165509842801839,0.00031655142083764076,7e267c0bf303542b
2,day2_n8_softmax_seed42,42,147,5,False,False,True,0.8144,0.0,-0.568375,-0.5047136,9.156701707979664e-08,0.0003455387195572257,0.0003455387195572257,7e267c0bf303542b
2,day2_n8_softmax_seed42,42,147,6,False,False,True,0.8142,0.0,-0.46520698,-0.062118378,6.477312552988224e-08,0.00034335910459049046,0.00034335910459049046,7e267c0bf303542b
2,day2_n8_softmax_seed42,42,147,7,False,False,True,0.8012,0.0,-0.8072232,1.5660771,3.251815030580474e-07,0.0003749438328668475,0.0003749439783859998,7e267c0bf303542b
2,day2_n8_softmax_seed42,42,148,0,False,False,True,0.7862,0.0,2.3346066,0.05429291,7.792078235979716e-07,0.0005326962564140558,0.000532696838490665,7e267c0bf303542b
2,day2_n8_softmax_seed42,42,148,1,False,False,True,0.8062,0.0,-0.2854015,0.14103979,-1.3026937040194753e-07,0.0003189757408108562,0.0003189757699146867,7e267c0bf303542b
2,day2_n8_softmax_seed42,42,148,2,False,False,True,0.8026,0.0,-0.41127756,-0.4263235,3.0018713914614636e-07,0.0003273872716818005,0.00032738741720095277,7e267c0bf303542b
2,day2_n8_softmax_seed42,42,148,3,False,False,True,0.8178,0.0,-0.2799736,0.1461038,-9.421952427146607e-07,0.00031964402296580374,0.00031964541994966567,7e267c0bf303542b
2,day2_n8_softmax_seed42,42,148,4,False,False,True,0.8242,0.0,-0.30218026,0.2992597,-4.505626236550597e-07,0.0003184505912940949,0.00031845091143622994,7e267c0bf303542b
2,day2_n8_softmax_seed42,42,148,5,False,False,True,0.8152,0.0,-0.27951828,-1.2519951,-1.157952397079498e-06,0.0003363018622621894,0.0003363038704264909,7e267c0bf303542b
2,day2_n8_softmax_seed42,42,148,6,False,False,True,0.8204,0.0,-0.2854534,0.14032336,-5.356226040476031e-08,0.00030933943344280124,0.00030933943344280124,7e267c0bf303542b
2,day2_n8_softmax_seed42,42,148,7,False,False,True,0.8144,0.0,-0.49080735,0.8972992,-2.36268547837426e-07,0.0003313524939585477,0.0003313525812700391,7e267c0bf303542b
2,day2_n8_softmax_seed42,42,149,0,False,False,True,0.8028,0.0,2.0882828,0.09581019,-9.578478739058482e-07,0.0004753482935484499,0.00047534925397485495,7e267c0bf303542b
2,day2_n8_softmax_seed42,42,149,1,False,False,True,0.8068,0.0,-0.36189947,0.4239872,6.492274451375124e-07,0.00033196245203725994,0.00033196312142536044,7e267c0bf303542b
2,day2_n8_softmax_seed42,42,149,2,False,False,True,0.8182,0.0,-0.33126622,0.3598572,8.493935865772073e-08,0.00032220702269114554,0.000322207051794976,7e267c0bf303542b
2,day2_n8_softmax_seed42,42,149,3,False,False,True,0.8168,0.0,-0.31471685,0.20345491,-5.926214043938671e-07,0.0003180130443070084,0.00031801359727978706,7e267c0bf303542b
2,day2_n8_softmax_seed42,42,149,4,False,False,True,0.8152,0.0,-0.19226834,-1.7479688,8.468034593533957e-07,0.0003940046881325543,0.0003940056194551289,7e267c0bf303542b
2,day2_n8_softmax_seed42,42,149,5,False,False,True,0.8166,0.0,-0.39799953,0.22187789,-1.2646451068576425e-06,0.0003374766674824059,0.0003374790248926729,7e267c0bf303542b
2,day2_n8_softmax_seed42,42,149,6,False,False,True,0.8164,0.0,-0.2595928,0.31132615,-4.366807218048052e-07,0.00032133597414940596,0.000321336294291541,7e267c0bf303542b
2,day2_n8_softmax_seed42,42,149,7,False,False,True,0.8142,0.0,-0.23054218,0.13165715,-1.8684404778923636e-07,0.0003104821080341935,0.00031048216624185443,7e267c0bf303542b
2,day2_n8_softmax_seed42,42,150,0,False,False,True,0.8166,0.0,-0.120895766,0.4166601,-4.454896327388269e-07,0.0003180036146659404,0.00031800393480807543,7e267c0bf303542b
2,day2_n8_softmax_seed42,42,150,1,False,False,True,0.806,0.0,-0.14525329,0.6058135,-1.183100053481212e-07,0.00032269611256197095,0.0003226961416658014,7e267c0bf303542b
2,day2_n8_softmax_seed42,42,150,2,False,False,True,0.8108,0.0,-0.3032944,0.2441472,-8.311038754982292e-07,0.00031811653752811253,0.0003181176434736699,7e267c0bf303542b
2,day2_n8_softmax_seed42,42,150,3,False,False,True,0.8196,0.0,-0.13428374,0.013903383,-9.4503747050112e-07,0.0003079375019297004,0.0003079389571212232,7e267c0bf303542b
2,day2_n8_softmax_seed42,42,150,4,False,False,True,0.81,0.0,1.4914237,-0.29350418,-4.384938563362084e-07,0.0003429073258303106,0.00034290761686861515,7e267c0bf303542b
2,day2_n8_softmax_seed42,42,150,5,False,False,True,0.824,0.0,-0.5436376,-1.3041787,-7.229355105664581e-07,0.00032693296088837087,0.0003269337466917932,7e267c0bf303542b
2,day2_n8_softmax_seed42,42,150,6,False,False,True,0.8168,0.0,-0.2027811,0.27173188,9.422790725466257e-08,0.0003180156054440886,0.0003180156054440886,7e267c0bf303542b
2,day2_n8_softmax_seed42,42,150,7,False,False,True,0.8158,0.0,-0.041278433,0.04542763,-4.41883599933135e-07,0.0003122186753898859,0.0003122190246358514,7e267c0bf303542b
2,day2_n8_softmax_seed42,42,151,0,False,False,True,0.8402,0.0,0.020361966,0.10878811,-4.9332364859822064e-09,3.653291059890762e-05,3.653291059890762e-05,7e267c0bf303542b
2,day2_n8_softmax_seed42,42,151,1,False,False,True,0.8348,0.0,-0.1888476,-0.016417857,-1.1107337627436209e-07,4.3337953684385866e-05,4.333809920353815e-05,7e267c0bf303542b
2,day2_n8_softmax_seed42,42,151,2,False,False,True,0.8328,0.0,0.020198258,0.021723976,6.109935890563634e-10,3.383309376658872e-05,3.3833097404567525e-05,7e267c0bf303542b
2,day2_n8_softmax_seed42,42,151,3,False,False,True,0.8372,0.0,0.052759647,-0.11604671,-7.257759193635138e-08,3.6982739402446896e-05,3.698281216202304e-05,7e267c0bf303542b
2,day2_n8_softmax_seed42,42,151,4,False,False,True,0.8356,0.0,0.038402706,0.05634787,-1.5917288820332942e-08,3.652087252703495e-05,3.652087980299257e-05,7e267c0bf303542b
2,day2_n8_softmax_seed42,42,151,5,False,False,True,0.8356,0.0,0.034008566,-0.05319219,-1.4056840313969587e-07,3.573168578441255e-05,3.573196227080189e-05,7e267c0bf303542b
2,day2_n8_softmax_seed42,42,151,6,False,False,True,0.8372,0.0,0.007966992,-0.004384546,-4.6753111604402875e-08,3.390683195902966e-05,3.3906864700838923e-05,7e267c0bf303542b
2,day2_n8_softmax_seed42,42,151,7,False,False,True,0.8348,0.0,0.01514981,0.0031814056,3.005446558290714e-08,3.3993339457083493e-05,3.3993350371019915e-05,7e267c0bf303542b
2,day2_n8_softmax_seed42,42,152,0,False,False,True,0.8368,0.0,-0.0352916,0.060894545,2.736669379999057e-08,3.4697033697739244e-05,3.469704824965447e-05,7e267c0bf303542b
2,day2_n8_softmax_seed42,42,152,1,False,False,True,0.8326,0.0,-0.050245833,-0.1670759,-8.993804812007511e-08,4.0178754716180265e-05,4.0178852941608056e-05,7e267c0bf303542b
2,day2_n8_softmax_seed42,42,152,2,False,False,True,0.8346,0.0,-0.023052454,0.03853418,-1.2061981635724806e-07,3.506398570607416e-05,3.506419307086617e-05,7e267c0bf303542b
2,day2_n8_softmax_seed42,42,152,3,False,False,True,0.836,0.0,-0.022131195,0.04152081,-1.0019680019013322e-07,3.413713784539141e-05,3.41372870025225e-05,7e267c0bf303542b
2,day2_n8_softmax_seed42,42,152,4,False,False,True,0.837,0.0,0.19944519,-0.01741796,-1.9872911138918425e-07,4.587880539475009e-05,4.5879234676249325e-05,7e267c0bf303542b
2,day2_n8_softmax_seed42,42,152,5,False,False,True,0.8374,0.0,-0.022549719,-0.005174826,-1.7178557243369141e-07,3.6311957956058905e-05,3.63123654096853e-05,7e267c0bf303542b
2,day2_n8_softmax_seed42,42,152,6,False,False,True,0.835,0.0,-0.01513751,0.027091758,-9.186607030642335e-08,3.446674963925034e-05,3.446687333052978e-05,7e267c0bf303542b
2,day2_n8_softmax_seed42,42,152,7,False,False,True,0.8382,0.0,-0.031036867,0.02162767,-1.6175377481886244e-08,3.3822678233264014e-05,3.382268187124282e-05,7e267c0bf303542b
2,day2_n8_softmax_seed42,42,153,0,False,False,True,0.8334,0.0,0.19709082,0.09227746,-1.1783757258854166e-07,4.9058147851610556e-05,4.905828973278403e-05,7e267c0bf303542b
2,day2_n8_softmax_seed42,42,153,1,False,False,True,0.8392,0.0,-0.13698664,0.14858934,-8.686988905992621e-09,4.6085744543233886e-05,4.6085744543233886e-05,7e267c0bf303542b
2,day2_n8_softmax_seed42,42,153,2,False,False,True,0.8358,0.0,-0.015587925,0.0006401111,-5.713807382790037e-08,3.65784035238903e-05,3.657844717963599e-05,7e267c0bf303542b
2,day2_n8_softmax_seed42,42,153,3,False,False,True,0.8362,0.0,-0.014426318,-0.052003283,-2.2207904848414728e-08,3.49057991115842e-05,3.4905806387541816e-05,7e267c0bf303542b
2,day2_n8_softmax_seed42,42,153,4,False,False,True,0.8368,0.0,-0.008619976,-0.04876425,-1.3405320942183607e-07,3.565053339116275e-05,3.565078441170044e-05,7e267c0bf303542b
2,day2_n8_softmax_seed42,42,153,5,False,False,True,0.8356,0.0,-0.009569463,-0.05430635,-6.705953836672052e-08,3.4729891922324896e-05,3.4729957405943424e-05,7e267c0bf303542b
2,day2_n8_softmax_seed42,42,153,6,False,False,True,0.8378,0.0,-0.008211349,-0.03727675,-3.487740585228494e-08,3.3636155421845615e-05,3.363617361173965e-05,7e267c0bf303542b
2,day2_n8_softmax_seed42,42,153,7,False,False,True,0.8362,0.0,-0.0036893971,-0.049156882,-2.8243180238973764e-08,3.3665452065179124e-05,3.3665462979115546e-05,7e267c0bf303542b
2,day2_n8_softmax_seed42,42,154,0,False,False,True,0.8366,0.0,-0.029782424,-0.03419137,-7.160778636716714e-08,3.4022770705632865e-05,3.402284346520901e-05,7e267c0bf303542b
2,day2_n8_softmax_seed42,42,154,1,False,False,True,0.8354,0.0,0.15368296,0.028738324,-3.942105308851751e-08,3.695034683914855e-05,3.6950368667021394e-05,7e267c0bf303542b
2,day2_n8_softmax_seed42,42,154,2,False,False,True,0.8338,0.0,-0.04044108,-0.01772136,1.005987182445267e-09,3.4471282560843974e-05,3.4471282560843974e-05,7e267c0bf303542b
2,day2_n8_softmax_seed42,42,154,3,False,False,True,0.8368,0.0,-0.044203747,-0.06661093,-1.0607791267602806e-07,3.468605427769944e-05,3.468621798674576e-05,7e267c0bf303542b
2,day2_n8_softmax_seed42,42,154,4,False,False,True,0.8354,0.0,-0.06056772,0.14939642,-1.0352980694960934e-07,3.65208979928866e-05,3.6521043512038887e-05,7e267c0bf303542b
2,day2_n8_softmax_seed42,42,154,5,False,False,True,0.8346,0.0,0.00296668,-0.037937596,-1.2530016135769984e-07,3.520389145705849e-05,3.520411701174453e-05,7e267c0bf303542b
2,day2_n8_softmax_seed42,42,154,6,False,False,True,0.8384,0.0,-0.004638965,-0.020391649,5.5282772137843494e-08,3.537797965691425e-05,3.5378023312659934e-05,7e267c0bf303542b
2,day2_n8_softmax_seed42,42,154,7,False,False,True,0.8372,0.0,0.022984475,-0.0012819563,-1.529540405442731e-08,3.346992889419198e-05,3.346993253217079e-05,7e267c0bf303542b
2,day2_n8_softmax_seed42,42,155,0,False,False,True,0.837,0.0,-0.030396972,-0.003747695,-1.8029634674121553e-08,3.56559939973522e-05,3.565600127330981e-05,7e267c0bf303542b
2,day2_n8_softmax_seed42,42,155,1,False,False,True,0.836,0.0,0.18552274,0.001697126,1.1554610068742477e-07,4.108127541258e-05,4.108143912162632e-05,7e267c0bf303542b
2,day2_n8_softmax_seed42,42,155,2,False,False,True,0.8346,0.0,-0.021173717,-0.037143778,3.825122618650312e-08,3.4472308470867574e-05,3.447233029874042e-05,7e267c0bf303542b
2,day2_n8_softmax_seed42,42,155,3,False,False,True,0.8338,0.0,-0.01622557,0.047391117,-6.869531432585063e-08,3.5744775232160464e-05,3.5744837077800184e-05,7e267c0bf303542b
2,day2_n8_softmax_seed42,42,155,4,False,False,True,0.836,0.0,-0.022809872,-0.111645296,-2.4246833874030926e-08,3.575945083866827e-05,3.5759458114625886e-05,7e267c0bf303542b
2,day2_n8_softmax_seed42,42,155,5,False,False,True,0.8362,0.0,-0.030610986,0.122530796,-1.555069388814445e-07,3.639301939983852e-05,3.6393354093888775e-05,7e267c0bf303542b
2,day2_n8_softmax_seed42,42,155,6,False,False,True,0.8354,0.0,-0.037023205,-0.02435798,-1.1424449297692263e-07,3.479498263914138e-05,3.479517181403935e-05,7e267c0bf303542b
2,day2_n8_softmax_seed42,42,155,7,False,False,True,0.8374,0.0,-0.027282553,0.0052757347,-1.014125814435829e-07,3.406109681236558e-05,3.4061249607475474e-05,7e267c0bf303542b
2,day2_n8_softmax_seed42,42,156,0,False,False,True,0.837,0.0,-0.12138109,0.12734625,-1.8968296444654698e-07,3.8981856050668284e-05,3.8982318073976785e-05,7e267c0bf303542b
2,day2_n8_softmax_seed42,42,156,1,False,False,True,0.834,0.0,0.056456033,0.01032584,-3.40842163382149e-08,3.642604860942811e-05,3.6426063161343336e-05,7e267c0bf303542b
2,day2_n8_softmax_seed42,42,156,2,False,False,True,0.8346,0.0,-0.018969556,-0.022461329,1.7722637579709044e-08,3.6690180422738194e-05,3.6690184060717e-05,7e267c0bf303542b
2,day2_n8_softmax_seed42,42,156,3,False,False,True,0.834,0.0,0.1424186,0.06332345,2.9978750593073755e-09,4.0029521187534556e-05,4.0029521187534556e-05,7e267c0bf303542b
2,day2_n8_softmax_seed42,42,156,4,False,False,True,0.8382,0.0,-0.043980822,-0.10671942,7.416846248275988e-09,3.70159323210828e-05,3.701593595906161e-05,7e267c0bf303542b
2,day2_n8_softmax_seed42,42,156,5,False,False,True,0.8342,0.0,0.0048931153,-0.0036301666,-8.737118406543232e-08,3.5156073863618076e-05,3.515618300298229e-05,7e267c0bf303542b
2,day2_n8_softmax_seed42,42,156,6,False,False,True,0.8352,0.0,-0.0032630577,-0.02700627,1.7802596730120968e-08,3.395824751351029e-05,3.39582547894679e-05,7e267c0bf303542b
2,day2_n8_softmax_seed42,42,156,7,False,False,True,0.8378,0.0,-0.01617322,-0.04117828,-6.113142347885514e-08,3.453583849477582e-05,3.453589306445792e-05,7e267c0bf303542b
2,day2_n8_softmax_seed42,42,157,0,False,False,True,0.8376,0.0,-0.03759933,0.011271843,-8.655337069285451e-08,3.4750468330457807e-05,3.475057383184321e-05,7e267c0bf303542b
2,day2_n8_softmax_seed42,42,157,1,False,False,True,0.8358,0.0,-0.02322322,-0.032105025,-5.469419139814136e-09,3.546777224983089e-05,3.5467775887809694e-05,7e267c0bf303542b
2,day2_n8_softmax_seed42,42,157,2,False,False,True,0.8344,0.0,0.16870056,0.010671333,-8.984704180647896e-08,3.926451609004289e-05,3.926461795344949e-05,7e267c0bf303542b
2,day2_n8_softmax_seed42,42,157,3,False,False,True,0.837,0.0,-0.049228773,0.088551894,-3.315805230386104e-08,3.571259367163293e-05,3.571260458556935e-05,7e267c0bf303542b
2,day2_n8_softmax_seed42,42,157,4,False,False,True,0.8336,0.0,-0.024368128,-0.14211617,-4.6477985904402885e-08,3.6436435038922355e-05,3.643646778073162e-05,7e267c0bf303542b
2,day2_n8_softmax_seed42,42,157,5,False,False,True,0.8376,0.0,-0.030224556,0.008373536,-1.3292601863668096e-07,3.535884025041014e-05,3.535909127094783e-05,7e267c0bf303542b
2,day2_n8_softmax_seed42,42,157,6,False,False,True,0.835,0.0,-0.0265681,0.04520857,4.510314610683963e-08,3.539694444043562e-05,3.5396973544266075e-05,7e267c0bf303542b
2,day2_n8_softmax_seed42,42,157,7,False,False,True,0.8364,0.0,0.022511512,0.0101439515,-1.0941394457120168e-09,3.581161217880435e-05,3.581161581678316e-05,7e267c0bf303542b
2,day2_n8_softmax_seed42,42,158,0,False,False,True,0.8392,0.0,-0.02628597,-0.13186704,1.5548030418699454e-08,3.736339567694813e-05,3.736339931492694e-05,7e267c0bf303542b
2,day2_n8_softmax_seed42,42,158,1,False,False,True,0.8344,0.0,0.025066178,-0.077548936,-3.839880857725575e-09,3.654386455309577e-05,3.654386455309577e-05,7e267c0bf303542b
2,day2_n8_softmax_seed42,42,158,2,False,False,True,0.8308,0.0,-0.16894455,0.052455947,-1.733531291847612e-07,4.121415622648783e-05,4.121452002436854e-05,7e267c0bf303542b
2,day2_n8_softmax_seed42,42,158,3,False,False,True,0.8362,0.0,0.013405653,0.007867395,-6.190328605271134e-08,3.519287201925181e-05,3.5192926588933915e-05,7e267c0bf303542b
2,day2_n8_softmax_seed42,42,158,4,False,False,True,0.8368,0.0,0.025403244,0.050233077,-2.0929938671088166e-08,3.637651388999075e-05,3.637652116594836e-05,7e267c0bf303542b
2,day2_n8_softmax_seed42,42,158,5,False,False,True,0.8384,0.0,0.09715098,0.055081237,-7.712783656188549e-08,3.7341447750804946e-05,3.73415277863387e-05,7e267c0bf303542b
2,day2_n8_softmax_seed42,42,158,6,False,False,True,0.8334,0.0,0.0054064346,0.027947312,-4.411618093058678e-08,3.539904719218612e-05,3.539907265803777e-05,7e267c0bf303542b
2,day2_n8_softmax_seed42,42,158,7,False,False,True,0.8382,0.0,0.028797997,0.015831122,4.961405508652206e-08,3.5501438105711713e-05,3.550147084752098e-05,7e267c0bf303542b
2,day2_n8_softmax_seed42,42,159,0,False,False,True,0.837,0.0,0.18545839,0.04307706,3.6077845155801924e-09,4.2758176277857274e-05,4.275817991583608e-05,7e267c0bf303542b
2,day2_n8_softmax_seed42,42,159,1,False,False,True,0.8366,0.0,-0.03237544,-0.05058159,-9.578755566508335e-08,3.6768935387954116e-05,3.676905907923356e-05,7e267c0bf303542b
2,day2_n8_softmax_seed42,42,159,2,False,False,True,0.8348,0.0,-0.0076546553,-0.037592653,3.901299283626258e-09,3.546634616213851e-05,3.546634616213851e-05,7e267c0bf303542b
2,day2_n8_softmax_seed42,42,159,3,False,False,True,0.839,0.0,-0.07260588,0.1591485,-1.0668259875501462e-07,3.952471524826251e-05,3.95248644053936e-05,7e267c0bf303542b
2,day2_n8_softmax_seed42,42,159,4,False,False,True,0.8358,0.0,-0.00922064,-0.063354954,5.3027601865096585e-08,3.724874113686383e-05,3.7248781154630706e-05,7e267c0bf303542b
2,day2_n8_softmax_seed42,42,159,5,False,False,True,0.8374,0.0,-0.021770235,-0.013173417,-1.383398569032579e-07,3.621153882704675e-05,3.621180076152086e-05,7e267c0bf303542b
2,day2_n8_softmax_seed42,42,159,6,False,False,True,0.8362,0.0,-0.024918424,-0.016883612,-9.92180062553416e-08,3.510129317874089e-05,3.5101435059914365e-05,7e267c0bf303542b
2,day2_n8_softmax_seed42,42,159,7,False,False,True,0.8362,0.0,-0.016913282,-0.020639423,2.667997023308999e-08,3.4949502150993794e-05,3.494951670290902e-05,7e267c0bf303542b
2,day2_n8_softmax_seed42,42,160,0,False,False,True,0.8404,0.0,-0.11681548,0.13027179,1.8149991731775117e-08,3.904150071321055e-05,3.904150435118936e-05,7e267c0bf303542b
2,day2_n8_softmax_seed42,42,160,1,False,False,True,0.8372,0.0,0.0073373197,0.004909489,-1.2259452120133574e-08,3.682154419948347e-05,3.6821547837462276e-05,7e267c0bf303542b
2,day2_n8_softmax_seed42,42,160,2,False,False,True,0.8362,0.0,-0.009154225,-0.04027846,-4.9364587084710365e-08,3.586636375985108e-05,3.5866400139639154e-05,7e267c0bf303542b
2,day2_n8_softmax_seed42,42,160,3,False,False,True,0.8366,0.0,-0.015247304,-0.04366073,-9.013891144604713e-08,3.616879621404223e-05,3.616890899138525e-05,7e267c0bf303542b
2,day2_n8_softmax_seed42,42,160,4,False,False,True,0.837,0.0,-0.0140702,-0.06525735,-7.73234063444761e-08,3.6217614251654595e-05,3.621769428718835e-05,7e267c0bf303542b
2,day2_n8_softmax_seed42,42,160,5,False,False,True,0.8386,0.0,0.15856811,0.08134866,1.1997832416454912e-07,4.01929319195915e-05,4.0193113818531856e-05,7e267c0bf303542b
2,day2_n8_softmax_seed42,42,160,6,False,False,True,0.8352,0.0,-0.00631305,-0.019890444,-3.067536269441007e-08,3.483523687464185e-05,3.483525142655708e-05,7e267c0bf303542b
2,day2_n8_softmax_seed42,42,160,7,False,False,True,0.8376,0.0,-0.004305166,-0.047443185,3.925406488747285e-08,3.5097156796837226e-05,3.5097182262688875e-05,7e267c0bf303542b
2,day2_n8_softmax_seed42,42,161,0,False,False,True,0.838,0.0,-0.049419776,-0.014226369,8.144302121593228e-09,3.6595447454601526e-05,3.659545109258033e-05,7e267c0bf303542b
2,day2_n8_softmax_seed42,42,161,1,False,False,True,0.8294,0.0,0.42634347,-0.030416422,8.628339287497511e-08,9.937246795743704e-05,9.937250433722511e-05,7e267c0bf303542b
2,day2_n8_softmax_seed42,42,161,2,False,False,True,0.8334,0.0,-0.07106928,-0.021868598,-5.393076207838021e-08,3.599009505705908e-05,3.599013507482596e-05,7e267c0bf303542b
2,day2_n8_softmax_seed42,42,161,3,False,False,True,0.8378,0.0,-0.06593802,-0.045275018,-6.277409170252213e-08,3.6855737562291324e-05,3.685579213197343e-05,7e267c0bf303542b
2,day2_n8_softmax_seed42,42,161,4,False,False,True,0.8328,0.0,-0.008023183,0.21483119,-1.3596473991128732e-07,4.898482438875362e-05,4.898501356365159e-05,7e267c0bf303542b
2,day2_n8_softmax_seed42,42,161,5,False,False,True,0.8332,0.0,-0.05437792,-0.016705759,-1.4472675502474885e-07,3.704556365846656e-05,3.7045847420813516e-05,7e267c0bf303542b
2,day2_n8_softmax_seed42,42,161,6,False,False,True,0.8334,0.0,-0.06039484,-0.027706318,-2.06273709224547e-09,3.573188587324694e-05,3.5731889511225745e-05,7e267c0bf303542b
2,day2_n8_softmax_seed42,42,161,7,False,False,True,0.8386,0.0,-0.11712165,-0.058632586,1.298383125458713e-07,3.948969970224425e-05,3.948991434299387e-05,7e267c0bf303542b
2,day2_n8_softmax_seed42,42,162,0,False,False,True,0.8386,0.0,-0.0016296358,-0.0033512732,-3.5904012207765845e-08,3.626928446465172e-05,3.6269302654545754e-05,7e267c0bf303542b
2,day2_n8_softmax_seed42,42,162,1,False,False,True,0.8366,0.0,-0.023595383,-0.11664918,-5.900921351553734e-08,3.846201434498653e-05,3.846205800073221e-05,7e267c0bf303542b
2,day2_n8_softmax_seed42,42,162,2,False,False,True,0.8352,0.0,-0.025180867,-0.008265196,2.7568138882827498e-09,3.661401569843292e-05,3.661401569843292e-05,7e267c0bf303542b
2,day2_n8_softmax_seed42,42,162,3,False,False,True,0.8374,0.0,-0.09209765,0.06072794,-7.319034267538882e-08,3.793438008869998e-05,3.7934452848276123e-05,7e267c0bf303542b
2,day2_n8_softmax_seed42,42,162,4,False,False,True,0.8388,0.0,0.0081403935,-0.081318215,-1.214420990436338e-07,3.767857560887933e-05,3.767877205973491e-05,7e267c0bf303542b
2,day2_n8_softmax_seed42,42,162,5,False,False,True,0.8364,0.0,-0.03340749,0.0958516,-3.465830999971331e-08,3.789547918131575e-05,3.789549373323098e-05,7e267c0bf303542b
2,day2_n8_softmax_seed42,42,162,6,False,False,True,0.8354,0.0,0.16788621,0.0386733,-2.8662839213211555e-08,4.005733717349358e-05,4.005734444945119e-05,7e267c0bf303542b
2,day2_n8_softmax_seed42,42,162,7,False,False,True,0.835,0.0,-0.000115674666,0.014330984,-1.5520601692742275e-08,3.430030483286828e-05,3.4300308470847085e-05,7e267c0bf303542b
2,day2_n8_softmax_seed42,42,163,0,False,False,True,0.8372,0.0,0.0054954514,-0.047690652,1.9581474219876327e-08,3.852870941045694e-05,3.852870941045694e-05,7e267c0bf303542b
2,day2_n8_softmax_seed42,42,163,1,False,False,True,0.8354,0.0,-0.0017935623,-0.016704569,-7.768191778723121e-08,3.717473737196997e-05,3.717482104548253e-05,7e267c0bf303542b
2,day2_n8_softmax_seed42,42,163,2,False,False,True,0.837,0.0,-0.2085232,0.07161003,-8.296734677060158e-08,5.004641570849344e-05,5.0046484830090776e-05,7e267c0bf303542b
2,day2_n8_softmax_seed42,42,163,3,False,False,True,0.836,0.0,0.07908397,-0.08634081,-3.7615304648852543e-08,4.2612882680259645e-05,4.261290087015368e-05,7e267c0bf303542b
2,day2_n8_softmax_seed42,42,163,4,False,False,True,0.8326,0.0,0.1409562,0.15306619,4.0255119237997405e-09,4.613900455296971e-05,4.613900455296971e-05,7e267c0bf303542b
2,day2_n8_softmax_seed42,42,163,5,False,False,True,0.836,0.0,-0.004590396,-0.0467494,-1.0219152812851462e-07,3.7820107536390424e-05,3.78202494175639e-05,7e267c0bf303542b
2,day2_n8_softmax_seed42,42,163,6,False,False,True,0.835,0.0,-0.0024088495,-0.0036276188,4.1139667672496216e-08,3.5811270208796486e-05,3.581129203666933e-05,7e267c0bf303542b
2,day2_n8_softmax_seed42,42,163,7,False,False,True,0.8354,0.0,-0.008219541,-0.023563394,1.6115656364945607e-08,3.532382470439188e-05,3.5323831980349496e-05,7e267c0bf303542b
2,day2_n8_softmax_seed42,42,164,0,False,False,True,0.8376,0.0,0.013518005,0.010248224,-1.5314391532683658e-07,3.715570710483007e-05,3.715602360898629e-05,7e267c0bf303542b
2,day2_n8_softmax_seed42,42,164,1,False,False,True,0.8336,0.0,-0.122538395,-0.11361316,-4.718170387718601e-08,3.8057900383137167e-05,3.805793312494643e-05,7e267c0bf303542b
2,day2_n8_softmax_seed42,42,164,2,False,False,True,0.8348,0.0,0.13424163,-0.09587223,-2.08139727675416e-08,3.839990677079186e-05,3.8399910408770666e-05,7e267c0bf303542b
2,day2_n8_softmax_seed42,42,164,3,False,False,True,0.8356,0.0,-0.03784261,0.03835026,-1.0210618484052247e-07,3.618860137066804e-05,3.6188743251841515e-05,7e267c0bf303542b
2,day2_n8_softmax_seed42,42,164,4,False,False,True,0.8328,0.0,0.0171436,-0.0058375937,9.63575352841417e-09,3.710961027536541e-05,3.710961391334422e-05,7e267c0bf303542b
2,day2_n8_softmax_seed42,42,164,5,False,False,True,0.8374,0.0,0.006654983,0.08255462,-3.256282354868745e-08,3.6953450035071e-05,3.695346458698623e-05,7e267c0bf303542b
2,day2_n8_softmax_seed42,42,164,6,False,False,True,0.8378,0.0,0.009980204,0.051137477,-3.73764699190815e-08,3.592487337300554e-05,3.592489520087838e-05,7e267c0bf303542b
2,day2_n8_softmax_seed42,42,164,7,False,False,True,0.8336,0.0,-0.021157397,0.03303249,8.529431738679705e-08,3.6279619962442666e-05,3.6279721825849265e-05,7e267c0bf303542b
2,day2_n8_softmax_seed42,42,165,0,False,False,True,0.8366,0.0,0.07291602,-0.05141628,3.0144942542165154e-08,4.047792390338145e-05,4.047793481731787e-05,7e267c0bf303542b
2,day2_n8_softmax_seed42,42,165,1,False,False,True,0.8358,0.0,0.046768412,-0.003494826,-7.543465585513331e-08,3.801209095399827e-05,3.801216371357441e-05,7e267c0bf303542b
2,day2_n8_softmax_seed42,42,165,2,False,False,True,0.8322,0.0,0.05304686,-0.07649672,1.98599039435976e-08,4.100495425518602e-05,4.1004961531143636e-05,7e267c0bf303542b
2,day2_n8_softmax_seed42,42,165,3,False,False,True,0.8402,0.0,0.043898735,-0.012477309,-6.616546244231358e-08,3.7212292227195576e-05,3.7212354072835296e-05,7e267c0bf303542b
2,day2_n8_softmax_seed42,42,165,4,False,False,True,0.8298,0.0,-0.028199155,0.20505069,5.857873830450444e-08,4.8052188503788784e-05,4.8052224883576855e-05,7e267c0bf303542b
2,day2_n8_softmax_seed42,42,165,5,False,False,True,0.8334,0.0,-0.29333487,-0.050615758,7.124501877342482e-08,6.932950782356784e-05,6.93295369273983e-05,7e267c0bf303542b
2,day2_n8_softmax_seed42,42,165,6,False,False,True,0.8346,0.0,0.06125943,-0.004910802,-9.377018983514063e-08,3.7113048165338114e-05,3.711316458065994e-05,7e267c0bf303542b
2,day2_n8_softmax_seed42,42,165,7,False,False,True,0.8368,0.0,0.043645263,-0.0056388252,-6.89103814011105e-08,3.552258567651734e-05,3.5522651160135865e-05,7e267c0bf303542b
2,day2_n8_softmax_seed42,42,166,0,False,False,True,0.84,0.0,0.032521553,-0.0064615663,-1.2945075411607831e-07,3.68615219485946e-05,3.686175114125945e-05,7e267c0bf303542b
2,day2_n8_softmax_seed42,42,166,1,False,False,True,0.8366,0.0,0.05829163,0.1725722,-3.57565284048178e-08,4.045866444357671e-05,4.045867899549194e-05,7e267c0bf303542b
2,day2_n8_softmax_seed42,42,166,2,False,False,True,0.834,0.0,0.02470705,-0.046735335,-4.078847837263311e-08,3.7987239920767024e-05,3.7987265386618674e-05,7e267c0bf303542b
2,day2_n8_softmax_seed42,42,166,3,False,False,True,0.834,0.0,-0.23724845,0.018206181,-1.5611003334470297e-07,5.429143493529409e-05,5.4291656852001324e-05,7e267c0bf303542b
2,day2_n8_softmax_seed42,42,166,4,False,False,True,0.8354,0.0,0.026057202,-0.044160582,-4.305955059180633e-08,3.8802289054729044e-05,3.880231088260189e-05,7e267c0bf303542b
2,day2_n8_softmax_seed42,42,166,5,False,False,True,0.8364,0.0,0.029903008,-0.018543178,-1.1165151647674065e-07,3.797292083618231e-05,3.797308454522863e-05,7e267c0bf303542b
2,day2_n8_softmax_seed42,42,166,6,False,False,True,0.8348,0.0,0.039125383,-0.054086275,6.025599930126191e-08,3.772306445171125e-05,3.7723111745435745e-05,7e267c0bf303542b
2,day2_n8_softmax_seed42,42,166,7,False,False,True,0.8348,0.0,0.026643023,-0.020791396,4.6073633797050206e-08,3.561518678907305e-05,3.561521589290351e-05,7e267c0bf303542b
2,day2_n8_softmax_seed42,42,167,0,False,False,True,0.8386,0.0,0.15268025,-0.21329132,3.3046050340601596e-09,6.0525006119860336e-05,6.0525006119860336e-05,7e267c0bf303542b
2,day2_n8_softmax_seed42,42,167,1,False,False,True,0.835,0.0,-0.026636986,0.0054582353,-9.719636295812961e-08,3.696234853123315e-05,3.696247222251259e-05,7e267c0bf303542b
2,day2_n8_softmax_seed42,42,167,2,False,False,True,0.8312,0.0,-0.025721816,0.009926015,-1.2264861481980915e-07,3.65533160220366e-05,3.6553519748849794e-05,7e267c0bf303542b
2,day2_n8_softmax_seed42,42,167,3,False,False,True,0.835,0.0,0.0709366,0.051019605,-1.1421723655757887e-07,4.640208135242574e-05,4.640221959562041e-05,7e267c0bf303542b
2,day2_n8_softmax_seed42,42,167,4,False,False,True,0.8348,0.0,-0.05216618,-4.8121132e-05,-7.99899808612281e-08,4.066187466378324e-05,4.066195469931699e-05,7e267c0bf303542b
2,day2_n8_softmax_seed42,42,167,5,False,False,True,0.8354,0.0,-0.030505566,1.8784349e-05,-1.1196394211765437e-07,3.797548561124131e-05,3.797565295826644e-05,7e267c0bf303542b
2,day2_n8_softmax_seed42,42,167,6,False,False,True,0.8352,0.0,-0.22119425,-0.027876202,-7.254973866110959e-08,5.490853436640464e-05,5.490857802215032e-05,7e267c0bf303542b
2,day2_n8_softmax_seed42,42,167,7,False,False,True,0.8288,0.0,0.1326079,0.17479295,-9.130933875667324e-08,5.601220254902728e-05,5.601227530860342e-05,7e267c0bf303542b
2,day2_n8_softmax_seed42,42,168,0,False,False,True,0.8378,0.0,-0.035100754,0.050539073,-9.47856406696701e-08,3.832509173662402e-05,3.8325208151945844e-05,7e267c0bf303542b
2,day2_n8_softmax_seed42,42,168,1,False,False,True,0.8358,0.0,-0.074125275,-0.15168725,6.0480012109565e-08,3.973358980147168e-05,3.973363709519617e-05,7e267c0bf303542b
2,day2_n8_softmax_seed42,42,168,2,False,False,True,0.8334,0.0,-0.078215756,0.024113396,-1.1907272323696816e-07,3.796581586357206e-05,3.796600140049122e-05,7e267c0bf303542b
2,day2_n8_softmax_seed42,42,168,3,False,False,True,0.8386,0.0,0.018704701,0.050242405,7.428463177916456e-09,3.674878098536283e-05,3.674878098536283e-05,7e267c0bf303542b
2,day2_n8_softmax_seed42,42,168,4,False,False,True,0.835,0.0,-0.024105562,0.04509686,-1.0178804643601325e-07,3.743353227037005e-05,3.7433666875585914e-05,7e267c0bf303542b
2,day2_n8_softmax_seed42,42,168,5,False,False,True,0.8344,0.0,0.03076931,0.049322736,-4.867399638897041e-08,3.8100846722954884e-05,3.810087582678534e-05,7e267c0bf303542b
2,day2_n8_softmax_seed42,42,168,6,False,False,True,0.8348,0.0,0.012765346,-0.0083719585,1.1466182670005765e-08,3.566009036148898e-05,3.566009399946779e-05,7e267c0bf303542b
2,day2_n8_softmax_seed42,42,168,7,False,False,True,0.8334,0.0,0.14930798,-0.059255295,1.5681018794566626e-07,3.951379039790481e-05,3.951410326408222e-05,7e267c0bf303542b
2,day2_n8_softmax_seed42,42,169,0,False,False,True,0.8368,0.0,0.026261328,0.013456723,-3.652930757880313e-08,3.777726669795811e-05,3.777728124987334e-05,7e267c0bf303542b
2,day2_n8_softmax_seed42,42,169,1,False,False,True,0.8352,0.0,0.07658029,-0.1446025,1.0079260448492278e-07,4.418272874318063e-05,4.418284152052365e-05,7e267c0bf303542b
2,day2_n8_softmax_seed42,42,169,2,False,False,True,0.8326,0.0,-0.28026876,-0.03667374,-3.616166281972255e-07,6.359469989547506e-05,6.359572580549866e-05,7e267c0bf303542b
2,day2_n8_softmax_seed42,42,169,3,False,False,True,0.8374,0.0,0.03036815,0.039521042,-2.038666480075335e-08,3.976297739427537e-05,3.976298467023298e-05,7e267c0bf303542b
2,day2_n8_softmax_seed42,42,169,4,False,False,True,0.8344,0.0,0.07717715,-0.05662586,-1.2261878623576195e-08,4.324179462855682e-05,4.324179462855682e-05,7e267c0bf303542b
2,day2_n8_softmax_seed42,42,169,5,False,False,True,0.8348,0.0,0.029581098,0.032013718,-1.6464107943647832e-07,3.861432196572423e-05,3.861467484966852e-05,7e267c0bf303542b
2,day2_n8_softmax_seed42,42,169,6,False,False,True,0.8368,0.0,0.016277948,0.1302188,-1.328376271203524e-07,4.2810635932255536e-05,4.2810839659068733e-05,7e267c0bf303542b
2,day2_n8_softmax_seed42,42,169,7,False,False,True,0.8338,0.0,0.024023496,0.022692224,-1.859858045349938e-08,3.6383597034728155e-05,3.638360067270696e-05,7e267c0bf303542b
2,day2_n8_softmax_seed42,42,170,0,False,False,True,0.8374,0.0,-0.009363646,0.021476334,-3.637210710394356e-08,3.700984234455973e-05,3.7009860534453765e-05,7e267c0bf303542b
2,day2_n8_softmax_seed42,42,170,1,False,False,True,0.8338,0.0,0.007813519,0.15184757,8.900673265088699e-08,3.8662125007249415e-05,3.8662226870656013e-05,7e267c0bf303542b
2,day2_n8_softmax_seed42,42,170,2,False,False,True,0.8342,0.0,-0.065574326,0.005066267,-3.2063795174508414e-08,3.860210927086882e-05,3.860212382278405e-05,7e267c0bf303542b
2,day2_n8_softmax_seed42,42,170,3,False,False,True,0.8346,0.0,-0.05644832,-0.09838559,4.902865224920561e-09,3.855645627481863e-05,3.855645627481863e-05,7e267c0bf303542b
2,day2_n8_softmax_seed42,42,170,4,False,False,True,0.8348,0.0,0.16547623,-0.041468948,-1.5882008597145614e-08,3.939208545489237e-05,3.939208545489237e-05,7e267c0bf303542b
2,day2_n8_softmax_seed42,42,170,5,False,False,True,0.835,0.0,-0.043203723,-0.013038699,-1.3948491073279e-07,3.796298187808134e-05,3.796323653659783e-05,7e267c0bf303542b
2,day2_n8_softmax_seed42,42,170,6,False,False,True,0.836,0.0,0.0037843406,0.004563761,6.24844602725716e-08,3.742018816410564e-05,3.742023909580894e-05,7e267c0bf303542b
2,day2_n8_softmax_seed42,42,170,7,False,False,True,0.8372,0.0,-0.0024841223,-0.030060537,-5.6099374035056826e-08,3.7263878766680136e-05,3.7263918784447014e-05,7e267c0bf303542b
2,day2_n8_softmax_seed42,42,171,0,False,False,True,0.837,0.0,-0.012583563,-0.014834106,-6.150790454739763e-08,3.783987631322816e-05,3.783992724493146e-05,7e267c0bf303542b
2,day2_n8_softmax_seed42,42,171,1,False,False,True,0.8314,0.0,-0.005542906,-0.10623023,1.8625465258992335e-07,4.356402132543735e-05,4.356441422714852e-05,7e267c0bf303542b
2,day2_n8_softmax_seed42,42,171,2,False,False,True,0.835,0.0,0.007855949,-0.015946636,-1.2459759091143496e-07,3.810854468611069e-05,3.8108752050902694e-05,7e267c0bf303542b
2,day2_n8_softmax_seed42,42,171,3,False,False,True,0.8364,0.0,0.21576749,0.12056089,-6.166499311177631e-09,5.4577751143369824e-05,5.4577751143369824e-05,7e267c0bf303542b
2,day2_n8_softmax_seed42,42,171,4,False,False,True,0.8356,0.0,-0.18831326,0.1452156,-2.0023738045438222e-07,5.380569564295001e-05,5.380606307880953e-05,7e267c0bf303542b
2,day2_n8_softmax_seed42,42,171,5,False,False,True,0.8382,0.0,0.013332711,-0.041969623,-6.106147765194692e-08,3.936051871278323e-05,3.9360566006507725e-05,7e267c0bf303542b
2,day2_n8_softmax_seed42,42,171,6,False,False,True,0.8336,0.0,-0.010488996,-0.052007005,4.987057167227249e-08,4.009369877167046e-05,4.0093731513479725e-05,7e267c0bf303542b
2,day2_n8_softmax_seed42,42,171,7,False,False,True,0.8342,0.0,-0.020027481,-0.03478952,4.8055341039798805e-08,3.887741331709549e-05,3.8877442420925945e-05,7e267c0bf303542b
2,day2_n8_softmax_seed42,42,172,0,False,False,True,0.8356,0.0,0.15261403,-0.016351376,9.460499938995781e-09,4.1753039113245904e-05,4.175304275122471e-05,7e267c0bf303542b
2,day2_n8_softmax_seed42,42,172,1,False,False,True,0.781,0.0,-0.89120424,-0.032511704,-7.011790614797064e-08,0.00021557780564762652,0.00021557780564762652,7e267c0bf303542b
2,day2_n8_softmax_seed42,42,172,2,False,False,True,0.8356,0.0,0.15523352,-0.047536176,-1.4565538108968212e-08,3.932058098143898e-05,3.932058098143898e-05,7e267c0bf303542b
2,day2_n8_softmax_seed42,42,172,3,False,False,True,0.8374,0.0,0.1497555,-0.040484842,-9.123701261160022e-08,3.782006024266593e-05,3.7820169382030144e-05,7e267c0bf303542b
2,day2_n8_softmax_seed42,42,172,4,False,False,True,0.8344,0.0,0.02152338,0.2783524,1.1098072860704633e-07,7.036539318505675e-05,7.03654732205905e-05,7e267c0bf303542b
2,day2_n8_softmax_seed42,42,172,5,False,False,True,0.8366,0.0,0.14893469,-0.042493507,-4.9077080177539756e-08,3.830022251349874e-05,3.8300251617329195e-05,7e267c0bf303542b
2,day2_n8_softmax_seed42,42,172,6,False,False,True,0.8358,0.0,0.15334773,-0.04207117,-2.769451157291769e-08,3.6485405871644616e-05,3.648541678558104e-05,7e267c0bf303542b
2,day2_n8_softmax_seed42,42,172,7,False,False,True,0.8362,0.0,0.10980021,-0.05690236,2.1368734337556816e-08,4.2233670683344826e-05,4.223367432132363e-05,7e267c0bf303542b
2,day2_n8_softmax_seed42,42,173,0,False,False,True,0.8374,0.0,0.015287452,0.01933271,3.048443630859765e-08,3.645868491730653e-05,3.645869583124295e-05,7e267c0bf303542b
2,day2_n8_softmax_seed42,42,173,1,False,False,True,0.8354,0.0,-0.2042022,-0.03524003,-1.3486153704889148e-07,4.72423380415421e-05,4.724252721644007e-05,7e267c0bf303542b
2,day2_n8_softmax_seed42,42,173,2,False,False,True,0.8346,0.0,0.018497791,0.0537308,-9.039647608233281e-08,3.898636714438908e-05,3.8986472645774484e-05,7e267c0bf303542b
2,day2_n8_softmax_seed42,42,173,3,False,False,True,0.8392,0.0,0.033457685,0.021365296,-3.6144516712965924e-08,3.8040376239223406e-05,3.804039442911744e-05,7e267c0bf303542b
2,day2_n8_softmax_seed42,42,173,4,False,False,True,0.8358,0.0,0.022575814,-0.0045425394,-3.008827320627461e-08,3.85285857191775e-05,3.852859663311392e-05,7e267c0bf303542b
2,day2_n8_softmax_seed42,42,173,5,False,False,True,0.8356,0.0,0.012808274,0.10754077,-1.0682820317242658e-07,3.9682836359133944e-05,3.968297824030742e-05,7e267c0bf303542b
2,day2_n8_softmax_seed42,42,173,6,False,False,True,0.8336,0.0,0.03365786,-0.01576305,2.9742873053351104e-08,3.6862355045741424e-05,3.6862365959677845e-05,7e267c0bf303542b
2,day2_n8_softmax_seed42,42,173,7,False,False,True,0.835,0.0,0.06791722,-0.14642376,3.732543163437185e-08,3.9620088500669226e-05,3.962010669056326e-05,7e267c0bf303542b
2,day2_n8_softmax_seed42,42,174,0,False,False,True,0.837,0.0,-0.005204552,0.0016620011,4.0741070961303194e-08,3.807372922892682e-05,3.8073751056799665e-05,7e267c0bf303542b
2,day2_n8_softmax_seed42,42,174,1,False,False,True,0.8364,0.0,0.039625525,0.11342884,4.4134850440968876e-08,3.8981954276096076e-05,3.898198337992653e-05,7e267c0bf303542b
2,day2_n8_softmax_seed42,42,174,2,False,False,True,0.8368,0.0,0.031940855,-0.13087207,-7.895469167351621e-08,3.8398611650336534e-05,3.83986953238491e-05,7e267c0bf303542b
2,day2_n8_softmax_seed42,42,174,3,False,False,True,0.836,0.0,0.019193398,0.06275829,-8.473906376593732e-08,3.806031236308627e-05,3.806040695053525e-05,7e267c0bf303542b
2,day2_n8_softmax_seed42,42,174,4,False,False,True,0.834,0.0,-0.17428568,-0.007890097,4.052822433209258e-08,3.9734008169034496e-05,3.973402999690734e-05,7e267c0bf303542b
2,day2_n8_softmax_seed42,42,174,5,False,False,True,0.8356,0.0,0.060792748,-0.045138527,-8.024225195413237e-08,3.8738380681024864e-05,3.873846435453743e-05,7e267c0bf303542b
2,day2_n8_softmax_seed42,42,174,6,False,False,True,0.8336,0.0,0.022604486,-0.010057744,-4.72632351034008e-08,3.719007509062067e-05,3.7190104194451123e-05,7e267c0bf303542b
2,day2_n8_softmax_seed42,42,174,7,False,False,True,0.8338,0.0,0.005333172,0.016109401,3.463695774641451e-09,3.798836041823961e-05,3.798836041823961e-05,7e267c0bf303542b
2,day2_n8_softmax_seed42,42,175,0,False,False,True,0.8352,0.0,0.008917593,0.0354225,-5.1300414583010934e-08,3.6803798138862476e-05,3.680383451865055e-05,7e267c0bf303542b
2,day2_n8_softmax_seed42,42,175,1,False,False,True,0.834,0.0,0.03636523,-0.16423258,8.967541292870251e-11,3.883296449203044e-05,3.883296813000925e-05,7e267c0bf303542b
2,day2_n8_softmax_seed42,42,175,2,False,False,True,0.8344,0.0,0.08810195,0.023228945,-1.630576740296874e-08,3.890268999384716e-05,3.890269363182597e-05,7e267c0bf303542b
2,day2_n8_softmax_seed42,42,175,3,False,False,True,0.835,0.0,-0.020797716,0.06836656,-7.795561174361865e-08,3.7137728213565424e-05,3.713781188707799e-05,7e267c0bf303542b
2,day2_n8_softmax_seed42,42,175,4,False,False,True,0.837,0.0,-0.16188368,-0.022839012,3.253174796213898e-08,3.9587390347151086e-05,3.958740126108751e-05,7e267c0bf303542b
2,day2_n8_softmax_seed42,42,175,5,False,False,True,0.8372,0.0,0.023699665,0.038762733,-9.455814620196179e-08,3.7961995985824615e-05,3.796211240114644e-05,7e267c0bf303542b
2,day2_n8_softmax_seed42,42,175,6,False,False,True,0.8364,0.0,0.02532761,0.01636828,-3.9143280616826814e-08,3.80021556338761e-05,3.800217746174894e-05,7e267c0bf303542b
2,day2_n8_softmax_seed42,42,175,7,False,False,True,0.834,0.0,0.00026949574,0.004922703,-2.0550126933471802e-08,3.555987132131122e-05,3.5559878597268835e-05,7e267c0bf303542b
2,day2_n8_softmax_seed42,42,176,0,False,False,True,0.8386,0.0,-0.031557895,0.03223493,-2.7318828088596092e-08,4.0020204323809594e-05,4.0020215237746015e-05,7e267c0bf303542b
2,day2_n8_softmax_seed42,42,176,1,False,False,True,0.8364,0.0,-0.047592785,0.09340276,-1.1246633135897355e-07,4.045155947096646e-05,4.045171590405516e-05,7e267c0bf303542b
2,day2_n8_softmax_seed42,42,176,2,False,False,True,0.8374,0.0,-0.043300986,0.045220096,-6.009593533917723e-08,3.950279642594978e-05,3.950284008169547e-05,7e267c0bf303542b
2,day2_n8_softmax_seed42,42,176,3,False,False,True,0.833,0.0,-0.03879097,0.0025156972,-1.572351067125055e-07,3.935159111279063e-05,3.9351907616946846e-05,7e267c0bf303542b
2,day2_n8_softmax_seed42,42,176,4,False,False,True,0.8366,0.0,-0.07943877,-0.17704077,-3.0914449666852306e-08,4.4542608520714566e-05,4.454261943465099e-05,7e267c0bf303542b
2,day2_n8_softmax_seed42,42,176,5,False,False,True,0.836,0.0,-0.032051582,0.025832122,-1.1878994854441771e-07,3.9569429645780474e-05,3.956960790674202e-05,7e267c0bf303542b
2,day2_n8_softmax_seed42,42,176,6,False,False,True,0.8362,0.0,0.29630908,-0.01950786,1.8258283773775474e-07,6.610941636608914e-05,6.610966374864802e-05,7e267c0bf303542b
2,day2_n8_softmax_seed42,42,176,7,False,False,True,0.8346,0.0,-0.023576865,-0.0026567962,2.774506846492386e-08,3.788936373894103e-05,3.788937465287745e-05,7e267c0bf303542b
2,day2_n8_softmax_seed42,42,177,0,False,False,True,0.8378,0.0,0.012713039,-0.017643634,-4.7703359484785324e-08,3.725015267264098e-05,3.7250181776471436e-05,7e267c0bf303542b
2,day2_n8_softmax_seed42,42,177,1,False,False,True,0.8344,0.0,0.025760373,-0.006080585,-2.2197303550797187e-08,4.002916830359027e-05,4.002917557954788e-05,7e267c0bf303542b
2,day2_n8_softmax_seed42,42,177,2,False,False,True,0.8324,0.0,0.008052176,-0.04071442,-3.087693301040417e-08,3.9260845369426534e-05,3.926085992134176e-05,7e267c0bf303542b
2,day2_n8_softmax_seed42,42,177,3,False,False,True,0.8358,0.0,0.054937992,0.16740572,-3.074387322499206e-08,4.219658876536414e-05,4.219660331727937e-05,7e267c0bf303542b
2,day2_n8_softmax_seed42,42,177,4,False,False,True,0.8364,0.0,0.03545688,-0.111287214,-9.971108028139497e-08,4.090032962267287e-05,4.0900449675973505e-05,7e267c0bf303542b
2,day2_n8_softmax_seed42,42,177,5,False,False,True,0.8328,0.0,-0.21073548,0.019907879,-1.1307161429385815e-07,4.7833080316195264e-05,4.783321492141113e-05,7e267c0bf303542b
2,day2_n8_softmax_seed42,42,177,6,False,False,True,0.8352,0.0,0.020304138,-0.008224547,-7.674121782486054e-09,3.6828678275924176e-05,3.6828678275924176e-05,7e267c0bf303542b
2,day2_n8_softmax_seed42,42,177,7,False,False,True,0.8328,0.0,0.053511143,-0.0033632491,6.049943834796068e-08,3.812773138633929e-05,3.8127778680063784e-05,7e267c0bf303542b
2,day2_n8_softmax_seed42,42,178,0,False,False,True,0.8378,0.0,0.06355889,0.015458513,-3.499904721593339e-08,3.8513993786182255e-05,3.851401197607629e-05,7e267c0bf303542b
2,day2_n8_softmax_seed42,42,178,1,False,False,True,0.8326,0.0,-0.17605276,-0.014870225,-4.78229686962095e-08,4.119972072658129e-05,4.119974619243294e-05,7e267c0bf303542b
2,day2_n8_softmax_seed42,42,178,2,False,False,True,0.8354,0.0,-0.005899514,0.003527192,-3.247152591256963e-08,3.8085032429080456e-05,3.808505061897449e-05,7e267c0bf303542b
2,day2_n8_softmax_seed42,42,178,3,False,False,True,0.8354,0.0,0.03823762,0.084756725,-1.0910995484891828e-07,3.8598653191002086e-05,3.859880962409079e-05,7e267c0bf303542b
2,day2_n8_softmax_seed42,42,178,4,False,False,True,0.8356,0.0,0.050977,-0.16491957,-1.2401843108023058e-08,4.0552909922553226e-05,4.0552909922553226e-05,7e267c0bf303542b
2,day2_n8_softmax_seed42,42,178,5,False,False,True,0.8368,0.0,0.028772794,0.059674308,-6.255542217559196e-08,3.8969283195910975e-05,3.896933048963547e-05,7e267c0bf303542b
2,day2_n8_softmax_seed42,42,178,6,False,False,True,0.8344,0.0,-0.012484895,0.0134580415,4.975364475967581e-08,3.7341822462622076e-05,3.734185520443134e-05,7e267c0bf303542b
2,day2_n8_softmax_seed42,42,178,7,False,False,True,0.8344,0.0,0.012890713,0.0029149412,1.772324331739128e-08,3.860546712530777e-05,3.860547440126538e-05,7e267c0bf303542b
2,day2_n8_softmax_seed42,42,179,0,False,False,True,0.8396,0.0,-0.02997703,-0.004030747,-1.2615871014531876e-07,3.835709503619e-05,3.835730240098201e-05,7e267c0bf303542b
2,day2_n8_softmax_seed42,42,179,1,False,False,True,0.834,0.0,-0.049884334,-0.15050851,1.4641385881475344e-08,4.023276414955035e-05,4.0232767787529156e-05,7e267c0bf303542b
2,day2_n8_softmax_seed42,42,179,2,False,False,True,0.8354,0.0,-0.031425245,-7.7146826e-05,1.0766927349692423e-09,3.875807669828646e-05,3.8758080336265266e-05,7e267c0bf303542b
2,day2_n8_softmax_seed42,42,179,3,False,False,True,0.8336,0.0,-0.023241505,0.106145754,-7.283518499434649e-08,3.9841062971390784e-05,3.984113209298812e-05,7e267c0bf303542b
2,day2_n8_softmax_seed42,42,179,4,False,False,True,0.8318,0.0,0.20995176,-0.012146701,-1.1440737068824092e-07,4.802628609468229e-05,4.8026420699898154e-05,7e267c0bf303542b
2,day2_n8_softmax_seed42,42,179,5,False,False,True,0.8354,0.0,-0.042724054,0.06733713,-8.18328445006955e-08,3.935026325052604e-05,3.9350346924038604e-05,7e267c0bf303542b
2,day2_n8_softmax_seed42,42,179,6,False,False,True,0.8352,0.0,-0.028066317,-0.0098883705,-4.8282487341566593e-08,3.8552982005057856e-05,3.855301474686712e-05,7e267c0bf303542b
2,day2_n8_softmax_seed42,42,179,7,False,False,True,0.8356,0.0,-0.004633292,0.0031687845,2.0059879091149924e-08,3.938098598155193e-05,3.938098961953074e-05,7e267c0bf303542b
2,day2_n8_softmax_seed42,42,180,0,False,False,True,0.8384,0.0,-0.03179088,-0.022118974,-9.17193165861363e-09,3.9666374505031854e-05,3.9666374505031854e-05,7e267c0bf303542b
2,day2_n8_softmax_seed42,42,180,1,False,False,True,0.8348,0.0,-0.025858862,0.048906825,1.3968080025961171e-08,3.9094960811780766e-05,3.909496444975957e-05,7e267c0bf303542b
2,day2_n8_softmax_seed42,42,180,2,False,False,True,0.8326,0.0,-0.033418667,-0.1423306,-1.104780125160687e-07,4.025130328955129e-05,4.0251456084661186e-05,7e267c0bf303542b
2,day2_n8_softmax_seed42,42,180,3,False,False,True,0.8366,0.0,-0.03190148,0.005386773,1.4797371328256759e-08,3.884625402861275e-05,3.8846257666591555e-05,7e267c0bf303542b
2,day2_n8_softmax_seed42,42,180,4,False,False,True,0.8352,0.0,-0.040742364,0.068166025,-9.315480298255352e-08,3.968181408708915e-05,3.9681923226453364e-05,7e267c0bf303542b
2,day2_n8_softmax_seed42,42,180,5,False,False,True,0.8342,0.0,-0.04017816,-0.0464661,-1.8224397990707075e-07,3.958049273933284e-05,3.9580911106895655e-05,7e267c0bf303542b
2,day2_n8_softmax_seed42,42,180,6,False,False,True,0.836,0.0,0.21215653,-0.010804899,-1.1833512303383031e-07,4.79658592666965e-05,4.796600478584878e-05,7e267c0bf303542b
2,day2_n8_softmax_seed42,42,180,7,False,False,True,0.8374,0.0,-0.008266229,0.099260986,-1.7783113648306426e-08,3.9852631743997335e-05,3.985263538197614e-05,7e267c0bf303542b
2,day2_n8_softmax_seed42,42,181,0,False,False,True,0.839,0.0,0.09733532,-0.018362451,-4.719655066764972e-08,3.934311826014891e-05,3.9343151001958176e-05,7e267c0bf303542b
2,day2_n8_softmax_seed42,42,181,1,False,False,True,0.833,0.0,0.11247858,0.20644574,1.2003116012238024e-07,4.737726703751832e-05,4.737741619464941e-05,7e267c0bf303542b
2,day2_n8_softmax_seed42,42,181,2,False,False,True,0.834,0.0,0.094424516,-0.021957338,-1.931063842164349e-08,3.829080014838837e-05,3.829080378636718e-05,7e267c0bf303542b
2,day2_n8_softmax_seed42,42,181,3,False,False,True,0.8356,0.0,0.09629554,-0.036115885,-3.799646819402369e-08,3.9612110413145274e-05,3.9612132241018116e-05,7e267c0bf303542b
2,day2_n8_softmax_seed42,42,181,4,False,False,True,0.8328,0.0,0.09341147,-0.058660556,1.063762233854959e-08,4.010003249277361e-05,4.0100036130752414e-05,7e267c0bf303542b
2,day2_n8_softmax_seed42,42,181,5,False,False,True,0.8004,0.0,-0.66614205,0.0056513553,-7.436422322371072e-08,0.000155990244820714,0.00015599025937262923,7e267c0bf303542b
2,day2_n8_softmax_seed42,42,181,6,False,False,True,0.8378,0.0,0.08516424,-0.034062423,-3.991517782964138e-09,3.750066753127612e-05,3.750066753127612e-05,7e267c0bf303542b
2,day2_n8_softmax_seed42,42,181,7,False,False,True,0.8348,0.0,0.087036446,-0.042938884,2.349854177907673e-08,3.8850361306685954e-05,3.8850372220622376e-05,7e267c0bf303542b
2,day2_n8_softmax_seed42,42,182,0,False,False,True,0.8378,0.0,-0.006896288,-0.034599457,-4.52053612320924e-08,3.8847534597152844e-05,3.88475637009833e-05,7e267c0bf303542b
2,day2_n8_softmax_seed42,42,182,1,False,False,True,0.834,0.0,-0.085898936,-0.14031026,-3.847807406032189e-08,4.112355600227602e-05,4.1123574192170054e-05,7e267c0bf303542b
2,day2_n8_softmax_seed42,42,182,2,False,False,True,0.8322,0.0,-0.03824232,0.050212346,-6.487623949169574e-08,4.048700429848395e-05,4.048705886816606e-05,7e267c0bf303542b
2,day2_n8_softmax_seed42,42,182,3,False,False,True,0.8336,0.0,0.00017213299,0.037573453,-1.6839326377748876e-08,3.933074185624719e-05,3.93307491322048e-05,7e267c0bf303542b
2,day2_n8_softmax_seed42,42,182,4,False,False,True,0.8376,0.0,-0.027192501,0.116494305,-7.229484566551037e-08,4.0410785004496574e-05,4.04108504881151e-05,7e267c0bf303542b
2,day2_n8_softmax_seed42,42,182,5,False,False,True,0.8368,0.0,0.17604302,-0.040975906,-5.1364775544016084e-08,4.1781309846555814e-05,4.178134258836508e-05,7e267c0bf303542b
2,day2_n8_softmax_seed42,42,182,6,False,False,True,0.8346,0.0,-0.0015191622,0.013049683,-9.689112090427443e-08,3.754231511265971e-05,3.754243880393915e-05,7e267c0bf303542b
2,day2_n8_softmax_seed42,42,182,7,False,False,True,0.8368,0.0,-0.016465753,-0.0014440854,9.440027071150325e-08,3.861522418446839e-05,3.8615340599790215e-05,7e267c0bf303542b
2,day2_n8_softmax_seed42,42,183,0,False,False,True,0.8376,0.0,0.045340966,-0.05216227,-5.2779693504589886e-08,3.915807246812619e-05,3.9158105209935457e-05,7e267c0bf303542b
2,day2_n8_softmax_seed42,42,183,1,False,False,True,0.834,0.0,-0.0036595995,0.023152791,6.835383459247169e-08,4.056670150021091e-05,4.056675606989302e-05,7e267c0bf303542b
2,day2_n8_softmax_seed42,42,183,2,False,False,True,0.8334,0.0,0.006770367,-0.036938053,-9.770861453262114e-09,3.974659557570703e-05,3.974659921368584e-05,7e267c0bf303542b
2,day2_n8_softmax_seed42,42,183,3,False,False,True,0.8374,0.0,-0.017871823,-0.08299509,-5.091776600352205e-08,4.091234222869389e-05,4.0912371332524344e-05,7e267c0bf303542b
2,day2_n8_softmax_seed42,42,183,4,False,False,True,0.8334,0.0,0.022939457,-0.045624137,2.025539558303535e-08,3.886968988808803e-05,3.886969716404565e-05,7e267c0bf303542b
2,day2_n8_softmax_seed42,42,183,5,False,False,True,0.8364,0.0,0.0125361355,-0.029417442,-1.0501454283939893e-07,3.9264072256628424e-05,3.9264210499823093e-05,7e267c0bf303542b
2,day2_n8_softmax_seed42,42,183,6,False,False,True,0.8332,0.0,0.10576512,0.14812368,-3.999617703698277e-08,4.263898154022172e-05,4.2638999730115756e-05,7e267c0bf303542b
2,day2_n8_softmax_seed42,42,183,7,False,False,True,0.8342,0.0,-0.17182048,0.075860135,7.842823634973684e-08,4.3085674406029284e-05,4.3085747165605426e-05,7e267c0bf303542b
2,day2_n8_softmax_seed42,42,184,0,False,False,True,0.8368,0.0,-0.03590521,-0.023642821,-1.8589680905733985e-08,4.1128263546852395e-05,4.112827082281001e-05,7e267c0bf303542b
2,day2_n8_softmax_seed42,42,184,1,False,False,True,0.8328,0.0,-0.016557565,0.041999973,-1.3834628553865969e-08,3.891749292961322e-05,3.8917496567592025e-05,7e267c0bf303542b
2,day2_n8_softmax_seed42,42,184,2,False,False,True,0.836,0.0,-0.049437862,-0.026817521,-5.766933597328716e-08,3.958700108341873e-05,3.958704473916441e-05,7e267c0bf303542b
2,day2_n8_softmax_seed42,42,184,3,False,False,True,0.8358,0.0,-0.015095189,0.013030682,-1.1085864315418803e-07,4.0142978832591325e-05,4.014313526568003e-05,7e267c0bf303542b
2,day2_n8_softmax_seed42,42,184,4,False,False,True,0.8334,0.0,-0.07075612,-0.1345665,-1.091458479152152e-08,4.1900642827386037e-05,4.1900642827386037e-05,7e267c0bf303542b
2,day2_n8_softmax_seed42,42,184,5,False,False,True,0.8362,0.0,-0.0035689399,0.12364135,-1.10281050069716e-07,4.0872004319680855e-05,4.0872153476811945e-05,7e267c0bf303542b
2,day2_n8_softmax_seed42,42,184,6,False,False,True,0.8348,0.0,0.20396143,-0.047471322,5.993357632405605e-08,4.676375101553276e-05,4.676379467127845e-05,7e267c0bf303542b
2,day2_n8_softmax_seed42,42,184,7,False,False,True,0.8352,0.0,-0.012640697,0.053826284,1.6676549918770434e-08,3.901513264281675e-05,3.901513628079556e-05,7e267c0bf303542b
2,day2_n8_softmax_seed42,42,185,0,False,False,True,0.8362,0.0,-0.019033225,0.009960488,-1.592711811326808e-07,3.872276647598483e-05,3.872309025609866e-05,7e267c0bf303542b
2,day2_n8_softmax_seed42,42,185,1,False,False,True,0.8348,0.0,0.15176034,-0.10166126,1.7217811176806208e-08,4.3950083636445925e-05,4.395008727442473e-05,7e267c0bf303542b
2,day2_n8_softmax_seed42,42,185,2,False,False,True,0.8344,0.0,0.006569864,-0.018941687,5.09137016990735e-08,4.158742376603186e-05,4.1587456507841125e-05,7e267c0bf303542b
2,day2_n8_softmax_seed42,42,185,3,False,False,True,0.8348,0.0,0.052488815,0.16729142,1.453740861023789e-08,4.3103747884742916e-05,4.310375152272172e-05,7e267c0bf303542b
2,day2_n8_softmax_seed42,42,185,4,False,False,True,0.8326,0.0,-0.038142465,-0.054417465,-6.898108040331863e-08,4.233232175465673e-05,4.2332379962317646e-05,7e267c0bf303542b
2,day2_n8_softmax_seed42,42,185,5,False,False,True,0.8374,0.0,0.008998281,0.031939924,-2.0261070687865868e-07,3.9761267544236034e-05,3.976178413722664e-05,7e267c0bf303542b
2,day2_n8_softmax_seed42,42,185,6,False,False,True,0.8354,0.0,-0.024361957,-0.0011148152,-1.1018297385589904e-07,3.948756057070568e-05,3.948771700379439e-05,7e267c0bf303542b
2,day2_n8_softmax_seed42,42,185,7,False,False,True,0.8338,0.0,-0.13827977,-0.033056535,9.406448242543775e-08,4.321283267927356e-05,4.321293454268016e-05,7e267c0bf303542b
2,day2_n8_softmax_seed42,42,186,0,False,False,True,0.8338,0.0,0.32369214,0.024566889,-1.4238635515084752e-07,7.643186108907685e-05,7.643199933227152e-05,7e267c0bf303542b
2,day2_n8_softmax_seed42,42,186,1,False,False,True,0.837,0.0,-0.013939368,-0.23360142,-8.526924943907943e-08,5.3379750170279294e-05,5.3379812015919015e-05,7e267c0bf303542b
2,day2_n8_softmax_seed42,42,186,2,False,False,True,0.8328,0.0,-0.032464582,0.03806178,2.6615236237148565e-08,4.045070454594679e-05,4.045071545988321e-05,7e267c0bf303542b
2,day2_n8_softmax_seed42,42,186,3,False,False,True,0.8336,0.0,-0.051116195,0.04002699,2.7418460391004373e-08,4.034527228213847e-05,4.034527955809608e-05,7e267c0bf303542b
2,day2_n8_softmax_seed42,42,186,4,False,False,True,0.8352,0.0,-0.029003209,0.026041409,-1.961733175903646e-08,4.1931667510652915e-05,4.193167478661053e-05,7e267c0bf303542b
2,day2_n8_softmax_seed42,42,186,5,False,False,True,0.8364,0.0,-0.112415016,0.03910025,1.1170568914309342e-09,4.4101590901846066e-05,4.410158726386726e-05,7e267c0bf303542b
2,day2_n8_softmax_seed42,42,186,6,False,False,True,0.8362,0.0,-0.047310304,0.031616416,3.9859773259820486e-09,3.7851139495614916e-05,3.7851139495614916e-05,7e267c0bf303542b
2,day2_n8_softmax_seed42,42,186,7,False,False,True,0.8374,0.0,-0.03744452,0.034188032,-1.3488152816876209e-08,3.833045411738567e-05,3.833045775536448e-05,7e267c0bf303542b
2,day2_n8_softmax_seed42,42,187,0,False,False,True,0.8364,0.0,0.07026651,0.03333569,-1.0253391025116798e-07,4.0222035750048235e-05,4.022216671728529e-05,7e267c0bf303542b
2,day2_n8_softmax_seed42,42,187,1,False,False,True,0.83,0.0,-0.02741856,-0.05162685,2.3331629961376166e-08,3.952964470954612e-05,3.952965198550373e-05,7e267c0bf303542b
2,day2_n8_softmax_seed42,42,187,2,False,False,True,0.8336,0.0,0.08468933,-0.0057451865,1.0579664255772059e-08,4.017687024315819e-05,4.017687024315819e-05,7e267c0bf303542b
2,day2_n8_softmax_seed42,42,187,3,False,False,True,0.834,0.0,-0.043042306,0.091667205,-9.904399078664028e-09,4.0594190068077296e-05,4.05941937060561e-05,7e267c0bf303542b
2,day2_n8_softmax_seed42,42,187,4,False,False,True,0.8348,0.0,0.07220152,-0.10279955,1.5621740345750368e-08,4.0364651795243844e-05,4.036465907120146e-05,7e267c0bf303542b
2,day2_n8_softmax_seed42,42,187,5,False,False,True,0.8384,0.0,-0.041329995,0.09738175,-7.369808230350827e-08,4.058754348079674e-05,4.058760896441527e-05,7e267c0bf303542b
2,day2_n8_softmax_seed42,42,187,6,False,False,True,0.833,0.0,0.021254621,0.022940105,-8.451769284434363e-10,4.0050210373010486e-05,4.0050214010989293e-05,7e267c0bf303542b
2,day2_n8_softmax_seed42,42,187,7,False,False,True,0.8354,0.0,-0.13662115,-0.08515296,6.0079567987259e-09,4.068497946718708e-05,4.068497582920827e-05,7e267c0bf303542b
2,day2_n8_softmax_seed42,42,188,0,False,False,True,0.835,0.0,0.018196436,0.05328998,-2.4998042746915417e-08,4.0270118915941566e-05,4.027012982987799e-05,7e267c0bf303542b
2,day2_n8_softmax_seed42,42,188,1,False,False,True,0.8322,0.0,-0.091639906,-0.1456496,-3.765412159850712e-08,4.072122465004213e-05,4.072124283993617e-05,7e267c0bf303542b
2,day2_n8_softmax_seed42,42,188,2,False,False,True,0.831,0.0,0.0112176165,0.008156258,-7.267862400794911e-08,3.980017936555669e-05,3.980024848715402e-05,7e267c0bf303542b
2,day2_n8_softmax_seed42,42,188,3,False,False,True,0.8354,0.0,0.05702977,0.057891775,-6.320638590295857e-08,3.973632919951342e-05,3.973638376919553e-05,7e267c0bf303542b
2,day2_n8_softmax_seed42,42,188,4,False,False,True,0.8372,0.0,-0.10229891,0.07944436,1.4075040155603347e-07,4.0615257603349164e-05,4.061549770995043e-05,7e267c0bf303542b
2,day2_n8_softmax_seed42,42,188,5,False,False,True,0.834,0.0,0.13207765,-0.06917818,-1.1630997676093102e-07,4.0934610296972096e-05,4.0934774006018415e-05,7e267c0bf303542b
2,day2_n8_softmax_seed42,42,188,6,False,False,True,0.834,0.0,-0.017885126,0.030268915,-3.7943561181918994e-08,4.0178518247557804e-05,4.017853643745184e-05,7e267c0bf303542b
2,day2_n8_softmax_seed42,42,188,7,False,False,True,0.8358,0.0,-0.006697491,-0.014223894,6.042512268322753e-08,3.95566166844219e-05,3.955666034016758e-05,7e267c0bf303542b
2,day2_n8_softmax_seed42,42,189,0,False,False,True,0.8392,0.0,-0.048943825,0.18515451,-3.393664016471121e-08,4.2669009417295456e-05,4.2669023969210684e-05,7e267c0bf303542b
2,day2_n8_softmax_seed42,42,189,1,False,False,True,0.835,0.0,-0.03393881,-0.018965414,-9.138369172490002e-09,4.0764665754977614e-05,4.0764665754977614e-05,7e267c0bf303542b
2,day2_n8_softmax_seed42,42,189,2,False,False,True,0.8336,0.0,-0.039816543,-0.059425898,-4.545530174482337e-08,4.1291230445494875e-05,4.1291255911346525e-05,7e267c0bf303542b
2,day2_n8_softmax_seed42,42,189,3,False,False,True,0.836,0.0,-0.033494078,-0.057127878,5.936406921591697e-08,4.129705121158622e-05,4.129709486733191e-05,7e267c0bf303542b
2,day2_n8_softmax_seed42,42,189,4,False,False,True,0.836,0.0,-0.04010326,-0.01198601,-7.298591242488328e-08,4.040008207084611e-05,4.0400151192443445e-05,7e267c0bf303542b
2,day2_n8_softmax_seed42,42,189,5,False,False,True,0.8338,0.0,-0.03021756,-0.024902187,-1.1268740962577795e-07,4.055098906974308e-05,4.055114550283179e-05,7e267c0bf303542b
2,day2_n8_softmax_seed42,42,189,6,False,False,True,0.8318,0.0,0.24780962,0.009789143,-2.2415548528442741e-07,5.560041608987376e-05,5.560087083722465e-05,7e267c0bf303542b
2,day2_n8_softmax_seed42,42,189,7,False,False,True,0.8328,0.0,-0.021295868,-0.022536203,8.32477624612693e-08,3.839509008685127e-05,3.839517739834264e-05,7e267c0bf303542b
2,day2_n8_softmax_seed42,42,190,0,False,False,True,0.8364,0.0,0.0651546,0.121300474,-1.5134335740185634e-07,4.3171196011826396e-05,4.3171457946300507e-05,7e267c0bf303542b
2,day2_n8_softmax_seed42,42,190,1,False,False,True,0.834,0.0,0.016589142,0.024280416,1.5214681070574443e-08,4.1012506699189544e-05,4.101251033716835e-05,7e267c0bf303542b
2,day2_n8_softmax_seed42,42,190,2,False,False,True,0.836,0.0,0.012094972,-0.00052456814,-3.203166443199734e-08,4.0316092054126784e-05,4.0316102968063205e-05,7e267c0bf303542b
2,day2_n8_softmax_seed42,42,190,3,False,False,True,0.838,0.0,-0.005769247,-0.0061147306,-1.8154906911149737e-07,4.142767284065485e-05,4.142806938034482e-05,7e267c0bf303542b
2,day2_n8_softmax_seed42,42,190,4,False,False,True,0.8336,0.0,-0.21747966,-0.0038161143,-3.125327054931404e-07,5.002689067623578e-05,5.0027862016577274e-05,7e267c0bf303542b
2,day2_n8_softmax_seed42,42,190,5,False,False,True,0.8344,0.0,0.04970783,0.040153015,-1.2959485218289046e-07,4.272236401448026e-05,4.272255682735704e-05,7e267c0bf303542b
2,day2_n8_softmax_seed42,42,190,6,False,False,True,0.8398,0.0,0.014274576,-0.0060062543,7.694774240007973e-08,3.9053244108799845e-05,3.9053320506354794e-05,7e267c0bf303542b
2,day2_n8_softmax_seed42,42,190,7,False,False,True,0.8352,0.0,0.06542788,-0.16927212,6.928542717332675e-08,4.367897781776264e-05,4.367903238744475e-05,7e267c0bf303542b
2,day2_n8_softmax_seed42,42,191,0,False,False,True,0.8354,0.0,0.28912222,0.009079782,-9.289985314353544e-08,6.571708945557475e-05,6.571715493919328e-05,7e267c0bf303542b
2,day2_n8_softmax_seed42,42,191,1,False,False,True,0.8332,0.0,-0.04978519,0.07805897,-5.4262237370039657e-08,4.325694317230955e-05,4.325697591411881e-05,7e267c0bf303542b
2,day2_n8_softmax_seed42,42,191,2,False,False,True,0.835,0.0,-0.037798747,0.029147655,-9.319592919609931e-08,4.107946006115526e-05,4.1079565562540665e-05,7e267c0bf303542b
2,day2_n8_softmax_seed42,42,191,3,False,False,True,0.8402,0.0,-0.05804824,0.010838676,-1.7468206436888067e-08,4.069025453645736e-05,4.069025817443617e-05,7e267c0bf303542b
2,day2_n8_softmax_seed42,42,191,4,False,False,True,0.8342,0.0,-0.028736645,-0.19208692,2.9518896216274015e-09,4.415405783220194e-05,4.415405783220194e-05,7e267c0bf303542b
2,day2_n8_softmax_seed42,42,191,5,False,False,True,0.8334,0.0,-0.043114986,0.028799934,-4.1350229906811364e-08,4.181854092166759e-05,4.1818559111561626e-05,7e267c0bf303542b
2,day2_n8_softmax_seed42,42,191,6,False,False,True,0.8336,0.0,-0.03786715,0.015885515,-5.022584304015254e-08,3.835342431557365e-05,3.835345705738291e-05,7e267c0bf303542b
2,day2_n8_softmax_seed42,42,191,7,False,False,True,0.8362,0.0,-0.03377187,0.020276053,1.0131850913808194e-08,4.007251118309796e-05,4.0072514821076766e-05,7e267c0bf303542b
2,day2_n8_softmax_seed42,42,192,0,False,False,True,0.8364,0.0,0.051228028,0.08068058,-1.3707847301702714e-08,4.091544542461634e-05,4.0915449062595144e-05,7e267c0bf303542b
2,day2_n8_softmax_seed42,42,192,1,False,False,True,0.8334,0.0,0.050669912,0.08943354,-1.7583603906246026e-08,4.1350711398990825e-05,4.135071503696963e-05,7e267c0bf303542b
2,day2_n8_softmax_seed42,42,192,2,False,False,True,0.8356,0.0,0.011814913,-0.112482734,2.831735912423028e-08,4.147241634200327e-05,4.1472423617960885e-05,7e267c0bf303542b
2,day2_n8_softmax_seed42,42,192,3,False,False,True,0.8372,0.0,-0.017340468,0.043873645,-3.2682070383316386e-08,4.0211576560977846e-05,4.021158747491427e-05,7e267c0bf303542b
2,day2_n8_softmax_seed42,42,192,4,False,False,True,0.836,0.0,0.06639867,-0.11043087,5.145793835481527e-08,4.123914550291374e-05,4.1239181882701814e-05,7e267c0bf303542b
2,day2_n8_softmax_seed42,42,192,5,False,False,True,0.8378,0.0,-0.18069534,-0.0035691648,-1.1588095816250643e-07,4.2805884731933475e-05,4.280604116502218e-05,7e267c0bf303542b
2,day2_n8_softmax_seed42,42,192,6,False,False,True,0.8348,0.0,0.019451743,0.0062775942,-6.181774381275318e-08,4.0051640098681673e-05,4.005169103038497e-05,7e267c0bf303542b
2,day2_n8_softmax_seed42,42,192,7,False,False,True,0.8366,0.0,-0.0015274296,0.00621738,7.88278313734736e-08,3.919008304364979e-05,3.919016307918355e-05,7e267c0bf303542b
2,day2_n8_softmax_seed42,42,193,0,False,False,True,0.8374,0.0,0.2879466,-0.010122171,5.448695938881087e-10,4.041125066578388e-05,4.041125066578388e-05,7e267c0bf303542b
2,day2_n8_softmax_seed42,42,193,1,False,False,True,0.8348,0.0,0.27950954,0.19218263,1.1662048216010135e-08,4.532493039732799e-05,4.532493039732799e-05,7e267c0bf303542b
2,day2_n8_softmax_seed42,42,193,2,False,False,True,0.8334,0.0,0.28332528,-0.08336339,-6.606365587913388e-08,4.2638501327019185e-05,4.2638552258722484e-05,7e267c0bf303542b
2,day2_n8_softmax_seed42,42,193,3,False,False,True,0.835,0.0,0.292126,-0.028062118,-8.600269296721308e-08,4.073925083503127e-05,4.073934178450145e-05,7e267c0bf303542b
2,day2_n8_softmax_seed42,42,193,4,False,False,True,0.8378,0.0,0.28506696,-0.05839236,5.1772083509149525e-08,4.384374915389344e-05,4.38437782577239e-05,7e267c0bf303542b
2,day2_n8_softmax_seed42,42,193,5,False,False,True,0.8372,0.0,0.28140223,-0.0066400887,-4.479861104300653e-08,4.038380575366318e-05,4.038383121951483e-05,7e267c0bf303542b
2,day2_n8_softmax_seed42,42,193,6,False,False,True,0.8348,0.0,0.28595948,-0.0051047322,-8.089519809573176e-08,3.820270285359584e-05,3.820279016508721e-05,7e267c0bf303542b
2,day2_n8_softmax_seed42,42,193,7,False,False,True,0.794,0.0,-1.9953269,-0.00049535,1.4018107208357833e-07,0.00047001472557894886,0.0004700146964751184,7e267c0bf303542b
2,day2_n8_softmax_seed42,42,194,0,False,False,True,0.8376,0.0,0.25337255,0.036356762,-2.476838574239082e-07,5.8658977650338784e-05,5.86594978813082e-05,7e267c0bf303542b
2,day2_n8_softmax_seed42,42,194,1,False,False,True,0.8344,0.0,-0.0048820646,-0.10178558,1.819760786503366e-09,4.6275021304609254e-05,4.6275021304609254e-05,7e267c0bf303542b
2,day2_n8_softmax_seed42,42,194,2,False,False,True,0.833,0.0,-0.0056052767,-0.17970091,-2.25765539596523e-08,4.950723814545199e-05,4.950724542140961e-05,7e267c0bf303542b
2,day2_n8_softmax_seed42,42,194,3,False,False,True,0.8382,0.0,-0.0227204,0.09844741,-7.962006520756404e-08,4.604949208442122e-05,4.604956120601855e-05,7e267c0bf303542b
2,day2_n8_softmax_seed42,42,194,4,False,False,True,0.8352,0.0,-0.08691469,0.03917017,2.807288126405183e-07,5.058946771896444e-05,5.059024624642916e-05,7e267c0bf303542b
2,day2_n8_softmax_seed42,42,194,5,False,False,True,0.8374,0.0,-0.029345581,-0.00069898204,-3.331213349611062e-08,4.087396519025788e-05,4.08739761041943e-05,7e267c0bf303542b
2,day2_n8_softmax_seed42,42,194,6,False,False,True,0.8366,0.0,-0.057052363,0.002482287,-1.696374418713731e-08,4.565754352370277e-05,4.565754716168158e-05,7e267c0bf303542b
2,day2_n8_softmax_seed42,42,194,7,False,False,True,0.8354,0.0,-0.046852503,0.10572898,1.293439737537483e-07,4.606640504789539e-05,4.606658694683574e-05,7e267c0bf303542b
2,day2_n8_softmax_seed42,42,195,0,False,False,True,0.8398,0.0,0.033049904,-0.02799818,-8.355600300546939e-08,4.0248029108624905e-05,4.0248116420116276e-05,7e267c0bf303542b
2,day2_n8_softmax_seed42,42,195,1,False,False,True,0.836,0.0,-0.2603584,0.03249181,1.5378047280023566e-08,6.051414675312117e-05,6.0514150391099975e-05,7e267c0bf303542b
2,day2_n8_softmax_seed42,42,195,2,False,False,True,0.8366,0.0,0.08654182,0.19533327,1.60056316644841e-07,4.798193913302384e-05,4.798220470547676e-05,7e267c0bf303542b
2,day2_n8_softmax_seed42,42,195,3,False,False,True,0.8378,0.0,0.044188272,-0.05843938,-8.169078569153498e-08,4.1222894651582465e-05,4.122297468711622e-05,7e267c0bf303542b
2,day2_n8_softmax_seed42,42,195,4,False,False,True,0.8362,0.0,0.03810584,-0.058946956,-3.719192775974989e-08,4.201265619485639e-05,4.2012674384750426e-05,7e267c0bf303542b
2,day2_n8_softmax_seed42,42,195,5,False,False,True,0.8384,0.0,0.04013143,-0.047055062,-9.241725251740718e-08,4.101522426935844e-05,4.101532613276504e-05,7e267c0bf303542b
2,day2_n8_softmax_seed42,42,195,6,False,False,True,0.8398,0.0,-0.00065311335,0.006645987,-4.482952675743945e-08,4.150556560489349e-05,4.150559107074514e-05,7e267c0bf303542b
2,day2_n8_softmax_seed42,42,195,7,False,False,True,0.8352,0.0,0.01899431,-0.042031605,-1.5674878284244187e-08,4.0650458686286584e-05,4.065046232426539e-05,7e267c0bf303542b
2,day2_n8_softmax_seed42,42,196,0,False,False,True,0.8382,0.0,-0.048018746,0.17635737,-9.86286963211569e-08,4.33589520980604e-05,4.335906123742461e-05,7e267c0bf303542b
2,day2_n8_softmax_seed42,42,196,1,False,False,True,0.8344,0.0,-0.047491886,0.017945603,4.3513871617051336e-08,4.141958197578788e-05,4.141960380366072e-05,7e267c0bf303542b
2,day2_n8_softmax_seed42,42,196,2,False,False,True,0.8356,0.0,-0.05444179,-0.024523389,-2.7023999038533475e-08,4.223351425025612e-05,4.223352516419254e-05,7e267c0bf303542b
2,day2_n8_softmax_seed42,42,196,3,False,False,True,0.8292,0.0,0.33395728,-0.003313773,-1.2507183555499068e-07,7.69395919633098e-05,7.693968655075878e-05,7e267c0bf303542b
2,day2_n8_softmax_seed42,42,196,4,False,False,True,0.8366,0.0,-0.05184763,-0.013531234,-3.790216140941993e-08,4.220484333927743e-05,4.220485789119266e-05,7e267c0bf303542b
2,day2_n8_softmax_seed42,42,196,5,False,False,True,0.8394,0.0,-0.06322147,-0.10515704,-5.940182390418158e-08,4.271525904187001e-05,4.271529905963689e-05,7e267c0bf303542b
2,day2_n8_softmax_seed42,42,196,6,False,False,True,0.8354,0.0,-0.027679225,-0.01683684,4.3845183483881556e-08,4.074514436069876e-05,4.07451661885716e-05,7e267c0bf303542b
2,day2_n8_softmax_seed42,42,196,7,False,False,True,0.8368,0.0,-0.04125714,-0.030940512,1.2832600759793422e-07,3.9177721191663295e-05,3.91779285564553e-05,7e267c0bf303542b
2,day2_n8_softmax_seed42,42,197,0,False,False,True,0.8396,0.0,-0.018976253,0.005778527,2.3982130059607698e-08,4.0757673559710383e-05,4.075767719768919e-05,7e267c0bf303542b
2,day2_n8_softmax_seed42,42,197,1,False,False,True,0.834,0.0,-0.035495114,-0.0395185,6.326505541665028e-08,4.2918301915051416e-05,4.29183455707971e-05,7e267c0bf303542b
2,day2_n8_softmax_seed42,42,197,2,False,False,True,0.8344,0.0,-0.049678054,-0.040161192,-1.2172063179605175e-07,4.1668627090984955e-05,4.16688053519465e-05,7e267c0bf303542b
2,day2_n8_softmax_seed42,42,197,3,False,False,True,0.8362,0.0,0.003698109,0.18261577,-2.0048119608873094e-07,4.47637248726096e-05,4.476417234400287e-05,7e267c0bf303542b
2,day2_n8_softmax_seed42,42,197,4,False,False,True,0.8356,0.0,-0.037578456,-0.098980784,-5.1319425153906195e-08,4.4775952119380236e-05,4.4775977585231885e-05,7e267c0bf303542b
2,day2_n8_softmax_seed42,42,197,5,False,False,True,0.838,0.0,-0.042160098,0.009377757,-1.35454499172738e-07,4.211804116494022e-05,4.211825944366865e-05,7e267c0bf303542b
2,day2_n8_softmax_seed42,42,197,6,False,False,True,0.8366,0.0,-0.03405756,0.01285963,5.1724725835811114e-08,3.8914095057407394e-05,3.891412779921666e-05,7e267c0bf303542b
2,day2_n8_softmax_seed42,42,197,7,False,False,True,0.8364,0.0,0.21424729,-0.031971216,-1.5617453996696895e-08,4.814288331544958e-05,4.8142890591407195e-05,7e267c0bf303542b
2,day2_n8_softmax_seed42,42,198,0,False,False,True,0.8366,0.0,0.019835953,-0.00018933126,-1.5523522733928985e-07,4.0745613659964874e-05,4.074590833624825e-05,7e267c0bf303542b
2,day2_n8_softmax_seed42,42,198,1,False,False,True,0.8344,0.0,0.040148962,-0.19503121,-1.3724255154556886e-07,4.490670471568592e-05,4.490691208047792e-05,7e267c0bf303542b
2,day2_n8_softmax_seed42,42,198,2,False,False,True,0.8334,0.0,0.029093122,0.019084517,-1.1633009933120775e-07,4.130531306145713e-05,4.1305476770503446e-05,7e267c0bf303542b
2,day2_n8_softmax_seed42,42,198,3,False,False,True,0.8374,0.0,0.02577636,0.038122587,-7.630271880998407e-08,4.207850724924356e-05,4.207857637084089e-05,7e267c0bf303542b
2,day2_n8_softmax_seed42,42,198,4,False,False,True,0.8374,0.0,0.069322415,0.07394125,1.6195311758337994e-08,4.3920801545027643e-05,4.392080518300645e-05,7e267c0bf303542b
2,day2_n8_softmax_seed42,42,198,5,False,False,True,0.8352,0.0,-0.22545408,-0.0006213211,-1.0328506760970413e-07,5.061901902081445e-05,5.0619124522199854e-05,7e267c0bf303542b
2,day2_n8_softmax_seed42,42,198,6,False,False,True,0.8344,0.0,-0.00019635393,0.03966352,-1.0266813177395306e-08,4.016791353933513e-05,4.016791353933513e-05,7e267c0bf303542b
2,day2_n8_softmax_seed42,42,198,7,False,False,True,0.8372,0.0,0.04147376,0.025029996,-4.151447541289599e-08,3.9895527152111754e-05,3.9895548979984596e-05,7e267c0bf303542b
2,day2_n8_softmax_seed42,42,199,0,False,False,True,0.8386,0.0,0.03699191,-0.01865703,-8.071904744610947e-08,4.121298115933314e-05,4.121305755688809e-05,7e267c0bf303542b
2,day2_n8_softmax_seed42,42,199,1,False,False,True,0.8364,0.0,0.035054855,0.0865736,1.4507689272136304e-08,4.2394101910758764e-05,4.239410554873757e-05,7e267c0bf303542b
2,day2_n8_softmax_seed42,42,199,2,False,False,True,0.8344,0.0,0.06504911,0.099687055,-3.1742608541662776e-08,4.301438821130432e-05,4.301439912524074e-05,7e267c0bf303542b
2,day2_n8_softmax_seed42,42,199,3,False,False,True,0.8374,0.0,-0.0035156612,-0.030407956,-1.0916365766888703e-07,4.279564382159151e-05,4.279578570276499e-05,7e267c0bf303542b
2,day2_n8_softmax_seed42,42,199,4,False,False,True,0.8368,0.0,0.04843922,-0.160204,-1.5168950540100923e-08,4.349447772256099e-05,4.3494481360539794e-05,7e267c0bf303542b
2,day2_n8_softmax_seed42,42,199,5,False,False,True,0.8374,0.0,0.032890037,0.01857398,-1.6528071000720956e-07,4.1990933823399246e-05,4.1991261241491884e-05,7e267c0bf303542b
2,day2_n8_softmax_seed42,42,199,6,False,False,True,0.8348,0.0,0.023864754,-0.0027722125,7.083813358121915e-08,3.92615474993363e-05,3.926160934497602e-05,7e267c0bf303542b
2,day2_n8_softmax_seed42,42,199,7,False,False,True,0.8278,0.0,-0.23877372,0.0072064395,4.732369163207295e-08,5.4770549468230456e-05,5.477056765812449e-05,7e267c0bf303542b
2,day2_n8_softmax_seed42,42,200,0,False,False,True,0.8362,0.0,-0.06871302,-0.1110005,-8.350352409536299e-09,4.275193714420311e-05,4.275194078218192e-05,7e267c0bf303542b
2,day2_n8_softmax_seed42,42,200,1,False,False,True,0.8336,0.0,-0.05050918,-0.037879996,3.153033034664077e-08,4.2819170630536973e-05,4.2819181544473395e-05,7e267c0bf303542b
2,day2_n8_softmax_seed42,42,200,2,False,False,True,0.839,0.0,0.017972704,0.1385838,-4.852676482869356e-09,4.268398697604425e-05,4.268398697604425e-05,7e267c0bf303542b
2,day2_n8_softmax_seed42,42,200,3,False,False,True,0.8378,0.0,-0.05396178,-0.03039296,-4.105211459659586e-08,4.125094710616395e-05,4.1250965296057984e-05,7e267c0bf303542b
2,day2_n8_softmax_seed42,42,200,4,False,False,True,0.8378,0.0,0.0014293639,0.06187005,-2.881246130570503e-09,4.220979462843388e-05,4.220979462843388e-05,7e267c0bf303542b
2,day2_n8_softmax_seed42,42,200,5,False,False,True,0.8384,0.0,0.18309331,-0.071651,-8.983994348454871e-08,4.364272899692878e-05,4.364281994639896e-05,7e267c0bf303542b
2,day2_n8_softmax_seed42,42,200,6,False,False,True,0.8364,0.0,-0.007836312,0.03247951,-9.556269020549735e-08,4.02918340114411e-05,4.029194315080531e-05,7e267c0bf303542b
2,day2_n8_softmax_seed42,42,200,7,False,False,True,0.834,0.0,-0.021475019,0.017991208,7.067268370519741e-08,3.974034916609526e-05,3.974040737375617e-05,7e267c0bf303542b
