day,run_name,seed,epoch,worker_id,is_malicious,is_flagged,is_accepted,validation_acc,detector_score,projection_1,projection_2,update_mean,update_std,update_rms,config_hash
2,day2_n8_topk_seed42,42,1,0,False,False,True,0.0782,0.0,-57.635727,83.37886,0.0004594908969011158,0.07700981199741364,0.07701117545366287,7e267c0bf303542b
2,day2_n8_topk_seed42,42,1,1,False,False,True,0.1158,0.0,545.8479,7.789586,0.0010636034421622753,0.12424054741859436,0.12424509227275848,7e267c0bf303542b
2,day2_n8_topk_seed42,42,1,2,False,False,True,0.1342,0.0,-72.49683,-70.622086,2.3015885744825937e-05,0.08514299243688583,0.08514299243688583,7e267c0bf303542b
2,day2_n8_topk_seed42,42,1,3,False,False,True,0.0976,0.0,-65.22022,-123.74093,0.00045889808097854257,0.07555638998746872,0.07555777579545975,7e267c0bf303542b
2,day2_n8_topk_seed42,42,1,4,False,False,True,0.135,0.0,-93.462494,-63.050903,0.0006101760664023459,0.08470138907432556,0.08470358699560165,7e267c0bf303542b
2,day2_n8_topk_seed42,42,1,5,False,False,True,0.1084,0.0,-71.72002,-106.723175,-2.765787394309882e-05,0.0769168958067894,0.0769168958067894,7e267c0bf303542b
2,day2_n8_topk_seed42,42,1,6,False,False,True,0.1144,0.0,-90.828606,-107.00429,-0.00025209825253114104,0.07867961376905441,0.07868000864982605,7e267c0bf303542b
2,day2_n8_topk_seed42,42,1,7,False,False,True,0.104,0.0,-94.48771,379.97278,0.00040478480514138937,0.0924912840127945,0.09249216318130493,7e267c0bf303542b
2,day2_n8_topk_seed42,42,2,0,False,False,True,0.0936,0.0,8.953226,-52.87858,-0.0003923643671441823,0.025522155687212944,0.02552517130970955,7e267c0bf303542b
2,day2_n8_topk_seed42,42,2,1,False,False,True,0.109,0.0,-12.011036,-55.617023,-0.0002768831909634173,0.030989153310656548,0.030990391969680786,7e267c0bf303542b
2,day2_n8_topk_seed42,42,2,2,False,False,True,0.1166,0.0,-8.894763,-81.04546,-0.00010944991663563997,0.03800218924880028,0.038002341985702515,7e267c0bf303542b
2,day2_n8_topk_seed42,42,2,3,False,False,True,0.098,0.0,10.079955,-52.060566,-0.00040771038038656116,0.02370951883494854,0.023713022470474243,7e267c0bf303542b
2,day2_n8_topk_seed42,42,2,4,False,False,True,0.1148,0.0,-108.671165,125.50003,2.0549339751596563e-05,0.04456174001097679,0.04456174373626709,7e267c0bf303542b
2,day2_n8_topk_seed42,42,2,5,False,False,True,0.1434,0.0,-17.783539,-44.798504,-0.0006940282764844596,0.035962507128715515,0.03596920147538185,7e267c0bf303542b
2,day2_n8_topk_seed42,42,2,6,False,False,True,0.1464,0.0,186.92157,89.11315,-0.0002584680914878845,0.047714121639728546,0.04771481826901436,7e267c0bf303542b
2,day2_n8_topk_seed42,42,2,7,False,False,True,0.1598,0.0,-58.595108,71.78594,-6.461245357058942e-05,0.036189086735248566,0.03618914261460304,7e267c0bf303542b
2,day2_n8_topk_seed42,42,3,0,False,False,True,0.1328,0.0,-2.8395224,2.4480288,-6.95446360623464e-05,0.0036245251540094614,0.0036251922138035297,7e267c0bf303542b
2,day2_n8_topk_seed42,42,3,1,False,False,True,0.1248,0.0,-16.81432,-8.57675,-6.921764725120738e-05,0.005291309207677841,0.005291762296110392,7e267c0bf303542b
2,day2_n8_topk_seed42,42,3,2,False,False,True,0.1678,0.0,12.210459,-15.37309,-7.742318121017888e-05,0.005155846010893583,0.005156427156180143,7e267c0bf303542b
2,day2_n8_topk_seed42,42,3,3,False,False,True,0.1412,0.0,4.0020523,8.131258,-7.526425906689838e-05,0.004709986038506031,0.004710587207227945,7e267c0bf303542b
2,day2_n8_topk_seed42,42,3,4,False,False,True,0.1092,0.0,-0.16095585,2.4439318,-0.00010090236173709854,0.003651762381196022,0.003653156105428934,7e267c0bf303542b
2,day2_n8_topk_seed42,42,3,5,False,False,True,0.1254,0.0,-1.6090338,2.7646146,-7.151131285354495e-05,0.0037501822225749493,0.003750863950699568,7e267c0bf303542b
2,day2_n8_topk_seed42,42,3,6,False,False,True,0.133,0.0,3.6695664,4.778397,-5.7743942306842655e-05,0.002769945887848735,0.00277054775506258,7e267c0bf303542b
2,day2_n8_topk_seed42,42,3,7,False,False,True,0.1558,0.0,1.5417526,3.383706,-6.046144335414283e-05,0.003071215935051441,0.003071810817345977,7e267c0bf303542b
2,day2_n8_topk_seed42,42,4,0,False,False,True,0.1632,0.0,2.0155904,-0.39195475,-2.436665272398386e-05,0.00225864932872355,0.0022587808780372143,7e267c0bf303542b
2,day2_n8_topk_seed42,42,4,1,False,False,True,0.1754,0.0,1.0577548,-1.4518305,-3.854446913464926e-05,0.0026437637861818075,0.0026440448127686977,7e267c0bf303542b
2,day2_n8_topk_seed42,42,4,2,False,False,True,0.1594,0.0,-5.815445,11.486487,-3.994173675891943e-05,0.0031577155459672213,0.0031579681672155857,7e267c0bf303542b
2,day2_n8_topk_seed42,42,4,3,False,False,True,0.1428,0.0,13.047293,0.58025736,-4.486752368393354e-05,0.0037217545323073864,0.0037220248486846685,7e267c0bf303542b
2,day2_n8_topk_seed42,42,4,4,False,False,True,0.1776,0.0,1.0550598,0.21468142,-3.504277265165001e-05,0.002142011420801282,0.00214229803532362,7e267c0bf303542b
2,day2_n8_topk_seed42,42,4,5,False,False,True,0.1662,0.0,-9.191671,-6.5551443,-1.4740609913133085e-05,0.002945840824395418,0.0029458776116371155,7e267c0bf303542b
2,day2_n8_topk_seed42,42,4,6,False,False,True,0.1606,0.0,-2.8861995,-1.0713073,-2.4439166736556217e-05,0.00169351976364851,0.001693696016445756,7e267c0bf303542b
2,day2_n8_topk_seed42,42,4,7,False,False,True,0.1926,0.0,0.71759146,-2.8111916,-2.9909801014582627e-05,0.002496166620403528,0.0024963458999991417,7e267c0bf303542b
2,day2_n8_topk_seed42,42,5,0,False,False,True,0.2038,0.0,2.8886511,-2.1046133,-2.921527084254194e-05,0.0024458146654069424,0.0024459892883896828,7e267c0bf303542b
2,day2_n8_topk_seed42,42,5,1,False,False,True,0.2258,0.0,3.8124967,-3.4958684,-2.177842725359369e-05,0.002378562232479453,0.002378661883994937,7e267c0bf303542b
2,day2_n8_topk_seed42,42,5,2,False,False,True,0.1892,0.0,1.0682937,0.9040638,-1.6287742255371995e-05,0.001954350620508194,0.001954418607056141,7e267c0bf303542b
2,day2_n8_topk_seed42,42,5,3,False,False,True,0.1824,0.0,2.0321515,-0.35309,-2.0808200133615173e-05,0.002023777924478054,0.002023885026574135,7e267c0bf303542b
2,day2_n8_topk_seed42,42,5,4,False,False,True,0.203,0.0,0.87190306,7.901972,-1.0923010449914727e-05,0.0023948566522449255,0.00239488179795444,7e267c0bf303542b
2,day2_n8_topk_seed42,42,5,5,False,False,True,0.2006,0.0,1.44808,-1.5199939,-2.2100151909398846e-05,0.0019410322420299053,0.0019411583198234439,7e267c0bf303542b
2,day2_n8_topk_seed42,42,5,6,False,False,True,0.2112,0.0,-10.000501,-1.4778023,-2.5994788302341476e-05,0.002607054077088833,0.0026071835309267044,7e267c0bf303542b
2,day2_n8_topk_seed42,42,5,7,False,False,True,0.2076,0.0,-2.12107,0.14531556,-1.557275936647784e-05,0.0019210835453122854,0.0019211466424167156,7e267c0bf303542b
2,day2_n8_topk_seed42,42,6,0,False,False,True,0.239,0.0,1.379126,-0.7686209,-1.893278931675013e-05,0.0016135125188156962,0.0016136235790327191,7e267c0bf303542b
2,day2_n8_topk_seed42,42,6,1,False,False,True,0.2276,0.0,1.9533559,0.75870544,-2.6365303710917942e-05,0.0016807392239570618,0.0016809459775686264,7e267c0bf303542b
2,day2_n8_topk_seed42,42,6,2,False,False,True,0.2324,0.0,1.8593694,-0.5603335,-2.496501474524848e-05,0.0015563149936497211,0.0015565152280032635,7e267c0bf303542b
2,day2_n8_topk_seed42,42,6,3,False,False,True,0.234,0.0,1.2155892,1.6172887,-2.3599874111823738e-05,0.0016253277426585555,0.0016254992224276066,7e267c0bf303542b
2,day2_n8_topk_seed42,42,6,4,False,False,True,0.2384,0.0,1.4736469,0.44787157,-2.5514653316349722e-05,0.0016436552396044135,0.0016438532620668411,7e267c0bf303542b
2,day2_n8_topk_seed42,42,6,5,False,False,True,0.1916,0.0,1.6462488,5.681433,-2.6162371796090156e-05,0.002111244248226285,0.002111406298354268,7e267c0bf303542b
2,day2_n8_topk_seed42,42,6,6,False,False,True,0.169,0.0,-12.326769,-0.5771988,-4.39927534898743e-05,0.0031885711941868067,0.0031888745725154877,7e267c0bf303542b
2,day2_n8_topk_seed42,42,6,7,False,False,True,0.1922,0.0,2.7994797,-6.5991316,-2.9401662686723284e-05,0.002088767010718584,0.0020889739971607924,7e267c0bf303542b
2,day2_n8_topk_seed42,42,7,0,False,False,True,0.2532,0.0,0.8002856,-0.16500686,-1.8337845176574774e-05,0.001516431919299066,0.0015165427466854453,7e267c0bf303542b
2,day2_n8_topk_seed42,42,7,1,False,False,True,0.259,0.0,0.880914,0.095180295,-2.353538729948923e-05,0.0014600733993574977,0.0014602630399167538,7e267c0bf303542b
2,day2_n8_topk_seed42,42,7,2,False,False,True,0.2506,0.0,-2.3896625,-3.9264514,-2.0101248082937673e-05,0.0016903493087738752,0.0016904688673093915,7e267c0bf303542b
2,day2_n8_topk_seed42,42,7,3,False,False,True,0.1906,0.0,-1.3122064,1.1839973,-2.214697451563552e-05,0.0016108235577121377,0.0016109757125377655,7e267c0bf303542b
2,day2_n8_topk_seed42,42,7,4,False,False,True,0.2178,0.0,3.5774121,0.21344753,-2.001098619075492e-05,0.0015717361820861697,0.0015718635404482484,7e267c0bf303542b
2,day2_n8_topk_seed42,42,7,5,False,False,True,0.2396,0.0,0.57482165,0.0150300525,-2.171884807466995e-05,0.0015156964072957635,0.001515852170996368,7e267c0bf303542b
2,day2_n8_topk_seed42,42,7,6,False,False,True,0.2656,0.0,-3.0114803,2.7822354,-2.3596126993652433e-05,0.001715978840366006,0.0017161410069093108,7e267c0bf303542b
2,day2_n8_topk_seed42,42,7,7,False,False,True,0.262,0.0,0.8799363,-0.19844693,-1.9718958355952054e-05,0.0013845867943018675,0.0013847271911799908,7e267c0bf303542b
2,day2_n8_topk_seed42,42,8,0,False,False,True,0.253,0.0,1.7657288,-0.021590853,-2.2320306015899405e-05,0.001339299720712006,0.0013394857523962855,7e267c0bf303542b
2,day2_n8_topk_seed42,42,8,1,False,False,True,0.2782,0.0,2.359448,0.86710453,-1.7977181414607912e-05,0.0014921202091500163,0.0014922284753993154,7e267c0bf303542b
2,day2_n8_topk_seed42,42,8,2,False,False,True,0.242,0.0,-6.8082037,3.1517916,-9.968934136850294e-06,0.002096779178828001,0.0020968029275536537,7e267c0bf303542b
2,day2_n8_topk_seed42,42,8,3,False,False,True,0.2678,0.0,0.75597423,-0.40101492,-2.0729363313876092e-05,0.0013098177732899785,0.0013099819188937545,7e267c0bf303542b
2,day2_n8_topk_seed42,42,8,4,False,False,True,0.2672,0.0,0.7939506,-0.8747837,-2.467126978444867e-05,0.0014064781134948134,0.0014066944131627679,7e267c0bf303542b
2,day2_n8_topk_seed42,42,8,5,False,False,True,0.2184,0.0,-2.7865353,-4.867435,-2.366537955822423e-05,0.0017533034551888704,0.001753463177010417,7e267c0bf303542b
2,day2_n8_topk_seed42,42,8,6,False,False,True,0.2948,0.0,0.7667045,-0.049733784,-1.9479632101138122e-05,0.0014616429107263684,0.0014617727138102055,7e267c0bf303542b
2,day2_n8_topk_seed42,42,8,7,False,False,True,0.235,0.0,3.1529737,2.1956468,-1.7058207959053107e-05,0.0016953893937170506,0.001695475191809237,7e267c0bf303542b
2,day2_n8_topk_seed42,42,9,0,False,False,True,0.2812,0.0,1.901652,-1.3167658,-1.891467036330141e-05,0.0014753489522263408,0.0014754702569916844,7e267c0bf303542b
2,day2_n8_topk_seed42,42,9,1,False,False,True,0.2684,0.0,0.7812651,1.1972512,-1.906653596961405e-05,0.0012867271434515715,0.0012868682388216257,7e267c0bf303542b
2,day2_n8_topk_seed42,42,9,2,False,False,True,0.2656,0.0,3.0637019,-2.111776,-2.60562046605628e-05,0.001544632250443101,0.0015448520425707102,7e267c0bf303542b
2,day2_n8_topk_seed42,42,9,3,False,False,True,0.2428,0.0,1.8585733,-0.04143179,-1.9037701349589042e-05,0.0013904391089454293,0.0013905693776905537,7e267c0bf303542b
2,day2_n8_topk_seed42,42,9,4,False,False,True,0.2462,0.0,-5.2621913,-3.2201362,-1.237129617948085e-05,0.0019148113206028938,0.0019148513674736023,7e267c0bf303542b
2,day2_n8_topk_seed42,42,9,5,False,False,True,0.2732,0.0,-0.29928634,1.5743718,-1.9107237676507793e-05,0.0013424403732642531,0.001342576346360147,7e267c0bf303542b
2,day2_n8_topk_seed42,42,9,6,False,False,True,0.2498,0.0,-2.7748232,3.2011895,-4.185733359918231e-06,0.0016297487309202552,0.0016297539696097374,7e267c0bf303542b
2,day2_n8_topk_seed42,42,9,7,False,False,True,0.2584,0.0,0.73113865,0.7173279,-1.888371662062127e-05,0.0012842552969232202,0.0012843941804021597,7e267c0bf303542b
2,day2_n8_topk_seed42,42,10,0,False,False,True,0.2956,0.0,4.9754395,1.2665036,-1.4587049918191042e-05,0.0016721371794119477,0.0016722006257623434,7e267c0bf303542b
2,day2_n8_topk_seed42,42,10,1,False,False,True,0.2744,0.0,0.11166012,1.0960066,-1.3817502804158721e-05,0.0015266770496964455,0.0015267396811395884,7e267c0bf303542b
2,day2_n8_topk_seed42,42,10,2,False,False,True,0.232,0.0,4.337777,-1.963944,-1.3756741282122675e-05,0.0016945372335612774,0.0016945929965004325,7e267c0bf303542b
2,day2_n8_topk_seed42,42,10,3,False,False,True,0.2416,0.0,2.1493883,-0.47881338,-2.2387026547221467e-05,0.0014836640330031514,0.0014838328352198005,7e267c0bf303542b
2,day2_n8_topk_seed42,42,10,4,False,False,True,0.2804,0.0,2.7858856,-3.0746524,-1.7132477296399884e-05,0.001527827000245452,0.0015279230428859591,7e267c0bf303542b
2,day2_n8_topk_seed42,42,10,5,False,False,True,0.205,0.0,-12.340425,-1.227501,-1.4836583432042971e-05,0.0030735102482140064,0.0030735458713024855,7e267c0bf303542b
2,day2_n8_topk_seed42,42,10,6,False,False,True,0.2906,0.0,-1.2446699,0.13071598,-1.310054176428821e-05,0.001619013724848628,0.0016190666938200593,7e267c0bf303542b
2,day2_n8_topk_seed42,42,10,7,False,False,True,0.2432,0.0,-0.7749886,4.2517314,-1.7382015357725322e-05,0.0016740646678954363,0.0016741547733545303,7e267c0bf303542b
2,day2_n8_topk_seed42,42,11,0,False,False,True,0.3158,0.0,-1.1148288,0.72829676,-2.3944561689859256e-05,0.0012439829297363758,0.0012442133156582713,7e267c0bf303542b
2,day2_n8_topk_seed42,42,11,1,False,False,True,0.2986,0.0,-1.0528991,-0.96386445,-1.9924822481698357e-05,0.001258059055544436,0.0012582169147208333,7e267c0bf303542b
2,day2_n8_topk_seed42,42,11,2,False,False,True,0.3106,0.0,-0.10925649,1.4560575,-1.8608972823130898e-05,0.0012576032895594835,0.001257740892469883,7e267c0bf303542b
2,day2_n8_topk_seed42,42,11,3,False,False,True,0.3262,0.0,-0.5909338,-0.46991023,-2.285801019752398e-05,0.0012563939671963453,0.0012566018849611282,7e267c0bf303542b
2,day2_n8_topk_seed42,42,11,4,False,False,True,0.3,0.0,2.1973321,-0.40445644,-1.93743544514291e-05,0.0012689437717199326,0.0012690917355939746,7e267c0bf303542b
2,day2_n8_topk_seed42,42,11,5,False,False,True,0.3082,0.0,-0.36978784,-1.1997051,-1.891537795017939e-05,0.001248583779670298,0.001248727086931467,7e267c0bf303542b
2,day2_n8_topk_seed42,42,11,6,False,False,True,0.3432,0.0,0.20544842,0.93587875,-1.8362001355853863e-05,0.0012452715309336782,0.0012454070383682847,7e267c0bf303542b
2,day2_n8_topk_seed42,42,11,7,False,False,True,0.3136,0.0,0.8349224,-0.08229951,-2.121893339790404e-05,0.0012552604312077165,0.00125543971080333,7e267c0bf303542b
2,day2_n8_topk_seed42,42,12,0,False,False,True,0.3266,0.0,3.623051,-3.5745943,-1.9764313037740067e-05,0.0016076629981398582,0.0016077844193205237,7e267c0bf303542b
2,day2_n8_topk_seed42,42,12,1,False,False,True,0.3246,0.0,0.4032754,0.86059606,-1.818747114157304e-05,0.0012147497618570924,0.001214885851368308,7e267c0bf303542b
2,day2_n8_topk_seed42,42,12,2,False,False,True,0.3128,0.0,-0.20185865,0.6685022,-1.7428297724109143e-05,0.0012214556336402893,0.0012215798487886786,7e267c0bf303542b
2,day2_n8_topk_seed42,42,12,3,False,False,True,0.3362,0.0,0.13639335,0.8410126,-1.7725960788084194e-05,0.0012042400194332004,0.0012043704045936465,7e267c0bf303542b
2,day2_n8_topk_seed42,42,12,4,False,False,True,0.333,0.0,-0.07009911,0.8608109,-1.6602878531557508e-05,0.0012422577710822225,0.0012423687148839235,7e267c0bf303542b
2,day2_n8_topk_seed42,42,12,5,False,False,True,0.3436,0.0,1.1325209,1.6216265,-2.2155514670885168e-05,0.0012947205686941743,0.0012949102092534304,7e267c0bf303542b
2,day2_n8_topk_seed42,42,12,6,False,False,True,0.3078,0.0,-5.169437,-2.0759108,-2.613922333694063e-05,0.0016796670388430357,0.0016798704164102674,7e267c0bf303542b
2,day2_n8_topk_seed42,42,12,7,False,False,True,0.319,0.0,0.14615896,0.7980145,-1.792774310160894e-05,0.0012233806774020195,0.0012235119938850403,7e267c0bf303542b
2,day2_n8_topk_seed42,42,13,0,False,False,True,0.3396,0.0,0.44261795,-0.17910436,-1.853068715718109e-05,0.0012045245384797454,0.0012046671472489834,7e267c0bf303542b
2,day2_n8_topk_seed42,42,13,1,False,False,True,0.3214,0.0,0.8995762,2.232323,-1.6730227798689157e-05,0.0012294701300561428,0.0012295839842408895,7e267c0bf303542b
2,day2_n8_topk_seed42,42,13,2,False,False,True,0.3342,0.0,0.32379147,-0.48833096,-1.6785599655122496e-05,0.0011870387243106961,0.0011871574679389596,7e267c0bf303542b
2,day2_n8_topk_seed42,42,13,3,False,False,True,0.3614,0.0,0.5150483,-0.23037824,-1.7027316062012687e-05,0.0011876954231411219,0.0011878175428137183,7e267c0bf303542b
2,day2_n8_topk_seed42,42,13,4,False,False,True,0.3306,0.0,-3.7438812,0.22292179,-1.6275274902000092e-05,0.0014046948635950685,0.0014047889271751046,7e267c0bf303542b
2,day2_n8_topk_seed42,42,13,5,False,False,True,0.3096,0.0,0.50415266,-0.26796395,-1.7397160263499245e-05,0.0011914706556126475,0.0011915976647287607,7e267c0bf303542b
2,day2_n8_topk_seed42,42,13,6,False,False,True,0.3294,0.0,0.52571416,-0.6695222,-1.681424691923894e-05,0.00120205816347152,0.0012021757429465652,7e267c0bf303542b
2,day2_n8_topk_seed42,42,13,7,False,False,True,0.3616,0.0,0.5329996,-0.619948,-1.8410633856547065e-05,0.0012068302603438497,0.0012069707736372948,7e267c0bf303542b
2,day2_n8_topk_seed42,42,14,0,False,False,True,0.3008,0.0,-0.39753658,-1.1499906,-1.7650527297519147e-05,0.0011821766383945942,0.0011823084205389023,7e267c0bf303542b
2,day2_n8_topk_seed42,42,14,1,False,False,True,0.3616,0.0,-0.06265615,-1.4466249,-1.6337999113602564e-05,0.0011846487177535892,0.0011847612913697958,7e267c0bf303542b
2,day2_n8_topk_seed42,42,14,2,False,False,True,0.3622,0.0,-0.90935886,1.3255358,-1.973952203115914e-05,0.001185111002996564,0.0011852754978463054,7e267c0bf303542b
2,day2_n8_topk_seed42,42,14,3,False,False,True,0.3526,0.0,-0.41822666,-0.1962873,-1.602218981133774e-05,0.001175270532257855,0.0011753797298297286,7e267c0bf303542b
2,day2_n8_topk_seed42,42,14,4,False,False,True,0.3488,0.0,-0.29968816,0.46270606,-1.800120298867114e-05,0.0011697587324306369,0.001169897266663611,7e267c0bf303542b
2,day2_n8_topk_seed42,42,14,5,False,False,True,0.3522,0.0,-0.60353714,0.53458977,-1.9201312170480378e-05,0.0011734841391444206,0.0011736410669982433,7e267c0bf303542b
2,day2_n8_topk_seed42,42,14,6,False,False,True,0.3582,0.0,0.15738359,0.06488223,-2.0324538127169944e-05,0.0011776771862059832,0.0011778525076806545,7e267c0bf303542b
2,day2_n8_topk_seed42,42,14,7,False,False,True,0.2988,0.0,2.533614,0.40518844,-1.7078640667023137e-05,0.001226223655976355,0.0012263426324352622,7e267c0bf303542b
2,day2_n8_topk_seed42,42,15,0,False,False,True,0.308,0.0,4.167324,0.2669407,-8.270127182186116e-06,0.0014902109978720546,0.0014902340481057763,7e267c0bf303542b
2,day2_n8_topk_seed42,42,15,1,False,False,True,0.3618,0.0,-1.4703776,-1.1143655,-1.70699004229391e-05,0.0012680725194513798,0.0012681873049587011,7e267c0bf303542b
2,day2_n8_topk_seed42,42,15,2,False,False,True,0.374,0.0,-0.6762273,-0.50241333,-1.4485614883597009e-05,0.0011570320930331945,0.0011571227805688977,7e267c0bf303542b
2,day2_n8_topk_seed42,42,15,3,False,False,True,0.3656,0.0,-0.92927074,-0.5352961,-1.8738510334515013e-05,0.0011618637945502996,0.0011620147852227092,7e267c0bf303542b
2,day2_n8_topk_seed42,42,15,4,False,False,True,0.3762,0.0,-0.625975,-0.35302737,-1.4442869542108383e-05,0.001166406786069274,0.0011664960766211152,7e267c0bf303542b
2,day2_n8_topk_seed42,42,15,5,False,False,True,0.3638,0.0,0.6639304,-0.46949086,-1.8800315956468694e-05,0.001240710262209177,0.0012408526381477714,7e267c0bf303542b
2,day2_n8_topk_seed42,42,15,6,False,False,True,0.3682,0.0,-1.1013622,3.1877735,-1.71838873939123e-05,0.001312672276981175,0.0013127847341820598,7e267c0bf303542b
2,day2_n8_topk_seed42,42,15,7,False,False,True,0.3546,0.0,-0.028052574,-0.48013756,-1.3599803423858248e-05,0.0012042056769132614,0.0012042825110256672,7e267c0bf303542b
2,day2_n8_topk_seed42,42,16,0,False,False,True,0.359,0.0,0.01716579,0.052055106,-1.454753328289371e-05,0.0011496489169076085,0.0011497411178424954,7e267c0bf303542b
2,day2_n8_topk_seed42,42,16,1,False,False,True,0.3622,0.0,1.1801417,1.260089,-1.8335926142754033e-05,0.0011827704729512334,0.001182912732474506,7e267c0bf303542b
2,day2_n8_topk_seed42,42,16,2,False,False,True,0.319,0.0,-2.6621077,-0.4070818,-1.5582016203552485e-05,0.0012224909150972962,0.0012225903337821364,7e267c0bf303542b
2,day2_n8_topk_seed42,42,16,3,False,False,True,0.3548,0.0,1.1095321,-2.5845723,-1.5312700270442292e-05,0.001224891864694655,0.0012249875580891967,7e267c0bf303542b
2,day2_n8_topk_seed42,42,16,4,False,False,True,0.3652,0.0,0.102165245,0.43867806,-1.7130549167632125e-05,0.0011421905364841223,0.0011423190589994192,7e267c0bf303542b
2,day2_n8_topk_seed42,42,16,5,False,False,True,0.3676,0.0,0.45472363,0.601379,-1.7731377738527954e-05,0.0011555316159501672,0.0011556677054613829,7e267c0bf303542b
2,day2_n8_topk_seed42,42,16,6,False,False,True,0.365,0.0,-0.26178414,0.1887219,-1.6322819647029974e-05,0.001153225777670741,0.0011533413780853152,7e267c0bf303542b
2,day2_n8_topk_seed42,42,16,7,False,False,True,0.3754,0.0,0.060167845,0.45073506,-1.716816404950805e-05,0.0011540596606209874,0.0011541873682290316,7e267c0bf303542b
2,day2_n8_topk_seed42,42,17,0,False,False,True,0.3908,0.0,0.65485996,-0.16661312,-1.724518006085418e-05,0.0011410090373829007,0.0011411394225433469,7e267c0bf303542b
2,day2_n8_topk_seed42,42,17,1,False,False,True,0.3818,0.0,0.523876,0.016189141,-1.6670561308274046e-05,0.0011282091727480292,0.0011283323401585221,7e267c0bf303542b
2,day2_n8_topk_seed42,42,17,2,False,False,True,0.391,0.0,0.72410053,0.09772295,-1.585473546583671e-05,0.0011303775245323777,0.0011304887011647224,7e267c0bf303542b
2,day2_n8_topk_seed42,42,17,3,False,False,True,0.3244,0.0,-0.26310372,1.9101806,-1.4187988199410029e-05,0.0011684998171404004,0.0011685859644785523,7e267c0bf303542b
2,day2_n8_topk_seed42,42,17,4,False,False,True,0.3912,0.0,0.719366,-0.062191196,-1.740215338941198e-05,0.0011318225879222155,0.0011319563491269946,7e267c0bf303542b
2,day2_n8_topk_seed42,42,17,5,False,False,True,0.391,0.0,0.48294422,0.40291882,-1.6922858776524663e-05,0.0011361349606886506,0.0011362610384821892,7e267c0bf303542b
2,day2_n8_topk_seed42,42,17,6,False,False,True,0.3786,0.0,-3.4192536,-0.4132266,-1.7635136828175746e-05,0.001299045397900045,0.001299165072850883,7e267c0bf303542b
2,day2_n8_topk_seed42,42,17,7,False,False,True,0.4086,0.0,0.57722485,-1.7849766,-1.614434404473286e-05,0.001161741092801094,0.0011618533171713352,7e267c0bf303542b
2,day2_n8_topk_seed42,42,18,0,False,False,True,0.3866,0.0,-0.2290648,-0.2643583,-1.7317272067884915e-05,0.0011210095835849643,0.0011211434612050653,7e267c0bf303542b
2,day2_n8_topk_seed42,42,18,1,False,False,True,0.3824,0.0,-0.68073314,-0.5041551,-1.6329770005540922e-05,0.0011256398865953088,0.0011257583973929286,7e267c0bf303542b
2,day2_n8_topk_seed42,42,18,2,False,False,True,0.396,0.0,-0.56474507,-0.8872619,-1.5545845599262975e-05,0.0011333076981827617,0.0011334142182022333,7e267c0bf303542b
2,day2_n8_topk_seed42,42,18,3,False,False,True,0.3878,0.0,-0.41921255,-0.43983072,-1.4186169210006483e-05,0.0011229290394112468,0.0011230186792090535,7e267c0bf303542b
2,day2_n8_topk_seed42,42,18,4,False,False,True,0.3844,0.0,-0.40574205,0.00042250063,-1.518375393061433e-05,0.0011302753118798137,0.001130377291701734,7e267c0bf303542b
2,day2_n8_topk_seed42,42,18,5,False,False,True,0.3792,0.0,-0.08430096,2.4994,-1.5328887457144447e-05,0.0011593557428568602,0.0011594571406021714,7e267c0bf303542b
2,day2_n8_topk_seed42,42,18,6,False,False,True,0.3832,0.0,-0.5029225,-0.085120216,-1.6370117009500973e-05,0.0011294959113001823,0.001129614538513124,7e267c0bf303542b
2,day2_n8_topk_seed42,42,18,7,False,False,True,0.3812,0.0,2.8867128,-0.31909844,-1.4992711840022821e-05,0.0012075373670086265,0.0012076303828507662,7e267c0bf303542b
2,day2_n8_topk_seed42,42,19,0,False,False,True,0.355,0.0,-0.96828425,1.9536799,-1.412730216543423e-05,0.001128175645135343,0.0011282641207799315,7e267c0bf303542b
2,day2_n8_topk_seed42,42,19,1,False,False,True,0.4028,0.0,-0.35153165,-0.10367461,-1.6492364011355676e-05,0.0011203066678717732,0.0011204282054677606,7e267c0bf303542b
2,day2_n8_topk_seed42,42,19,2,False,False,True,0.3946,0.0,0.69229865,-0.7878593,-1.6362977476092055e-05,0.0011243161279708147,0.0011244351044297218,7e267c0bf303542b
2,day2_n8_topk_seed42,42,19,3,False,False,True,0.4158,0.0,-0.13702832,0.6780953,-1.457631697121542e-05,0.001113813603296876,0.0011139089474454522,7e267c0bf303542b
2,day2_n8_topk_seed42,42,19,4,False,False,True,0.4032,0.0,-1.0878882,-1.0319943,-1.5321049431804568e-05,0.001132563571445644,0.0011326671810820699,7e267c0bf303542b
2,day2_n8_topk_seed42,42,19,5,False,False,True,0.3774,0.0,2.562763,0.37680265,-1.4112323697190732e-05,0.0011566273169592023,0.0011567133478820324,7e267c0bf303542b
2,day2_n8_topk_seed42,42,19,6,False,False,True,0.391,0.0,-0.32509,-0.21168977,-1.3621429388877004e-05,0.0011266079964116216,0.001126690418459475,7e267c0bf303542b
2,day2_n8_topk_seed42,42,19,7,False,False,True,0.3722,0.0,-0.38524267,-0.8733608,-1.7111333363573067e-05,0.0011237490689381957,0.00112387933768332,7e267c0bf303542b
2,day2_n8_topk_seed42,42,20,0,False,False,True,0.4,0.0,-0.965579,0.4538844,-1.4854851542622782e-05,0.0011024586856365204,0.0011025586863979697,7e267c0bf303542b
2,day2_n8_topk_seed42,42,20,1,False,False,True,0.3758,0.0,0.35841355,-0.12357672,-1.595349567651283e-05,0.001113689155317843,0.001113803475163877,7e267c0bf303542b
2,day2_n8_topk_seed42,42,20,2,False,False,True,0.3976,0.0,-0.16277611,0.51653194,-1.5302524843718857e-05,0.001104252296499908,0.0011043583508580923,7e267c0bf303542b
2,day2_n8_topk_seed42,42,20,3,False,False,True,0.4242,0.0,-0.72594076,0.5168003,-1.4851642845314927e-05,0.0010980681981891394,0.0010981685481965542,7e267c0bf303542b
2,day2_n8_topk_seed42,42,20,4,False,False,True,0.4028,0.0,-0.23112457,0.2974169,-1.7354148440063e-05,0.0010896737221628428,0.0010898119071498513,7e267c0bf303542b
2,day2_n8_topk_seed42,42,20,5,False,False,True,0.406,0.0,-0.05944098,0.95188123,-1.6750003851484507e-05,0.0011052556801587343,0.0011053826892748475,7e267c0bf303542b
2,day2_n8_topk_seed42,42,20,6,False,False,True,0.3958,0.0,2.4664729,-0.22557011,-1.6218769815168343e-05,0.0011356434551998973,0.001135759288445115,7e267c0bf303542b
2,day2_n8_topk_seed42,42,20,7,False,False,True,0.3958,0.0,-0.6800291,-2.3873677,-1.706986040517222e-05,0.0011303072096779943,0.0011304361978545785,7e267c0bf303542b
2,day2_n8_topk_seed42,42,21,0,False,False,True,0.408,0.0,-0.6314246,-0.94512725,-1.734750003379304e-05,0.0010934908641502261,0.0010936284670606256,7e267c0bf303542b
2,day2_n8_topk_seed42,42,21,1,False,False,True,0.4226,0.0,-0.508828,0.018065348,-1.633856118132826e-05,0.0011052171466872096,0.0011053378693759441,7e267c0bf303542b
2,day2_n8_topk_seed42,42,21,2,False,False,True,0.4016,0.0,0.21463987,2.8298154,-1.342225914413575e-05,0.001155639416538179,0.0011557175312191248,7e267c0bf303542b
2,day2_n8_topk_seed42,42,21,3,False,False,True,0.3588,0.0,3.4085455,-0.58633465,-1.6644822608213872e-05,0.0012451845686882734,0.00124529586173594,7e267c0bf303542b
2,day2_n8_topk_seed42,42,21,4,False,False,True,0.4092,0.0,-0.8340357,-0.28293985,-1.4189565263222903e-05,0.001104833441786468,0.0011049244785681367,7e267c0bf303542b
2,day2_n8_topk_seed42,42,21,5,False,False,True,0.404,0.0,-0.7054258,-0.3587837,-1.3917107935412787e-05,0.001091574551537633,0.001091663376428187,7e267c0bf303542b
2,day2_n8_topk_seed42,42,21,6,False,False,True,0.4146,0.0,-0.507345,-0.2841601,-1.4418433238461148e-05,0.0010882312199100852,0.0010883266804739833,7e267c0bf303542b
2,day2_n8_topk_seed42,42,21,7,False,False,True,0.4004,0.0,-0.43613705,-0.39053428,-1.4399783140106592e-05,0.0010864392388612032,0.0010865345830097795,7e267c0bf303542b
2,day2_n8_topk_seed42,42,22,0,False,False,True,0.431,0.0,0.6758972,0.2279618,-1.4426394045585766e-05,0.0010803857585415244,0.0010804820340126753,7e267c0bf303542b
2,day2_n8_topk_seed42,42,22,1,False,False,True,0.415,0.0,0.54972553,-0.50875545,-1.670426718192175e-05,0.0010902738431468606,0.0010904017835855484,7e267c0bf303542b
2,day2_n8_topk_seed42,42,22,2,False,False,True,0.4228,0.0,0.0746941,0.4502196,-1.600720133865252e-05,0.0010913958540186286,0.0010915132006630301,7e267c0bf303542b
2,day2_n8_topk_seed42,42,22,3,False,False,True,0.4098,0.0,0.030043816,-0.0150891235,-1.3877781384508125e-05,0.0010788841173052788,0.0010789732914417982,7e267c0bf303542b
2,day2_n8_topk_seed42,42,22,4,False,False,True,0.4408,0.0,1.0324904,0.44940293,-1.4257476323109586e-05,0.0010727866319939494,0.0010728813940659165,7e267c0bf303542b
2,day2_n8_topk_seed42,42,22,5,False,False,True,0.4102,0.0,0.9538401,-1.2054917,-1.8107031792169437e-05,0.0011110904160887003,0.001111237914301455,7e267c0bf303542b
2,day2_n8_topk_seed42,42,22,6,False,False,True,0.4298,0.0,-1.1324475,1.9895927,-1.6236781448242255e-05,0.001106573618017137,0.0011066928273066878,7e267c0bf303542b
2,day2_n8_topk_seed42,42,22,7,False,False,True,0.4004,0.0,-2.1842396,-1.3878392,-1.3857353224011604e-05,0.0011300756596028805,0.0011301606427878141,7e267c0bf303542b
2,day2_n8_topk_seed42,42,23,0,False,False,True,0.4396,0.0,-0.0768552,-0.40544775,-1.643570612941403e-05,0.0010679573751986027,0.0010680838022381067,7e267c0bf303542b
2,day2_n8_topk_seed42,42,23,1,False,False,True,0.3872,0.0,-2.3902106,0.21223445,-1.221179172716802e-05,0.0010975867044180632,0.00109765469096601,7e267c0bf303542b
2,day2_n8_topk_seed42,42,23,2,False,False,True,0.4228,0.0,-0.06172405,-0.21476348,-1.516368593001971e-05,0.0010675101075321436,0.0010676177917048335,7e267c0bf303542b
2,day2_n8_topk_seed42,42,23,3,False,False,True,0.437,0.0,0.49121463,-0.5880756,-1.5541972970822826e-05,0.0010614419588819146,0.0010615556966513395,7e267c0bf303542b
2,day2_n8_topk_seed42,42,23,4,False,False,True,0.4034,0.0,-0.008916527,0.12914126,-1.4657660358352587e-05,0.0010736511321738362,0.0010737511329352856,7e267c0bf303542b
2,day2_n8_topk_seed42,42,23,5,False,False,True,0.4078,0.0,-0.04541057,-0.091555,-1.411248194926884e-05,0.0010826134821400046,0.001082705333828926,7e267c0bf303542b
2,day2_n8_topk_seed42,42,23,6,False,False,True,0.401,0.0,0.97640413,2.3036814,-1.5461933799088e-05,0.0010900245979428291,0.00109013426117599,7e267c0bf303542b
2,day2_n8_topk_seed42,42,23,7,False,False,True,0.397,0.0,1.1154985,-1.3452196,-1.439183051843429e-05,0.0010834091808646917,0.0010835047578439116,7e267c0bf303542b
2,day2_n8_topk_seed42,42,24,0,False,False,True,0.4438,0.0,0.28096786,-1.1915452,-1.3089635103824548e-05,0.001077254768460989,0.0010773342801257968,7e267c0bf303542b
2,day2_n8_topk_seed42,42,24,1,False,False,True,0.4144,0.0,-0.30725896,0.2471147,-1.4616480257245712e-05,0.0010682005668058991,0.0010683005675673485,7e267c0bf303542b
2,day2_n8_topk_seed42,42,24,2,False,False,True,0.4236,0.0,2.3599257,1.329469,-1.4669485608465038e-05,0.0010968470014631748,0.001096945139579475,7e267c0bf303542b
2,day2_n8_topk_seed42,42,24,3,False,False,True,0.4366,0.0,-0.10031898,0.053023253,-1.4111444215814117e-05,0.00106399308424443,0.001064086682163179,7e267c0bf303542b
2,day2_n8_topk_seed42,42,24,4,False,False,True,0.4416,0.0,0.2257938,-0.73550236,-1.2681017324212007e-05,0.0010722654405981302,0.0010723404120653868,7e267c0bf303542b
2,day2_n8_topk_seed42,42,24,5,False,False,True,0.4068,0.0,-1.8359921,1.6332303,-1.1944475772907026e-05,0.0010808899533003569,0.0010809559607878327,7e267c0bf303542b
2,day2_n8_topk_seed42,42,24,6,False,False,True,0.4262,0.0,-0.33160353,-1.3433001,-1.4479444871540181e-05,0.001078638480976224,0.0010787356877699494,7e267c0bf303542b
2,day2_n8_topk_seed42,42,24,7,False,False,True,0.4304,0.0,-0.29151523,0.0075084404,-1.2470685760490596e-05,0.0010691857896745205,0.0010692585492506623,7e267c0bf303542b
2,day2_n8_topk_seed42,42,25,0,False,False,True,0.4068,0.0,-0.73837954,-0.3737053,-1.64745761139784e-05,0.001058276160620153,0.0010584043338894844,7e267c0bf303542b
2,day2_n8_topk_seed42,42,25,1,False,False,True,0.4278,0.0,0.8678135,0.48539576,-1.7459102309658192e-05,0.0010717359837144613,0.001071878126822412,7e267c0bf303542b
2,day2_n8_topk_seed42,42,25,2,False,False,True,0.4308,0.0,0.4949024,1.056292,-1.625750883249566e-05,0.0010667371097952127,0.0010668609756976366,7e267c0bf303542b
2,day2_n8_topk_seed42,42,25,3,False,False,True,0.4318,0.0,0.6021528,1.4374064,-1.5600800907122903e-05,0.0010624201968312263,0.0010625346330925822,7e267c0bf303542b
2,day2_n8_topk_seed42,42,25,4,False,False,True,0.3922,0.0,1.4392552,-1.5430641,-1.2444773346942384e-05,0.0010666354792192578,0.001066708005964756,7e267c0bf303542b
2,day2_n8_topk_seed42,42,25,5,False,False,True,0.4384,0.0,-0.43739957,0.42646334,-1.620977491256781e-05,0.0010581676615402102,0.0010582917602732778,7e267c0bf303542b
2,day2_n8_topk_seed42,42,25,6,False,False,True,0.435,0.0,-0.1566662,-1.4424798,-1.531041198177263e-05,0.0010585605632513762,0.0010586712742224336,7e267c0bf303542b
2,day2_n8_topk_seed42,42,25,7,False,False,True,0.4416,0.0,-2.0716777,-0.04630977,-1.275921931664925e-05,0.0010689232731238008,0.0010689994087442756,7e267c0bf303542b
2,day2_n8_topk_seed42,42,26,0,False,False,True,0.4284,0.0,2.1975381,-0.020924678,-1.2360696928226389e-05,0.001067381352186203,0.0010674528311938047,7e267c0bf303542b
2,day2_n8_topk_seed42,42,26,1,False,False,True,0.4388,0.0,-0.5935849,-2.5255234,-1.2366745067993179e-05,0.0010662212735041976,0.001066292985342443,7e267c0bf303542b
2,day2_n8_topk_seed42,42,26,2,False,False,True,0.4174,0.0,0.6163867,0.4791358,-1.3510994904208928e-05,0.001049853046424687,0.0010499400086700916,7e267c0bf303542b
2,day2_n8_topk_seed42,42,26,3,False,False,True,0.441,0.0,-0.48003355,-0.13810444,-1.2896208318124991e-05,0.0010410660179331899,0.001041145995259285,7e267c0bf303542b
2,day2_n8_topk_seed42,42,26,4,False,False,True,0.4404,0.0,-0.9000689,0.097080566,-1.3809284610033501e-05,0.001051990664564073,0.0010520813520997763,7e267c0bf303542b
2,day2_n8_topk_seed42,42,26,5,False,False,True,0.4282,0.0,0.6858945,0.13152385,-1.562353099870961e-05,0.0010458658216521144,0.0010459825862199068,7e267c0bf303542b
2,day2_n8_topk_seed42,42,26,6,False,False,True,0.4266,0.0,-0.13408995,0.7426475,-1.2495857845351566e-05,0.0010511060245335102,0.0010511802975088358,7e267c0bf303542b
2,day2_n8_topk_seed42,42,26,7,False,False,True,0.4462,0.0,-1.3920412,1.2341635,-1.3508668416761793e-05,0.001057240180671215,0.0010573264444246888,7e267c0bf303542b
2,day2_n8_topk_seed42,42,27,0,False,False,True,0.4288,0.0,0.58932996,-0.08216602,-1.301415977650322e-05,0.0010439108591526747,0.001043992000631988,7e267c0bf303542b
2,day2_n8_topk_seed42,42,27,1,False,False,True,0.441,0.0,-2.4178672,-1.2436577,-1.261570014321478e-05,0.0010659085819497705,0.0010659832041710615,7e267c0bf303542b
2,day2_n8_topk_seed42,42,27,2,False,False,True,0.4448,0.0,-0.45791885,1.6305088,-1.770685958035756e-05,0.0010574087500572205,0.0010575569467619061,7e267c0bf303542b
2,day2_n8_topk_seed42,42,27,3,False,False,True,0.4536,0.0,1.4557991,-1.9481282,-1.168943981610937e-05,0.0010539034847170115,0.001053968328051269,7e267c0bf303542b
2,day2_n8_topk_seed42,42,27,4,False,False,True,0.4564,0.0,0.08318357,0.19024639,-1.552479989186395e-05,0.001035285764373839,0.0010354021796956658,7e267c0bf303542b
2,day2_n8_topk_seed42,42,27,5,False,False,True,0.456,0.0,-0.24706332,0.16902427,-1.409784636052791e-05,0.0010510871652513742,0.0010511816944926977,7e267c0bf303542b
2,day2_n8_topk_seed42,42,27,6,False,False,True,0.4292,0.0,0.52138495,0.8805699,-1.495064589107642e-05,0.0010469278786331415,0.0010470346314832568,7e267c0bf303542b
2,day2_n8_topk_seed42,42,27,7,False,False,True,0.4448,0.0,0.4731541,0.40360415,-1.4593060768675059e-05,0.0010429482208564878,0.0010430504335090518,7e267c0bf303542b
2,day2_n8_topk_seed42,42,28,0,False,False,True,0.4476,0.0,-1.8542225,-1.1431993,-1.3222461348050274e-05,0.0010565845295786858,0.0010566673008725047,7e267c0bf303542b
2,day2_n8_topk_seed42,42,28,1,False,False,True,0.462,0.0,0.5703469,-0.14821605,-1.609851824468933e-05,0.0010375549318268895,0.0010376798454672098,7e267c0bf303542b
2,day2_n8_topk_seed42,42,28,2,False,False,True,0.43,0.0,-0.617005,0.51230913,-9.664611752668861e-06,0.0010496072936803102,0.0010496517643332481,7e267c0bf303542b
2,day2_n8_topk_seed42,42,28,3,False,False,True,0.4394,0.0,1.2601892,1.7404467,-1.1705431461450644e-05,0.0010471571004018188,0.0010472225258126855,7e267c0bf303542b
2,day2_n8_topk_seed42,42,28,4,False,False,True,0.4612,0.0,-0.5543039,-0.0039128014,-1.3205088180257007e-05,0.0010338235879316926,0.0010339078726246953,7e267c0bf303542b
2,day2_n8_topk_seed42,42,28,5,False,False,True,0.4586,0.0,-0.7156533,1.0701894,-1.2847854122810531e-05,0.0010421880288049579,0.0010422671912238002,7e267c0bf303542b
2,day2_n8_topk_seed42,42,28,6,False,False,True,0.435,0.0,0.2385346,-0.16861342,-1.2214576599944849e-05,0.001035550027154386,0.001035622088238597,7e267c0bf303542b
2,day2_n8_topk_seed42,42,28,7,False,False,True,0.4678,0.0,1.672114,-1.8590041,-1.183788845082745e-05,0.0010606369469314814,0.0010607029544189572,7e267c0bf303542b
2,day2_n8_topk_seed42,42,29,0,False,False,True,0.4594,0.0,-0.020650277,-0.6715033,-1.47104537973064e-05,0.0010338614229112864,0.0010339660802856088,7e267c0bf303542b
2,day2_n8_topk_seed42,42,29,1,False,False,True,0.4588,0.0,0.12728335,2.5619936,-1.3726221368415281e-05,0.0010400497121736407,0.001040140283294022,7e267c0bf303542b
2,day2_n8_topk_seed42,42,29,2,False,False,True,0.4604,0.0,-0.7937223,-0.20104122,-1.1275891665718518e-05,0.00102592958137393,0.001025991514325142,7e267c0bf303542b
2,day2_n8_topk_seed42,42,29,3,False,False,True,0.4594,0.0,-0.18800777,-1.2887653,-1.399226221110439e-05,0.0010380843887105584,0.0010381785687059164,7e267c0bf303542b
2,day2_n8_topk_seed42,42,29,4,False,False,True,0.4416,0.0,-0.6660251,0.18455082,-1.264666389033664e-05,0.001027566846460104,0.0010276447283104062,7e267c0bf303542b
2,day2_n8_topk_seed42,42,29,5,False,False,True,0.4594,0.0,-0.69521606,-0.6164253,-1.3782754649582785e-05,0.0010245719458907843,0.0010246646124869585,7e267c0bf303542b
2,day2_n8_topk_seed42,42,29,6,False,False,True,0.4574,0.0,-0.5185865,0.34623256,-1.5163150237640366e-05,0.0010325206676498055,0.001032632077112794,7e267c0bf303542b
2,day2_n8_topk_seed42,42,29,7,False,False,True,0.4548,0.0,2.754923,-0.31504205,-1.108405467675766e-05,0.001044489094056189,0.0010445480002090335,7e267c0bf303542b
2,day2_n8_topk_seed42,42,30,0,False,False,True,0.4488,0.0,0.6089652,-0.21372545,-1.1958962204516865e-05,0.0010419392492622137,0.0010420079343020916,7e267c0bf303542b
2,day2_n8_topk_seed42,42,30,1,False,False,True,0.3988,0.0,0.24536997,-0.32896882,-1.0685555935197044e-05,0.0010314690880477428,0.0010315243853256106,7e267c0bf303542b
2,day2_n8_topk_seed42,42,30,2,False,False,True,0.4072,0.0,0.2554348,1.0607541,-1.5977311704773456e-05,0.0010455858428031206,0.001045707962475717,7e267c0bf303542b
2,day2_n8_topk_seed42,42,30,3,False,False,True,0.4576,0.0,-0.3002394,-2.3191612,-1.1346763130859472e-05,0.0010445386869832873,0.0010446002706885338,7e267c0bf303542b
2,day2_n8_topk_seed42,42,30,4,False,False,True,0.4588,0.0,1.3044881,0.14583462,-1.2904338291264139e-05,0.0010535732144489884,0.001053652260452509,7e267c0bf303542b
2,day2_n8_topk_seed42,42,30,5,False,False,True,0.4714,0.0,-2.8918571,0.40562296,-1.2308162695262581e-05,0.0010589499725028872,0.0010590215679258108,7e267c0bf303542b
2,day2_n8_topk_seed42,42,30,6,False,False,True,0.4384,0.0,0.2785643,1.801179,-1.435107878933195e-05,0.0010520669165998697,0.0010521648218855262,7e267c0bf303542b
2,day2_n8_topk_seed42,42,30,7,False,False,True,0.4392,0.0,0.4992771,-0.55153173,-1.2554290151456371e-05,0.0010450698900967836,0.0010451453272253275,7e267c0bf303542b
2,day2_n8_topk_seed42,42,31,0,False,False,True,0.4106,0.0,-1.0139589,0.6208185,-1.2759569472109433e-05,0.0010182070545852184,0.0010182870319113135,7e267c0bf303542b
2,day2_n8_topk_seed42,42,31,1,False,False,True,0.4696,0.0,-0.14520952,1.1700412,-1.2883561794296838e-05,0.0010215985821560025,0.0010216798400506377,7e267c0bf303542b
2,day2_n8_topk_seed42,42,31,2,False,False,True,0.4772,0.0,0.29178408,0.66759485,-1.3111803127685562e-05,0.0010234926594421268,0.0010235764784738421,7e267c0bf303542b
2,day2_n8_topk_seed42,42,31,3,False,False,True,0.467,0.0,-1.3275802,-2.6217246,-1.0822202966664918e-05,0.00104329374153167,0.0010433498537167907,7e267c0bf303542b
2,day2_n8_topk_seed42,42,31,4,False,False,True,0.459,0.0,2.853533,-0.92522055,-1.3085473256069236e-05,0.0010584950214251876,0.0010585759300738573,7e267c0bf303542b
2,day2_n8_topk_seed42,42,31,5,False,False,True,0.4336,0.0,-0.30220208,0.34035674,-1.4068245036469307e-05,0.0010154115734621882,0.0010155090130865574,7e267c0bf303542b
2,day2_n8_topk_seed42,42,31,6,False,False,True,0.4748,0.0,-0.17954695,0.24603032,-1.3426762052404229e-05,0.001031088293530047,0.001031175721436739,7e267c0bf303542b
2,day2_n8_topk_seed42,42,31,7,False,False,True,0.4616,0.0,-0.17681973,0.50210714,-1.1833771168312524e-05,0.0010370962554588914,0.001037163776345551,7e267c0bf303542b
2,day2_n8_topk_seed42,42,32,0,False,False,True,0.4464,0.0,0.6879784,1.0242941,-1.2391581549309194e-05,0.001035624765790999,0.0010356989223510027,7e267c0bf303542b
2,day2_n8_topk_seed42,42,32,1,False,False,True,0.4468,0.0,0.11176874,-0.78142774,-1.4671442841063254e-05,0.001036563073284924,0.0010366669157519937,7e267c0bf303542b
2,day2_n8_topk_seed42,42,32,2,False,False,True,0.4822,0.0,0.70776135,-2.0508828,-1.3079075870336965e-05,0.0010369966039434075,0.0010370791424065828,7e267c0bf303542b
2,day2_n8_topk_seed42,42,32,3,False,False,True,0.4424,0.0,0.29221666,2.2435548,-1.0789615771500394e-05,0.0010375240817666054,0.001037580193951726,7e267c0bf303542b
2,day2_n8_topk_seed42,42,32,4,False,False,True,0.457,0.0,0.35869327,-0.11159376,-1.4463480511039961e-05,0.0010256965178996325,0.0010257984977215528,7e267c0bf303542b
2,day2_n8_topk_seed42,42,32,5,False,False,True,0.424,0.0,0.88365626,0.08645818,-1.2729370610031765e-05,0.0010289130732417107,0.0010289917699992657,7e267c0bf303542b
2,day2_n8_topk_seed42,42,32,6,False,False,True,0.4392,0.0,-3.1458602,-0.056867883,-1.5237947991408873e-05,0.0010579082882031798,0.0010580179514363408,7e267c0bf303542b
2,day2_n8_topk_seed42,42,32,7,False,False,True,0.4616,0.0,0.103782915,-0.35353598,-1.098556549550267e-05,0.0010335096158087254,0.0010335680563002825,7e267c0bf303542b
2,day2_n8_topk_seed42,42,33,0,False,False,True,0.4532,0.0,3.0966601,-0.27131197,-1.0574985935818404e-05,0.0010498777264729142,0.001049931044690311,7e267c0bf303542b
2,day2_n8_topk_seed42,42,33,1,False,False,True,0.4824,0.0,-0.96232224,-1.0409158,-9.853546544036362e-06,0.0010200252290815115,0.0010200728429481387,7e267c0bf303542b
2,day2_n8_topk_seed42,42,33,2,False,False,True,0.4486,0.0,-0.2735805,2.8545322,-1.3036024029133841e-05,0.0010333468671888113,0.001033429172821343,7e267c0bf303542b
2,day2_n8_topk_seed42,42,33,3,False,False,True,0.474,0.0,-0.3746324,0.36534864,-9.969578059099149e-06,0.0010280839633196592,0.0010281323920935392,7e267c0bf303542b
2,day2_n8_topk_seed42,42,33,4,False,False,True,0.4704,0.0,-0.47763607,-0.7500012,-1.2579941540025175e-05,0.0010150204179808497,0.001015098299831152,7e267c0bf303542b
2,day2_n8_topk_seed42,42,33,5,False,False,True,0.4834,0.0,-0.38817558,0.11387174,-1.3746615877607837e-05,0.0010077969636768103,0.0010078907944262028,7e267c0bf303542b
2,day2_n8_topk_seed42,42,33,6,False,False,True,0.4676,0.0,-0.15086827,-0.4854614,-1.311035066464683e-05,0.0010233066277578473,0.0010233906796202064,7e267c0bf303542b
2,day2_n8_topk_seed42,42,33,7,False,False,True,0.4608,0.0,-0.46944568,-0.78606325,-1.1984153388766572e-05,0.0010161763057112694,0.0010162469698116183,7e267c0bf303542b
2,day2_n8_topk_seed42,42,34,0,False,False,True,0.4574,0.0,-0.58276016,-1.4794307,-1.448988314223243e-05,0.0010318689746782184,0.001031970838084817,7e267c0bf303542b
2,day2_n8_topk_seed42,42,34,1,False,False,True,0.4854,0.0,0.33631992,-0.45667446,-1.2866343240602873e-05,0.001013925764709711,0.0010140073718503118,7e267c0bf303542b
2,day2_n8_topk_seed42,42,34,2,False,False,True,0.462,0.0,-0.42537856,-0.5696586,-1.5739226000732742e-05,0.0010277691762894392,0.00102788966614753,7e267c0bf303542b
2,day2_n8_topk_seed42,42,34,3,False,False,True,0.4874,0.0,-2.1175392,2.4330873,-1.3716036846744828e-05,0.001044775010086596,0.0010448649991303682,7e267c0bf303542b
2,day2_n8_topk_seed42,42,34,4,False,False,True,0.4182,0.0,-0.07188564,-0.30893737,-1.3788592696073465e-05,0.0010196715593338013,0.0010197648080065846,7e267c0bf303542b
2,day2_n8_topk_seed42,42,34,5,False,False,True,0.4668,0.0,2.6596816,1.5800852,-1.3665548067365307e-05,0.0010488016996532679,0.0010488907573744655,7e267c0bf303542b
2,day2_n8_topk_seed42,42,34,6,False,False,True,0.4652,0.0,-0.15228412,-0.7915279,-1.2762207916239277e-05,0.0010359424632042646,0.0010360210435464978,7e267c0bf303542b
2,day2_n8_topk_seed42,42,34,7,False,False,True,0.462,0.0,0.3538444,-0.40694267,-1.429576786904363e-05,0.0010293145896866918,0.0010294138919562101,7e267c0bf303542b
2,day2_n8_topk_seed42,42,35,0,False,False,True,0.4352,0.0,0.52072656,0.77792495,-1.206332763104001e-05,0.0010254383087158203,0.0010255093220621347,7e267c0bf303542b
2,day2_n8_topk_seed42,42,35,1,False,False,True,0.4584,0.0,-3.502225,-0.04565611,-1.2162644452473614e-05,0.001088104210793972,0.0010881720809265971,7e267c0bf303542b
2,day2_n8_topk_seed42,42,35,2,False,False,True,0.4708,0.0,0.7795547,0.8327584,-1.1494823411339894e-05,0.001026695128530264,0.0010267595062032342,7e267c0bf303542b
2,day2_n8_topk_seed42,42,35,3,False,False,True,0.5042,0.0,0.59363025,-3.050542,-1.4567623111361172e-05,0.001042063464410603,0.0010421653278172016,7e267c0bf303542b
2,day2_n8_topk_seed42,42,35,4,False,False,True,0.4758,0.0,0.25878,-0.3288402,-1.3952216249890625e-05,0.0010196672519668937,0.0010197627125307918,7e267c0bf303542b
2,day2_n8_topk_seed42,42,35,5,False,False,True,0.4742,0.0,0.25562617,0.8729643,-1.385816722176969e-05,0.0010125712724402547,0.0010126661509275436,7e267c0bf303542b
2,day2_n8_topk_seed42,42,35,6,False,False,True,0.4854,0.0,0.6057198,-0.0076569426,-1.254242397408234e-05,0.0010077139595523477,0.0010077919578179717,7e267c0bf303542b
2,day2_n8_topk_seed42,42,35,7,False,False,True,0.4502,0.0,0.48818907,0.9490489,-9.940376912709326e-06,0.0010240753181278706,0.001024123514071107,7e267c0bf303542b
2,day2_n8_topk_seed42,42,36,0,False,False,True,0.4308,0.0,-0.54750454,2.829712,-1.1815767720690928e-05,0.001039749477058649,0.0010398166486993432,7e267c0bf303542b
2,day2_n8_topk_seed42,42,36,1,False,False,True,0.4864,0.0,-0.24991967,0.811241,-1.1090353837062139e-05,0.0010320674628019333,0.0010321270674467087,7e267c0bf303542b
2,day2_n8_topk_seed42,42,36,2,False,False,True,0.4794,0.0,0.9562488,0.11909375,-1.1652024113573134e-05,0.0010292393853887916,0.0010293052764609456,7e267c0bf303542b
2,day2_n8_topk_seed42,42,36,3,False,False,True,0.482,0.0,-0.7547867,-0.34714842,-1.2125506145821419e-05,0.0010195471113547683,0.001019619288854301,7e267c0bf303542b
2,day2_n8_topk_seed42,42,36,4,False,False,True,0.4806,0.0,-0.161039,-1.0794837,-9.920874617819209e-06,0.00103242218028754,0.0010324697941541672,7e267c0bf303542b
2,day2_n8_topk_seed42,42,36,5,False,False,True,0.4634,0.0,-2.1202674,-1.3767642,-1.1856739547511097e-05,0.0010357201099395752,0.0010357879800722003,7e267c0bf303542b
2,day2_n8_topk_seed42,42,36,6,False,False,True,0.4708,0.0,3.0131903,-0.58646953,-9.458231943426654e-06,0.001082397298887372,0.0010824385099112988,7e267c0bf303542b
2,day2_n8_topk_seed42,42,36,7,False,False,True,0.494,0.0,-0.1359226,-0.37017986,-1.3098137060296722e-05,0.0010307502234354615,0.0010308334603905678,7e267c0bf303542b
2,day2_n8_topk_seed42,42,37,0,False,False,True,0.4836,0.0,0.747505,0.567849,-1.16406699817162e-05,0.0010248648468405008,0.0010249309707432985,7e267c0bf303542b
2,day2_n8_topk_seed42,42,37,1,False,False,True,0.4528,0.0,-0.41648442,-0.34785342,-1.1398270544304978e-05,0.0010153049370273948,0.0010153688490390778,7e267c0bf303542b
2,day2_n8_topk_seed42,42,37,2,False,False,True,0.5056,0.0,0.3900369,0.61131656,-1.3425315046333708e-05,0.0010230154730379581,0.0010231034830212593,7e267c0bf303542b
2,day2_n8_topk_seed42,42,37,3,False,False,True,0.4864,0.0,1.9205202,-2.5031912,-1.0710602509789169e-05,0.001034082961268723,0.0010341384913772345,7e267c0bf303542b
2,day2_n8_topk_seed42,42,37,4,False,False,True,0.4724,0.0,-0.822869,-0.44947988,-1.1141529284941498e-05,0.0010142377577722073,0.0010142989922314882,7e267c0bf303542b
2,day2_n8_topk_seed42,42,37,5,False,False,True,0.5128,0.0,1.4284272,2.3209507,-1.3599829799204599e-05,0.0010334578109905124,0.0010335472179576755,7e267c0bf303542b
2,day2_n8_topk_seed42,42,37,6,False,False,True,0.495,0.0,-1.2890142,-0.114113234,-1.2445816537365317e-05,0.0010150589514523745,0.001015135319903493,7e267c0bf303542b
2,day2_n8_topk_seed42,42,37,7,False,False,True,0.4994,0.0,-1.9581239,-0.0854788,-1.0134501280845143e-05,0.0010210844920948148,0.001021134783513844,7e267c0bf303542b
2,day2_n8_topk_seed42,42,38,0,False,False,True,0.477,0.0,-3.0766487,1.1310581,-1.2868463272752706e-05,0.001051081344485283,0.0010511601576581597,7e267c0bf303542b
2,day2_n8_topk_seed42,42,38,1,False,False,True,0.4794,0.0,-0.32125002,-0.31898072,-1.1061780242016539e-05,0.0010216858936473727,0.0010217457311227918,7e267c0bf303542b
2,day2_n8_topk_seed42,42,38,2,False,False,True,0.463,0.0,0.04351267,-0.37603116,-1.1390097824914847e-05,0.001013691769912839,0.0010137557983398438,7e267c0bf303542b
2,day2_n8_topk_seed42,42,38,3,False,False,True,0.4986,0.0,1.7144018,2.939518,-1.2349970347713679e-05,0.0010505852987989783,0.0010506579419597983,7e267c0bf303542b
2,day2_n8_topk_seed42,42,38,4,False,False,True,0.5058,0.0,1.2300901,-1.1817155,-1.1559071026567835e-05,0.0010320284636691213,0.001032093190588057,7e267c0bf303542b
2,day2_n8_topk_seed42,42,38,5,False,False,True,0.4606,0.0,0.2389172,-0.36123776,-9.303636943513993e-06,0.0009971467079594731,0.0009971901308745146,7e267c0bf303542b
2,day2_n8_topk_seed42,42,38,6,False,False,True,0.4972,0.0,-0.017142367,-1.1639632,-1.0999455298588146e-05,0.0010249513434246182,0.0010250102495774627,7e267c0bf303542b
2,day2_n8_topk_seed42,42,38,7,False,False,True,0.4882,0.0,0.18812242,-0.66864836,-9.010817848320585e-06,0.001005773083306849,0.001005813479423523,7e267c0bf303542b
2,day2_n8_topk_seed42,42,39,0,False,False,True,0.5024,0.0,0.42104605,0.9439012,-1.0273243788105901e-05,0.0010327392956241965,0.0010327902855351567,7e267c0bf303542b
2,day2_n8_topk_seed42,42,39,1,False,False,True,0.467,0.0,0.62304103,1.1632793,-1.1187617928953841e-05,0.0010207992745563388,0.0010208606254309416,7e267c0bf303542b
2,day2_n8_topk_seed42,42,39,2,False,False,True,0.4996,0.0,1.1252694,-3.0497317,-1.3755621694144793e-05,0.00104187719989568,0.001041968003846705,7e267c0bf303542b
2,day2_n8_topk_seed42,42,39,3,False,False,True,0.4954,0.0,0.5884545,0.95135397,-1.1581098078750074e-05,0.0010257710237056017,0.0010258363327011466,7e267c0bf303542b
2,day2_n8_topk_seed42,42,39,4,False,False,True,0.4984,0.0,0.43013507,-0.6523144,-1.4538076356984675e-05,0.0010281788418069482,0.0010282816365361214,7e267c0bf303542b
2,day2_n8_topk_seed42,42,39,5,False,False,True,0.4222,0.0,0.40860793,0.30241078,-1.0036324965767562e-05,0.001012585242278874,0.0010126350680366158,7e267c0bf303542b
2,day2_n8_topk_seed42,42,39,6,False,False,True,0.5014,0.0,0.6509918,0.68502253,-1.272522331419168e-05,0.001021366799250245,0.0010214460780844092,7e267c0bf303542b
2,day2_n8_topk_seed42,42,39,7,False,False,True,0.4774,0.0,-4.247543,-0.3439202,-4.178733888693387e-06,0.0011905553983524442,0.001190562848933041,7e267c0bf303542b
2,day2_n8_topk_seed42,42,40,0,False,False,True,0.5028,0.0,2.4626508,-1.5723368,-9.797435268410482e-06,0.0010406464571133256,0.001040692557580769,7e267c0bf303542b
2,day2_n8_topk_seed42,42,40,1,False,False,True,0.4956,0.0,-0.02776136,0.27125922,-9.769702955964021e-06,0.0009911187225952744,0.0009911669185385108,7e267c0bf303542b
2,day2_n8_topk_seed42,42,40,2,False,False,True,0.4774,0.0,-0.9319722,0.6630974,-1.1140121387143154e-05,0.0010226124431937933,0.0010226729791611433,7e267c0bf303542b
2,day2_n8_topk_seed42,42,40,3,False,False,True,0.5118,0.0,-2.244582,-2.4419875,-1.0134601325262338e-05,0.0010509223211556673,0.0010509712155908346,7e267c0bf303542b
2,day2_n8_topk_seed42,42,40,4,False,False,True,0.5062,0.0,1.4993529,0.40926728,-1.1141662980662659e-05,0.0010267121251672506,0.0010267725447192788,7e267c0bf303542b
2,day2_n8_topk_seed42,42,40,5,False,False,True,0.4916,0.0,0.028022371,-0.30900156,-1.2673798664764035e-05,0.0010357602732256055,0.0010358378058299422,7e267c0bf303542b
2,day2_n8_topk_seed42,42,40,6,False,False,True,0.5024,0.0,0.030910647,0.99666625,-1.0237777132715564e-05,0.0010236838134005666,0.0010237349197268486,7e267c0bf303542b
2,day2_n8_topk_seed42,42,40,7,False,False,True,0.4836,0.0,-0.81662124,1.9830378,-1.154403253167402e-05,0.0010294587118551135,0.0010295235551893711,7e267c0bf303542b
2,day2_n8_topk_seed42,42,41,0,False,False,True,0.5152,0.0,-0.08981047,1.21722,-1.2398901162669063e-05,0.0010210532927885652,0.0010211284970864654,7e267c0bf303542b
2,day2_n8_topk_seed42,42,41,1,False,False,True,0.5166,0.0,-0.068243355,0.167452,-1.1514573998283595e-05,0.0010294559178873897,0.00102952029556036,7e267c0bf303542b
2,day2_n8_topk_seed42,42,41,2,False,False,True,0.4832,0.0,-0.032999787,0.4901212,-1.1566231478354894e-05,0.001025493023917079,0.001025558216497302,7e267c0bf303542b
2,day2_n8_topk_seed42,42,41,3,False,False,True,0.5012,0.0,3.4055045,-0.8955659,-9.158816283161286e-06,0.0010591110913082957,0.0010591507889330387,7e267c0bf303542b
2,day2_n8_topk_seed42,42,41,4,False,False,True,0.4968,0.0,-1.6296248,-3.0198274,-1.1486862604215275e-05,0.0010484294034540653,0.0010484922677278519,7e267c0bf303542b
2,day2_n8_topk_seed42,42,41,5,False,False,True,0.4884,0.0,0.02857937,-0.22551021,-1.2764799066644628e-05,0.0010066315298900008,0.0010067125549539924,7e267c0bf303542b
2,day2_n8_topk_seed42,42,41,6,False,False,True,0.513,0.0,-0.9726762,0.8314638,-1.3629279237648007e-05,0.001031724619679153,0.0010318146087229252,7e267c0bf303542b
2,day2_n8_topk_seed42,42,41,7,False,False,True,0.4876,0.0,-0.64073193,1.4346462,-1.0712087714637164e-05,0.0010322942398488522,0.0010323497699573636,7e267c0bf303542b
2,day2_n8_topk_seed42,42,42,0,False,False,True,0.5152,0.0,1.0387963,3.3788743,-9.387144018546678e-06,0.0010552669409662485,0.0010553086176514626,7e267c0bf303542b
2,day2_n8_topk_seed42,42,42,1,False,False,True,0.5118,0.0,0.29549864,-0.6563809,-1.0819691851793323e-05,0.001035353634506464,0.001035410212352872,7e267c0bf303542b
2,day2_n8_topk_seed42,42,42,2,False,False,True,0.494,0.0,-0.2651267,-0.025391871,-1.1063602869398892e-05,0.0010289070196449757,0.0010289665078744292,7e267c0bf303542b
2,day2_n8_topk_seed42,42,42,3,False,False,True,0.505,0.0,-3.3855128,0.10643713,-1.2890793186670635e-05,0.0010546839330345392,0.001054762746207416,7e267c0bf303542b
2,day2_n8_topk_seed42,42,42,4,False,False,True,0.5126,0.0,0.5167036,-1.0261275,-9.806903108255938e-06,0.0010334510589018464,0.0010334975086152554,7e267c0bf303542b
2,day2_n8_topk_seed42,42,42,5,False,False,True,0.503,0.0,0.25744587,-0.84266883,-1.0926604772976134e-05,0.0010302404407411814,0.0010302982991561294,7e267c0bf303542b
2,day2_n8_topk_seed42,42,42,6,False,False,True,0.477,0.0,1.6340551,-1.3332696,-1.039503240463091e-05,0.0010512910084798932,0.0010513423476368189,7e267c0bf303542b
2,day2_n8_topk_seed42,42,42,7,False,False,True,0.502,0.0,-0.091860875,0.39852762,-1.0119855687662493e-05,0.0010373080149292946,0.0010373573750257492,7e267c0bf303542b
2,day2_n8_topk_seed42,42,43,0,False,False,True,0.488,0.0,-1.4733969,2.4378176,-9.062248864211142e-06,0.0010418789461255074,0.0010419184109196067,7e267c0bf303542b
2,day2_n8_topk_seed42,42,43,1,False,False,True,0.5008,0.0,-0.70145196,0.4420429,-8.569978490413632e-06,0.0010216684313490987,0.0010217044036835432,7e267c0bf303542b
2,day2_n8_topk_seed42,42,43,2,False,False,True,0.5018,0.0,-0.81568474,-1.6496869,-1.2207228792249225e-05,0.0010442185448482633,0.0010442899074405432,7e267c0bf303542b
2,day2_n8_topk_seed42,42,43,3,False,False,True,0.4932,0.0,-1.3165582,-2.314774,-9.248322385246865e-06,0.0010422311024740338,0.0010422721970826387,7e267c0bf303542b
2,day2_n8_topk_seed42,42,43,4,False,False,True,0.4894,0.0,0.27909288,-0.07278333,-1.1304518011456821e-05,0.001029454986564815,0.0010295171523466706,7e267c0bf303542b
2,day2_n8_topk_seed42,42,43,5,False,False,True,0.5098,0.0,2.5484176,-0.3485361,-1.106912168324925e-05,0.001043024007230997,0.0010430826805531979,7e267c0bf303542b
2,day2_n8_topk_seed42,42,43,6,False,False,True,0.5078,0.0,1.9521319,0.46560347,-1.4448221008933615e-05,0.0010480651399120688,0.0010481646750122309,7e267c0bf303542b
2,day2_n8_topk_seed42,42,43,7,False,False,True,0.4938,0.0,-0.47255057,1.0403202,-8.803875971352682e-06,0.0010402610059827566,0.0010402982588857412,7e267c0bf303542b
2,day2_n8_topk_seed42,42,44,0,False,False,True,0.5288,0.0,-0.2999871,0.9573214,-1.0928756637440529e-05,0.0010377696016803384,0.0010378271108493209,7e267c0bf303542b
2,day2_n8_topk_seed42,42,44,1,False,False,True,0.4944,0.0,1.9020295,2.7866714,-8.446753781754524e-06,0.0010477615287527442,0.0010477956384420395,7e267c0bf303542b
2,day2_n8_topk_seed42,42,44,2,False,False,True,0.5512,0.0,0.26285577,-0.12315177,-9.377390597364865e-06,0.001002067350782454,0.0010021112393587828,7e267c0bf303542b
2,day2_n8_topk_seed42,42,44,3,False,False,True,0.4956,0.0,-3.3093438,1.0636439,-7.96160202298779e-06,0.0010557813802734017,0.001055811415426433,7e267c0bf303542b
2,day2_n8_topk_seed42,42,44,4,False,False,True,0.5288,0.0,0.12881859,-1.6773541,-1.246722513315035e-05,0.0010383074404671788,0.0010383822955191135,7e267c0bf303542b
2,day2_n8_topk_seed42,42,44,5,False,False,True,0.4874,0.0,0.03021348,-0.84190214,-9.385551493323874e-06,0.0010113317985087633,0.0010113753378391266,7e267c0bf303542b
2,day2_n8_topk_seed42,42,44,6,False,False,True,0.4826,0.0,1.1378187,-0.908605,-1.170878476841608e-05,0.0010381651809439063,0.0010382311884313822,7e267c0bf303542b
2,day2_n8_topk_seed42,42,44,7,False,False,True,0.5244,0.0,0.14759691,-1.2566271,-9.03993804968195e-06,0.0010315629187971354,0.0010316025000065565,7e267c0bf303542b
2,day2_n8_topk_seed42,42,45,0,False,False,True,0.508,0.0,1.2802596,-2.2253168,-1.0535225555940997e-05,0.0010657109087333083,0.001065762946382165,7e267c0bf303542b
2,day2_n8_topk_seed42,42,45,1,False,False,True,0.5416,0.0,0.25519896,-0.20354559,-1.1680045645334758e-05,0.0010299945715814829,0.0010300608118996024,7e267c0bf303542b
2,day2_n8_topk_seed42,42,45,2,False,False,True,0.4954,0.0,-0.11503,-1.0061051,-1.2893656275991816e-05,0.0010489352280274034,0.0010490145068615675,7e267c0bf303542b
2,day2_n8_topk_seed42,42,45,3,False,False,True,0.5218,0.0,-0.11030177,0.034318037,-8.468065061606467e-06,0.0010484466329216957,0.001048480742610991,7e267c0bf303542b
2,day2_n8_topk_seed42,42,45,4,False,False,True,0.5102,0.0,-0.1363192,3.254852,-6.629409199376823e-06,0.001069375080987811,0.0010693956864997745,7e267c0bf303542b
2,day2_n8_topk_seed42,42,45,5,False,False,True,0.5168,0.0,-0.65560585,-0.32530448,-9.776846127351746e-06,0.0010404526256024837,0.0010404987260699272,7e267c0bf303542b
2,day2_n8_topk_seed42,42,45,6,False,False,True,0.5384,0.0,-3.140571,-0.3095653,-1.1437842658779118e-05,0.0010829241946339607,0.001082984614185989,7e267c0bf303542b
2,day2_n8_topk_seed42,42,45,7,False,False,True,0.5158,0.0,2.6223729,0.7806651,-1.2460865036700852e-05,0.0010816558497026563,0.0010817276779562235,7e267c0bf303542b
2,day2_n8_topk_seed42,42,46,0,False,False,True,0.5306,0.0,0.56071126,0.17265084,-9.5702416729182e-06,0.0010528182610869408,0.0010528616840019822,7e267c0bf303542b
2,day2_n8_topk_seed42,42,46,1,False,False,True,0.5164,0.0,-0.91847014,2.3047726,-7.319073574763024e-06,0.0010483022779226303,0.0010483278892934322,7e267c0bf303542b
2,day2_n8_topk_seed42,42,46,2,False,False,True,0.4984,0.0,-0.23532467,0.18906082,-1.0777848729048856e-05,0.0010357974097132683,0.0010358535218983889,7e267c0bf303542b
2,day2_n8_topk_seed42,42,46,3,False,False,True,0.5162,0.0,3.548093,-0.82622683,-1.0049392585642636e-05,0.0010749173816293478,0.001074964297004044,7e267c0bf303542b
2,day2_n8_topk_seed42,42,46,4,False,False,True,0.5044,0.0,-0.6477363,0.95351565,-8.727664862817619e-06,0.001049721846356988,0.001049758167937398,7e267c0bf303542b
2,day2_n8_topk_seed42,42,46,5,False,False,True,0.532,0.0,-0.27926826,0.6669551,-8.167235137079842e-06,0.0010448996908962727,0.001044931705109775,7e267c0bf303542b
2,day2_n8_topk_seed42,42,46,6,False,False,True,0.5266,0.0,-1.8679922,-3.0715845,-1.044413511408493e-05,0.0010604806011542678,0.0010605320567265153,7e267c0bf303542b
2,day2_n8_topk_seed42,42,46,7,False,False,True,0.5212,0.0,-0.16001324,-0.38914326,-1.0480016499059275e-05,0.001039444119669497,0.0010394968558102846,7e267c0bf303542b
2,day2_n8_topk_seed42,42,47,0,False,False,True,0.5418,0.0,-0.15466134,-1.1425247,-8.883403097570408e-06,0.0010462789796292782,0.0010463166981935501,7e267c0bf303542b
2,day2_n8_topk_seed42,42,47,1,False,False,True,0.5408,0.0,0.46553987,-0.4546698,-9.009982932184357e-06,0.0010391115210950375,0.0010391506366431713,7e267c0bf303542b
2,day2_n8_topk_seed42,42,47,2,False,False,True,0.5206,0.0,-0.53690726,0.031796336,-1.1004504813172389e-05,0.001055440166965127,0.0010554975597187877,7e267c0bf303542b
2,day2_n8_topk_seed42,42,47,3,False,False,True,0.5312,0.0,-3.6718671,0.99010426,-1.0181552170251962e-05,0.001091269194148481,0.0010913168080151081,7e267c0bf303542b
2,day2_n8_topk_seed42,42,47,4,False,False,True,0.5216,0.0,1.790666,3.3350797,-1.1120281669718679e-05,0.0010736644035205245,0.0010737220291048288,7e267c0bf303542b
2,day2_n8_topk_seed42,42,47,5,False,False,True,0.5434,0.0,0.47480062,0.08436049,-1.0559063412074465e-05,0.001029505394399166,0.0010295596439391375,7e267c0bf303542b
2,day2_n8_topk_seed42,42,47,6,False,False,True,0.5308,0.0,0.8249504,-1.597639,-1.2059333130309824e-05,0.001055765082128346,0.0010558339999988675,7e267c0bf303542b
2,day2_n8_topk_seed42,42,47,7,False,False,True,0.5468,0.0,0.80748063,-1.2465067,-7.598050160595449e-06,0.0010461152996867895,0.0010461428901180625,7e267c0bf303542b
2,day2_n8_topk_seed42,42,48,0,False,False,True,0.5192,0.0,-3.9293277,0.7108748,-1.0857279448828194e-05,0.0011094703804701567,0.0011095234658569098,7e267c0bf303542b
2,day2_n8_topk_seed42,42,48,1,False,False,True,0.5244,0.0,0.66901654,-0.3257438,-5.347576006897725e-06,0.00104908284265548,0.0010490964632481337,7e267c0bf303542b
2,day2_n8_topk_seed42,42,48,2,False,False,True,0.5188,0.0,0.34013546,-0.82385594,-1.0793100955197588e-05,0.0010454769944772124,0.0010455327574163675,7e267c0bf303542b
2,day2_n8_topk_seed42,42,48,3,False,False,True,0.5546,0.0,0.071842924,0.028297603,-7.580986675748136e-06,0.0010509267449378967,0.001050954102538526,7e267c0bf303542b
2,day2_n8_topk_seed42,42,48,4,False,False,True,0.549,0.0,-0.20315097,-0.65324414,-9.474037142354064e-06,0.0010682353749871254,0.0010682775173336267,7e267c0bf303542b
2,day2_n8_topk_seed42,42,48,5,False,False,True,0.495,0.0,0.13666627,-1.7533522,-1.105454794014804e-05,0.001047991099767387,0.0010480494238436222,7e267c0bf303542b
2,day2_n8_topk_seed42,42,48,6,False,False,True,0.5428,0.0,1.6177762,-0.8028872,-1.1329661901982035e-05,0.0010813612025231123,0.0010814204579219222,7e267c0bf303542b
2,day2_n8_topk_seed42,42,48,7,False,False,True,0.5268,0.0,1.2970452,3.6199105,-7.87530643719947e-06,0.0010817799484357238,0.001081808703020215,7e267c0bf303542b
2,day2_n8_topk_seed42,42,49,0,False,False,True,0.5404,0.0,-0.6725166,3.8210275,-1.217336375702871e-05,0.0010915286839008331,0.0010915965540334582,7e267c0bf303542b
2,day2_n8_topk_seed42,42,49,1,False,False,True,0.5412,0.0,-0.6063706,0.02931896,-1.2410410818119999e-05,0.0010587574215605855,0.0010588301811367273,7e267c0bf303542b
2,day2_n8_topk_seed42,42,49,2,False,False,True,0.519,0.0,-0.76312375,-0.38813093,-9.82460733212065e-06,0.0010573952458798885,0.0010574408806860447,7e267c0bf303542b
2,day2_n8_topk_seed42,42,49,3,False,False,True,0.539,0.0,4.1205072,-0.090288475,-1.1986890058324207e-05,0.0011156898690387607,0.001115754246711731,7e267c0bf303542b
2,day2_n8_topk_seed42,42,49,4,False,False,True,0.5156,0.0,-0.36456272,-1.1358736,-8.63227978697978e-06,0.0010788290528580546,0.0010788636282086372,7e267c0bf303542b
2,day2_n8_topk_seed42,42,49,5,False,False,True,0.5538,0.0,0.087314434,0.038474813,-1.2157360288256314e-05,0.0010438092285767198,0.0010438801255077124,7e267c0bf303542b
2,day2_n8_topk_seed42,42,49,6,False,False,True,0.5402,0.0,-1.0863321,-1.6686723,-1.1343858204782009e-05,0.0010788638610392809,0.0010789235820993781,7e267c0bf303542b
2,day2_n8_topk_seed42,42,49,7,False,False,True,0.5222,0.0,-0.7149132,-0.6058561,-9.276809578295797e-06,0.001073501305654645,0.0010735413525253534,7e267c0bf303542b
2,day2_n8_topk_seed42,42,50,0,False,False,True,0.5424,0.0,0.35947868,-2.6238241,-9.666375262895599e-06,0.0010930412681773305,0.001093083992600441,7e267c0bf303542b
2,day2_n8_topk_seed42,42,50,1,False,False,True,0.496,0.0,0.9589174,-0.5668588,-9.956990652426612e-06,0.0010829080129042268,0.0010829537641257048,7e267c0bf303542b
2,day2_n8_topk_seed42,42,50,2,False,False,True,0.5444,0.0,-0.16572882,-0.272993,-8.641518434160389e-06,0.0010759381111711264,0.0010759728029370308,7e267c0bf303542b
2,day2_n8_topk_seed42,42,50,3,False,False,True,0.5266,0.0,0.5724757,-0.7223599,-1.088803583115805e-05,0.0010951990261673927,0.0010952531592920423,7e267c0bf303542b
2,day2_n8_topk_seed42,42,50,4,False,False,True,0.5142,0.0,-4.137278,0.744064,-8.080795851128642e-06,0.0011209326330572367,0.0011209617368876934,7e267c0bf303542b
2,day2_n8_topk_seed42,42,50,5,False,False,True,0.5022,0.0,0.44623637,0.3826563,-9.618956028134562e-06,0.0010717094410210848,0.0010717526311054826,7e267c0bf303542b
2,day2_n8_topk_seed42,42,50,6,False,False,True,0.509,0.0,1.4499533,3.409257,-1.1406246812839527e-05,0.0011006587883457541,0.0011007179273292422,7e267c0bf303542b
2,day2_n8_topk_seed42,42,50,7,False,False,True,0.55,0.0,0.5159443,-0.34994298,-8.738357792026363e-06,0.0010855180444195867,0.0010855532018467784,7e267c0bf303542b
2,day2_n8_topk_seed42,42,51,0,False,False,True,0.534,0.0,1.9636266,-0.35889027,-9.557590601616539e-06,0.0010946383699774742,0.0010946800466626883,7e267c0bf303542b
2,day2_n8_topk_seed42,42,51,1,False,False,True,0.5534,0.0,0.08868491,2.1450107,-1.008151775749866e-05,0.0010742774466052651,0.0010743248276412487,7e267c0bf303542b
2,day2_n8_topk_seed42,42,51,2,False,False,True,0.5552,0.0,1.2276175,1.2393701,-8.626147973700427e-06,0.0010676862439140677,0.001067721052095294,7e267c0bf303542b
2,day2_n8_topk_seed42,42,51,3,False,False,True,0.5424,0.0,-0.38182935,-1.001223,-1.1254020137130283e-05,0.0010819678427651525,0.0010820263996720314,7e267c0bf303542b
2,day2_n8_topk_seed42,42,51,4,False,False,True,0.5294,0.0,1.0502032,0.06442934,-9.644321835367009e-06,0.0010776033159345388,0.0010776465060189366,7e267c0bf303542b
2,day2_n8_topk_seed42,42,51,5,False,False,True,0.5576,0.0,-0.07081489,0.79858077,-9.644030797062442e-06,0.0010686188470572233,0.0010686623863875866,7e267c0bf303542b
2,day2_n8_topk_seed42,42,51,6,False,False,True,0.5384,0.0,-3.6967254,0.5467328,-8.80565039551584e-06,0.0011005690321326256,0.0011006041895598173,7e267c0bf303542b
2,day2_n8_topk_seed42,42,51,7,False,False,True,0.5274,0.0,-0.18076165,-3.4340098,-9.866419532045256e-06,0.0010961402440443635,0.0010961847146973014,7e267c0bf303542b
2,day2_n8_topk_seed42,42,52,0,False,False,True,0.5046,0.0,3.2606525,2.3410482,-6.9831626205996145e-06,0.0011197433341294527,0.0011197651037946343,7e267c0bf303542b
2,day2_n8_topk_seed42,42,52,1,False,False,True,0.524,0.0,0.022717802,-0.0024089199,-6.574737199116498e-06,0.001090990612283349,0.0010910104028880596,7e267c0bf303542b
2,day2_n8_topk_seed42,42,52,2,False,False,True,0.5234,0.0,0.34790963,-1.5613968,-9.68225322139915e-06,0.0010961488587781787,0.0010961915832012892,7e267c0bf303542b
2,day2_n8_topk_seed42,42,52,3,False,False,True,0.551,0.0,-0.6332671,-0.5598992,-8.19762863102369e-06,0.0010770056396722794,0.001077036838978529,7e267c0bf303542b
2,day2_n8_topk_seed42,42,52,4,False,False,True,0.5518,0.0,1.1815251,-1.1136662,-8.264359166787472e-06,0.0010927014518529177,0.0010927327675744891,7e267c0bf303542b
2,day2_n8_topk_seed42,42,52,5,False,False,True,0.5546,0.0,-1.1629552,-1.5552937,-6.1039108913973905e-06,0.0010955884354189038,0.0010956054320558906,7e267c0bf303542b
2,day2_n8_topk_seed42,42,52,6,False,False,True,0.5378,0.0,-0.29764935,-0.52523685,-1.0824675882759038e-05,0.0010790597880259156,0.001079114037565887,7e267c0bf303542b
2,day2_n8_topk_seed42,42,52,7,False,False,True,0.523,0.0,-2.7189367,2.9768558,-6.5188942244276404e-06,0.0011164579773321748,0.0011164770694449544,7e267c0bf303542b
2,day2_n8_topk_seed42,42,53,0,False,False,True,0.5644,0.0,-0.5792186,-0.37643138,-1.005071862891782e-05,0.0010935747995972633,0.0010936209000647068,7e267c0bf303542b
2,day2_n8_topk_seed42,42,53,1,False,False,True,0.5078,0.0,-0.326858,-0.18288131,-7.588495464005973e-06,0.0010756072588264942,0.0010756339179351926,7e267c0bf303542b
2,day2_n8_topk_seed42,42,53,2,False,False,True,0.5276,0.0,0.018291598,-3.8710136,-8.536225323041435e-06,0.0011144098825752735,0.0011144425952807069,7e267c0bf303542b
2,day2_n8_topk_seed42,42,53,3,False,False,True,0.5644,0.0,4.013976,0.70591486,-8.238240297941957e-06,0.0011162792798131704,0.0011163096642121673,7e267c0bf303542b
2,day2_n8_topk_seed42,42,53,4,False,False,True,0.5478,0.0,-0.010284461,1.5402325,-8.558879017073195e-06,0.001104188384488225,0.0011042215628549457,7e267c0bf303542b
2,day2_n8_topk_seed42,42,53,5,False,False,True,0.5544,0.0,-0.5972121,-0.4326753,-7.394873591692885e-06,0.0010930572170764208,0.0010930821299552917,7e267c0bf303542b
2,day2_n8_topk_seed42,42,53,6,False,False,True,0.5324,0.0,-2.2062616,1.3018601,-9.937831237039063e-06,0.0011098829563707113,0.0011099274270236492,7e267c0bf303542b
2,day2_n8_topk_seed42,42,53,7,False,False,True,0.5396,0.0,-0.31243798,1.3149918,-6.596335424546851e-06,0.001106681884266436,0.0011067015584558249,7e267c0bf303542b
2,day2_n8_topk_seed42,42,54,0,False,False,True,0.5248,0.0,4.0494604,-1.8147837,-1.014716508507263e-05,0.0011451845057308674,0.0011452294420450926,7e267c0bf303542b
2,day2_n8_topk_seed42,42,54,1,False,False,True,0.5458,0.0,0.38530406,2.1049588,-8.624546353530604e-06,0.0011229724623262882,0.001123005524277687,7e267c0bf303542b
2,day2_n8_topk_seed42,42,54,2,False,False,True,0.519,0.0,-0.6427071,-0.50995076,-1.2125688954256475e-05,0.0011104806326329708,0.0011105468729510903,7e267c0bf303542b
2,day2_n8_topk_seed42,42,54,3,False,False,True,0.5124,0.0,-2.3085272,-3.1275928,-7.786376954754815e-06,0.0011199874570593238,0.0011200145818293095,7e267c0bf303542b
2,day2_n8_topk_seed42,42,54,4,False,False,True,0.5264,0.0,0.045782384,1.3139793,-8.582818736613262e-06,0.0011189356446266174,0.0011189685901626945,7e267c0bf303542b
2,day2_n8_topk_seed42,42,54,5,False,False,True,0.5312,0.0,-0.12866388,1.1079388,-9.266414053854533e-06,0.0010998193174600601,0.0010998583165928721,7e267c0bf303542b
2,day2_n8_topk_seed42,42,54,6,False,False,True,0.519,0.0,-0.88519233,1.218733,-7.924850251583848e-06,0.0011141245486214757,0.0011141527211293578,7e267c0bf303542b
2,day2_n8_topk_seed42,42,54,7,False,False,True,0.5498,0.0,-0.5154575,-0.2932816,-1.107138905354077e-05,0.0011208290234208107,0.0011208837386220694,7e267c0bf303542b
2,day2_n8_topk_seed42,42,55,0,False,False,True,0.5518,0.0,-3.8374991,-0.9361466,-1.0021090020018164e-05,0.0011383526725694537,0.0011383967939764261,7e267c0bf303542b
2,day2_n8_topk_seed42,42,55,1,False,False,True,0.505,0.0,1.6867982,1.4476285,-8.28154861665098e-06,0.001112335012294352,0.0011123657459393144,7e267c0bf303542b
2,day2_n8_topk_seed42,42,55,2,False,False,True,0.5594,0.0,-0.6691014,0.36873457,-7.3973005783045664e-06,0.0011067136656492949,0.0011067383456975222,7e267c0bf303542b
2,day2_n8_topk_seed42,42,55,3,False,False,True,0.5468,0.0,0.31445572,0.37630874,-8.653558325022459e-06,0.0010891503188759089,0.0010891846613958478,7e267c0bf303542b
2,day2_n8_topk_seed42,42,55,4,False,False,True,0.567,0.0,-0.4684884,0.26144594,-7.172095592977712e-06,0.001098195556551218,0.0010982189560309052,7e267c0bf303542b
2,day2_n8_topk_seed42,42,55,5,False,False,True,0.5638,0.0,-0.088378444,2.753607,-8.601266927144025e-06,0.001110557932406664,0.0011105911107733846,7e267c0bf303542b
2,day2_n8_topk_seed42,42,55,6,False,False,True,0.5524,0.0,1.9866965,-1.0381494,-9.168075848720036e-06,0.001126856543123722,0.0011268937960267067,7e267c0bf303542b
2,day2_n8_topk_seed42,42,55,7,False,False,True,0.5518,0.0,1.0755149,-3.2334263,-9.603132639313117e-06,0.001121924608014524,0.0011219657026231289,7e267c0bf303542b
2,day2_n8_topk_seed42,42,56,0,False,False,True,0.5464,0.0,-2.426152,2.9448705,-9.871906513581052e-06,0.001139910309575498,0.0011399530339986086,7e267c0bf303542b
2,day2_n8_topk_seed42,42,56,1,False,False,True,0.5514,0.0,1.7134863,-0.87806994,-9.539178790873848e-06,0.001115058665163815,0.0011150995269417763,7e267c0bf303542b
2,day2_n8_topk_seed42,42,56,2,False,False,True,0.5536,0.0,0.25942364,0.40306547,-7.873154572735075e-06,0.0011010095477104187,0.001101037603802979,7e267c0bf303542b
2,day2_n8_topk_seed42,42,56,3,False,False,True,0.5516,0.0,-2.8964968,-3.3203263,-1.1456311767688021e-05,0.0011439176741987467,0.0011439749505370855,7e267c0bf303542b
2,day2_n8_topk_seed42,42,56,4,False,False,True,0.5382,0.0,0.89596456,-0.7979489,-1.0268693586112931e-05,0.0011123338481411338,0.0011123813455924392,7e267c0bf303542b
2,day2_n8_topk_seed42,42,56,5,False,False,True,0.535,0.0,-0.35071945,1.2359529,-9.928500730893575e-06,0.001107117161154747,0.001107161631807685,7e267c0bf303542b
2,day2_n8_topk_seed42,42,56,6,False,False,True,0.5724,0.0,2.211356,-0.104346365,-1.0338584615965374e-05,0.0011232745600864291,0.0011233222903683782,7e267c0bf303542b
2,day2_n8_topk_seed42,42,56,7,False,False,True,0.5246,0.0,0.59313905,0.5168032,-8.794397217570804e-06,0.001089013647288084,0.001089049270376563,7e267c0bf303542b
2,day2_n8_topk_seed42,42,57,0,False,False,True,0.5478,0.0,-0.78961086,-3.28053,-8.231112587964162e-06,0.0011590454960241914,0.0011590748326852918,7e267c0bf303542b
2,day2_n8_topk_seed42,42,57,1,False,False,True,0.5618,0.0,0.42325443,0.5018876,-8.395143595407717e-06,0.0011301905615255237,0.0011302217608317733,7e267c0bf303542b
2,day2_n8_topk_seed42,42,57,2,False,False,True,0.5596,0.0,-0.06035123,0.6652818,-8.97101290320279e-06,0.0011211676755920053,0.0011212036479264498,7e267c0bf303542b
2,day2_n8_topk_seed42,42,57,3,False,False,True,0.5696,0.0,-0.7669602,2.1408923,-9.236529876943678e-06,0.0011383685050532222,0.0011384059907868505,7e267c0bf303542b
2,day2_n8_topk_seed42,42,57,4,False,False,True,0.5538,0.0,-2.9166183,1.6577271,-6.325643425952876e-06,0.0011632657842710614,0.0011632830137386918,7e267c0bf303542b
2,day2_n8_topk_seed42,42,57,5,False,False,True,0.4886,0.0,4.2762294,0.8444801,-6.9124284891586285e-06,0.0011984365992248058,0.0011984565062448382,7e267c0bf303542b
2,day2_n8_topk_seed42,42,57,6,False,False,True,0.5522,0.0,-0.020301007,-2.1166837,-7.528906735387864e-06,0.001138586550951004,0.001138611463829875,7e267c0bf303542b
2,day2_n8_topk_seed42,42,57,7,False,False,True,0.5718,0.0,-0.1456409,-0.41305828,-8.292433449241798e-06,0.0011144604068249464,0.0011144912568852305,7e267c0bf303542b
2,day2_n8_topk_seed42,42,58,0,False,False,True,0.5582,0.0,-3.981339,-2.126255,-1.1036975593015086e-05,0.0011591489892452955,0.0011592014925554395,7e267c0bf303542b
2,day2_n8_topk_seed42,42,58,1,False,False,True,0.5648,0.0,0.33179578,-0.23192038,-8.818253263598308e-06,0.0011277531739324331,0.001127787632867694,7e267c0bf303542b
2,day2_n8_topk_seed42,42,58,2,False,False,True,0.5516,0.0,0.09748478,-0.022162747,-8.321784662257414e-06,0.0011222829343751073,0.0011223139008507133,7e267c0bf303542b
2,day2_n8_topk_seed42,42,58,3,False,False,True,0.5618,0.0,1.2428272,-1.0522424,-8.053236342675518e-06,0.0011207122588530183,0.0011207412462681532,7e267c0bf303542b
2,day2_n8_topk_seed42,42,58,4,False,False,True,0.5558,0.0,1.7442847,-0.45822144,-9.15542750590248e-06,0.0011325167724862695,0.0011325537925586104,7e267c0bf303542b
2,day2_n8_topk_seed42,42,58,5,False,False,True,0.5634,0.0,1.5965884,-1.389832,-8.378130587516353e-06,0.001126094488427043,0.0011261256877332926,7e267c0bf303542b
2,day2_n8_topk_seed42,42,58,6,False,False,True,0.5594,0.0,0.12447087,1.5967627,-7.906591235951055e-06,0.0011231963289901614,0.001123224152252078,7e267c0bf303542b
2,day2_n8_topk_seed42,42,58,7,False,False,True,0.5648,0.0,-1.1561118,3.683871,-8.05436047812691e-06,0.0011440453818067908,0.0011440736707299948,7e267c0bf303542b
2,day2_n8_topk_seed42,42,59,0,False,False,True,0.568,0.0,4.2916646,-1.4060576,-9.804663932300173e-06,0.0011942797573283315,0.0011943199206143618,7e267c0bf303542b
2,day2_n8_topk_seed42,42,59,1,False,False,True,0.562,0.0,-0.0898196,0.5121777,-6.242714334803168e-06,0.0011282110353931785,0.0011282283812761307,7e267c0bf303542b
2,day2_n8_topk_seed42,42,59,2,False,False,True,0.562,0.0,-0.6366643,0.4144122,-9.998943824029993e-06,0.001137105980888009,0.0011371499858796597,7e267c0bf303542b
2,day2_n8_topk_seed42,42,59,3,False,False,True,0.574,0.0,-2.7553494,-2.739819,-9.730596502777189e-06,0.0011679191375151277,0.0011679596500471234,7e267c0bf303542b
2,day2_n8_topk_seed42,42,59,4,False,False,True,0.5708,0.0,-0.2589843,3.6273694,-1.01189871202223e-05,0.0011732057901099324,0.0011732494458556175,7e267c0bf303542b
2,day2_n8_topk_seed42,42,59,5,False,False,True,0.5868,0.0,0.010830527,1.0202285,-1.0532983651501127e-05,0.001144791953265667,0.001144840382039547,7e267c0bf303542b
2,day2_n8_topk_seed42,42,59,6,False,False,True,0.5542,0.0,0.19027801,-1.433437,-1.0201461918768473e-05,0.0011615369003266096,0.001161581720225513,7e267c0bf303542b
2,day2_n8_topk_seed42,42,59,7,False,False,True,0.5708,0.0,-0.751958,0.0051248684,-7.790303243382368e-06,0.001129060983657837,0.001129087875597179,7e267c0bf303542b
2,day2_n8_topk_seed42,42,60,0,False,False,True,0.5838,0.0,0.7727417,0.30539387,-6.563784154423047e-06,0.0011694167042151093,0.0011694352142512798,7e267c0bf303542b
2,day2_n8_topk_seed42,42,60,1,False,False,True,0.533,0.0,0.7433052,-2.1438155,-8.358051672985312e-06,0.0011547856265679002,0.0011548158945515752,7e267c0bf303542b
2,day2_n8_topk_seed42,42,60,2,False,False,True,0.557,0.0,0.79145485,0.8529864,-4.668252131523332e-06,0.0011478140950202942,0.001147823641076684,7e267c0bf303542b
2,day2_n8_topk_seed42,42,60,3,False,False,True,0.5496,0.0,-4.8475924,-0.31857878,-9.890930414258037e-06,0.0011991033097729087,0.0011991440551355481,7e267c0bf303542b
2,day2_n8_topk_seed42,42,60,4,False,False,True,0.5656,0.0,0.40578967,-0.6848531,-8.208178769564256e-06,0.0011400862131267786,0.0011401156662032008,7e267c0bf303542b
2,day2_n8_topk_seed42,42,60,5,False,False,True,0.5614,0.0,0.58098936,-0.7925752,-8.136537871905603e-06,0.0011434691259637475,0.0011434981133788824,7e267c0bf303542b
2,day2_n8_topk_seed42,42,60,6,False,False,True,0.549,0.0,0.3680113,4.1850314,-1.0242600183119066e-05,0.0011749472469091415,0.001174991950392723,7e267c0bf303542b
2,day2_n8_topk_seed42,42,60,7,False,False,True,0.5724,0.0,1.1853,-1.4035891,-8.351919859705959e-06,0.0011578926350921392,0.0011579227866604924,7e267c0bf303542b
2,day2_n8_topk_seed42,42,61,0,False,False,True,0.5682,0.0,-1.231214,4.403442,-9.977574336517137e-06,0.0011702879564836621,0.0011703305644914508,7e267c0bf303542b
2,day2_n8_topk_seed42,42,61,1,False,False,True,0.5672,0.0,0.33648905,-0.44874,-8.558555236959364e-06,0.0011447652941569686,0.001144797308370471,7e267c0bf303542b
2,day2_n8_topk_seed42,42,61,2,False,False,True,0.5914,0.0,-1.4903929,-0.07985663,-8.122581675706897e-06,0.0011395703768357635,0.0011395993642508984,7e267c0bf303542b
2,day2_n8_topk_seed42,42,61,3,False,False,True,0.5928,0.0,4.1960835,0.23263854,-5.178184892429272e-06,0.0011785377282649279,0.001178549136966467,7e267c0bf303542b
2,day2_n8_topk_seed42,42,61,4,False,False,True,0.5566,0.0,-1.7346749,-1.2845352,-3.2163436571863713e-06,0.0011628385400399566,0.001162842963822186,7e267c0bf303542b
2,day2_n8_topk_seed42,42,61,5,False,False,True,0.5872,0.0,1.1600732,0.18085326,-6.05857758273487e-06,0.001150148338638246,0.0011501642875373363,7e267c0bf303542b
2,day2_n8_topk_seed42,42,61,6,False,False,True,0.5834,0.0,-0.23517728,-1.2637285,-5.4812599046272226e-06,0.001162612927146256,0.0011626258492469788,7e267c0bf303542b
2,day2_n8_topk_seed42,42,61,7,False,False,True,0.597,0.0,-1.0011843,-1.7400703,-9.407215657120105e-06,0.0011573882075026631,0.0011574265081435442,7e267c0bf303542b
2,day2_n8_topk_seed42,42,62,0,False,False,True,0.6112,0.0,0.16320287,0.28114128,-8.013760634639766e-06,0.001181726693175733,0.0011817538179457188,7e267c0bf303542b
2,day2_n8_topk_seed42,42,62,1,False,False,True,0.5756,0.0,-0.44722858,0.49548873,-8.169963621185161e-06,0.0011741594644263387,0.0011741878697648644,7e267c0bf303542b
2,day2_n8_topk_seed42,42,62,2,False,False,True,0.5584,0.0,-0.36647964,-0.06414436,-8.545957825845107e-06,0.0011238366132602096,0.0011238690931349993,7e267c0bf303542b
2,day2_n8_topk_seed42,42,62,3,False,False,True,0.5922,0.0,-0.3742288,0.6125155,-7.871281013649423e-06,0.0011718939058482647,0.0011719204485416412,7e267c0bf303542b
2,day2_n8_topk_seed42,42,62,4,False,False,True,0.5446,0.0,-0.3164964,2.8770425,-7.386275683529675e-06,0.0011878837831318378,0.0011879068333655596,7e267c0bf303542b
2,day2_n8_topk_seed42,42,62,5,False,False,True,0.5664,0.0,4.310162,-2.1105657,-1.1836884368676692e-05,0.0011973344953730702,0.0011973929358646274,7e267c0bf303542b
2,day2_n8_topk_seed42,42,62,6,False,False,True,0.5698,0.0,0.009111563,1.3927505,-9.72510770225199e-06,0.0011749324621632695,0.0011749727418646216,7e267c0bf303542b
2,day2_n8_topk_seed42,42,62,7,False,False,True,0.5184,0.0,-2.9780462,-3.4842272,-5.880285698367516e-06,0.0011908714659512043,0.0011908860178664327,7e267c0bf303542b
2,day2_n8_topk_seed42,42,63,0,False,False,True,0.6066,0.0,-0.92943776,4.4908,-7.036306669760961e-06,0.0011854080948978662,0.001185429166071117,7e267c0bf303542b
2,day2_n8_topk_seed42,42,63,1,False,False,True,0.6036,0.0,-0.13938145,-1.4010389,-8.621205779490992e-06,0.0011432277970016003,0.0011432603932917118,7e267c0bf303542b
2,day2_n8_topk_seed42,42,63,2,False,False,True,0.5548,0.0,0.094384804,-0.99764365,-9.205286914948374e-06,0.0011648389045149088,0.0011648753425106406,7e267c0bf303542b
2,day2_n8_topk_seed42,42,63,3,False,False,True,0.518,0.0,4.7754316,0.30469078,-7.446522886311868e-06,0.0011998856207355857,0.0011999086709693074,7e267c0bf303542b
2,day2_n8_topk_seed42,42,63,4,False,False,True,0.579,0.0,-0.16562538,-0.120188974,-5.451071046991274e-06,0.0011685795616358519,0.0011685923673212528,7e267c0bf303542b
2,day2_n8_topk_seed42,42,63,5,False,False,True,0.5846,0.0,-0.9037611,-0.5915331,-1.020845775201451e-05,0.0011683767661452293,0.001168421353213489,7e267c0bf303542b
2,day2_n8_topk_seed42,42,63,6,False,False,True,0.5784,0.0,-1.243366,-1.8154271,-9.483033863944001e-06,0.0011675201822072268,0.0011675587156787515,7e267c0bf303542b
2,day2_n8_topk_seed42,42,63,7,False,False,True,0.5624,0.0,-1.4882479,0.1303401,-8.402432285947725e-06,0.001179572893306613,0.0011796029284596443,7e267c0bf303542b
2,day2_n8_topk_seed42,42,64,0,False,False,True,0.5936,0.0,4.36481,1.7420366,-1.031155807140749e-05,0.0012004260206595063,0.0012004702584818006,7e267c0bf303542b
2,day2_n8_topk_seed42,42,64,1,False,False,True,0.5904,0.0,-0.34382105,0.10777933,-8.468489795632195e-06,0.0011427782010287046,0.001142809633165598,7e267c0bf303542b
2,day2_n8_topk_seed42,42,64,2,False,False,True,0.5246,0.0,-0.32919884,-0.6155089,-8.129240995913278e-06,0.001155985053628683,0.0011560136917978525,7e267c0bf303542b
2,day2_n8_topk_seed42,42,64,3,False,False,True,0.5558,0.0,-2.868032,3.3987412,-9.13768326427089e-06,0.001202126732096076,0.0012021614238619804,7e267c0bf303542b
2,day2_n8_topk_seed42,42,64,4,False,False,True,0.553,0.0,-0.56748897,-0.0658929,-5.3470416787604336e-06,0.0011850863229483366,0.0011850983137264848,7e267c0bf303542b
2,day2_n8_topk_seed42,42,64,5,False,False,True,0.5572,0.0,-0.47795674,-1.9179479,-8.164596692949999e-06,0.0011811882723122835,0.0011812164448201656,7e267c0bf303542b
2,day2_n8_topk_seed42,42,64,6,False,False,True,0.5708,0.0,-0.26777014,-3.0651999,-8.067451744864229e-06,0.0011938090901821852,0.0011938363313674927,7e267c0bf303542b
2,day2_n8_topk_seed42,42,64,7,False,False,True,0.5876,0.0,0.48946133,0.41599265,-7.259302492457209e-06,0.001185661880299449,0.001185683999210596,7e267c0bf303542b
2,day2_n8_topk_seed42,42,65,0,False,False,True,0.5408,0.0,-3.9144783,3.3845568,-3.532197752065258e-06,0.0012409784831106663,0.0012409836053848267,7e267c0bf303542b
2,day2_n8_topk_seed42,42,65,1,False,False,True,0.5706,0.0,-0.04118951,-1.5721754,-7.325527349166805e-06,0.0011901672696694732,0.0011901899706572294,7e267c0bf303542b
2,day2_n8_topk_seed42,42,65,2,False,False,True,0.592,0.0,0.6523111,-0.2344081,-6.5522062868694775e-06,0.0011767561081796885,0.0011767745018005371,7e267c0bf303542b
2,day2_n8_topk_seed42,42,65,3,False,False,True,0.562,0.0,0.22242518,-1.1331255,-4.55136660093558e-06,0.0011803042143583298,0.0011803129455074668,7e267c0bf303542b
2,day2_n8_topk_seed42,42,65,4,False,False,True,0.5546,0.0,0.13358475,-0.92836297,-6.029360520187765e-06,0.001177027472294867,0.00117704295553267,7e267c0bf303542b
2,day2_n8_topk_seed42,42,65,5,False,False,True,0.5964,0.0,-0.04319415,-0.7576326,-8.850835001794621e-06,0.0011893613263964653,0.0011893942719325423,7e267c0bf303542b
2,day2_n8_topk_seed42,42,65,6,False,False,True,0.5494,0.0,3.834189,3.1483226,-1.1846499546663836e-05,0.0012460981961339712,0.0012461545411497355,7e267c0bf303542b
2,day2_n8_topk_seed42,42,65,7,False,False,True,0.6014,0.0,-0.84365046,-1.9071772,-5.01380145578878e-06,0.0012028986820951104,0.0012029091594740748,7e267c0bf303542b
2,day2_n8_topk_seed42,42,66,0,False,False,True,0.5894,0.0,-0.30465567,0.12587744,-8.750400411372539e-06,0.0011747587705031037,0.001174791483208537,7e267c0bf303542b
2,day2_n8_topk_seed42,42,66,1,False,False,True,0.6086,0.0,1.7313839,2.3179145,-7.392083716695197e-06,0.001185511820949614,0.001185534754768014,7e267c0bf303542b
2,day2_n8_topk_seed42,42,66,2,False,False,True,0.5608,0.0,3.464872,-0.2834115,-9.378368304169271e-06,0.0011938466923311353,0.0011938834795728326,7e267c0bf303542b
2,day2_n8_topk_seed42,42,66,3,False,False,True,0.5786,0.0,-2.6356523,3.2479975,-8.650854397274088e-06,0.0012072267709299922,0.0012072577374055982,7e267c0bf303542b
2,day2_n8_topk_seed42,42,66,4,False,False,True,0.6144,0.0,0.059760913,0.543755,-4.917717433272628e-06,0.001169755239970982,0.0011697656009346247,7e267c0bf303542b
2,day2_n8_topk_seed42,42,66,5,False,False,True,0.5796,0.0,-1.0457462,-1.8405408,-8.116271601465996e-06,0.0011887269793078303,0.0011887546861544251,7e267c0bf303542b
2,day2_n8_topk_seed42,42,66,6,False,False,True,0.5982,0.0,0.97633964,-1.7455796,-7.223197826533578e-06,0.0011858665384352207,0.001185888540931046,7e267c0bf303542b
2,day2_n8_topk_seed42,42,66,7,False,False,True,0.587,0.0,-2.2463005,-2.36601,-9.119353308051359e-06,0.0011966284364461899,0.0011966631282120943,7e267c0bf303542b
2,day2_n8_topk_seed42,42,67,0,False,False,True,0.6008,0.0,2.9728863,-3.4353833,-6.616273822146468e-06,0.0012256604386493564,0.0012256783666089177,7e267c0bf303542b
2,day2_n8_topk_seed42,42,67,1,False,False,True,0.5996,0.0,0.57639116,0.88605094,-4.172239187028026e-06,0.0011937899980694056,0.0011937973322346807,7e267c0bf303542b
2,day2_n8_topk_seed42,42,67,2,False,False,True,0.56,0.0,0.07481949,-0.75954556,-9.645347745390609e-06,0.0012280617374926805,0.0012280996888875961,7e267c0bf303542b
2,day2_n8_topk_seed42,42,67,3,False,False,True,0.596,0.0,-0.06188903,0.770647,-9.28141798794968e-06,0.001201154780574143,0.0012011906364932656,7e267c0bf303542b
2,day2_n8_topk_seed42,42,67,4,False,False,True,0.5446,0.0,0.07020705,0.5964881,-8.44667010824196e-06,0.0011623544851318002,0.0011623851023614407,7e267c0bf303542b
2,day2_n8_topk_seed42,42,67,5,False,False,True,0.584,0.0,0.6571385,3.6019223,-9.498380677541718e-06,0.0012167796958237886,0.0012168168323114514,7e267c0bf303542b
2,day2_n8_topk_seed42,42,67,6,False,False,True,0.5554,0.0,0.2849519,-0.040442504,-9.526130270387512e-06,0.001190701499581337,0.0011907395673915744,7e267c0bf303542b
2,day2_n8_topk_seed42,42,67,7,False,False,True,0.6102,0.0,-4.574506,-1.6197377,-8.369969691557344e-06,0.0012340323301032186,0.0012340607354417443,7e267c0bf303542b
2,day2_n8_topk_seed42,42,68,0,False,False,True,0.5996,0.0,-4.6799555,-1.593522,-3.7755403354822192e-06,0.0012640529312193394,0.001264058519154787,7e267c0bf303542b
2,day2_n8_topk_seed42,42,68,1,False,False,True,0.5698,0.0,-0.62361574,0.9388448,-5.927567599428585e-06,0.001219749916344881,0.0012197643518447876,7e267c0bf303542b
2,day2_n8_topk_seed42,42,68,2,False,False,True,0.5908,0.0,0.167606,4.444539,-9.149557627097238e-06,0.0012571888510137796,0.0012572221457958221,7e267c0bf303542b
2,day2_n8_topk_seed42,42,68,3,False,False,True,0.61,0.0,0.112305105,-0.6675551,-6.445976396207698e-06,0.001232267008163035,0.0012322840048000216,7e267c0bf303542b
2,day2_n8_topk_seed42,42,68,4,False,False,True,0.589,0.0,0.61802864,-0.7830762,-4.89478770759888e-06,0.0012389376061037183,0.00123894726857543,7e267c0bf303542b
2,day2_n8_topk_seed42,42,68,5,False,False,True,0.6058,0.0,0.27763304,-0.15668179,-8.109873306239024e-06,0.0012143292697146535,0.0012143563944846392,7e267c0bf303542b
2,day2_n8_topk_seed42,42,68,6,False,False,True,0.6286,0.0,2.8224547,-2.7458544,-4.636571702576475e-06,0.0012486018240451813,0.0012486104387789965,7e267c0bf303542b
2,day2_n8_topk_seed42,42,68,7,False,False,True,0.5938,0.0,1.3055445,0.563302,-6.8988742896181066e-06,0.0012265422847121954,0.0012265616096556187,7e267c0bf303542b
2,day2_n8_topk_seed42,42,69,0,False,False,True,0.6172,0.0,-2.2217965,-0.3796006,-9.968828635464888e-06,0.0012434778036549687,0.0012435178505256772,7e267c0bf303542b
2,day2_n8_topk_seed42,42,69,1,False,False,True,0.5976,0.0,-0.49409077,0.53887296,-1.6461835912195966e-06,0.0012238789349794388,0.0012238799827173352,7e267c0bf303542b
2,day2_n8_topk_seed42,42,69,2,False,False,True,0.5692,0.0,4.8270345,1.1042401,-7.744628419459332e-06,0.0012869905913248658,0.001287013990804553,7e267c0bf303542b
2,day2_n8_topk_seed42,42,69,3,False,False,True,0.6268,0.0,-1.0553937,-0.53595084,-4.3243398977210745e-06,0.0012188234832137823,0.0012188311666250229,7e267c0bf303542b
2,day2_n8_topk_seed42,42,69,4,False,False,True,0.5718,0.0,-0.81912047,-0.19790787,-8.444138984486926e-06,0.0012143028434365988,0.001214332296513021,7e267c0bf303542b
2,day2_n8_topk_seed42,42,69,5,False,False,True,0.5988,0.0,1.2634892,-4.230026,-6.751371984137222e-06,0.00126741174608469,0.0012674296740442514,7e267c0bf303542b
2,day2_n8_topk_seed42,42,69,6,False,False,True,0.601,0.0,-0.30292168,3.5107388,-8.556312423024792e-06,0.0012596327578648925,0.0012596618616953492,7e267c0bf303542b
2,day2_n8_topk_seed42,42,69,7,False,False,True,0.6076,0.0,-1.1972075,0.18963127,-6.489491624961374e-06,0.001225071493536234,0.0012250887230038643,7e267c0bf303542b
2,day2_n8_topk_seed42,42,70,0,False,False,True,0.5916,0.0,-5.612885,0.5575104,-9.148145181825384e-06,0.0013464140938594937,0.0013464451767504215,7e267c0bf303542b
2,day2_n8_topk_seed42,42,70,1,False,False,True,0.5822,0.0,0.92774,-0.084577285,-8.041999535635114e-06,0.0012315982021391392,0.001231624512001872,7e267c0bf303542b
2,day2_n8_topk_seed42,42,70,2,False,False,True,0.6172,0.0,0.6551633,-0.7647059,-9.65348408499267e-06,0.0012289966689422727,0.0012290346203371882,7e267c0bf303542b
2,day2_n8_topk_seed42,42,70,3,False,False,True,0.6344,0.0,0.6516786,-0.3736175,-6.7364790083956905e-06,0.0012404837179929018,0.0012405018787831068,7e267c0bf303542b
2,day2_n8_topk_seed42,42,70,4,False,False,True,0.6016,0.0,0.8260676,-0.43346745,-8.315204468090087e-06,0.0012461083242669702,0.001246136031113565,7e267c0bf303542b
2,day2_n8_topk_seed42,42,70,5,False,False,True,0.5366,0.0,1.198704,-0.1680417,-9.9248200058355e-06,0.0012527285143733025,0.00125276786275208,7e267c0bf303542b
2,day2_n8_topk_seed42,42,70,6,False,False,True,0.5724,0.0,1.1353252,4.6180005,-1.0955510333587881e-05,0.0012831604108214378,0.0012832072097808123,7e267c0bf303542b
2,day2_n8_topk_seed42,42,70,7,False,False,True,0.5628,0.0,0.21820652,-3.3511055,-6.654246135440189e-06,0.001272283960133791,0.0012723013060167432,7e267c0bf303542b
2,day2_n8_topk_seed42,42,71,0,False,False,True,0.6162,0.0,0.21734877,5.181142,-8.966255336417817e-06,0.0012788501335307956,0.0012788815656676888,7e267c0bf303542b
2,day2_n8_topk_seed42,42,71,1,False,False,True,0.5796,0.0,0.81395817,0.1964541,-7.000582172622671e-06,0.0012589838588610291,0.0012590033002197742,7e267c0bf303542b
2,day2_n8_topk_seed42,42,71,2,False,False,True,0.6208,0.0,-4.970586,-0.8878315,-6.133704118838068e-06,0.0013036316959187388,0.0013036461314186454,7e267c0bf303542b
2,day2_n8_topk_seed42,42,71,3,False,False,True,0.5924,0.0,1.1804578,-0.403711,-5.250214599072933e-06,0.0012323664268478751,0.0012323776027187705,7e267c0bf303542b
2,day2_n8_topk_seed42,42,71,4,False,False,True,0.5896,0.0,0.30751777,-0.39158803,-7.637593625986483e-06,0.0012192472349852324,0.0012192712165415287,7e267c0bf303542b
2,day2_n8_topk_seed42,42,71,5,False,False,True,0.6168,0.0,1.4453623,-1.0345163,-9.862213119049557e-06,0.0012443909654393792,0.0012444299645721912,7e267c0bf303542b
2,day2_n8_topk_seed42,42,71,6,False,False,True,0.596,0.0,-1.1612691,-0.6482946,-7.741743502265308e-06,0.0012692068703472614,0.0012692306190729141,7e267c0bf303542b
2,day2_n8_topk_seed42,42,71,7,False,False,True,0.6078,0.0,2.1672103,-2.011652,-6.32049523119349e-06,0.0012619409244507551,0.0012619567569345236,7e267c0bf303542b
2,day2_n8_topk_seed42,42,72,0,False,False,True,0.6162,0.0,5.23881,0.090892166,-8.199683179554995e-06,0.0012951120734214783,0.0012951379176229239,7e267c0bf303542b
2,day2_n8_topk_seed42,42,72,1,False,False,True,0.5876,0.0,0.31179464,-2.074446,-9.70222845353419e-06,0.001263743732124567,0.0012637809850275517,7e267c0bf303542b
2,day2_n8_topk_seed42,42,72,2,False,False,True,0.6022,0.0,-0.23768698,-0.6578947,-7.388658104900969e-06,0.0012331100879237056,0.0012331322068348527,7e267c0bf303542b
2,day2_n8_topk_seed42,42,72,3,False,False,True,0.622,0.0,-1.8252376,-0.03335768,-7.396838100248715e-06,0.0012620235793292522,0.0012620453489944339,7e267c0bf303542b
2,day2_n8_topk_seed42,42,72,4,False,False,True,0.582,0.0,-1.6878464,-0.47162223,-6.264633157115895e-06,0.0012613619910553098,0.0012613775907084346,7e267c0bf303542b
2,day2_n8_topk_seed42,42,72,5,False,False,True,0.5826,0.0,-0.85048825,-2.6181011,-6.2578392316936515e-06,0.0012530798558145761,0.0012530955718830228,7e267c0bf303542b
2,day2_n8_topk_seed42,42,72,6,False,False,True,0.6344,0.0,-0.36817056,1.31874,-1.0167564141738694e-05,0.0012368736788630486,0.0012369154719635844,7e267c0bf303542b
2,day2_n8_topk_seed42,42,72,7,False,False,True,0.5916,0.0,-0.5811771,4.4457917,-5.33588763573789e-06,0.0012643762165680528,0.0012643873924389482,7e267c0bf303542b
2,day2_n8_topk_seed42,42,73,0,False,False,True,0.6166,0.0,0.1724242,-1.1443293,-4.739505129691679e-06,0.001272466965019703,0.0012724758125841618,7e267c0bf303542b
2,day2_n8_topk_seed42,42,73,1,False,False,True,0.6158,0.0,0.26981133,-1.6721956,-7.537013061664766e-06,0.0012669921852648258,0.0012670146534219384,7e267c0bf303542b
2,day2_n8_topk_seed42,42,73,2,False,False,True,0.5756,0.0,2.6902218,2.9827015,-5.269746907288209e-06,0.0013036804739385843,0.0013036911841481924,7e267c0bf303542b
2,day2_n8_topk_seed42,42,73,3,False,False,True,0.6152,0.0,-4.608809,3.0792198,-4.516769422480138e-06,0.0013183975825086236,0.001318405382335186,7e267c0bf303542b
2,day2_n8_topk_seed42,42,73,4,False,False,True,0.5458,0.0,0.08603845,-0.2785833,-7.882086720201187e-06,0.001237234566360712,0.0012372595956549048,7e267c0bf303542b
2,day2_n8_topk_seed42,42,73,5,False,False,True,0.634,0.0,2.3588848,1.4171761,-6.447688519983785e-06,0.0012958067236468196,0.0012958227889612317,7e267c0bf303542b
2,day2_n8_topk_seed42,42,73,6,False,False,True,0.594,0.0,0.5061536,-1.4984654,-6.723606929881498e-06,0.001279531978070736,0.0012795496731996536,7e267c0bf303542b
2,day2_n8_topk_seed42,42,73,7,False,False,True,0.6098,0.0,-1.4747242,-2.8855298,-9.6101521194214e-06,0.001287373946979642,0.0012874098028987646,7e267c0bf303542b
2,day2_n8_topk_seed42,42,74,0,False,False,True,0.5934,0.0,-5.955218,0.35428727,-7.460662345692981e-06,0.001413096790201962,0.0014131165808066726,7e267c0bf303542b
2,day2_n8_topk_seed42,42,74,1,False,False,True,0.6138,0.0,1.064887,-1.9249495,-5.610787411569618e-06,0.0012904956238344312,0.0012905079638585448,7e267c0bf303542b
2,day2_n8_topk_seed42,42,74,2,False,False,True,0.5694,0.0,1.0571902,2.6962867,-8.12366579339141e-06,0.0012969296658411622,0.0012969551607966423,7e267c0bf303542b
2,day2_n8_topk_seed42,42,74,3,False,False,True,0.6038,0.0,1.2576128,-1.3243695,-5.153994607098866e-06,0.0013167225988581777,0.0013167326105758548,7e267c0bf303542b
2,day2_n8_topk_seed42,42,74,4,False,False,True,0.6254,0.0,0.709231,1.0027728,-5.0571011342981365e-06,0.0012489992659538984,0.0012490095105022192,7e267c0bf303542b
2,day2_n8_topk_seed42,42,74,5,False,False,True,0.6168,0.0,0.15370566,-4.1647468,-5.031023192714201e-06,0.0013292789226397872,0.0013292883522808552,7e267c0bf303542b
2,day2_n8_topk_seed42,42,74,6,False,False,True,0.6214,0.0,0.88411015,2.146684,-6.5386402638978325e-06,0.0012790074106305838,0.0012790241744369268,7e267c0bf303542b
2,day2_n8_topk_seed42,42,74,7,False,False,True,0.5958,0.0,0.82848704,1.2140353,-3.990438926848583e-06,0.0012678400380536914,0.00126784632448107,7e267c0bf303542b
2,day2_n8_topk_seed42,42,75,0,False,False,True,0.6066,0.0,3.4988875,2.5439699,-9.819795195653569e-06,0.0013200960820540786,0.0013201326364651322,7e267c0bf303542b
2,day2_n8_topk_seed42,42,75,1,False,False,True,0.6384,0.0,-4.8150854,1.6695362,-6.519885573652573e-06,0.0013110027648508549,0.0013110189465805888,7e267c0bf303542b
2,day2_n8_topk_seed42,42,75,2,False,False,True,0.625,0.0,-0.2523961,-0.48016205,-6.059965471649775e-06,0.001276062917895615,0.0012760773533955216,7e267c0bf303542b
2,day2_n8_topk_seed42,42,75,3,False,False,True,0.5658,0.0,0.5883133,1.530936,-7.965378244989552e-06,0.001303593860939145,0.0013036183081567287,7e267c0bf303542b
2,day2_n8_topk_seed42,42,75,4,False,False,True,0.6116,0.0,-0.17230432,0.3348719,-6.856193522253307e-06,0.0012582619674503803,0.0012582807103171945,7e267c0bf303542b
2,day2_n8_topk_seed42,42,75,5,False,False,True,0.6266,0.0,0.21538414,-4.7941923,-7.692757208133116e-06,0.0013000138569623232,0.0013000366743654013,7e267c0bf303542b
2,day2_n8_topk_seed42,42,75,6,False,False,True,0.6194,0.0,0.88044924,-0.9080861,-9.650413630879484e-06,0.0012821187265217304,0.0012821550481021404,7e267c0bf303542b
2,day2_n8_topk_seed42,42,75,7,False,False,True,0.6108,0.0,0.056751832,0.10312714,-9.026396583067253e-06,0.0012778423260897398,0.0012778741074725986,7e267c0bf303542b
2,day2_n8_topk_seed42,42,76,0,False,False,True,0.629,0.0,-1.162635,4.7728076,-8.870844794728328e-06,0.0013390255626291037,0.001339054899290204,7e267c0bf303542b
2,day2_n8_topk_seed42,42,76,1,False,False,True,0.5752,0.0,-0.58648634,-0.46964702,-6.733921054546954e-06,0.0013013002462685108,0.0013013177085667849,7e267c0bf303542b
2,day2_n8_topk_seed42,42,76,2,False,False,True,0.5518,0.0,-0.4658465,-0.46246803,-4.747068942378974e-06,0.001240447862073779,0.0012404568260535598,7e267c0bf303542b
2,day2_n8_topk_seed42,42,76,3,False,False,True,0.6096,0.0,-0.8249942,0.47999933,-6.643376764259301e-06,0.0012971572577953339,0.0012971741380169988,7e267c0bf303542b
2,day2_n8_topk_seed42,42,76,4,False,False,True,0.64,0.0,-0.45644307,-0.42227978,-8.772201908868738e-06,0.0012976607540622354,0.0012976904399693012,7e267c0bf303542b
2,day2_n8_topk_seed42,42,76,5,False,False,True,0.5822,0.0,6.1617327,0.0688435,-6.4666564867366105e-06,0.0014606511685997248,0.0014606654876843095,7e267c0bf303542b
2,day2_n8_topk_seed42,42,76,6,False,False,True,0.6154,0.0,-1.2007291,-3.6883073,-6.237742582015926e-06,0.0013179380912333727,0.0013179528759792447,7e267c0bf303542b
2,day2_n8_topk_seed42,42,76,7,False,False,True,0.6196,0.0,-1.4645989,-0.27894872,-6.314174697763519e-06,0.0013158518122509122,0.0013158670626580715,7e267c0bf303542b
2,day2_n8_topk_seed42,42,77,0,False,False,True,0.6306,0.0,5.258991,-1.9966433,-6.0536840464919806e-06,0.001332396175712347,0.0013324100291356444,7e267c0bf303542b
2,day2_n8_topk_seed42,42,77,1,False,False,True,0.6212,0.0,-2.4972084,-4.4262156,-3.8026669244572986e-06,0.001312898239120841,0.0013129038270562887,7e267c0bf303542b
2,day2_n8_topk_seed42,42,77,2,False,False,True,0.6262,0.0,0.3140496,1.9625419,-3.86105602956377e-06,0.001282076584175229,0.0012820824049413204,7e267c0bf303542b
2,day2_n8_topk_seed42,42,77,3,False,False,True,0.6232,0.0,-0.058304816,1.8774441,-9.011093425215222e-06,0.0013021475169807673,0.001302178599871695,7e267c0bf303542b
2,day2_n8_topk_seed42,42,77,4,False,False,True,0.6244,0.0,0.13616504,0.91736656,-7.512916454288643e-06,0.001277331612072885,0.0012773537309840322,7e267c0bf303542b
2,day2_n8_topk_seed42,42,77,5,False,False,True,0.646,0.0,-1.2253544,1.3754727,-6.674716132692993e-06,0.0012863028096035123,0.0012863201554864645,7e267c0bf303542b
2,day2_n8_topk_seed42,42,77,6,False,False,True,0.6324,0.0,-1.330044,-0.92152923,-1.0296482287230901e-05,0.001297238515689969,0.0012972792610526085,7e267c0bf303542b
2,day2_n8_topk_seed42,42,77,7,False,False,True,0.62,0.0,-0.598292,1.2115657,-5.987582426314475e-06,0.0012829122133553028,0.001282926183193922,7e267c0bf303542b
2,day2_n8_topk_seed42,42,78,0,False,False,True,0.6046,0.0,-2.3643918,5.2684917,-5.643882104777731e-06,0.0013588776346296072,0.0013588893925771117,7e267c0bf303542b
2,day2_n8_topk_seed42,42,78,1,False,False,True,0.5652,0.0,0.37100914,-0.8501888,-3.3006886042130645e-06,0.0013248617760837078,0.0013248658506199718,7e267c0bf303542b
2,day2_n8_topk_seed42,42,78,2,False,False,True,0.6094,0.0,-0.70351756,-0.6109749,-5.89294359087944e-06,0.0012835966190323234,0.0012836101232096553,7e267c0bf303542b
2,day2_n8_topk_seed42,42,78,3,False,False,True,0.5994,0.0,-0.6249799,-0.3481093,-5.916801001148997e-06,0.0012832054635509849,0.0012832192005589604,7e267c0bf303542b
2,day2_n8_topk_seed42,42,78,4,False,False,True,0.6148,0.0,-0.7630331,-1.225477,-5.949531896476401e-06,0.0013236008817330003,0.0013236142694950104,7e267c0bf303542b
2,day2_n8_topk_seed42,42,78,5,False,False,True,0.6356,0.0,-1.373652,-2.129848,-9.969462553272024e-06,0.0013172512408345938,0.0013172889593988657,7e267c0bf303542b
2,day2_n8_topk_seed42,42,78,6,False,False,True,0.6508,0.0,5.713813,1.3800414,-4.688465651270235e-06,0.0013917143223807216,0.0013917222386226058,7e267c0bf303542b
2,day2_n8_topk_seed42,42,78,7,False,False,True,0.6088,0.0,-0.25524637,-1.4839331,-5.208490620134398e-06,0.0013205981813371181,0.001320608425885439,7e267c0bf303542b
2,day2_n8_topk_seed42,42,79,0,False,False,True,0.628,0.0,-1.0282172,1.8020722,-6.405176463886164e-06,0.0013653637142851949,0.0013653787318617105,7e267c0bf303542b
2,day2_n8_topk_seed42,42,79,1,False,False,True,0.6254,0.0,-0.60099524,0.81769073,-1.67998882716347e-06,0.0013110853033140302,0.0013110863510519266,7e267c0bf303542b
2,day2_n8_topk_seed42,42,79,2,False,False,True,0.5924,0.0,-0.29242706,1.3712833,-3.494921202218393e-06,0.0013306534383445978,0.001330657978542149,7e267c0bf303542b
2,day2_n8_topk_seed42,42,79,3,False,False,True,0.6172,0.0,-0.74063385,1.3594106,-5.375314685807098e-06,0.0013314546085894108,0.0013314655516296625,7e267c0bf303542b
2,day2_n8_topk_seed42,42,79,4,False,False,True,0.6432,0.0,-0.70291626,0.08702549,-2.959505764010828e-06,0.00131892878562212,0.0013189322780817747,7e267c0bf303542b
2,day2_n8_topk_seed42,42,79,5,False,False,True,0.6034,0.0,6.4833508,-0.42734593,-3.6016922422277275e-06,0.0015181467169895768,0.0015181510243564844,7e267c0bf303542b
2,day2_n8_topk_seed42,42,79,6,False,False,True,0.5832,0.0,-1.3661243,-5.685102,-7.536037628597114e-06,0.0013926440151408315,0.001392664504237473,7e267c0bf303542b
2,day2_n8_topk_seed42,42,79,7,False,False,True,0.5704,0.0,-1.7520479,0.67496926,-5.482680990098743e-06,0.0013447636738419533,0.0013447748497128487,7e267c0bf303542b
2,day2_n8_topk_seed42,42,80,0,False,False,True,0.6258,0.0,-1.3830901,2.6404552,-8.893603990145493e-06,0.0013564621331170201,0.0013564912369474769,7e267c0bf303542b
2,day2_n8_topk_seed42,42,80,1,False,False,True,0.5168,0.0,8.573155,-0.052364524,-3.1906777167023392e-06,0.0019902840722352266,0.001990286633372307,7e267c0bf303542b
2,day2_n8_topk_seed42,42,80,2,False,False,True,0.6414,0.0,-1.3212013,-0.47544035,-1.1034937415388413e-05,0.001308385282754898,0.001308431732468307,7e267c0bf303542b
2,day2_n8_topk_seed42,42,80,3,False,False,True,0.6454,0.0,-1.33681,1.2175457,-8.737444659345783e-06,0.00131388904992491,0.001313918037340045,7e267c0bf303542b
2,day2_n8_topk_seed42,42,80,4,False,False,True,0.6494,0.0,-1.041344,0.3753873,-3.9255583033082075e-06,0.0013093040324747562,0.0013093098532408476,7e267c0bf303542b
2,day2_n8_topk_seed42,42,80,5,False,False,True,0.643,0.0,-1.1437883,1.1869533,-6.3944476096367e-06,0.0013226891169324517,0.0013227046001702547,7e267c0bf303542b
2,day2_n8_topk_seed42,42,80,6,False,False,True,0.589,0.0,-1.3556123,-5.487017,-1.1271707080595661e-05,0.0013839348684996367,0.0013839806197211146,7e267c0bf303542b
2,day2_n8_topk_seed42,42,80,7,False,False,True,0.5928,0.0,-0.9913476,0.5944852,-3.8245325413299724e-06,0.0013068398693576455,0.0013068454572930932,7e267c0bf303542b
2,day2_n8_topk_seed42,42,81,0,False,False,True,0.6514,0.0,0.9841483,-0.6987318,-6.048539034964051e-06,0.001343053882010281,0.0013430676190182567,7e267c0bf303542b
2,day2_n8_topk_seed42,42,81,1,False,False,True,0.6312,0.0,1.0060784,0.15779907,-5.1639349294418935e-06,0.00133722263853997,0.001337232650257647,7e267c0bf303542b
2,day2_n8_topk_seed42,42,81,2,False,False,True,0.6168,0.0,1.9546489,-2.4706035,-8.727793101570569e-06,0.0013464210787788033,0.0013464494841173291,7e267c0bf303542b
2,day2_n8_topk_seed42,42,81,3,False,False,True,0.6264,0.0,1.1334174,-0.45212308,-6.32861565463827e-06,0.001305913901887834,0.0013059291522949934,7e267c0bf303542b
2,day2_n8_topk_seed42,42,81,4,False,False,True,0.6158,0.0,0.8702244,-0.25611117,-6.575235147465719e-06,0.0013386280043050647,0.0013386440696194768,7e267c0bf303542b
2,day2_n8_topk_seed42,42,81,5,False,False,True,0.6136,0.0,1.8597136,-1.2796189,-9.305345884058625e-06,0.0013395658461377025,0.0013395982095971704,7e267c0bf303542b
2,day2_n8_topk_seed42,42,81,6,False,False,True,0.6184,0.0,0.5392785,5.6494646,-7.237872978294035e-06,0.001389157958328724,0.0013891768176108599,7e267c0bf303542b
2,day2_n8_topk_seed42,42,81,7,False,False,True,0.437,0.0,-8.347497,-0.65007114,-7.593482678203145e-06,0.001968805445358157,0.0019688201136887074,7e267c0bf303542b
2,day2_n8_topk_seed42,42,82,0,False,False,True,0.6144,0.0,-1.4447296,-0.99431735,-6.178773219289724e-06,0.001427456270903349,0.001427469658665359,7e267c0bf303542b
2,day2_n8_topk_seed42,42,82,1,False,False,True,0.6384,0.0,6.618248,-0.72449017,-3.64056018042902e-06,0.001556542469188571,0.0015565467765554786,7e267c0bf303542b
2,day2_n8_topk_seed42,42,82,2,False,False,True,0.62,0.0,-0.7245787,0.73222184,-6.075922556192381e-06,0.0012965971836820245,0.0012966113863512874,7e267c0bf303542b
2,day2_n8_topk_seed42,42,82,3,False,False,True,0.652,0.0,-0.58351266,1.8874935,-7.417087090288987e-06,0.0013520854990929365,0.0013521058717742562,7e267c0bf303542b
2,day2_n8_topk_seed42,42,82,4,False,False,True,0.614,0.0,-0.79231274,0.92521304,-5.927451638854109e-06,0.001326262135989964,0.001326275523751974,7e267c0bf303542b
2,day2_n8_topk_seed42,42,82,5,False,False,True,0.6396,0.0,-0.8046646,2.5894368,-8.794324457994662e-06,0.0013605570420622826,0.0013605855638161302,7e267c0bf303542b
2,day2_n8_topk_seed42,42,82,6,False,False,True,0.6256,0.0,-0.7242903,1.205822,-8.223829354392365e-06,0.0013860053149983287,0.0013860296458005905,7e267c0bf303542b
2,day2_n8_topk_seed42,42,82,7,False,False,True,0.5292,0.0,-1.5441611,-5.621375,-4.088010882696835e-06,0.0014723576605319977,0.0014723632484674454,7e267c0bf303542b
2,day2_n8_topk_seed42,42,83,0,False,False,True,0.6346,0.0,-0.14612138,5.6035275,-3.4967076771863503e-06,0.0014141967985779047,0.0014142012223601341,7e267c0bf303542b
2,day2_n8_topk_seed42,42,83,1,False,False,True,0.5344,0.0,-6.676779,-1.143482,-1.0333367754356004e-05,0.0016001110197976232,0.0016001444309949875,7e267c0bf303542b
2,day2_n8_topk_seed42,42,83,2,False,False,True,0.625,0.0,1.1402048,-0.55834836,-5.376628450903809e-06,0.0013667349703609943,0.0013667455641552806,7e267c0bf303542b
2,day2_n8_topk_seed42,42,83,3,False,False,True,0.6242,0.0,1.0341587,-0.6507729,-8.12107464298606e-06,0.00132375571411103,0.0013237805105745792,7e267c0bf303542b
2,day2_n8_topk_seed42,42,83,4,False,False,True,0.657,0.0,1.2714852,-0.5771639,-6.4003247643995564e-06,0.0013324444880709052,0.0013324598548933864,7e267c0bf303542b
2,day2_n8_topk_seed42,42,83,5,False,False,True,0.6222,0.0,1.2769042,-2.1910522,-5.541977316170232e-06,0.0013602159451693296,0.0013602272374555469,7e267c0bf303542b
2,day2_n8_topk_seed42,42,83,6,False,False,True,0.6358,0.0,1.5884408,-1.604607,-8.807079211692326e-06,0.0013761356240138412,0.0013761637965217233,7e267c0bf303542b
2,day2_n8_topk_seed42,42,83,7,False,False,True,0.6282,0.0,0.511716,1.121905,-4.659641945181647e-06,0.0013594443444162607,0.0013594523770734668,7e267c0bf303542b
2,day2_n8_topk_seed42,42,84,0,False,False,True,0.6544,0.0,0.74580795,1.9943842,-5.2930381571059115e-06,0.001368042198009789,0.0013680524425581098,7e267c0bf303542b
2,day2_n8_topk_seed42,42,84,1,False,False,True,0.6346,0.0,0.88986135,0.4469313,-4.174468358542072e-06,0.0013357443967834115,0.001335750799626112,7e267c0bf303542b
2,day2_n8_topk_seed42,42,84,2,False,False,True,0.6432,0.0,0.43866423,0.755742,-4.807459390576696e-06,0.0013456837041303515,0.0013456923188641667,7e267c0bf303542b
2,day2_n8_topk_seed42,42,84,3,False,False,True,0.623,0.0,3.1762962,-5.2618365,-7.095216005836846e-06,0.0014468745794147253,0.0014468920417129993,7e267c0bf303542b
2,day2_n8_topk_seed42,42,84,4,False,False,True,0.64,0.0,0.336145,1.1896005,-6.1752339206577744e-06,0.0013564832042902708,0.0013564972905442119,7e267c0bf303542b
2,day2_n8_topk_seed42,42,84,5,False,False,True,0.6144,0.0,-6.033658,-2.1969728,-6.142613983683987e-06,0.001492257695645094,0.001492270384915173,7e267c0bf303542b
2,day2_n8_topk_seed42,42,84,6,False,False,True,0.6484,0.0,0.047933396,1.0962151,-7.818119229341391e-06,0.001381222507916391,0.0013812447432428598,7e267c0bf303542b
2,day2_n8_topk_seed42,42,84,7,False,False,True,0.6244,0.0,0.3989493,1.9759406,-5.689217687177006e-06,0.001373168546706438,0.0013731804210692644,7e267c0bf303542b
2,day2_n8_topk_seed42,42,85,0,False,False,True,0.5804,0.0,0.73596334,2.179494,-7.194204954430461e-06,0.0014052174519747496,0.0014052358455955982,7e267c0bf303542b
2,day2_n8_topk_seed42,42,85,1,False,False,True,0.6414,0.0,1.3537531,0.99080163,-5.92520518694073e-06,0.0013382792240008712,0.0013382923789322376,7e267c0bf303542b
2,day2_n8_topk_seed42,42,85,2,False,False,True,0.6204,0.0,1.5367976,0.6878897,-7.053929039102513e-06,0.0013311156071722507,0.0013311343500390649,7e267c0bf303542b
2,day2_n8_topk_seed42,42,85,3,False,False,True,0.6702,0.0,1.5335597,0.86647135,-5.626151050819317e-06,0.0014013205654919147,0.001401331857778132,7e267c0bf303542b
2,day2_n8_topk_seed42,42,85,4,False,False,True,0.6114,0.0,1.3607261,-6.1729803,-7.251355782500468e-06,0.0014610380167141557,0.0014610560610890388,7e267c0bf303542b
2,day2_n8_topk_seed42,42,85,5,False,False,True,0.5524,0.0,-9.132794,-0.11184144,-1.3188173397793435e-05,0.0021366842556744814,0.002136725001037121,7e267c0bf303542b
2,day2_n8_topk_seed42,42,85,6,False,False,True,0.6632,0.0,1.2385272,0.7099222,-7.930696483526845e-06,0.0013812598772346973,0.0013812825782224536,7e267c0bf303542b
2,day2_n8_topk_seed42,42,85,7,False,False,True,0.6436,0.0,1.3734814,0.8502465,-6.565865533048054e-06,0.0013514861930161715,0.0013515021419152617,7e267c0bf303542b
2,day2_n8_topk_seed42,42,86,0,False,False,True,0.6434,0.0,-1.5482223,-1.290594,-6.97167979524238e-06,0.0014091122429817915,0.0014091295888647437,7e267c0bf303542b
2,day2_n8_topk_seed42,42,86,1,False,False,True,0.3346,0.0,13.733326,0.9040072,-5.048863840784179e-06,0.003162926295772195,0.0031629304867237806,7e267c0bf303542b
2,day2_n8_topk_seed42,42,86,2,False,False,True,0.6664,0.0,-1.7201809,-1.8321189,-6.596478215215029e-06,0.0014018738875165582,0.0014018893707543612,7e267c0bf303542b
2,day2_n8_topk_seed42,42,86,3,False,False,True,0.627,0.0,-1.8948516,-1.3445749,-3.9285787352127954e-06,0.0014084010617807508,0.0014084066497161984,7e267c0bf303542b
2,day2_n8_topk_seed42,42,86,4,False,False,True,0.6038,0.0,-1.9598278,-1.0476862,-3.2089290016301675e-06,0.001404962269589305,0.0014049659948796034,7e267c0bf303542b
2,day2_n8_topk_seed42,42,86,5,False,False,True,0.6274,0.0,-1.5012773,-1.5628363,-2.9114276003383566e-06,0.0013714603846892715,0.0013714635279029608,7e267c0bf303542b
2,day2_n8_topk_seed42,42,86,6,False,False,True,0.6518,0.0,-1.5995724,-1.4898854,-6.9841876211285125e-06,0.0013966403203085065,0.0013966577826067805,7e267c0bf303542b
2,day2_n8_topk_seed42,42,86,7,False,False,True,0.579,0.0,-3.5094483,7.6636586,-2.8765273327735486e-06,0.0018930998630821705,0.0018931020749732852,7e267c0bf303542b
2,day2_n8_topk_seed42,42,87,0,False,False,True,0.6846,0.0,0.44369534,0.75330204,-6.553257662744727e-06,0.0013998562935739756,0.0013998716603964567,7e267c0bf303542b
2,day2_n8_topk_seed42,42,87,1,False,False,True,0.6304,0.0,1.8509337,-4.673788,-1.9163855995429913e-06,0.001496736891567707,0.0014967381721362472,7e267c0bf303542b
2,day2_n8_topk_seed42,42,87,2,False,False,True,0.6286,0.0,0.8817398,0.39761254,-3.6941551115887705e-06,0.0013671080814674497,0.0013671130873262882,7e267c0bf303542b
2,day2_n8_topk_seed42,42,87,3,False,False,True,0.5636,0.0,-7.2073526,-0.76508725,-9.857729992290842e-07,0.0017264415509998798,0.0017264419002458453,7e267c0bf303542b
2,day2_n8_topk_seed42,42,87,4,False,False,True,0.6168,0.0,0.9098944,-0.5451338,-4.627871476259315e-06,0.0013313371455296874,0.0013313451781868935,7e267c0bf303542b
2,day2_n8_topk_seed42,42,87,5,False,False,True,0.6166,0.0,0.5787319,-1.3683895,-6.1428586377587635e-06,0.001405854127369821,0.001405867631547153,7e267c0bf303542b
2,day2_n8_topk_seed42,42,87,6,False,False,True,0.6276,0.0,0.17158394,4.9848347,-1.1033785085601266e-05,0.001491324626840651,0.0014913656050339341,7e267c0bf303542b
2,day2_n8_topk_seed42,42,87,7,False,False,True,0.604,0.0,2.370789,1.2166498,-4.211852683511097e-06,0.0014870535815134645,0.0014870595186948776,7e267c0bf303542b
2,day2_n8_topk_seed42,42,88,0,False,False,True,0.5346,0.0,0.93008965,-1.9822692,-3.918353286280762e-06,0.0015462208539247513,0.0015462258597835898,7e267c0bf303542b
2,day2_n8_topk_seed42,42,88,1,False,False,True,0.6282,0.0,-10.194962,2.208904,-6.856270147181931e-07,0.002460355404764414,0.0024603556375950575,7e267c0bf303542b
2,day2_n8_topk_seed42,42,88,2,False,False,True,0.6368,0.0,1.0979346,-1.5712688,-3.1960837532096775e-06,0.0014373790472745895,0.001437382772564888,7e267c0bf303542b
2,day2_n8_topk_seed42,42,88,3,False,False,True,0.6084,0.0,0.48949492,-1.7215073,-3.8048547139624134e-06,0.0016695806989446282,0.0016695850063115358,7e267c0bf303542b
2,day2_n8_topk_seed42,42,88,4,False,False,True,0.63,0.0,1.2350453,-1.66507,-4.302027264202479e-06,0.0014231710229068995,0.0014231775421649218,7e267c0bf303542b
2,day2_n8_topk_seed42,42,88,5,False,False,True,0.6348,0.0,1.1023222,-1.3985536,-4.356331828603288e-06,0.0013562672538682818,0.0013562742387875915,7e267c0bf303542b
2,day2_n8_topk_seed42,42,88,6,False,False,True,0.6296,0.0,4.2076063,7.670402,7.71373561292421e-06,0.0019803575705736876,0.0019803724717348814,7e267c0bf303542b
2,day2_n8_topk_seed42,42,88,7,False,False,True,0.5936,0.0,1.1324829,-1.5406454,-3.937463588954415e-06,0.0014256718568503857,0.0014256773283705115,7e267c0bf303542b
2,day2_n8_topk_seed42,42,89,0,False,False,True,0.6394,0.0,-6.6111965,1.0748748,-1.0434992873342708e-05,0.0015680681681260467,0.001568102976307273,7e267c0bf303542b
2,day2_n8_topk_seed42,42,89,1,False,False,True,0.6104,0.0,1.462148,5.0652094,-3.2354855648009107e-06,0.001451950753107667,0.0014519542455673218,7e267c0bf303542b
2,day2_n8_topk_seed42,42,89,2,False,False,True,0.6428,0.0,0.9777372,-0.0075332224,-5.7085458138317335e-06,0.0014297657180577517,0.0014297770103439689,7e267c0bf303542b
2,day2_n8_topk_seed42,42,89,3,False,False,True,0.6366,0.0,0.5119847,-1.4007319,-9.207943548972253e-06,0.001388611737638712,0.0013886423548683524,7e267c0bf303542b
2,day2_n8_topk_seed42,42,89,4,False,False,True,0.66,0.0,2.054889,1.3647712,-3.647394805739168e-06,0.0014316526940092444,0.0014316572342067957,7e267c0bf303542b
2,day2_n8_topk_seed42,42,89,5,False,False,True,0.636,0.0,0.46081185,-2.45714,-1.4335879541249597e-06,0.0014096959494054317,0.0014096967643126845,7e267c0bf303542b
2,day2_n8_topk_seed42,42,89,6,False,False,True,0.612,0.0,0.17770629,-2.8772492,-2.904867187680793e-06,0.0014181415317580104,0.0014181445585563779,7e267c0bf303542b
2,day2_n8_topk_seed42,42,89,7,False,False,True,0.6438,0.0,0.9659201,-0.76220167,-3.872715296893148e-06,0.0014198760036379099,0.001419881242327392,7e267c0bf303542b
2,day2_n8_topk_seed42,42,90,0,False,False,True,0.6646,0.0,0.066354305,-1.5854094,-6.141335688880645e-06,0.0013915032614022493,0.0013915167655795813,7e267c0bf303542b
2,day2_n8_topk_seed42,42,90,1,False,False,True,0.461,0.0,5.9422197,3.9850624,1.1210021000351844e-07,0.0016510335262864828,0.0016510335262864828,7e267c0bf303542b
2,day2_n8_topk_seed42,42,90,2,False,False,True,0.6228,0.0,0.17419931,-1.8080372,-4.279776021576254e-06,0.001425594324246049,0.0014256008435040712,7e267c0bf303542b
2,day2_n8_topk_seed42,42,90,3,False,False,True,0.6582,0.0,-0.082369074,-1.4037422,-3.942375769838691e-06,0.001391256577335298,0.0013912622816860676,7e267c0bf303542b
2,day2_n8_topk_seed42,42,90,4,False,False,True,0.6742,0.0,-0.038924705,-1.2154528,-6.073096756153973e-06,0.0013309578644111753,0.0013309718342497945,7e267c0bf303542b
2,day2_n8_topk_seed42,42,90,5,False,False,True,0.5992,0.0,-0.2634578,-1.6745504,-2.5044021185749443e-06,0.001369433244690299,0.0013694355729967356,7e267c0bf303542b
2,day2_n8_topk_seed42,42,90,6,False,False,True,0.6466,0.0,-4.9946218,4.9841757,-6.160350949357962e-06,0.0016282966826111078,0.0016283083241432905,7e267c0bf303542b
2,day2_n8_topk_seed42,42,90,7,False,False,True,0.6404,0.0,-0.8034085,-1.2820461,-8.549074664188083e-06,0.0014234512345865369,0.0014234769623726606,7e267c0bf303542b
2,day2_n8_topk_seed42,42,91,0,False,False,True,0.6256,0.0,1.4754015,-1.6419985,-3.656915851024678e-06,0.0014618169516324997,0.001461821491830051,7e267c0bf303542b
2,day2_n8_topk_seed42,42,91,1,False,False,True,0.6462,0.0,0.8403719,-1.0241627,-6.176267561386339e-06,0.0013560435036197305,0.0013560574734583497,7e267c0bf303542b
2,day2_n8_topk_seed42,42,91,2,False,False,True,0.66,0.0,0.7184979,-1.0102508,-6.345137535390677e-06,0.0013824827037751675,0.0013824973721057177,7e267c0bf303542b
2,day2_n8_topk_seed42,42,91,3,False,False,True,0.65,0.0,0.7724254,-1.243254,-6.036710601620143e-06,0.0013656012015417218,0.00136561447288841,7e267c0bf303542b
2,day2_n8_topk_seed42,42,91,4,False,False,True,0.6588,0.0,0.6300079,-1.1604679,-1.3513060821424006e-06,0.0014538165414705873,0.0014538171235471964,7e267c0bf303542b
2,day2_n8_topk_seed42,42,91,5,False,False,True,0.6514,0.0,1.1294931,-1.0382026,-3.6823573736910475e-06,0.001473193522542715,0.0014731981791555882,7e267c0bf303542b
2,day2_n8_topk_seed42,42,91,6,False,False,True,0.6576,0.0,1.7419546,6.507667,-4.766281108459225e-06,0.0015462132869288325,0.0015462207375094295,7e267c0bf303542b
2,day2_n8_topk_seed42,42,91,7,False,False,True,0.6302,0.0,-7.308148,0.6106673,-9.724164556246251e-06,0.001702320296317339,0.0017023481195792556,7e267c0bf303542b
2,day2_n8_topk_seed42,42,92,0,False,False,True,0.6096,0.0,-6.629254,1.9146239,-6.187216058606282e-06,0.0016175312921404839,0.0016175430500879884,7e267c0bf303542b
2,day2_n8_topk_seed42,42,92,1,False,False,True,0.6662,0.0,-0.7978525,-6.1389494,-4.228842044540215e-06,0.0015946910716593266,0.0015946966595947742,7e267c0bf303542b
2,day2_n8_topk_seed42,42,92,2,False,False,True,0.5912,0.0,0.41843468,-1.8436514,-6.220937848411268e-06,0.0015117210568860173,0.0015117338625714183,7e267c0bf303542b
2,day2_n8_topk_seed42,42,92,3,False,False,True,0.6518,0.0,1.1957238,0.69895315,-3.4753320505842566e-06,0.0014427317073568702,0.0014427357818931341,7e267c0bf303542b
2,day2_n8_topk_seed42,42,92,4,False,False,True,0.6076,0.0,2.095589,1.113068,-3.3657695439615054e-06,0.0013959194766357541,0.001395923551172018,7e267c0bf303542b
2,day2_n8_topk_seed42,42,92,5,False,False,True,0.632,0.0,1.1440196,1.1285201,-7.823922715033405e-06,0.001391994534060359,0.0013920164201408625,7e267c0bf303542b
2,day2_n8_topk_seed42,42,92,6,False,False,True,0.639,0.0,0.99388963,1.4225421,-4.8861897994356696e-06,0.0013997103087604046,0.001399718807078898,7e267c0bf303542b
2,day2_n8_topk_seed42,42,92,7,False,False,True,0.6516,0.0,1.5794562,1.7048997,-3.308561645098962e-06,0.0013694338267669082,0.0013694379013031721,7e267c0bf303542b
2,day2_n8_topk_seed42,42,93,0,False,False,True,0.6354,0.0,6.303954,-0.0927588,-2.0771435629285406e-06,0.0014786369865760207,0.0014786386163905263,7e267c0bf303542b
2,day2_n8_topk_seed42,42,93,1,False,False,True,0.5916,0.0,-1.1845651,-0.9387508,-5.1361621444812045e-06,0.0014126647729426622,0.0014126740861684084,7e267c0bf303542b
2,day2_n8_topk_seed42,42,93,2,False,False,True,0.6644,0.0,0.16746473,-0.390262,-4.3804343476949725e-06,0.001398152788169682,0.0013981596566736698,7e267c0bf303542b
2,day2_n8_topk_seed42,42,93,3,False,False,True,0.6604,0.0,-1.5765685,-4.45158,-6.942704203538597e-06,0.001425615162588656,0.0014256321592256427,7e267c0bf303542b
2,day2_n8_topk_seed42,42,93,4,False,False,True,0.6632,0.0,-0.8304326,0.16993698,-1.4019294667377835e-06,0.0013690246269106865,0.0013690253254026175,7e267c0bf303542b
2,day2_n8_topk_seed42,42,93,5,False,False,True,0.6706,0.0,-0.54290235,0.35341546,-6.205110366863664e-06,0.0013349513756111264,0.001334965811111033,7e267c0bf303542b
2,day2_n8_topk_seed42,42,93,6,False,False,True,0.6282,0.0,-1.3691264,4.9072185,-7.06950186213362e-06,0.0014348657568916678,0.0014348832191899419,7e267c0bf303542b
2,day2_n8_topk_seed42,42,93,7,False,False,True,0.6522,0.0,-0.9678257,0.44278187,-4.1972793951572385e-06,0.001405872404575348,0.0014058786910027266,7e267c0bf303542b
2,day2_n8_topk_seed42,42,94,0,False,False,True,0.6248,0.0,-6.807213,0.575005,-1.605629108780704e-06,0.0015866358298808336,0.0015866365283727646,7e267c0bf303542b
2,day2_n8_topk_seed42,42,94,1,False,False,True,0.6646,0.0,1.2434767,0.40632948,-2.5320621261926135e-06,0.0013905067462474108,0.0013905090745538473,7e267c0bf303542b
2,day2_n8_topk_seed42,42,94,2,False,False,True,0.643,0.0,0.6824074,0.57833886,-4.592823643179145e-06,0.001372362719848752,0.0013723704032599926,7e267c0bf303542b
2,day2_n8_topk_seed42,42,94,3,False,False,True,0.648,0.0,1.1760553,0.32629308,-5.196577149035875e-06,0.0013929936103522778,0.0013930032728239894,7e267c0bf303542b
2,day2_n8_topk_seed42,42,94,4,False,False,True,0.6776,0.0,1.2205288,-0.1176216,-3.5057239529123763e-06,0.0014124512672424316,0.001412455691024661,7e267c0bf303542b
2,day2_n8_topk_seed42,42,94,5,False,False,True,0.6064,0.0,1.1985204,3.3777328,-7.962969903019257e-06,0.0014233689289540052,0.0014233911642804742,7e267c0bf303542b
2,day2_n8_topk_seed42,42,94,6,False,False,True,0.6598,0.0,0.32383034,-5.7603474,-4.88908835905022e-06,0.0014407417038455606,0.0014407499693334103,7e267c0bf303542b
2,day2_n8_topk_seed42,42,94,7,False,False,True,0.681,0.0,0.9624022,0.6142686,-1.5116816030058544e-06,0.0013860473409295082,0.001386048155836761,7e267c0bf303542b
2,day2_n8_topk_seed42,42,95,0,False,False,True,0.6372,0.0,6.470124,0.35458434,-6.686542747047497e-06,0.0015629001427441835,0.0015629143454134464,7e267c0bf303542b
2,day2_n8_topk_seed42,42,95,1,False,False,True,0.622,0.0,-0.08018214,-0.43801817,-4.368042482383316e-06,0.0013949591666460037,0.0013949660351499915,7e267c0bf303542b
2,day2_n8_topk_seed42,42,95,2,False,False,True,0.6538,0.0,-0.4065,-0.039493524,-2.4790506358840503e-06,0.0013919356279075146,0.0013919378397986293,7e267c0bf303542b
2,day2_n8_topk_seed42,42,95,3,False,False,True,0.6826,0.0,-0.72623825,-0.3866062,-4.73518639410031e-06,0.0014102967688813806,0.0014103048015385866,7e267c0bf303542b
2,day2_n8_topk_seed42,42,95,4,False,False,True,0.581,0.0,-2.8005002,-3.0721827,-4.325866939325351e-06,0.0014937047380954027,0.0014937109081074595,7e267c0bf303542b
2,day2_n8_topk_seed42,42,95,5,False,False,True,0.6122,0.0,-0.6521088,0.665671,-7.5951747930957936e-06,0.0014491258189082146,0.001449145725928247,7e267c0bf303542b
2,day2_n8_topk_seed42,42,95,6,False,False,True,0.645,0.0,0.06738687,-2.7518926,-7.870229637774173e-06,0.0014841986121609807,0.0014842194505035877,7e267c0bf303542b
2,day2_n8_topk_seed42,42,95,7,False,False,True,0.6436,0.0,-1.8719816,5.667932,-7.611386536154896e-06,0.0015032099327072501,0.0015032291412353516,7e267c0bf303542b
2,day2_n8_topk_seed42,42,96,0,False,False,True,0.675,0.0,-0.03437722,-0.7914552,-5.903828423470259e-06,0.0014327423414215446,0.0014327545650303364,7e267c0bf303542b
2,day2_n8_topk_seed42,42,96,1,False,False,True,0.6572,0.0,-0.34082893,-0.8849916,-8.335523489222396e-07,0.0014173114905133843,0.001417311723344028,7e267c0bf303542b
2,day2_n8_topk_seed42,42,96,2,False,False,True,0.6266,0.0,-1.5859958,-3.069967,-4.677947799791582e-06,0.0014936659717932343,0.0014936733059585094,7e267c0bf303542b
2,day2_n8_topk_seed42,42,96,3,False,False,True,0.5524,0.0,-3.218144,5.876542,-1.6863943983480567e-06,0.001556570059619844,0.0015565709909424186,7e267c0bf303542b
2,day2_n8_topk_seed42,42,96,4,False,False,True,0.6656,0.0,-0.7315255,-1.3216052,-2.434368070680648e-06,0.001415489474311471,0.001415491453371942,7e267c0bf303542b
2,day2_n8_topk_seed42,42,96,5,False,False,True,0.6554,0.0,-0.33052644,-0.31914374,-6.045619102224009e-06,0.0014244632329791784,0.0014244761550799012,7e267c0bf303542b
2,day2_n8_topk_seed42,42,96,6,False,False,True,0.6568,0.0,-0.28879324,-1.3648754,-6.950758688617498e-06,0.0014814893947914243,0.00148150569293648,7e267c0bf303542b
2,day2_n8_topk_seed42,42,96,7,False,False,True,0.6334,0.0,6.5301843,1.8754952,-2.682973899936769e-06,0.001594312023371458,0.0015943142352625728,7e267c0bf303542b
2,day2_n8_topk_seed42,42,97,0,False,False,True,0.6846,0.0,2.2699509,-0.9709662,-6.242000836209627e-06,0.0014638123102486134,0.0014638256980106235,7e267c0bf303542b
2,day2_n8_topk_seed42,42,97,1,False,False,True,0.599,0.0,-2.3418608,5.9140744,-6.080670118535636e-06,0.0014984559966251254,0.001498468336649239,7e267c0bf303542b
2,day2_n8_topk_seed42,42,97,2,False,False,True,0.6438,0.0,0.58160335,-0.07352961,-2.235338570244494e-06,0.0013908479595556855,0.0013908498222008348,7e267c0bf303542b
2,day2_n8_topk_seed42,42,97,3,False,False,True,0.6692,0.0,-5.7162457,-3.2974057,-6.419140845537186e-06,0.0015389815671369433,0.0015389949548989534,7e267c0bf303542b
2,day2_n8_topk_seed42,42,97,4,False,False,True,0.6452,0.0,1.2927078,0.32050553,-2.6910740871244343e-06,0.0014141136780381203,0.0014141162391752005,7e267c0bf303542b
2,day2_n8_topk_seed42,42,97,5,False,False,True,0.6654,0.0,0.5423444,-0.2780449,-3.832173206319567e-06,0.0014126163441687822,0.0014126214664429426,7e267c0bf303542b
2,day2_n8_topk_seed42,42,97,6,False,False,True,0.6382,0.0,1.8935428,-1.5139953,-6.241297796805156e-06,0.0014532386558130383,0.0014532519271597266,7e267c0bf303542b
2,day2_n8_topk_seed42,42,97,7,False,False,True,0.6042,0.0,1.4779555,-0.100639895,-8.136261385516264e-06,0.0014623648021370173,0.0014623873867094517,7e267c0bf303542b
2,day2_n8_topk_seed42,42,98,0,False,False,True,0.6518,0.0,5.642262,4.4945254,-6.855947049189126e-06,0.0016616352368146181,0.0016616495558992028,7e267c0bf303542b
2,day2_n8_topk_seed42,42,98,1,False,False,True,0.6548,0.0,-0.42851567,-1.8778625,-5.560295448958641e-06,0.0014952517813071609,0.0014952621422708035,7e267c0bf303542b
2,day2_n8_topk_seed42,42,98,2,False,False,True,0.6282,0.0,0.1713606,-1.2994449,-6.769742412870983e-06,0.001428356976248324,0.001428373041562736,7e267c0bf303542b
2,day2_n8_topk_seed42,42,98,3,False,False,True,0.6756,0.0,-0.01483691,-0.83592236,-7.626755632372806e-06,0.0015051731606945395,0.0015051924856379628,7e267c0bf303542b
2,day2_n8_topk_seed42,42,98,4,False,False,True,0.6774,0.0,0.40801948,-1.4530997,-3.387932565601659e-06,0.0014373684534803033,0.0014373724116012454,7e267c0bf303542b
2,day2_n8_topk_seed42,42,98,5,False,False,True,0.6186,0.0,-5.8146954,4.4281807,-5.1776169129880145e-06,0.0016688697505742311,0.0016688777832314372,7e267c0bf303542b
2,day2_n8_topk_seed42,42,98,6,False,False,True,0.6414,0.0,-0.2864098,-2.4678414,-4.511894076131284e-06,0.0014735885197296739,0.0014735953882336617,7e267c0bf303542b
2,day2_n8_topk_seed42,42,98,7,False,False,True,0.6576,0.0,0.32281128,-0.9885468,-6.158954874990741e-06,0.00146567914634943,0.0014656920684501529,7e267c0bf303542b
2,day2_n8_topk_seed42,42,99,0,False,False,True,0.5806,0.0,5.238291,0.93085855,-3.6580031519406475e-06,0.0016252894420176744,0.0016252935165539384,7e267c0bf303542b
2,day2_n8_topk_seed42,42,99,1,False,False,True,0.6732,0.0,4.227591,1.1375839,-1.8020631387116737e-07,0.0014933630591258407,0.0014933630591258407,7e267c0bf303542b
2,day2_n8_topk_seed42,42,99,2,False,False,True,0.662,0.0,4.3733354,1.0360352,-2.084211701003369e-06,0.0014298695605248213,0.0014298713067546487,7e267c0bf303542b
2,day2_n8_topk_seed42,42,99,3,False,False,True,0.6198,0.0,4.128429,1.7192382,-7.1418053266825154e-06,0.001523695420473814,0.001523712184280157,7e267c0bf303542b
2,day2_n8_topk_seed42,42,99,4,False,False,True,0.6586,0.0,4.3462086,1.0927472,-2.2418319076678017e-06,0.0014448530273512006,0.001444854773581028,7e267c0bf303542b
2,day2_n8_topk_seed42,42,99,5,False,False,True,0.3652,0.0,-30.902807,-0.049853347,-3.861064396915026e-05,0.007235369179397821,0.0072354720905423164,7e267c0bf303542b
2,day2_n8_topk_seed42,42,99,6,False,False,True,0.6342,0.0,4.0365815,1.7366987,-5.487120688485447e-06,0.0015628357650712132,0.0015628454275429249,7e267c0bf303542b
2,day2_n8_topk_seed42,42,99,7,False,False,True,0.6432,0.0,4.552536,-7.6032934,-6.896093509567436e-06,0.0017735731089487672,0.0017735866131260991,7e267c0bf303542b
2,day2_n8_topk_seed42,42,100,0,False,False,True,0.4418,0.0,8.560784,3.4748418,-6.7976066020492e-06,0.0021241563372313976,0.0021241670474410057,7e267c0bf303542b
2,day2_n8_topk_seed42,42,100,1,False,False,True,0.6414,0.0,-1.0176629,-1.582788,-3.5341258808330167e-06,0.0015293285250663757,0.0015293325996026397,7e267c0bf303542b
2,day2_n8_topk_seed42,42,100,2,False,False,True,0.6536,0.0,-0.15301949,-1.4838133,-8.50385276862653e-06,0.0014792447909712791,0.0014792692381888628,7e267c0bf303542b
2,day2_n8_topk_seed42,42,100,3,False,False,True,0.6232,0.0,-4.9759035,7.194447,-1.2215155038575176e-05,0.0020080115646123886,0.0020080488175153732,7e267c0bf303542b
2,day2_n8_topk_seed42,42,100,4,False,False,True,0.6646,0.0,-0.8820084,-1.9374027,-6.482606750068953e-06,0.0015710932202637196,0.0015711066080257297,7e267c0bf303542b
2,day2_n8_topk_seed42,42,100,5,False,False,True,0.622,0.0,0.21709529,-2.2443318,-9.638416486268397e-06,0.0016716920072212815,0.0016717198304831982,7e267c0bf303542b
2,day2_n8_topk_seed42,42,100,6,False,False,True,0.516,0.0,-0.8765472,-1.7055963,-6.165295872051502e-06,0.0014640544541180134,0.001464067492634058,7e267c0bf303542b
2,day2_n8_topk_seed42,42,100,7,False,False,True,0.6532,0.0,-0.8727501,-1.7153746,-6.369210495904554e-06,0.0015159863978624344,0.0015159999020397663,7e267c0bf303542b
2,day2_n8_topk_seed42,42,101,0,False,False,True,0.785,0.0,0.62061334,0.19556037,-1.021607317852613e-06,0.00018036690016742796,0.0001803697959985584,7e267c0bf303542b
2,day2_n8_topk_seed42,42,101,1,False,False,True,0.7802,0.0,-0.07892062,-0.16571489,-6.995907710916072e-07,0.00016775216499809176,0.0001677536201896146,7e267c0bf303542b
2,day2_n8_topk_seed42,42,101,2,False,False,True,0.7804,0.0,0.07094032,0.03370808,-9.005277092910546e-07,0.00016811642854008824,0.00016811884415801615,7e267c0bf303542b
2,day2_n8_topk_seed42,42,101,3,False,False,True,0.7824,0.0,-0.08683109,-0.14989094,-9.790406920728856e-07,0.00017314881552010775,0.00017315158038400114,7e267c0bf303542b
2,day2_n8_topk_seed42,42,101,4,False,False,True,0.7794,0.0,-0.1417808,-0.1906494,-1.4108758250586106e-06,0.00016945386596489698,0.00016945974493864924,7e267c0bf303542b
2,day2_n8_topk_seed42,42,101,5,False,False,True,0.7838,0.0,-0.32289553,0.5632234,-8.866336429491639e-07,0.0001747408095980063,0.0001747430651448667,7e267c0bf303542b
2,day2_n8_topk_seed42,42,101,6,False,False,True,0.7818,0.0,0.00080920843,-0.20317882,-9.92282252809673e-07,0.0001732069649733603,0.00017320981714874506,7e267c0bf303542b
2,day2_n8_topk_seed42,42,101,7,False,False,True,0.78,0.0,-0.061934743,-0.083058245,-6.663606768597674e-07,0.00016549116116948426,0.00016549249994568527,7e267c0bf303542b
2,day2_n8_topk_seed42,42,102,0,False,False,True,0.7924,0.0,-0.18319383,0.25914398,-7.249492455230211e-07,0.00016726565081626177,0.00016726722242310643,7e267c0bf303542b
2,day2_n8_topk_seed42,42,102,1,False,False,True,0.7868,0.0,-0.092497334,0.07480118,-4.684236785124085e-07,0.0001650146150495857,0.0001650152844376862,7e267c0bf303542b
2,day2_n8_topk_seed42,42,102,2,False,False,True,0.7816,0.0,-0.4222852,-0.5558831,-7.454054298250412e-07,0.0001740505831548944,0.00017405218386556953,7e267c0bf303542b
2,day2_n8_topk_seed42,42,102,3,False,False,True,0.7834,0.0,0.015367557,0.01595945,-7.225015679068747e-07,0.00015852316573727876,0.00015852481010369956,7e267c0bf303542b
2,day2_n8_topk_seed42,42,102,4,False,False,True,0.7854,0.0,-0.062122684,0.09657179,-6.74269983846898e-07,0.00016061379574239254,0.0001606152072781697,7e267c0bf303542b
2,day2_n8_topk_seed42,42,102,5,False,False,True,0.7838,0.0,0.6197789,-0.33842978,-9.445761293136457e-07,0.00017336035671178252,0.00017336293240077794,7e267c0bf303542b
2,day2_n8_topk_seed42,42,102,6,False,False,True,0.7824,0.0,0.14736205,0.2661976,-1.4102658951742342e-06,0.00017187107005156577,0.00017187686171382666,7e267c0bf303542b
2,day2_n8_topk_seed42,42,102,7,False,False,True,0.7886,0.0,-0.022409355,0.1816387,-7.593999953314778e-07,0.00015883227752055973,0.00015883409650996327,7e267c0bf303542b
2,day2_n8_topk_seed42,42,103,0,False,False,True,0.7928,0.0,0.72917557,-0.016531544,-8.132690254569752e-08,0.00017399038188159466,0.00017399038188159466,7e267c0bf303542b
2,day2_n8_topk_seed42,42,103,1,False,False,True,0.7856,0.0,-0.039063297,0.15036511,8.751348445912299e-08,0.00016739203420002013,0.00016739204875193536,7e267c0bf303542b
2,day2_n8_topk_seed42,42,103,2,False,False,True,0.7874,0.0,-0.18778875,-0.69204307,-1.1685043546094676e-06,0.0001756099663907662,0.00017561385175213218,7e267c0bf303542b
2,day2_n8_topk_seed42,42,103,3,False,False,True,0.7906,0.0,-0.13866398,0.32017317,-5.799443556497863e-07,0.00016947533003985882,0.00016947631957009435,7e267c0bf303542b
2,day2_n8_topk_seed42,42,103,4,False,False,True,0.7846,0.0,-0.10940806,0.1357289,-3.767954694922082e-07,0.00016712132492102683,0.00016712176147848368,7e267c0bf303542b
2,day2_n8_topk_seed42,42,103,5,False,False,True,0.7884,0.0,0.094079986,-0.13002205,-6.212396783666918e-07,0.00017211672093253583,0.0001721178414300084,7e267c0bf303542b
2,day2_n8_topk_seed42,42,103,6,False,False,True,0.787,0.0,-0.18025187,0.12332699,-5.142566692484252e-07,0.00017060042591765523,0.00017060119716916233,7e267c0bf303542b
2,day2_n8_topk_seed42,42,103,7,False,False,True,0.783,0.0,-0.16808078,0.10900151,-5.290763738230453e-07,0.0001666606403887272,0.00016666148439981043,7e267c0bf303542b
2,day2_n8_topk_seed42,42,104,0,False,False,True,0.7912,0.0,0.3407822,0.6130305,-5.334013053470699e-07,0.0001740242150845006,0.0001740250299917534,7e267c0bf303542b
2,day2_n8_topk_seed42,42,104,1,False,False,True,0.7902,0.0,0.1300514,-0.18118145,4.322383517774142e-07,0.00017291349649894983,0.00017291403491981328,7e267c0bf303542b
2,day2_n8_topk_seed42,42,104,2,False,False,True,0.787,0.0,-0.10250413,-0.19484933,2.93849609533936e-07,0.00017474339983891696,0.0001747436326695606,7e267c0bf303542b
2,day2_n8_topk_seed42,42,104,3,False,False,True,0.7884,0.0,0.115794875,0.13884337,-1.9763660930038895e-07,0.00017308387032244354,0.00017308397218585014,7e267c0bf303542b
2,day2_n8_topk_seed42,42,104,4,False,False,True,0.7918,0.0,0.111409605,-0.08370158,6.693699106108397e-08,0.00016909150872379541,0.00016909150872379541,7e267c0bf303542b
2,day2_n8_topk_seed42,42,104,5,False,False,True,0.7882,0.0,-0.7211911,0.2508248,-3.8478106034744997e-07,0.0001781413157004863,0.00017814173770602793,7e267c0bf303542b
2,day2_n8_topk_seed42,42,104,6,False,False,True,0.7928,0.0,-0.02345027,-0.28848833,1.305952110897124e-07,0.0001736055128276348,0.00017360557103529572,7e267c0bf303542b
2,day2_n8_topk_seed42,42,104,7,False,False,True,0.7854,0.0,0.14910752,-0.2544777,-6.331176791718462e-07,0.00017048603331204504,0.00017048721201717854,7e267c0bf303542b
2,day2_n8_topk_seed42,42,105,0,False,False,True,0.7888,0.0,-0.03811247,0.7347968,-9.463199717174575e-07,0.0001804883941076696,0.00018049088248517364,7e267c0bf303542b
2,day2_n8_topk_seed42,42,105,1,False,False,True,0.7908,0.0,0.26857734,-0.3776418,8.119992145338983e-08,0.00017608302005100995,0.00017608303460292518,7e267c0bf303542b
2,day2_n8_topk_seed42,42,105,2,False,False,True,0.7904,0.0,0.056002643,-0.04376318,1.677818062262304e-07,0.00017722784832585603,0.0001772279356373474,7e267c0bf303542b
2,day2_n8_topk_seed42,42,105,3,False,False,True,0.7904,0.0,0.13872808,-0.0154311815,-5.87439899391029e-07,0.0001806790241971612,0.00018067997007165104,7e267c0bf303542b
2,day2_n8_topk_seed42,42,105,4,False,False,True,0.794,0.0,0.12086731,-0.10191482,-6.118809778854484e-07,0.00016977904306259006,0.00016978014900814742,7e267c0bf303542b
2,day2_n8_topk_seed42,42,105,5,False,False,True,0.7916,0.0,-0.7757828,-0.18330596,-1.0146450222237036e-06,0.0001865673257270828,0.00018657009059097618,7e267c0bf303542b
2,day2_n8_topk_seed42,42,105,6,False,False,True,0.7914,0.0,0.031370405,-0.039898004,-4.846722276852233e-07,0.0001743417960824445,0.000174342465470545,7e267c0bf303542b
2,day2_n8_topk_seed42,42,105,7,False,False,True,0.7888,0.0,0.19834952,0.027157737,-5.469328812068852e-07,0.0001729911455186084,0.00017299200408160686,7e267c0bf303542b
2,day2_n8_topk_seed42,42,106,0,False,False,True,0.786,0.0,-0.30842745,0.7318963,-1.1025612423054554e-07,0.00018415303202345967,0.00018415306112729013,7e267c0bf303542b
2,day2_n8_topk_seed42,42,106,1,False,False,True,0.7878,0.0,0.16610974,0.025829608,-4.04411736099064e-07,0.00017886214482132345,0.00017886261048261076,7e267c0bf303542b
2,day2_n8_topk_seed42,42,106,2,False,False,True,0.7894,0.0,-0.009985338,-0.08689506,-9.368055202685355e-07,0.0001797598961275071,0.00017976232629735023,7e267c0bf303542b
2,day2_n8_topk_seed42,42,106,3,False,False,True,0.7898,0.0,-0.5430676,-0.38631812,-1.8383407507371885e-07,0.00018396865925751626,0.0001839687320170924,7e267c0bf303542b
2,day2_n8_topk_seed42,42,106,4,False,False,True,0.794,0.0,0.044659726,-0.1504761,4.705467802068597e-07,0.00017594873497728258,0.0001759493607096374,7e267c0bf303542b
2,day2_n8_topk_seed42,42,106,5,False,False,True,0.7948,0.0,0.5205435,-0.05223152,-5.981585218250984e-07,0.00018251966685056686,0.00018252064182888716,7e267c0bf303542b
2,day2_n8_topk_seed42,42,106,6,False,False,True,0.7842,0.0,0.24494539,0.09813542,-7.0381798877861e-07,0.0001802467741072178,0.00018024815653916448,7e267c0bf303542b
2,day2_n8_topk_seed42,42,106,7,False,False,True,0.7922,0.0,-0.1147776,-0.17993964,-5.56440511445544e-07,0.00018062001618091017,0.00018062087474390864,7e267c0bf303542b
2,day2_n8_topk_seed42,42,107,0,False,False,True,0.7962,0.0,0.21496747,0.10460645,4.763512961858396e-08,0.00019049772527068853,0.00019049772527068853,7e267c0bf303542b
2,day2_n8_topk_seed42,42,107,1,False,False,True,0.7902,0.0,-0.19173847,-0.054502,-6.798706664312704e-08,0.00018821889534592628,0.0001882189098978415,7e267c0bf303542b
2,day2_n8_topk_seed42,42,107,2,False,False,True,0.7924,0.0,0.55323344,-0.05180492,3.22423460374921e-07,0.00019440945470705628,0.0001944097166415304,7e267c0bf303542b
2,day2_n8_topk_seed42,42,107,3,False,False,True,0.7934,0.0,0.2154349,0.626374,9.191936811703272e-08,0.0001912864245241508,0.00019128643907606602,7e267c0bf303542b
2,day2_n8_topk_seed42,42,107,4,False,False,True,0.7886,0.0,-0.04212652,-0.155063,-3.3083011885537417e-07,0.00017843300884123892,0.00017843329987954348,7e267c0bf303542b
2,day2_n8_topk_seed42,42,107,5,False,False,True,0.787,0.0,-0.6418472,0.2644419,-4.977334810973844e-07,0.00019120308570563793,0.00019120372598990798,7e267c0bf303542b
2,day2_n8_topk_seed42,42,107,6,False,False,True,0.7894,0.0,-0.096740164,-0.18431361,-7.140089763879587e-08,0.00018974706472363323,0.0001897470938274637,7e267c0bf303542b
2,day2_n8_topk_seed42,42,107,7,False,False,True,0.789,0.0,-0.011184747,-0.54973936,-9.583488917996874e-07,0.00019003651686944067,0.00019003893248736858,7e267c0bf303542b
2,day2_n8_topk_seed42,42,108,0,False,False,True,0.79,0.0,-0.0400892,0.7895218,-2.0208722162351478e-07,0.00018631915736477822,0.00018631927378010005,7e267c0bf303542b
2,day2_n8_topk_seed42,42,108,1,False,False,True,0.7936,0.0,0.27397823,-0.1304527,2.243189669570711e-07,0.00018477384583093226,0.00018477397679816931,7e267c0bf303542b
2,day2_n8_topk_seed42,42,108,2,False,False,True,0.7956,0.0,0.071306325,-0.09312075,4.640499184915825e-08,0.00018370157340541482,0.00018370158795733005,7e267c0bf303542b
2,day2_n8_topk_seed42,42,108,3,False,False,True,0.7932,0.0,-0.25699615,-0.00514557,-1.1335544058965752e-07,0.00018190396076533943,0.00018190397531725466,7e267c0bf303542b
2,day2_n8_topk_seed42,42,108,4,False,False,True,0.7948,0.0,0.11822141,-0.004200444,9.109342613555782e-09,0.0001766889326972887,0.0001766889326972887,7e267c0bf303542b
2,day2_n8_topk_seed42,42,108,5,False,False,True,0.7948,0.0,-0.64879847,-0.28644514,-4.1945816064981045e-07,0.00018891572835855186,0.00018891619401983917,7e267c0bf303542b
2,day2_n8_topk_seed42,42,108,6,False,False,True,0.7884,0.0,0.4685651,-0.23948584,-1.7198479440594383e-07,0.0001894077577162534,0.00018940783047582954,7e267c0bf303542b
2,day2_n8_topk_seed42,42,108,7,False,False,True,0.7924,0.0,0.0138125885,-0.030671604,-5.187982878851471e-07,0.00017913671035785228,0.00017913745250552893,7e267c0bf303542b
2,day2_n8_topk_seed42,42,109,0,False,False,True,0.7906,0.0,0.04918791,-0.45346472,-3.6655325175161124e-07,0.00019298057304695249,0.00019298090774100274,7e267c0bf303542b
2,day2_n8_topk_seed42,42,109,1,False,False,True,0.7896,0.0,0.10327778,-0.2622453,-9.203763084997263e-08,0.00018672131409402937,0.0001867213286459446,7e267c0bf303542b
2,day2_n8_topk_seed42,42,109,2,False,False,True,0.797,0.0,-0.11577691,-0.048127018,-7.089320774866792e-07,0.0001867624232545495,0.00018676377658266574,7e267c0bf303542b
2,day2_n8_topk_seed42,42,109,3,False,False,True,0.7958,0.0,0.68906194,0.00819619,-7.891277391536278e-07,0.00019265463924966753,0.00019265623996034265,7e267c0bf303542b
2,day2_n8_topk_seed42,42,109,4,False,False,True,0.7872,0.0,-0.11663029,-0.07336869,-4.1790652716144905e-08,0.00017836237384472042,0.00017836238839663565,7e267c0bf303542b
2,day2_n8_topk_seed42,42,109,5,False,False,True,0.7904,0.0,0.06655424,0.74270785,-3.585883519008348e-07,0.00019204277487006038,0.00019204310956411064,7e267c0bf303542b
2,day2_n8_topk_seed42,42,109,6,False,False,True,0.7922,0.0,-0.5691046,0.022962494,1.3592163838893612e-07,0.00019017238810192794,0.00019017246086150408,7e267c0bf303542b
2,day2_n8_topk_seed42,42,109,7,False,False,True,0.793,0.0,-0.106570624,0.063338175,-4.855440920437104e-07,0.00018650278798304498,0.0001865034137153998,7e267c0bf303542b
2,day2_n8_topk_seed42,42,110,0,False,False,True,0.7976,0.0,-0.6988194,0.084421106,-4.28426403686899e-07,0.0001933684980031103,0.00019336897821631283,7e267c0bf303542b
2,day2_n8_topk_seed42,42,110,1,False,False,True,0.7944,0.0,0.13217898,-0.055055544,1.636737501087282e-08,0.00018710328731685877,0.00018710328731685877,7e267c0bf303542b
2,day2_n8_topk_seed42,42,110,2,False,False,True,0.798,0.0,-0.2899104,0.4169678,1.8587321903851262e-07,0.00018860567070078105,0.00018860575801227242,7e267c0bf303542b
2,day2_n8_topk_seed42,42,110,3,False,False,True,0.7946,0.0,-0.06631258,-0.7137834,-5.935727926953405e-07,0.0001909020502353087,0.00019090298155788332,7e267c0bf303542b
2,day2_n8_topk_seed42,42,110,4,False,False,True,0.7884,0.0,0.13878134,0.019295285,9.977527692939248e-10,0.0001842262427089736,0.0001842262427089736,7e267c0bf303542b
2,day2_n8_topk_seed42,42,110,5,False,False,True,0.7936,0.0,0.4289331,0.36447018,6.407732122681864e-09,0.00019372043607290834,0.00019372045062482357,7e267c0bf303542b
2,day2_n8_topk_seed42,42,110,6,False,False,True,0.796,0.0,0.18913704,0.005249801,-2.482131549186306e-07,0.00018774339696392417,0.00018774355703499168,7e267c0bf303542b
2,day2_n8_topk_seed42,42,110,7,False,False,True,0.7926,0.0,0.16601203,-0.12156596,-2.897001252222253e-07,0.00018349265155848116,0.0001834928843891248,7e267c0bf303542b
2,day2_n8_topk_seed42,42,111,0,False,False,True,0.8016,0.0,-0.14708315,-0.30718726,-7.35895326897662e-08,0.00019389588851481676,0.000193895903066732,7e267c0bf303542b
2,day2_n8_topk_seed42,42,111,1,False,False,True,0.7992,0.0,0.9267036,0.10923104,1.7698064880278253e-07,0.00021248238044790924,0.00021248245320748538,7e267c0bf303542b
2,day2_n8_topk_seed42,42,111,2,False,False,True,0.789,0.0,-0.14577456,-0.18878044,-2.84461361133026e-08,0.00019131138105876744,0.00019131138105876744,7e267c0bf303542b
2,day2_n8_topk_seed42,42,111,3,False,False,True,0.7984,0.0,-0.09856508,-0.17011327,-4.951986625201243e-07,0.0001930851285578683,0.00019308575429022312,7e267c0bf303542b
2,day2_n8_topk_seed42,42,111,4,False,False,True,0.7952,0.0,-0.123049825,-0.10930615,-3.5960729860562424e-07,0.00019965780666097999,0.000199658126803115,7e267c0bf303542b
2,day2_n8_topk_seed42,42,111,5,False,False,True,0.7966,0.0,-0.25611657,0.85437447,-7.075388452904008e-07,0.0002058893587673083,0.00020589056657627225,7e267c0bf303542b
2,day2_n8_topk_seed42,42,111,6,False,False,True,0.7892,0.0,-0.091450594,-0.09352451,-9.909143727782066e-08,0.00019394184346310794,0.0001939418725669384,7e267c0bf303542b
2,day2_n8_topk_seed42,42,111,7,False,False,True,0.7942,0.0,-0.06466414,-0.09469372,-5.170769554752042e-07,0.0001888807164505124,0.0001888814294943586,7e267c0bf303542b
2,day2_n8_topk_seed42,42,112,0,False,False,True,0.7962,0.0,0.00500038,-0.18096289,-4.161973876648517e-08,0.00019319300190545619,0.00019319298735354096,7e267c0bf303542b
2,day2_n8_topk_seed42,42,112,1,False,False,True,0.7898,0.0,0.051874936,-0.019889606,2.101136260534986e-07,0.00019026447262149304,0.00019026458903681487,7e267c0bf303542b
2,day2_n8_topk_seed42,42,112,2,False,False,True,0.7902,0.0,0.43004817,0.30919096,9.833360792299572e-08,0.00019842488109134138,0.0001984248956432566,7e267c0bf303542b
2,day2_n8_topk_seed42,42,112,3,False,False,True,0.7986,0.0,-0.21527623,0.6149829,-2.060533290659805e-07,0.0001989624579437077,0.00019896257435902953,7e267c0bf303542b
2,day2_n8_topk_seed42,42,112,4,False,False,True,0.8032,0.0,0.07253084,-0.006283243,3.416247693621699e-07,0.0001882016222225502,0.00018820194236468524,7e267c0bf303542b
2,day2_n8_topk_seed42,42,112,5,False,False,True,0.795,0.0,-0.77377325,-0.14676641,5.006692163078696e-07,0.00020119675900787115,0.0002011973992921412,7e267c0bf303542b
2,day2_n8_topk_seed42,42,112,6,False,False,True,0.7958,0.0,0.1986143,-0.6171375,8.766013337435652e-08,0.00020158031838946044,0.00020158033294137567,7e267c0bf303542b
2,day2_n8_topk_seed42,42,112,7,False,False,True,0.7958,0.0,0.23098148,0.046865467,-4.6840770551170863e-07,0.00019050823175348341,0.00019050881383009255,7e267c0bf303542b
2,day2_n8_topk_seed42,42,113,0,False,False,True,0.7916,0.0,-0.07892549,-0.15393326,1.2115991410155402e-07,0.0002028997550951317,0.00020289979875087738,7e267c0bf303542b
2,day2_n8_topk_seed42,42,113,1,False,False,True,0.7928,0.0,-0.03408826,-0.09509818,5.93221685107892e-08,0.0001978677319129929,0.00019786774646490812,7e267c0bf303542b
2,day2_n8_topk_seed42,42,113,2,False,False,True,0.7964,0.0,0.8702076,0.23297629,3.707291398313828e-07,0.00020760651386808604,0.00020760683401022106,7e267c0bf303542b
2,day2_n8_topk_seed42,42,113,3,False,False,True,0.8006,0.0,-0.266593,-0.22729142,-5.605244268735987e-07,0.0001978793297894299,0.00019788011559285223,7e267c0bf303542b
2,day2_n8_topk_seed42,42,113,4,False,False,True,0.7994,0.0,-0.07051549,0.08764646,-2.3253572578596504e-07,0.00019435085414443165,0.00019435099966358393,7e267c0bf303542b
2,day2_n8_topk_seed42,42,113,5,False,False,True,0.7928,0.0,-0.36724386,0.7761382,-1.781945542234098e-07,0.00020488930749706924,0.0002048893948085606,7e267c0bf303542b
2,day2_n8_topk_seed42,42,113,6,False,False,True,0.7962,0.0,-0.0020701431,-0.3903611,2.3826785877645307e-07,0.00020012367167510092,0.0002001238171942532,7e267c0bf303542b
2,day2_n8_topk_seed42,42,113,7,False,False,True,0.7962,0.0,-0.050770953,-0.23007706,4.711258156930853e-07,0.00020002445671707392,0.00020002499513793737,7e267c0bf303542b
2,day2_n8_topk_seed42,42,114,0,False,False,True,0.8024,0.0,-0.17583798,0.58217657,-2.8782295657947543e-07,0.00020691407553385943,0.00020691427926067263,7e267c0bf303542b
2,day2_n8_topk_seed42,42,114,1,False,False,True,0.7924,0.0,-0.5293999,-0.33337668,4.4834746404376347e-07,0.0002068256726488471,0.00020682615286204964,7e267c0bf303542b
2,day2_n8_topk_seed42,42,114,2,False,False,True,0.795,0.0,-0.17333284,0.5554877,-6.916859263128572e-08,0.00020539990509860218,0.0002053999196505174,7e267c0bf303542b
2,day2_n8_topk_seed42,42,114,3,False,False,True,0.7864,0.0,0.085032836,-0.2848466,-2.799817195864307e-07,0.0002040291583398357,0.00020402933296281844,7e267c0bf303542b
2,day2_n8_topk_seed42,42,114,4,False,False,True,0.7958,0.0,-0.07479442,-0.046460327,-7.72463835119197e-08,0.0001939847134053707,0.00019398472795728594,7e267c0bf303542b
2,day2_n8_topk_seed42,42,114,5,False,False,True,0.796,0.0,0.8100638,0.065376535,-1.4109267532091962e-08,0.000211293765460141,0.000211293765460141,7e267c0bf303542b
2,day2_n8_topk_seed42,42,114,6,False,False,True,0.7972,0.0,0.072908185,-0.20481233,-6.629563813476125e-07,0.00019644328858703375,0.00019644440908450633,7e267c0bf303542b
2,day2_n8_topk_seed42,42,114,7,False,False,True,0.7958,0.0,-0.014640159,-0.33354393,-2.957903291189723e-07,0.00020496778597589582,0.00020496798970270902,7e267c0bf303542b
2,day2_n8_topk_seed42,42,115,0,False,False,True,0.8,0.0,0.5941961,0.57106626,-9.582884530345837e-08,0.0002083374565700069,0.00020833747112192214,7e267c0bf303542b
2,day2_n8_topk_seed42,42,115,1,False,False,True,0.7944,0.0,-0.6919028,0.4698969,2.9972710535730585e-07,0.0002138678974006325,0.00021386811567936093,7e267c0bf303542b
2,day2_n8_topk_seed42,42,115,2,False,False,True,0.7986,0.0,0.085753635,0.29006958,-1.1688783274621528e-07,0.00020624090393539518,0.0002062409184873104,7e267c0bf303542b
2,day2_n8_topk_seed42,42,115,3,False,False,True,0.7974,0.0,-0.1420319,-0.30820218,-4.869474992119649e-07,0.00020703335758298635,0.00020703392510768026,7e267c0bf303542b
2,day2_n8_topk_seed42,42,115,4,False,False,True,0.8024,0.0,-0.2140312,-0.2296836,1.3014124533583526e-07,0.00020130566554144025,0.0002013056946452707,7e267c0bf303542b
2,day2_n8_topk_seed42,42,115,5,False,False,True,0.7966,0.0,0.31570774,-0.37801418,-2.960863980661088e-07,0.00020766773377545178,0.00020766793750226498,7e267c0bf303542b
2,day2_n8_topk_seed42,42,115,6,False,False,True,0.7912,0.0,0.13181442,-0.21613844,-4.925764756080753e-07,0.00020149152260273695,0.0002014921192312613,7e267c0bf303542b
2,day2_n8_topk_seed42,42,115,7,False,False,True,0.8014,0.0,-0.07950597,-0.19899431,-5.217663670009642e-07,0.00020249276713002473,0.00020249345107004046,7e267c0bf303542b
2,day2_n8_topk_seed42,42,116,0,False,False,True,0.8006,0.0,-0.119927414,0.08784389,-5.912852998335438e-07,0.00020473028416745365,0.0002047311281785369,7e267c0bf303542b
2,day2_n8_topk_seed42,42,116,1,False,False,True,0.7908,0.0,-0.21512507,-0.033608787,1.6159846438768e-07,0.00020779587794095278,0.0002077959361486137,7e267c0bf303542b
2,day2_n8_topk_seed42,42,116,2,False,False,True,0.7942,0.0,-0.5497094,0.23134771,-6.148887337076303e-07,0.00021072138042654842,0.00021072226809337735,7e267c0bf303542b
2,day2_n8_topk_seed42,42,116,3,False,False,True,0.7924,0.0,0.5701492,0.7398226,-4.3724455167648557e-07,0.00021559899323619902,0.0002155994443455711,7e267c0bf303542b
2,day2_n8_topk_seed42,42,116,4,False,False,True,0.798,0.0,-0.12705468,-0.15640485,-3.3945826150016956e-09,0.00020311256230343133,0.00020311256230343133,7e267c0bf303542b
2,day2_n8_topk_seed42,42,116,5,False,False,True,0.7954,0.0,0.57765156,-0.5097935,-6.12028543400811e-07,0.00021677212498616427,0.00021677299810107797,7e267c0bf303542b
2,day2_n8_topk_seed42,42,116,6,False,False,True,0.7958,0.0,0.028333522,-0.39316356,-4.554269139589451e-07,0.00020970711193513125,0.00020970760670024902,7e267c0bf303542b
2,day2_n8_topk_seed42,42,116,7,False,False,True,0.7984,0.0,-0.16431825,0.03395701,-3.7638997696376464e-07,0.0002013462653849274,0.00020134661463089287,7e267c0bf303542b
2,day2_n8_topk_seed42,42,117,0,False,False,True,0.7926,0.0,-0.19248268,-0.49915215,-7.356019438020667e-08,0.00021488020138349384,0.00021488021593540907,7e267c0bf303542b
2,day2_n8_topk_seed42,42,117,1,False,False,True,0.7986,0.0,0.07404079,-0.2886722,7.771598689032544e-07,0.00021820330584887415,0.00021820468828082085,7e267c0bf303542b
2,day2_n8_topk_seed42,42,117,2,False,False,True,0.7918,0.0,0.91242313,0.33407977,-6.585612482012948e-07,0.00022735839593224227,0.00022735935635864735,7e267c0bf303542b
2,day2_n8_topk_seed42,42,117,3,False,False,True,0.8024,0.0,-0.23625179,-0.016221957,-2.2233790275549836e-07,0.0002142159646609798,0.00021421608107630163,7e267c0bf303542b
2,day2_n8_topk_seed42,42,117,4,False,False,True,0.802,0.0,-0.012395185,-0.10047566,8.441327992159131e-08,0.0002040956896962598,0.00020409571880009025,7e267c0bf303542b
2,day2_n8_topk_seed42,42,117,5,False,False,True,0.8018,0.0,-0.49138448,0.79295486,-1.2622619749436126e-07,0.00022253846691455692,0.00022253849601838738,7e267c0bf303542b
2,day2_n8_topk_seed42,42,117,6,False,False,True,0.7988,0.0,0.03940056,-0.11849656,-1.9502492065726074e-08,0.00021078412828501314,0.00021078412828501314,7e267c0bf303542b
2,day2_n8_topk_seed42,42,117,7,False,False,True,0.7974,0.0,-0.09334981,-0.1040161,-4.0250860422474943e-08,0.00020407266856636852,0.00020407266856636852,7e267c0bf303542b
2,day2_n8_topk_seed42,42,118,0,False,False,True,0.8002,0.0,-0.21243979,-0.17616759,1.353950551674643e-07,0.0002173518150812015,0.00021735185873694718,7e267c0bf303542b
2,day2_n8_topk_seed42,42,118,1,False,False,True,0.7942,0.0,0.058149613,0.23074825,1.488423606588185e-07,0.00021253475279081613,0.00021253481099847704,7e267c0bf303542b
2,day2_n8_topk_seed42,42,118,2,False,False,True,0.8002,0.0,0.9479308,0.029777028,-3.8660672885271197e-07,0.00022182989050634205,0.00022183023975230753,7e267c0bf303542b
2,day2_n8_topk_seed42,42,118,3,False,False,True,0.794,0.0,-0.30593267,-0.03141304,-1.9408803098031058e-07,0.00021239995840005577,0.0002124000311596319,7e267c0bf303542b
2,day2_n8_topk_seed42,42,118,4,False,False,True,0.7968,0.0,-0.17931093,0.24495621,1.8141581392683293e-07,0.00020623272575903684,0.00020623279851861298,7e267c0bf303542b
2,day2_n8_topk_seed42,42,118,5,False,False,True,0.801,0.0,-0.016022628,-0.8512867,-6.035573818508055e-08,0.0002155187539756298,0.0002155187539756298,7e267c0bf303542b
2,day2_n8_topk_seed42,42,118,6,False,False,True,0.799,0.0,-0.075306594,0.43542266,1.3911939156230346e-08,0.0002093805669574067,0.0002093805669574067,7e267c0bf303542b
2,day2_n8_topk_seed42,42,118,7,False,False,True,0.7934,0.0,-0.21706775,0.117963135,1.717030073677961e-07,0.00021155588910914958,0.0002115559473168105,7e267c0bf303542b
2,day2_n8_topk_seed42,42,119,0,False,False,True,0.8034,0.0,0.19864959,0.23359752,-5.0260840822602404e-08,0.00021230171842034906,0.00021230171842034906,7e267c0bf303542b
2,day2_n8_topk_seed42,42,119,1,False,False,True,0.7932,0.0,0.13180196,-0.98460704,1.55645281552097e-07,0.0002277843450428918,0.00022778440325055271,7e267c0bf303542b
2,day2_n8_topk_seed42,42,119,2,False,False,True,0.7904,0.0,0.31742093,0.26915297,2.94217358032256e-07,0.00021633210417348891,0.00021633229334838688,7e267c0bf303542b
2,day2_n8_topk_seed42,42,119,3,False,False,True,0.8018,0.0,-0.9962015,0.043725464,-1.0403221750721059e-07,0.0002287465031258762,0.00022874651767779142,7e267c0bf303542b
2,day2_n8_topk_seed42,42,119,4,False,False,True,0.7988,0.0,0.074889824,0.065896995,2.0967469538391015e-08,0.00020156678510829806,0.00020156678510829806,7e267c0bf303542b
2,day2_n8_topk_seed42,42,119,5,False,False,True,0.7952,0.0,0.10681204,0.17336695,-7.36163030978787e-07,0.00021134655980858952,0.00021134784037712961,7e267c0bf303542b
2,day2_n8_topk_seed42,42,119,6,False,False,True,0.7964,0.0,0.10033416,0.14268549,-2.0801965661121358e-07,0.0002079425030387938,0.0002079426049022004,7e267c0bf303542b
2,day2_n8_topk_seed42,42,119,7,False,False,True,0.7948,0.0,0.06629205,0.05618137,6.798816798436746e-08,0.0002140284050256014,0.00021402841957751662,7e267c0bf303542b
2,day2_n8_topk_seed42,42,120,0,False,False,True,0.798,0.0,0.14814194,-0.44349945,-1.8494618814202113e-07,0.00021620972256641835,0.0002162097953259945,7e267c0bf303542b
2,day2_n8_topk_seed42,42,120,1,False,False,True,0.7944,0.0,-0.19013275,0.35337213,3.499002900753112e-07,0.00022331424406729639,0.0002233145060017705,7e267c0bf303542b
2,day2_n8_topk_seed42,42,120,2,False,False,True,0.804,0.0,-0.19585152,-0.11302261,-4.810307814295811e-07,0.0002227305667474866,0.0002227310906164348,7e267c0bf303542b
2,day2_n8_topk_seed42,42,120,3,False,False,True,0.8024,0.0,0.188876,-0.7272588,-2.30352540597778e-07,0.00022043815988581628,0.00022043829085305333,7e267c0bf303542b
2,day2_n8_topk_seed42,42,120,4,False,False,True,0.798,0.0,-0.16206089,0.099112846,-2.521910289488005e-07,0.0002148559142369777,0.00021485605975612998,7e267c0bf303542b
2,day2_n8_topk_seed42,42,120,5,False,False,True,0.79,0.0,0.88851386,0.44290006,-8.517274068253755e-07,0.00022681464906781912,0.00022681624977849424,7e267c0bf303542b
2,day2_n8_topk_seed42,42,120,6,False,False,True,0.803,0.0,-0.31550294,0.24196735,-3.3052313597181637e-07,0.0002168337960029021,0.00021683404338546097,7e267c0bf303542b
2,day2_n8_topk_seed42,42,120,7,False,False,True,0.7934,0.0,-0.36198264,0.14642864,-3.0037668352633773e-07,0.00022333639208227396,0.00022333658125717193,7e267c0bf303542b
2,day2_n8_topk_seed42,42,121,0,False,False,True,0.802,0.0,0.22085948,0.47420394,-5.834557725847844e-08,0.00022202645777724683,0.00022202645777724683,7e267c0bf303542b
2,day2_n8_topk_seed42,42,121,1,False,False,True,0.7976,0.0,0.31675625,0.11281548,8.388129231207131e-07,0.00022605375852435827,0.0002260553155792877,7e267c0bf303542b
2,day2_n8_topk_seed42,42,121,2,False,False,True,0.7952,0.0,0.20871198,-0.9201228,5.612205100646861e-08,0.0002287358365720138,0.0002287358365720138,7e267c0bf303542b
2,day2_n8_topk_seed42,42,121,3,False,False,True,0.7958,0.0,-0.00895791,-0.11416636,-4.256800707480579e-07,0.0002224710478913039,0.0002224714553449303,7e267c0bf303542b
2,day2_n8_topk_seed42,42,121,4,False,False,True,0.7998,0.0,0.06326814,0.018633638,-1.860017420085569e-07,0.00021361371909733862,0.00021361379185691476,7e267c0bf303542b
2,day2_n8_topk_seed42,42,121,5,False,False,True,0.7974,0.0,-0.98972654,0.0226331,4.4106644736530143e-07,0.0002316221798537299,0.0002316225873073563,7e267c0bf303542b
2,day2_n8_topk_seed42,42,121,6,False,False,True,0.801,0.0,-0.034612052,0.07375229,-2.0399239986090834e-07,0.00021562368783634156,0.00021562378969974816,7e267c0bf303542b
2,day2_n8_topk_seed42,42,121,7,False,False,True,0.7952,0.0,0.22370188,0.33224982,1.4971102757499466e-07,0.00022255150543060154,0.00022255154908634722,7e267c0bf303542b
2,day2_n8_topk_seed42,42,122,0,False,False,True,0.7978,0.0,1.0264323,0.28760952,5.480584945871669e-07,0.00024078057322185487,0.00024078119895420969,7e267c0bf303542b
2,day2_n8_topk_seed42,42,122,1,False,False,True,0.802,0.0,-0.07505387,-0.46721408,2.679689714568667e-07,0.0002284140937263146,0.00022841425379738212,7e267c0bf303542b
2,day2_n8_topk_seed42,42,122,2,False,False,True,0.7946,0.0,-0.23427533,-0.23802687,-1.5326413915772719e-07,0.0002278097381349653,0.00022780979634262621,7e267c0bf303542b
2,day2_n8_topk_seed42,42,122,3,False,False,True,0.795,0.0,-0.021447767,-0.20742828,-5.891422460990725e-07,0.0002270888799102977,0.00022708963660988957,7e267c0bf303542b
2,day2_n8_topk_seed42,42,122,4,False,False,True,0.8042,0.0,-0.06165539,-0.060492605,-4.529440786882333e-07,0.00021030838252045214,0.00021030889183748513,7e267c0bf303542b
2,day2_n8_topk_seed42,42,122,5,False,False,True,0.7984,0.0,-0.4490096,0.9270502,-2.502027030004683e-07,0.00023957726079970598,0.00023957739176694304,7e267c0bf303542b
2,day2_n8_topk_seed42,42,122,6,False,False,True,0.7966,0.0,-0.055010933,-0.12479165,-4.6726512437089696e-07,0.00021838367683812976,0.00021838417160324752,7e267c0bf303542b
2,day2_n8_topk_seed42,42,122,7,False,False,True,0.7926,0.0,-0.12997873,-0.11670579,-1.6870322383510938e-07,0.00022788692149333656,0.0002278869942529127,7e267c0bf303542b
2,day2_n8_topk_seed42,42,123,0,False,False,True,0.8006,0.0,-0.17702816,0.021231983,-7.952491500873293e-07,0.00022050089319236577,0.00022050231928005815,7e267c0bf303542b
2,day2_n8_topk_seed42,42,123,1,False,False,True,0.7964,0.0,-0.10304733,-0.07393203,-3.9979826738090196e-07,0.00022487067326437682,0.00022487103706225753,7e267c0bf303542b
2,day2_n8_topk_seed42,42,123,2,False,False,True,0.8008,0.0,-0.604389,0.053223945,2.9872833096078466e-08,0.00023208461061585695,0.00023208461061585695,7e267c0bf303542b
2,day2_n8_topk_seed42,42,123,3,False,False,True,0.8028,0.0,0.56175476,-0.78583103,-4.173080583314004e-07,0.0002328627888346091,0.00023286316718440503,7e267c0bf303542b
2,day2_n8_topk_seed42,42,123,4,False,False,True,0.7988,0.0,-0.016326126,-0.028071215,-3.6559984550876834e-07,0.00021595989528577775,0.00021596021542791277,7e267c0bf303542b
2,day2_n8_topk_seed42,42,123,5,False,False,True,0.7946,0.0,0.66326576,0.7621384,-7.276074711626279e-07,0.00023316768056247383,0.00023316881561186165,7e267c0bf303542b
2,day2_n8_topk_seed42,42,123,6,False,False,True,0.8028,0.0,-0.28431487,0.139775,-3.7902006511103536e-07,0.00022555608302354813,0.00022555641771759838,7e267c0bf303542b
2,day2_n8_topk_seed42,42,123,7,False,False,True,0.801,0.0,-0.03991497,-0.08853518,-3.433966071497707e-07,0.00022498455655295402,0.00022498481848742813,7e267c0bf303542b
2,day2_n8_topk_seed42,42,124,0,False,False,True,0.7978,0.0,0.17615078,-0.43395323,-8.933297124258388e-08,0.00022553758753929287,0.0002255376020912081,7e267c0bf303542b
2,day2_n8_topk_seed42,42,124,1,False,False,True,0.7994,0.0,0.14681463,-0.03348797,4.7284746074183204e-07,0.00022765540052205324,0.000227655895287171,7e267c0bf303542b
2,day2_n8_topk_seed42,42,124,2,False,False,True,0.806,0.0,0.2324009,-0.24083816,6.924184248191523e-08,0.0002238114975625649,0.0002238114975625649,7e267c0bf303542b
2,day2_n8_topk_seed42,42,124,3,False,False,True,0.8028,0.0,-0.10568412,0.9220337,-1.0724791366101272e-07,0.00022551575966645032,0.000225515803322196,7e267c0bf303542b
2,day2_n8_topk_seed42,42,124,4,False,False,True,0.8088,0.0,0.04559849,-0.030514816,-2.848871076821524e-07,0.0002155247057089582,0.00021552489488385618,7e267c0bf303542b
2,day2_n8_topk_seed42,42,124,5,False,False,True,0.7992,0.0,-0.98502284,-0.19259655,-2.2271846944477147e-07,0.00023303109628614038,0.0002330312127014622,7e267c0bf303542b
2,day2_n8_topk_seed42,42,124,6,False,False,True,0.8016,0.0,0.12172673,-0.17462873,-8.242547551162716e-07,0.00021877493418287486,0.00021877650578971952,7e267c0bf303542b
2,day2_n8_topk_seed42,42,124,7,False,False,True,0.802,0.0,0.36801553,0.18398498,-2.2208415373370372e-07,0.0002230132231488824,0.00022301333956420422,7e267c0bf303542b
2,day2_n8_topk_seed42,42,125,0,False,False,True,0.8046,0.0,-0.15809056,-0.20004149,3.102086338913068e-07,0.00023138003598432988,0.00023138023971114308,7e267c0bf303542b
2,day2_n8_topk_seed42,42,125,1,False,False,True,0.7982,0.0,0.62680787,-0.11987612,7.677838880226773e-07,0.00023521478578913957,0.00023521605180576444,7e267c0bf303542b
2,day2_n8_topk_seed42,42,125,2,False,False,True,0.8034,0.0,0.022103382,1.0417101,2.747736687069846e-07,0.00023613184748683125,0.00023613199300598353,7e267c0bf303542b
2,day2_n8_topk_seed42,42,125,3,False,False,True,0.803,0.0,0.053669978,-0.28860104,-3.382753561709251e-07,0.00022841565078124404,0.00022841589816380292,7e267c0bf303542b
2,day2_n8_topk_seed42,42,125,4,False,False,True,0.7962,0.0,0.15215537,-0.17376173,-2.3576026819682738e-07,0.00022195147175807506,0.00022195158817339689,7e267c0bf303542b
2,day2_n8_topk_seed42,42,125,5,False,False,True,0.8022,0.0,-0.9083749,-0.08348352,-2.628245852065447e-07,0.0002397624630248174,0.0002397626085439697,7e267c0bf303542b
2,day2_n8_topk_seed42,42,125,6,False,False,True,0.7988,0.0,0.16611952,-0.04474446,-3.573348408281163e-07,0.0002269936230732128,0.0002269939286634326,7e267c0bf303542b
2,day2_n8_topk_seed42,42,125,7,False,False,True,0.806,0.0,0.045608234,-0.1312019,-4.350382596385316e-07,0.00022100028581917286,0.00022100070782471448,7e267c0bf303542b
2,day2_n8_topk_seed42,42,126,0,False,False,True,0.802,0.0,0.40735662,-0.31982067,-8.468482519674581e-07,0.00023067661095410585,0.00023067815345712006,7e267c0bf303542b
2,day2_n8_topk_seed42,42,126,1,False,False,True,0.8002,0.0,0.6289463,0.31932276,3.073275536280562e-07,0.00023588709882460535,0.00023588730255141854,7e267c0bf303542b
2,day2_n8_topk_seed42,42,126,2,False,False,True,0.8018,0.0,-0.04642863,-0.1836736,4.971952876076102e-07,0.0002315285091754049,0.00023152904759626836,7e267c0bf303542b
2,day2_n8_topk_seed42,42,126,3,False,False,True,0.7978,0.0,-0.3095033,0.9321608,-5.069187523076835e-07,0.00023386982502415776,0.00023387037799693644,7e267c0bf303542b
2,day2_n8_topk_seed42,42,126,4,False,False,True,0.8054,0.0,0.106605805,-0.10243362,-5.029701810599363e-07,0.00022783642634749413,0.0002278369793202728,7e267c0bf303542b
2,day2_n8_topk_seed42,42,126,5,False,False,True,0.801,0.0,-0.7648233,-0.31205243,-4.7149461579465424e-07,0.00023685360793024302,0.00023685407359153032,7e267c0bf303542b
2,day2_n8_topk_seed42,42,126,6,False,False,True,0.7974,0.0,0.13014196,-0.24470058,-5.81914093800151e-07,0.0002295038430020213,0.00022950457059778273,7e267c0bf303542b
2,day2_n8_topk_seed42,42,126,7,False,False,True,0.8006,0.0,-0.15229614,-0.08880221,-5.806422223031404e-07,0.00022536904725711793,0.00022536978940479457,7e267c0bf303542b
2,day2_n8_topk_seed42,42,127,0,False,False,True,0.7916,0.0,-0.17237161,-0.21034756,-9.848402271472878e-08,0.00023565086303278804,0.00023565087758470327,7e267c0bf303542b
2,day2_n8_topk_seed42,42,127,1,False,False,True,0.8012,0.0,1.0238024,-0.21823618,2.2212654471331916e-07,0.0002444752608425915,0.0002444753481540829,7e267c0bf303542b
2,day2_n8_topk_seed42,42,127,2,False,False,True,0.7968,0.0,-0.016964192,0.5177686,-2.874469373637112e-07,0.0002347280824324116,0.00023472825705539435,7e267c0bf303542b
2,day2_n8_topk_seed42,42,127,3,False,False,True,0.797,0.0,-0.46284,-0.73268163,-5.904705631110119e-07,0.00023976480588316917,0.00023976551892701536,7e267c0bf303542b
2,day2_n8_topk_seed42,42,127,4,False,False,True,0.8054,0.0,-0.029759087,-0.122878484,-5.436845995632211e-08,0.00022619635274168104,0.00022619635274168104,7e267c0bf303542b
2,day2_n8_topk_seed42,42,127,5,False,False,True,0.8032,0.0,-0.21089734,0.6302012,-7.988080596987857e-07,0.00023833430896047503,0.00023833564773667604,7e267c0bf303542b
2,day2_n8_topk_seed42,42,127,6,False,False,True,0.8038,0.0,-0.13004605,0.106728666,-2.2873696536862553e-07,0.00022824734332971275,0.0002282474742969498,7e267c0bf303542b
2,day2_n8_topk_seed42,42,127,7,False,False,True,0.798,0.0,-0.0009234571,0.029446684,1.686797759248293e-07,0.00022916827583685517,0.00022916831949260086,7e267c0bf303542b
2,day2_n8_topk_seed42,42,128,0,False,False,True,0.8026,0.0,0.53907496,0.6777419,-2.9438996307362686e-07,0.00024194993602577597,0.00024195009609684348,7e267c0bf303542b
2,day2_n8_topk_seed42,42,128,1,False,False,True,0.8004,0.0,0.070495725,-0.56217796,-1.5683534471122584e-08,0.00023631236399523914,0.00023631236399523914,7e267c0bf303542b
2,day2_n8_topk_seed42,42,128,2,False,False,True,0.796,0.0,0.1556261,-0.39799452,-5.156914539838908e-07,0.00023557829263154417,0.00023557884560432285,7e267c0bf303542b
2,day2_n8_topk_seed42,42,128,3,False,False,True,0.8024,0.0,-0.08384852,0.16100906,-1.0126586680314631e-08,0.00023763923672959208,0.00023763923672959208,7e267c0bf303542b
2,day2_n8_topk_seed42,42,128,4,False,False,True,0.8032,0.0,0.06396842,-0.29553375,-4.063793994646403e-07,0.00022847259242553264,0.00022847295622341335,7e267c0bf303542b
2,day2_n8_topk_seed42,42,128,5,False,False,True,0.8014,0.0,-1.0138063,0.28316012,-5.96294853494328e-07,0.0002453196793794632,0.0002453204069752246,7e267c0bf303542b
2,day2_n8_topk_seed42,42,128,6,False,False,True,0.8016,0.0,0.07352622,-0.24379267,-5.127531608195568e-07,0.00023194342793431133,0.00023194398090709,7e267c0bf303542b
2,day2_n8_topk_seed42,42,128,7,False,False,True,0.8004,0.0,0.19496354,0.37758693,-1.2714957620119094e-06,0.00023783223878126591,0.00023783564392942935,7e267c0bf303542b
2,day2_n8_topk_seed42,42,129,0,False,False,True,0.8028,0.0,1.0977594,0.24099113,-3.162195696404524e-07,0.00025453802663832903,0.0002545382303651422,7e267c0bf303542b
2,day2_n8_topk_seed42,42,129,1,False,False,True,0.802,0.0,-0.15081355,0.14693514,1.8175030902511935e-07,0.00024562483304180205,0.00024562489124946296,7e267c0bf303542b
2,day2_n8_topk_seed42,42,129,2,False,False,True,0.7948,0.0,-0.18061496,0.36206746,-4.3827964191223145e-07,0.00024223182117566466,0.00024223221407737583,7e267c0bf303542b
2,day2_n8_topk_seed42,42,129,3,False,False,True,0.7978,0.0,-0.2645474,-0.023704616,-8.506782478434616e-08,0.00024413352366536856,0.00024413355276919901,7e267c0bf303542b
2,day2_n8_topk_seed42,42,129,4,False,False,True,0.7984,0.0,0.08535071,-1.0832578,3.8525993772964284e-07,0.0002490290207788348,0.0002490293118171394,7e267c0bf303542b
2,day2_n8_topk_seed42,42,129,5,False,False,True,0.7936,0.0,-0.38435456,0.19501154,-3.119116342986672e-07,0.0002471522893756628,0.000247152493102476,7e267c0bf303542b
2,day2_n8_topk_seed42,42,129,6,False,False,True,0.8022,0.0,-0.11374548,0.058130525,-6.635673912569473e-07,0.0002322418731637299,0.00023224283359013498,7e267c0bf303542b
2,day2_n8_topk_seed42,42,129,7,False,False,True,0.8026,0.0,-0.089034416,0.103827134,4.594830471660316e-08,0.0002350290451431647,0.00023502905969507992,7e267c0bf303542b
2,day2_n8_topk_seed42,42,130,0,False,False,True,0.7926,0.0,-0.012815471,-0.31526604,-5.435855428004288e-07,0.00023908252478577197,0.00023908315051812679,7e267c0bf303542b
2,day2_n8_topk_seed42,42,130,1,False,False,True,0.7978,0.0,-1.0520061,0.45811543,-5.778108302934015e-08,0.0002598547434899956,0.0002598547434899956,7e267c0bf303542b
2,day2_n8_topk_seed42,42,130,2,False,False,True,0.8012,0.0,0.14023164,-0.39519,-2.205125610998948e-07,0.0002494185173418373,0.00024941860465332866,7e267c0bf303542b
2,day2_n8_topk_seed42,42,130,3,False,False,True,0.8054,0.0,0.21922112,-0.03926877,-3.1561154401060776e-07,0.0002485336735844612,0.0002485338773112744,7e267c0bf303542b
2,day2_n8_topk_seed42,42,130,4,False,False,True,0.7982,0.0,0.10677995,-0.22274531,-6.623141501904684e-08,0.00023844727547839284,0.00023844729003030807,7e267c0bf303542b
2,day2_n8_topk_seed42,42,130,5,False,False,True,0.8028,0.0,0.59832716,0.94628125,2.737439785960305e-07,0.00025870694662444293,0.0002587070921435952,7e267c0bf303542b
2,day2_n8_topk_seed42,42,130,6,False,False,True,0.796,0.0,-0.05505692,-0.2121781,-8.159934736795549e-07,0.00024191656848415732,0.00024191795091610402,7e267c0bf303542b
2,day2_n8_topk_seed42,42,130,7,False,False,True,0.7992,0.0,0.055319723,-0.21974856,-1.6278673342640104e-07,0.0002364200190640986,0.00023642006271984428,7e267c0bf303542b
2,day2_n8_topk_seed42,42,131,0,False,False,True,0.8022,0.0,-0.18499407,-0.21685416,-5.735889203606348e-07,0.00024722141097299755,0.0002472220512572676,7e267c0bf303542b
2,day2_n8_topk_seed42,42,131,1,False,False,True,0.7992,0.0,-0.8680844,0.6136006,1.5673911946123553e-07,0.0002519696136005223,0.00025196964270435274,7e267c0bf303542b
2,day2_n8_topk_seed42,42,131,2,False,False,True,0.7964,0.0,0.14833763,-0.33258584,-6.800419782848621e-08,0.0002403241815045476,0.00024032419605646282,7e267c0bf303542b
2,day2_n8_topk_seed42,42,131,3,False,False,True,0.7986,0.0,0.0734471,-0.567934,-5.131401508151612e-07,0.0002463353448547423,0.0002463358687236905,7e267c0bf303542b
2,day2_n8_topk_seed42,42,131,4,False,False,True,0.8024,0.0,-0.09295901,-0.015930371,1.3381810504142777e-07,0.00023790444538462907,0.00023790448904037476,7e267c0bf303542b
2,day2_n8_topk_seed42,42,131,5,False,False,True,0.7948,0.0,0.79491025,0.74441653,-6.348367946884537e-07,0.00025163014652207494,0.00025163093232549727,7e267c0bf303542b
2,day2_n8_topk_seed42,42,131,6,False,False,True,0.7948,0.0,0.1293566,-0.07451075,-2.5653665147729043e-07,0.00023819910711608827,0.00023819925263524055,7e267c0bf303542b
2,day2_n8_topk_seed42,42,131,7,False,False,True,0.801,0.0,-1.38613195e-05,-0.15020211,-5.954738071523025e-07,0.00023114169016480446,0.00023114246141631156,7e267c0bf303542b
2,day2_n8_topk_seed42,42,132,0,False,False,True,0.7932,0.0,-0.6678677,0.64373595,-6.71226302983996e-07,0.0002501030685380101,0.0002501039707567543,7e267c0bf303542b
2,day2_n8_topk_seed42,42,132,1,False,False,True,0.7978,0.0,0.013652055,-0.6895245,4.2127119570523064e-08,0.0002453639463055879,0.0002453639463055879,7e267c0bf303542b
2,day2_n8_topk_seed42,42,132,2,False,False,True,0.7992,0.0,0.17521565,-0.18059212,2.8007391961182293e-07,0.00024413209757767618,0.00024413224309682846,7e267c0bf303542b
2,day2_n8_topk_seed42,42,132,3,False,False,True,0.805,0.0,-0.31939173,0.29174367,-6.302587394202419e-07,0.0002485459845047444,0.0002485467994119972,7e267c0bf303542b
2,day2_n8_topk_seed42,42,132,4,False,False,True,0.804,0.0,-0.05990971,-0.17680478,-5.605307364930923e-07,0.00023703613260295242,0.00023703680199105293,7e267c0bf303542b
2,day2_n8_topk_seed42,42,132,5,False,False,True,0.8018,0.0,0.9421777,0.5668413,-3.8312837347120876e-08,0.0002547970798332244,0.00025479710893705487,7e267c0bf303542b
2,day2_n8_topk_seed42,42,132,6,False,False,True,0.7976,0.0,0.03695554,-0.2250946,-1.7253645978598797e-07,0.00024362998374272138,0.00024363005650229752,7e267c0bf303542b
2,day2_n8_topk_seed42,42,132,7,False,False,True,0.802,0.0,-0.12083083,-0.23030479,-4.283909902369487e-07,0.0002376529882894829,0.00023765336663927883,7e267c0bf303542b
2,day2_n8_topk_seed42,42,133,0,False,False,True,0.8068,0.0,0.1395924,0.019656237,-5.15662406996853e-07,0.0002474325301591307,0.00024743308313190937,7e267c0bf303542b
2,day2_n8_topk_seed42,42,133,1,False,False,True,0.8,0.0,0.4358518,0.35623792,1.6292834459363803e-07,0.00025321805151179433,0.0002532180806156248,7e267c0bf303542b
2,day2_n8_topk_seed42,42,133,2,False,False,True,0.7984,0.0,0.40573877,-0.98763746,3.142745583772921e-07,0.00025513197761029005,0.00025513218133710325,7e267c0bf303542b
2,day2_n8_topk_seed42,42,133,3,False,False,True,0.8014,0.0,-0.26825374,0.3843057,-3.2768204505373433e-07,0.00025039308820851147,0.00025039329193532467,7e267c0bf303542b
2,day2_n8_topk_seed42,42,133,4,False,False,True,0.7932,0.0,0.14643697,0.24946094,-2.6169024636146787e-07,0.00024490331998094916,0.00024490346550010145,7e267c0bf303542b
2,day2_n8_topk_seed42,42,133,5,False,False,True,0.7944,0.0,-1.0333005,-0.25169033,-7.031064228613104e-07,0.00025873741833493114,0.0002587383787613362,7e267c0bf303542b
2,day2_n8_topk_seed42,42,133,6,False,False,True,0.8016,0.0,0.15985864,0.31532177,-4.1348599211232795e-07,0.00025429530069231987,0.0002542956208344549,7e267c0bf303542b
2,day2_n8_topk_seed42,42,133,7,False,False,True,0.7886,0.0,0.014075823,-0.085654564,-6.263240379666968e-07,0.00024254110758192837,0.00024254192248918116,7e267c0bf303542b
2,day2_n8_topk_seed42,42,134,0,False,False,True,0.8012,0.0,-0.27854064,-0.22565016,-3.4145082850045583e-07,0.0002554979582782835,0.0002554981620050967,7e267c0bf303542b
2,day2_n8_topk_seed42,42,134,1,False,False,True,0.798,0.0,-0.4746948,-0.26156753,1.891463057290821e-07,0.00025775734684430063,0.00025775740505196154,7e267c0bf303542b
2,day2_n8_topk_seed42,42,134,2,False,False,True,0.7998,0.0,-0.01699432,1.1372643,-1.211419373703393e-07,0.0002624847984407097,0.00026248482754454017,7e267c0bf303542b
2,day2_n8_topk_seed42,42,134,3,False,False,True,0.8002,0.0,-0.011199341,-0.07087786,-3.49259011045433e-07,0.0002535274834372103,0.00025352774537168443,7e267c0bf303542b
2,day2_n8_topk_seed42,42,134,4,False,False,True,0.7954,0.0,-0.13875985,-0.051256903,-4.990621960132557e-07,0.0002482037525624037,0.00024820424732752144,7e267c0bf303542b
2,day2_n8_topk_seed42,42,134,5,False,False,True,0.8004,0.0,1.1281552,-0.18617848,-1.2523601071734447e-06,0.0002663728373590857,0.0002663757768459618,7e267c0bf303542b
2,day2_n8_topk_seed42,42,134,6,False,False,True,0.7964,0.0,-0.099789135,-0.301155,-7.592985298288113e-07,0.00025263678980991244,0.0002526379539631307,7e267c0bf303542b
2,day2_n8_topk_seed42,42,134,7,False,False,True,0.7954,0.0,-0.10817754,-0.040577993,-7.236461669890559e-07,0.00025008886586874723,0.0002500898845028132,7e267c0bf303542b
2,day2_n8_topk_seed42,42,135,0,False,False,True,0.8002,0.0,-0.14797258,0.39566165,-1.548278873997333e-07,0.0002583292662166059,0.00025832929532043636,7e267c0bf303542b
2,day2_n8_topk_seed42,42,135,1,False,False,True,0.7974,0.0,-0.09965591,0.09011604,7.081982289491862e-07,0.0002578939311206341,0.0002578949206508696,7e267c0bf303542b
2,day2_n8_topk_seed42,42,135,2,False,False,True,0.7958,0.0,0.985557,-0.603682,-4.15926251662313e-07,0.00026408795383758843,0.000264088244875893,7e267c0bf303542b
2,day2_n8_topk_seed42,42,135,3,False,False,True,0.8028,0.0,0.18545566,0.66690105,-7.716296295257052e-07,0.0002597450802568346,0.00025974621530622244,7e267c0bf303542b
2,day2_n8_topk_seed42,42,135,4,False,False,True,0.8016,0.0,-0.015129095,0.03206248,4.2703331359916774e-07,0.00024617480812594295,0.0002461751864757389,7e267c0bf303542b
2,day2_n8_topk_seed42,42,135,5,False,False,True,0.8,0.0,-0.7322817,-0.76713157,-6.367517357830366e-07,0.0002605931949801743,0.0002605940098874271,7e267c0bf303542b
2,day2_n8_topk_seed42,42,135,6,False,False,True,0.7982,0.0,-0.171654,0.12942792,-2.631892037641137e-08,0.0002570536744315177,0.0002570536744315177,7e267c0bf303542b
2,day2_n8_topk_seed42,42,135,7,False,False,True,0.7994,0.0,-0.0043192417,0.0566436,-6.143185373730375e-07,0.00024867840693332255,0.0002486791636329144,7e267c0bf303542b
2,day2_n8_topk_seed42,42,136,0,False,False,True,0.802,0.0,-0.14400753,0.28278455,-8.178484449672396e-07,0.00025852638646028936,0.0002585276961326599,7e267c0bf303542b
2,day2_n8_topk_seed42,42,136,1,False,False,True,0.7938,0.0,-0.98422366,-0.12572809,4.867831080446194e-07,0.0002658197481650859,0.00026582018472254276,7e267c0bf303542b
2,day2_n8_topk_seed42,42,136,2,False,False,True,0.7996,0.0,0.31739852,-0.9601809,3.1421888024851796e-07,0.00026431994047015905,0.0002643201150931418,7e267c0bf303542b
2,day2_n8_topk_seed42,42,136,3,False,False,True,0.8012,0.0,-0.02866732,0.6511263,-8.533320965398161e-07,0.0002605820191092789,0.00026058341609314084,7e267c0bf303542b
2,day2_n8_topk_seed42,42,136,4,False,False,True,0.8036,0.0,-0.09695218,-0.0013937162,-4.7323823082479066e-07,0.00024476979160681367,0.000244770257268101,7e267c0bf303542b
2,day2_n8_topk_seed42,42,136,5,False,False,True,0.804,0.0,0.7252466,0.3616532,-8.587488053990455e-08,0.0002647035289555788,0.0002647035289555788,7e267c0bf303542b
2,day2_n8_topk_seed42,42,136,6,False,False,True,0.794,0.0,0.10655236,-0.11739695,-2.389795383805904e-08,0.00025788662605918944,0.00025788662605918944,7e267c0bf303542b
2,day2_n8_topk_seed42,42,136,7,False,False,True,0.7918,0.0,0.10465287,-0.0908642,-4.0031454773270525e-07,0.0002569005882833153,0.00025690087932161987,7e267c0bf303542b
2,day2_n8_topk_seed42,42,137,0,False,False,True,0.7896,0.0,-0.02267959,0.06667108,-5.301843657434802e-07,0.0002572336816228926,0.0002572342345956713,7e267c0bf303542b
2,day2_n8_topk_seed42,42,137,1,False,False,True,0.7998,0.0,-0.9759283,-0.63926923,-2.7463534024718683e-07,0.00027338520158082247,0.0002733853179961443,7e267c0bf303542b
2,day2_n8_topk_seed42,42,137,2,False,False,True,0.7998,0.0,-0.18498665,0.16163994,3.9447286326321773e-07,0.0002613443066366017,0.0002613446267787367,7e267c0bf303542b
2,day2_n8_topk_seed42,42,137,3,False,False,True,0.8032,0.0,0.23791417,0.19039921,-4.266079542958323e-07,0.0002584611065685749,0.0002584614558145404,7e267c0bf303542b
2,day2_n8_topk_seed42,42,137,4,False,False,True,0.7998,0.0,0.091354445,0.22392322,7.648894779777038e-07,0.000254369544563815,0.00025437070871703327,7e267c0bf303542b
2,day2_n8_topk_seed42,42,137,5,False,False,True,0.7924,0.0,0.8047978,-0.8593889,-3.2852554454620986e-07,0.0002676149597391486,0.0002676151634659618,7e267c0bf303542b
2,day2_n8_topk_seed42,42,137,6,False,False,True,0.8016,0.0,-0.039091863,0.332386,2.0341171591553575e-07,0.0002618771977722645,0.00026187728508375585,7e267c0bf303542b
2,day2_n8_topk_seed42,42,137,7,False,False,True,0.805,0.0,0.08862062,0.52363914,-7.373179045089273e-08,0.0002622869797050953,0.0002622869797050953,7e267c0bf303542b
2,day2_n8_topk_seed42,42,138,0,False,False,True,0.8048,0.0,-0.22893876,-0.6132143,-4.1785824578255415e-07,0.0002664729836396873,0.0002664733037818223,7e267c0bf303542b
2,day2_n8_topk_seed42,42,138,1,False,False,True,0.7914,0.0,-0.11847191,0.112642854,6.532126803904248e-07,0.00025995459873229265,0.00025995541363954544,7e267c0bf303542b
2,day2_n8_topk_seed42,42,138,2,False,False,True,0.7994,0.0,-0.3185413,1.0102909,4.5155857719691994e-07,0.00026945676654577255,0.0002694571448955685,7e267c0bf303542b
2,day2_n8_topk_seed42,42,138,3,False,False,True,0.7982,0.0,0.01571032,-0.46277186,9.801848221968612e-08,0.0002620286832097918,0.00026202871231362224,7e267c0bf303542b
2,day2_n8_topk_seed42,42,138,4,False,False,True,0.8074,0.0,-0.11632224,-0.057397474,-8.340298762732345e-08,0.00025367832859046757,0.00025367832859046757,7e267c0bf303542b
2,day2_n8_topk_seed42,42,138,5,False,False,True,0.7872,0.0,1.193666,0.1453637,-4.6671684117427503e-07,0.000274948455626145,0.00027494889218360186,7e267c0bf303542b
2,day2_n8_topk_seed42,42,138,6,False,False,True,0.7984,0.0,-0.1283598,-0.1082872,-4.040255063841869e-08,0.0002621314488351345,0.0002621314488351345,7e267c0bf303542b
2,day2_n8_topk_seed42,42,138,7,False,False,True,0.7912,0.0,-0.2987428,-0.026625914,-7.415719096570683e-07,0.00025893154088407755,0.00025893261772580445,7e267c0bf303542b
2,day2_n8_topk_seed42,42,139,0,False,False,True,0.7914,0.0,-0.22385557,0.2273088,-7.907445933597046e-07,0.00025936224847100675,0.0002593634417280555,7e267c0bf303542b
2,day2_n8_topk_seed42,42,139,1,False,False,True,0.7954,0.0,-0.299933,-1.1527134,7.310385399250663e-07,0.00027346183196641505,0.0002734628214966506,7e267c0bf303542b
2,day2_n8_topk_seed42,42,139,2,False,False,True,0.7998,0.0,1.1008596,-0.0907731,-5.767776656284695e-07,0.0002721930795814842,0.00027219366165809333,7e267c0bf303542b
2,day2_n8_topk_seed42,42,139,3,False,False,True,0.7978,0.0,-0.019672856,0.40523326,-6.417097893063328e-07,0.00026927690487354994,0.0002692776615731418,7e267c0bf303542b
2,day2_n8_topk_seed42,42,139,4,False,False,True,0.808,0.0,-0.108044446,-0.02568631,-5.612942572952306e-07,0.00025224624550901353,0.0002522468857932836,7e267c0bf303542b
2,day2_n8_topk_seed42,42,139,5,False,False,True,0.7968,0.0,-0.6007421,0.3550445,-4.085099192252528e-07,0.00027150815003551543,0.00027150847017765045,7e267c0bf303542b
2,day2_n8_topk_seed42,42,139,6,False,False,True,0.7962,0.0,0.13139021,0.1609804,-1.162128114629013e-06,0.00026258916477672756,0.0002625916968099773,7e267c0bf303542b
2,day2_n8_topk_seed42,42,139,7,False,False,True,0.7938,0.0,0.019997528,0.12060584,-8.66298250912223e-07,0.00026119506219401956,0.0002611965173855424,7e267c0bf303542b
2,day2_n8_topk_seed42,42,140,0,False,False,True,0.8072,0.0,-0.019911055,-0.7215709,-2.324306223044914e-07,0.00027122575556859374,0.00027122587198391557,7e267c0bf303542b
2,day2_n8_topk_seed42,42,140,1,False,False,True,0.8006,0.0,0.20544243,-0.2673367,8.086479397206858e-07,0.0002715695300139487,0.00027157075237482786,7e267c0bf303542b
2,day2_n8_topk_seed42,42,140,2,False,False,True,0.7994,0.0,1.0305079,0.6253877,2.7234442256940383e-08,0.0002775602333713323,0.00027756026247516274,7e267c0bf303542b
2,day2_n8_topk_seed42,42,140,3,False,False,True,0.799,0.0,-0.13215566,0.01835059,-3.7206129377409525e-07,0.00026456068735569715,0.00026456094929017127,7e267c0bf303542b
2,day2_n8_topk_seed42,42,140,4,False,False,True,0.8034,0.0,-0.17837119,0.07193937,-5.892124477213656e-07,0.0002582997258286923,0.0002583004243206233,7e267c0bf303542b
2,day2_n8_topk_seed42,42,140,5,False,False,True,0.7992,0.0,-0.77072954,0.7457503,-5.493782282428583e-07,0.0002739340125117451,0.0002739345654845238,7e267c0bf303542b
2,day2_n8_topk_seed42,42,140,6,False,False,True,0.8024,0.0,-0.20081231,-0.06489637,-3.3104811336670537e-07,0.0002672210393939167,0.0002672212431207299,7e267c0bf303542b
2,day2_n8_topk_seed42,42,140,7,False,False,True,0.8046,0.0,0.06602915,-0.40762362,3.568672468645673e-07,0.00026979544782079756,0.0002697956806514412,7e267c0bf303542b
2,day2_n8_topk_seed42,42,141,0,False,False,True,0.8018,0.0,0.07688971,0.0605314,-1.9733379019726272e-07,0.0002684257342480123,0.0002684257924556732,7e267c0bf303542b
2,day2_n8_topk_seed42,42,141,1,False,False,True,0.794,0.0,0.3165684,0.7422243,-4.754464377754175e-09,0.0002835663908626884,0.0002835663908626884,7e267c0bf303542b
2,day2_n8_topk_seed42,42,141,2,False,False,True,0.7994,0.0,0.114094,0.32374135,4.592419315940788e-07,0.00027838259120471776,0.0002783829695545137,7e267c0bf303542b
2,day2_n8_topk_seed42,42,141,3,False,False,True,0.8062,0.0,0.09151825,0.20013867,-2.0424378988082026e-07,0.0002744942030403763,0.0002744942903518677,7e267c0bf303542b
2,day2_n8_topk_seed42,42,141,4,False,False,True,0.8082,0.0,0.15016061,-0.0026092469,-7.177429495186516e-08,0.00025720614939928055,0.00025720614939928055,7e267c0bf303542b
2,day2_n8_topk_seed42,42,141,5,False,False,True,0.7986,0.0,-1.238878,-0.16115893,3.988755565842439e-07,0.00028754788218066096,0.000287548202322796,7e267c0bf303542b
2,day2_n8_topk_seed42,42,141,6,False,False,True,0.8006,0.0,0.46049413,-1.0669874,-1.3411734300916578e-07,0.00028254571952857077,0.00028254574863240123,7e267c0bf303542b
2,day2_n8_topk_seed42,42,141,7,False,False,True,0.7972,0.0,0.029152373,-0.09588091,-3.3963610235332453e-07,0.0002673855342436582,0.00026738576707430184,7e267c0bf303542b
2,day2_n8_topk_seed42,42,142,0,False,False,True,0.7956,0.0,-0.20235796,0.13973685,-4.623776419521164e-07,0.0002698363969102502,0.0002698368043638766,7e267c0bf303542b
2,day2_n8_topk_seed42,42,142,1,False,False,True,0.7946,0.0,1.2958138,0.1139649,8.088518939075584e-07,0.0002944575680885464,0.00029445867403410375,7e267c0bf303542b
2,day2_n8_topk_seed42,42,142,2,False,False,True,0.8054,0.0,-0.31057808,0.60595465,4.0597998918201483e-07,0.0002884521090891212,0.00028845237102359533,7e267c0bf303542b
2,day2_n8_topk_seed42,42,142,3,False,False,True,0.8064,0.0,-0.29189733,-0.0458249,-1.1366408898538793e-06,0.0002809401776175946,0.0002809424768202007,7e267c0bf303542b
2,day2_n8_topk_seed42,42,142,4,False,False,True,0.8058,0.0,-0.06408803,0.12508357,-3.988409673638671e-07,0.0002681229670997709,0.00026812325813807547,7e267c0bf303542b
2,day2_n8_topk_seed42,42,142,5,False,False,True,0.7968,0.0,-0.09148627,-1.2141182,-2.996310684011405e-07,0.0002902597771026194,0.00029025995172560215,7e267c0bf303542b
2,day2_n8_topk_seed42,42,142,6,False,False,True,0.7996,0.0,-0.21334091,0.15388945,-7.277549229911529e-07,0.00027817703085020185,0.0002781779912766069,7e267c0bf303542b
2,day2_n8_topk_seed42,42,142,7,False,False,True,0.8008,0.0,-0.122065276,0.12131321,-6.87451290559693e-07,0.000273578567430377,0.0002735794405452907,7e267c0bf303542b
2,day2_n8_topk_seed42,42,143,0,False,False,True,0.7988,0.0,-0.7428243,0.43768433,-7.37124764782493e-07,0.00028754567028954625,0.00028754660161212087,7e267c0bf303542b
2,day2_n8_topk_seed42,42,143,1,False,False,True,0.7928,0.0,-0.19396639,-1.1448877,4.851439143749303e-07,0.00028954807203263044,0.00028954847948625684,7e267c0bf303542b
2,day2_n8_topk_seed42,42,143,2,False,False,True,0.8064,0.0,-0.088236235,-0.2681441,-4.166101632563368e-07,0.00028196146013215184,0.00028196178027428687,7e267c0bf303542b
2,day2_n8_topk_seed42,42,143,3,False,False,True,0.7972,0.0,-0.032863818,0.15620358,-4.147240986185352e-07,0.00027843620046041906,0.0002784365206025541,7e267c0bf303542b
2,day2_n8_topk_seed42,42,143,4,False,False,True,0.7978,0.0,-0.06322374,0.010578134,1.061207086650029e-07,0.0002621609892230481,0.0002621609892230481,7e267c0bf303542b
2,day2_n8_topk_seed42,42,143,5,False,False,True,0.797,0.0,1.1706452,0.09098647,2.836918326920568e-07,0.0002948152250610292,0.0002948153705801815,7e267c0bf303542b
2,day2_n8_topk_seed42,42,143,6,False,False,True,0.7996,0.0,-0.03479565,0.5356277,-2.645150800617557e-07,0.0002817182394210249,0.00028171835583634675,7e267c0bf303542b
2,day2_n8_topk_seed42,42,143,7,False,False,True,0.7956,0.0,-0.014734736,0.18195094,1.9087113400928502e-07,0.00027294037863612175,0.00027294043684378266,7e267c0bf303542b
2,day2_n8_topk_seed42,42,144,0,False,False,True,0.8014,0.0,-0.11849989,0.20264466,-8.938984308315412e-08,0.00027958094142377377,0.0002795809705276042,7e267c0bf303542b
2,day2_n8_topk_seed42,42,144,1,False,False,True,0.8014,0.0,-0.212869,-0.96357334,7.511688409067574e-07,0.0002929522015620023,0.0002929531619884074,7e267c0bf303542b
2,day2_n8_topk_seed42,42,144,2,False,False,True,0.7992,0.0,-0.5076855,0.934038,4.0375769572165154e-07,0.00029018468922004104,0.0002901849802583456,7e267c0bf303542b
2,day2_n8_topk_seed42,42,144,3,False,False,True,0.8008,0.0,-0.016513295,-0.23056689,7.439506788387007e-08,0.0002838503569364548,0.0002838503569364548,7e267c0bf303542b
2,day2_n8_topk_seed42,42,144,4,False,False,True,0.8036,0.0,-0.10260585,-0.007435446,-2.585840945812379e-07,0.00027252722065895796,0.0002725273370742798,7e267c0bf303542b
2,day2_n8_topk_seed42,42,144,5,False,False,True,0.799,0.0,1.2851574,0.19248053,-6.93831452736049e-07,0.0003028172650374472,0.00030281805084086955,7e267c0bf303542b
2,day2_n8_topk_seed42,42,144,6,False,False,True,0.799,0.0,-0.060942195,0.035175916,1.535064484414761e-07,0.0002740806376095861,0.0002740806667134166,7e267c0bf303542b
2,day2_n8_topk_seed42,42,144,7,False,False,True,0.8032,0.0,-0.26604125,-0.1627628,-2.4355395566999505e-07,0.00028552586445584893,0.00028552598087117076,7e267c0bf303542b
2,day2_n8_topk_seed42,42,145,0,False,False,True,0.804,0.0,-0.17996204,-0.10101032,-1.3327324950296315e-06,0.0002749732811935246,0.0002749765117187053,7e267c0bf303542b
2,day2_n8_topk_seed42,42,145,1,False,False,True,0.7978,0.0,-0.64739114,1.1139233,4.748414283994862e-08,0.0002944924926850945,0.0002944924926850945,7e267c0bf303542b
2,day2_n8_topk_seed42,42,145,2,False,False,True,0.7942,0.0,1.2090816,0.44622704,-4.387731848964904e-07,0.00029578516841866076,0.0002957854885607958,7e267c0bf303542b
2,day2_n8_topk_seed42,42,145,3,False,False,True,0.7964,0.0,-0.22167319,-0.48693764,-6.918606345607259e-07,0.0002873037592507899,0.0002873046032618731,7e267c0bf303542b
2,day2_n8_topk_seed42,42,145,4,False,False,True,0.7986,0.0,-0.08890939,-0.1388668,-7.819765528438438e-07,0.0002711846900638193,0.0002711858251132071,7e267c0bf303542b
2,day2_n8_topk_seed42,42,145,5,False,False,True,0.7942,0.0,0.118021846,-0.24182776,3.7635746252817626e-07,0.0002926616871263832,0.0002926619490608573,7e267c0bf303542b
2,day2_n8_topk_seed42,42,145,6,False,False,True,0.8034,0.0,-0.03902223,-0.15404563,-1.1742703236450325e-06,0.0002779533388093114,0.00027795584173873067,7e267c0bf303542b
2,day2_n8_topk_seed42,42,145,7,False,False,True,0.7996,0.0,-0.1501454,-0.43746218,-3.296916588624299e-07,0.000282761495327577,0.00028276166995055974,7e267c0bf303542b
2,day2_n8_topk_seed42,42,146,0,False,False,True,0.7974,0.0,-0.14578591,-0.22197105,-8.473985957380137e-08,0.000286701659206301,0.00028670168831013143,7e267c0bf303542b
2,day2_n8_topk_seed42,42,146,1,False,False,True,0.7924,0.0,1.2131242,0.3941373,8.312138675137248e-07,0.0003060672606807202,0.000306068395730108,7e267c0bf303542b
2,day2_n8_topk_seed42,42,146,2,False,False,True,0.7924,0.0,-0.23771411,-0.9793464,-5.54599523638899e-07,0.0003028939536307007,0.00030289447749964893,7e267c0bf303542b
2,day2_n8_topk_seed42,42,146,3,False,False,True,0.8012,0.0,-0.021249823,-0.113607265,-4.2592409954522736e-07,0.0002943157742265612,0.00029431606526486576,7e267c0bf303542b
2,day2_n8_topk_seed42,42,146,4,False,False,True,0.8004,0.0,-0.046443455,0.06993942,-5.131064995111956e-07,0.0002757615002337843,0.0002757619949989021,7e267c0bf303542b
2,day2_n8_topk_seed42,42,146,5,False,False,True,0.8018,0.0,-0.76225626,0.968602,-7.173759541956315e-08,0.0003075423010159284,0.0003075423010159284,7e267c0bf303542b
2,day2_n8_topk_seed42,42,146,6,False,False,True,0.7954,0.0,-0.09887622,-0.038047437,-4.913268298878393e-07,0.00028504751389846206,0.0002850479504559189,7e267c0bf303542b
2,day2_n8_topk_seed42,42,146,7,False,False,True,0.7888,0.0,0.09920223,-0.079706825,-5.890492502658162e-07,0.0002865070418920368,0.0002865076530724764,7e267c0bf303542b
2,day2_n8_topk_seed42,42,147,0,False,False,True,0.8058,0.0,0.23482126,-0.2676192,-9.358202532894211e-07,0.00028030260000377893,0.00028030414250679314,7e267c0bf303542b
2,day2_n8_topk_seed42,42,147,1,False,False,True,0.7978,0.0,0.23610093,1.3214052,1.439025368199509e-06,0.00030429131584241986,0.00030429475009441376,7e267c0bf303542b
2,day2_n8_topk_seed42,42,147,2,False,False,True,0.797,0.0,-1.5963469,0.0043363473,-2.305475163666415e-06,0.0003656595363281667,0.00036566678318195045,7e267c0bf303542b
2,day2_n8_topk_seed42,42,147,3,False,False,True,0.796,0.0,0.23132193,-0.21492016,-1.4408321646897093e-07,0.0002875924401450902,0.00028759249835275114,7e267c0bf303542b
2,day2_n8_topk_seed42,42,147,4,False,False,True,0.7984,0.0,0.22217007,-0.04651453,-2.9004061730120156e-07,0.00027971851523034275,0.00027971866074949503,7e267c0bf303542b
2,day2_n8_topk_seed42,42,147,5,False,False,True,0.7996,0.0,0.2441368,-0.38891664,-4.172113108324993e-07,0.00030034827068448067,0.00030034856172278523,7e267c0bf303542b
2,day2_n8_topk_seed42,42,147,6,False,False,True,0.7992,0.0,0.21390516,-0.18728502,-2.8659977147071913e-07,0.00029133036150597036,0.00029133050702512264,7e267c0bf303542b
2,day2_n8_topk_seed42,42,147,7,False,False,True,0.7978,0.0,0.21389252,-0.22048582,-5.638663651552633e-07,0.00029017997439950705,0.0002901805273722857,7e267c0bf303542b
2,day2_n8_topk_seed42,42,148,0,False,False,True,0.789,0.0,-0.011707856,0.14173718,5.693291882380436e-08,0.0002878779487218708,0.0002878779487218708,7e267c0bf303542b
2,day2_n8_topk_seed42,42,148,1,False,False,True,0.802,0.0,0.27214295,0.6817156,8.478552331325773e-07,0.0003088735684286803,0.000308874761685729,7e267c0bf303542b
2,day2_n8_topk_seed42,42,148,2,False,False,True,0.7848,0.0,-0.07615646,0.7121278,5.159818670108507e-07,0.00030460121342912316,0.00030460164998658,7e267c0bf303542b
2,day2_n8_topk_seed42,42,148,3,False,False,True,0.8006,0.0,0.18225214,-0.22140782,-5.737910555581038e-07,0.00030190369579941034,0.000301904248772189,7e267c0bf303542b
2,day2_n8_topk_seed42,42,148,4,False,False,True,0.805,0.0,0.02961479,0.13586666,-6.905356713104993e-07,0.00027960489387623966,0.00027960576699115336,7e267c0bf303542b
2,day2_n8_topk_seed42,42,148,5,False,False,True,0.7944,0.0,0.723076,-0.94774866,-8.61972694110591e-07,0.000307534501189366,0.0003075356944464147,7e267c0bf303542b
2,day2_n8_topk_seed42,42,148,6,False,False,True,0.7974,0.0,0.15282202,-0.032947224,1.8207062524311368e-08,0.00029093335615471005,0.00029093335615471005,7e267c0bf303542b
2,day2_n8_topk_seed42,42,148,7,False,False,True,0.7934,0.0,-1.2720444,-0.46934417,-1.3253491033538012e-06,0.0003152297285851091,0.00031523252255283296,7e267c0bf303542b
2,day2_n8_topk_seed42,42,149,0,False,False,True,0.8034,0.0,0.24830179,-0.32163084,-1.0660141214202667e-07,0.00029242646996863186,0.0002924264990724623,7e267c0bf303542b
2,day2_n8_topk_seed42,42,149,1,False,False,True,0.7952,0.0,-1.3391315,0.2126826,4.2816506606868643e-07,0.00030649060499854386,0.0003064908960368484,7e267c0bf303542b
2,day2_n8_topk_seed42,42,149,2,False,False,True,0.803,0.0,0.06409336,0.0070811217,3.6423094229576236e-07,0.0002984355087392032,0.0002984357124660164,7e267c0bf303542b
2,day2_n8_topk_seed42,42,149,3,False,False,True,0.8028,0.0,0.19928956,-0.55311435,5.587917826233024e-07,0.0002985169703606516,0.00029851749422959983,7e267c0bf303542b
2,day2_n8_topk_seed42,42,149,4,False,False,True,0.8006,0.0,0.09403425,-0.028788907,-1.285035409637203e-06,0.00028466348885558546,0.00028466637013480067,7e267c0bf303542b
2,day2_n8_topk_seed42,42,149,5,False,False,True,0.7994,0.0,0.4489362,1.2250949,-5.599609380624315e-07,0.0003057634748984128,0.00030576399876736104,7e267c0bf303542b
2,day2_n8_topk_seed42,42,149,6,False,False,True,0.803,0.0,0.16268529,-0.16889577,3.499453171684763e-08,0.00029090596945025027,0.00029090596945025027,7e267c0bf303542b
2,day2_n8_topk_seed42,42,149,7,False,False,True,0.8042,0.0,0.12179068,-0.37242943,-1.0380394144249294e-07,0.00029783762875013053,0.00029783762875013053,7e267c0bf303542b
2,day2_n8_topk_seed42,42,150,0,False,False,True,0.7978,0.0,-0.33608162,0.127507,-1.1635250984909362e-06,0.00028967505204491317,0.00028967740945518017,7e267c0bf303542b
2,day2_n8_topk_seed42,42,150,1,False,False,True,0.792,0.0,-0.26194337,-0.39765036,5.674779117725848e-07,0.0002958053955808282,0.00029580594855360687,7e267c0bf303542b
2,day2_n8_topk_seed42,42,150,2,False,False,True,0.7968,0.0,-0.39523333,-0.6150459,-3.3594889714549936e-07,0.000300516898278147,0.0003005170729011297,7e267c0bf303542b
2,day2_n8_topk_seed42,42,150,3,False,False,True,0.7992,0.0,0.0559953,1.201838,-5.45224281722767e-07,0.0003015891707036644,0.00030158969457261264,7e267c0bf303542b
2,day2_n8_topk_seed42,42,150,4,False,False,True,0.7936,0.0,-0.07737536,-0.026982145,-8.742206887291104e-07,0.0002814152976498008,0.0002814166364260018,7e267c0bf303542b
2,day2_n8_topk_seed42,42,150,5,False,False,True,0.7954,0.0,1.3309047,-0.28051978,1.5255280061410303e-07,0.00030828628223389387,0.00030828631133772433,7e267c0bf303542b
2,day2_n8_topk_seed42,42,150,6,False,False,True,0.7848,0.0,-0.12531829,-0.033243753,-1.1139866273879306e-06,0.00028845417546108365,0.0002884563582483679,7e267c0bf303542b
2,day2_n8_topk_seed42,42,150,7,False,False,True,0.796,0.0,-0.19094743,0.024097582,-6.178415787871927e-07,0.0002878363593481481,0.0002878370287362486,7e267c0bf303542b
2,day2_n8_topk_seed42,42,151,0,False,False,True,0.8194,0.0,-0.027321536,0.03220195,-1.1164156177301265e-07,3.183156150043942e-05,3.1831754313316196e-05,7e267c0bf303542b
2,day2_n8_topk_seed42,42,151,1,False,False,True,0.8206,0.0,0.13827635,0.0314502,1.7087074866140028e-07,3.5551071050576866e-05,3.555148214218207e-05,7e267c0bf303542b
2,day2_n8_topk_seed42,42,151,2,False,False,True,0.8156,0.0,-0.027671302,0.024288194,-9.070012296774621e-09,3.3942662412300706e-05,3.394266605027951e-05,7e267c0bf303542b
2,day2_n8_topk_seed42,42,151,3,False,False,True,0.819,0.0,-0.08458665,-0.0063194255,-9.480638141212694e-08,3.4591717849252746e-05,3.4591845178510994e-05,7e267c0bf303542b
2,day2_n8_topk_seed42,42,151,4,False,False,True,0.8202,0.0,-0.020152658,0.012576041,-4.5173777607487864e-08,3.259593722759746e-05,3.2595969969406724e-05,7e267c0bf303542b
2,day2_n8_topk_seed42,42,151,5,False,False,True,0.8172,0.0,0.020290276,-0.15287334,-4.0853528560091945e-08,3.694017868838273e-05,3.694020051625557e-05,7e267c0bf303542b
2,day2_n8_topk_seed42,42,151,6,False,False,True,0.8164,0.0,0.0013646682,0.022700919,-9.08684967271256e-08,3.3553784305695444e-05,3.3553907996974885e-05,7e267c0bf303542b
2,day2_n8_topk_seed42,42,151,7,False,False,True,0.8174,0.0,-0.00019911016,0.03597543,1.3976786394920282e-09,3.274792106822133e-05,3.274792470620014e-05,7e267c0bf303542b
2,day2_n8_topk_seed42,42,152,0,False,False,True,0.819,0.0,0.015837772,0.032039884,-1.1145790779210074e-07,3.094859857810661e-05,3.094880230491981e-05,7e267c0bf303542b
2,day2_n8_topk_seed42,42,152,1,False,False,True,0.8196,0.0,0.051246133,-0.12067617,2.669104048891313e-08,3.391939389985055e-05,3.391940481378697e-05,7e267c0bf303542b
2,day2_n8_topk_seed42,42,152,2,False,False,True,0.8184,0.0,0.0070756795,-0.020136276,-2.2204735827813238e-08,3.240882870159112e-05,3.240883597754873e-05,7e267c0bf303542b
2,day2_n8_topk_seed42,42,152,3,False,False,True,0.8194,0.0,0.008250345,0.09054233,-5.3487688944642287e-08,3.221317456336692e-05,3.2213218219112605e-05,7e267c0bf303542b
2,day2_n8_topk_seed42,42,152,4,False,False,True,0.8164,0.0,0.016814133,0.012572966,2.305936241953077e-08,3.1732935894979164e-05,3.1732946808915585e-05,7e267c0bf303542b
2,day2_n8_topk_seed42,42,152,5,False,False,True,0.8184,0.0,-0.15263477,-0.026433937,1.3111444374658277e-08,3.567239400581457e-05,3.5672397643793374e-05,7e267c0bf303542b
2,day2_n8_topk_seed42,42,152,6,False,False,True,0.8182,0.0,0.028764732,0.008536182,-3.064636899807738e-08,3.134770304313861e-05,3.134771759505384e-05,7e267c0bf303542b
2,day2_n8_topk_seed42,42,152,7,False,False,True,0.8186,0.0,0.024645904,0.023554923,-1.1479450279239245e-07,3.128275056951679e-05,3.12829579343088e-05,7e267c0bf303542b
2,day2_n8_topk_seed42,42,153,0,False,False,True,0.8192,0.0,0.021140078,0.021700045,-9.905320297320941e-08,3.1023937481222674e-05,3.102409391431138e-05,7e267c0bf303542b
2,day2_n8_topk_seed42,42,153,1,False,False,True,0.8148,0.0,0.06490957,-0.13862759,9.757631147522261e-08,3.4632561437319964e-05,3.4632699680514634e-05,7e267c0bf303542b
2,day2_n8_topk_seed42,42,153,2,False,False,True,0.8176,0.0,0.031242201,0.04268285,-3.459371100689168e-08,3.223089879611507e-05,3.223092062398791e-05,7e267c0bf303542b
2,day2_n8_topk_seed42,42,153,3,False,False,True,0.8208,0.0,0.0013831754,0.037163045,-1.4898827060960684e-08,3.185738023603335e-05,3.185738387401216e-05,7e267c0bf303542b
2,day2_n8_topk_seed42,42,153,4,False,False,True,0.8186,0.0,0.010635097,0.018911242,-2.955371769530757e-08,3.06541369354818e-05,3.065415148739703e-05,7e267c0bf303542b
2,day2_n8_topk_seed42,42,153,5,False,False,True,0.8224,0.0,-0.1489707,-0.042583674,2.9639348753107697e-08,3.567014937289059e-05,3.567016028682701e-05,7e267c0bf303542b
2,day2_n8_topk_seed42,42,153,6,False,False,True,0.817,0.0,0.003108132,0.029444925,2.408128274566934e-08,3.1799194402992725e-05,3.179920531692915e-05,7e267c0bf303542b
2,day2_n8_topk_seed42,42,153,7,False,False,True,0.8172,0.0,0.016552482,0.031309057,-7.469506613233534e-08,3.166434180457145e-05,3.166442911606282e-05,7e267c0bf303542b
2,day2_n8_topk_seed42,42,154,0,False,False,True,0.8204,0.0,-0.022926742,-0.026679218,-1.0788991033905404e-07,2.951989881694317e-05,2.9520097086788155e-05,7e267c0bf303542b
2,day2_n8_topk_seed42,42,154,1,False,False,True,0.8174,0.0,0.15534422,0.008276292,8.184755273532573e-08,3.5572575143305585e-05,3.557266609277576e-05,7e267c0bf303542b
2,day2_n8_topk_seed42,42,154,2,False,False,True,0.8188,0.0,-0.039873842,-0.0136237275,-9.055138860958323e-08,3.190845382050611e-05,3.190858114976436e-05,7e267c0bf303542b
2,day2_n8_topk_seed42,42,154,3,False,False,True,0.821,0.0,-0.037151236,-0.046483237,-9.061125894049837e-08,3.178255428792909e-05,3.1782681617187336e-05,7e267c0bf303542b
2,day2_n8_topk_seed42,42,154,4,False,False,True,0.8208,0.0,-0.012835059,-0.019021837,-4.683058385523964e-09,3.107105294475332e-05,3.107105294475332e-05,7e267c0bf303542b
2,day2_n8_topk_seed42,42,154,5,False,False,True,0.8188,0.0,-0.03164817,0.1493956,4.0997169548084855e-10,3.498102887533605e-05,3.498102887533605e-05,7e267c0bf303542b
2,day2_n8_topk_seed42,42,154,6,False,False,True,0.8184,0.0,-0.007206766,-0.03551005,-7.81867015575699e-08,3.269273292971775e-05,3.269282387918793e-05,7e267c0bf303542b
2,day2_n8_topk_seed42,42,154,7,False,False,True,0.8184,0.0,-0.003702651,-0.016353713,-6.486515502501788e-08,3.1304865842685103e-05,3.130493132630363e-05,7e267c0bf303542b
2,day2_n8_topk_seed42,42,155,0,False,False,True,0.8188,0.0,-0.00054559467,-0.039088275,-4.034433942479154e-08,3.0652132409159094e-05,3.0652157875010744e-05,7e267c0bf303542b
2,day2_n8_topk_seed42,42,155,1,False,False,True,0.8212,0.0,-0.08760712,0.11471724,1.7007059227580612e-07,3.4702959965215996e-05,3.4703374694800004e-05,7e267c0bf303542b
2,day2_n8_topk_seed42,42,155,2,False,False,True,0.8196,0.0,-0.015045199,-0.07646878,5.3836210156532616e-08,3.3352200262015685e-05,3.335224391776137e-05,7e267c0bf303542b
2,day2_n8_topk_seed42,42,155,3,False,False,True,0.8186,0.0,0.016142756,-0.043502532,-6.0475720431441e-08,3.11560470436234e-05,3.115610888926312e-05,7e267c0bf303542b
2,day2_n8_topk_seed42,42,155,4,False,False,True,0.8186,0.0,-0.014999053,-0.020735126,3.0452995680718686e-09,3.09766546706669e-05,3.09766546706669e-05,7e267c0bf303542b
2,day2_n8_topk_seed42,42,155,5,False,False,True,0.8184,0.0,0.14096296,0.065156,4.4856477643406834e-08,3.566559462342411e-05,3.566562372725457e-05,7e267c0bf303542b
2,day2_n8_topk_seed42,42,155,6,False,False,True,0.8176,0.0,-0.010656603,0.0046982747,-5.188538487743699e-09,3.1598727218806744e-05,3.1598727218806744e-05,7e267c0bf303542b
2,day2_n8_topk_seed42,42,155,7,False,False,True,0.8188,0.0,-0.02825214,-0.004776944,-7.103803056907054e-08,3.233194729546085e-05,3.2332027330994606e-05,7e267c0bf303542b
2,day2_n8_topk_seed42,42,156,0,False,False,True,0.8186,0.0,-0.00040459502,0.047799658,-3.856262864587734e-08,3.0355167837115005e-05,3.0355193302966654e-05,7e267c0bf303542b
2,day2_n8_topk_seed42,42,156,1,False,False,True,0.818,0.0,0.1108828,-0.09257818,1.6198700336644833e-07,3.439789361436851e-05,3.439827560214326e-05,7e267c0bf303542b
2,day2_n8_topk_seed42,42,156,2,False,False,True,0.8188,0.0,0.033979185,-0.014519788,9.328959826859773e-09,3.327069862280041e-05,3.327069862280041e-05,7e267c0bf303542b
2,day2_n8_topk_seed42,42,156,3,False,False,True,0.8198,0.0,-0.023429409,0.028437909,-1.227556936100882e-07,3.238529461668804e-05,3.23855274473317e-05,7e267c0bf303542b
2,day2_n8_topk_seed42,42,156,4,False,False,True,0.8198,0.0,-0.011198185,0.024721792,-5.0375579263572945e-08,3.06048896163702e-05,3.0604933272115886e-05,7e267c0bf303542b
2,day2_n8_topk_seed42,42,156,5,False,False,True,0.82,0.0,-0.11706807,-0.09699932,3.069520460030617e-08,3.531183392624371e-05,3.531184484018013e-05,7e267c0bf303542b
2,day2_n8_topk_seed42,42,156,6,False,False,True,0.8204,0.0,0.015865447,0.051257312,2.962986656029898e-08,3.2338808523491025e-05,3.233882307540625e-05,7e267c0bf303542b
2,day2_n8_topk_seed42,42,156,7,False,False,True,0.8186,0.0,-0.008627141,0.05188072,3.544548476952514e-08,3.157299943268299e-05,3.1573021260555834e-05,7e267c0bf303542b
2,day2_n8_topk_seed42,42,157,0,False,False,True,0.82,0.0,-0.018872561,-0.04870087,-1.1732726790114612e-07,3.139482214464806e-05,3.1395040423376486e-05,7e267c0bf303542b
2,day2_n8_topk_seed42,42,157,1,False,False,True,0.8202,0.0,-0.08580035,0.11539485,7.389531475610056e-08,3.4400942240608856e-05,3.440102227614261e-05,7e267c0bf303542b
2,day2_n8_topk_seed42,42,157,2,False,False,True,0.817,0.0,0.012049685,0.03817822,-6.238572325401037e-08,3.33965290337801e-05,3.339658724144101e-05,7e267c0bf303542b
2,day2_n8_topk_seed42,42,157,3,False,False,True,0.8214,0.0,-0.015211323,-0.07206065,-4.363438321774993e-08,3.205665780114941e-05,3.205668690497987e-05,7e267c0bf303542b
2,day2_n8_topk_seed42,42,157,4,False,False,True,0.819,0.0,-0.009021895,-0.015942454,-5.242412015604714e-08,3.039194234588649e-05,3.0391989639610983e-05,7e267c0bf303542b
2,day2_n8_topk_seed42,42,157,5,False,False,True,0.819,0.0,0.14135389,0.046971373,4.240360951257571e-08,3.52283677784726e-05,3.522839324432425e-05,7e267c0bf303542b
2,day2_n8_topk_seed42,42,157,6,False,False,True,0.8188,0.0,-0.0012035051,-0.03824606,-1.1782688602579583e-08,3.240183286834508e-05,3.240183286834508e-05,7e267c0bf303542b
2,day2_n8_topk_seed42,42,157,7,False,False,True,0.8208,0.0,-0.023293931,-0.025594184,-4.90611853365408e-08,3.120916517218575e-05,3.120920518995263e-05,7e267c0bf303542b
2,day2_n8_topk_seed42,42,158,0,False,False,True,0.8188,0.0,0.0072864085,0.020031951,-1.1952705847306788e-07,3.0493665690300986e-05,3.049389852094464e-05,7e267c0bf303542b
2,day2_n8_topk_seed42,42,158,1,False,False,True,0.8182,0.0,0.06861403,-0.1353294,1.4220795208075288e-07,3.521699909470044e-05,3.52172864950262e-05,7e267c0bf303542b
2,day2_n8_topk_seed42,42,158,2,False,False,True,0.8166,0.0,0.000614932,0.057477433,-9.991763505468043e-08,3.4183198295067996e-05,3.4183347452199087e-05,7e267c0bf303542b
2,day2_n8_topk_seed42,42,158,3,False,False,True,0.8178,0.0,0.013285216,0.059941474,-8.228052195136115e-08,3.33614407281857e-05,3.33615425915923e-05,7e267c0bf303542b
2,day2_n8_topk_seed42,42,158,4,False,False,True,0.8196,0.0,0.010744862,0.020531708,4.7108912326621066e-08,3.1207593565341085e-05,3.1207629945129156e-05,7e267c0bf303542b
2,day2_n8_topk_seed42,42,158,5,False,False,True,0.8184,0.0,-0.15113765,-0.048236392,-5.8342308761893946e-08,3.591220229282044e-05,3.591224958654493e-05,7e267c0bf303542b
2,day2_n8_topk_seed42,42,158,6,False,False,True,0.8184,0.0,0.017857524,0.0027251977,-3.6904758360378764e-08,3.279387965449132e-05,3.279390148236416e-05,7e267c0bf303542b
2,day2_n8_topk_seed42,42,158,7,False,False,True,0.8174,0.0,0.032734793,0.022857953,-4.3876934086028996e-08,3.2752170227468014e-05,3.275219933129847e-05,7e267c0bf303542b
2,day2_n8_topk_seed42,42,159,0,False,False,True,0.8198,0.0,-0.004028479,0.045670442,-8.82363266896391e-08,3.125467992504127e-05,3.125479997834191e-05,7e267c0bf303542b
2,day2_n8_topk_seed42,42,159,1,False,False,True,0.8166,0.0,0.1556577,-0.02765147,4.084485993871567e-08,3.612376167438924e-05,3.6123783502262086e-05,7e267c0bf303542b
2,day2_n8_topk_seed42,42,159,2,False,False,True,0.818,0.0,-0.046291765,0.03488376,8.582310861982023e-09,3.428510171943344e-05,3.428510171943344e-05,7e267c0bf303542b
2,day2_n8_topk_seed42,42,159,3,False,False,True,0.8206,0.0,-0.025624825,0.03999188,-7.990185935113914e-08,3.397337786736898e-05,3.3973472454817966e-05,7e267c0bf303542b
2,day2_n8_topk_seed42,42,159,4,False,False,True,0.8212,0.0,-0.005763865,0.017476799,-5.226610966246881e-08,3.1082105124369264e-05,3.108214878011495e-05,7e267c0bf303542b
2,day2_n8_topk_seed42,42,159,5,False,False,True,0.82,0.0,-0.050839864,-0.14981483,4.5962156747236804e-08,3.582930003176443e-05,3.582932913559489e-05,7e267c0bf303542b
2,day2_n8_topk_seed42,42,159,6,False,False,True,0.8172,0.0,-0.01497108,0.009816736,5.101368927284966e-08,3.2202322472585365e-05,3.220236612833105e-05,7e267c0bf303542b
2,day2_n8_topk_seed42,42,159,7,False,False,True,0.818,0.0,-0.008137961,0.029626787,-5.932162139288266e-08,3.289507367298938e-05,3.289512460469268e-05,7e267c0bf303542b
2,day2_n8_topk_seed42,42,160,0,False,False,True,0.8218,0.0,0.014545756,0.04545465,-4.086411564685477e-08,3.2195919629884884e-05,3.219594873371534e-05,7e267c0bf303542b
2,day2_n8_topk_seed42,42,160,1,False,False,True,0.8186,0.0,-0.14232247,-0.06955638,1.9698152442515493e-08,3.601925345719792e-05,3.6019257095176727e-05,7e267c0bf303542b
2,day2_n8_topk_seed42,42,160,2,False,False,True,0.8194,0.0,0.005964446,0.051722642,3.874927756442048e-08,3.413707236177288e-05,3.413709418964572e-05,7e267c0bf303542b
2,day2_n8_topk_seed42,42,160,3,False,False,True,0.8204,0.0,0.01277484,1.558639e-05,-5.610359465890724e-08,3.2731542887631804e-05,3.2731590181356296e-05,7e267c0bf303542b
2,day2_n8_topk_seed42,42,160,4,False,False,True,0.82,0.0,0.0070822337,0.012993276,-1.514751524211988e-08,3.0645915103377774e-05,3.064591874135658e-05,7e267c0bf303542b
2,day2_n8_topk_seed42,42,160,5,False,False,True,0.8192,0.0,0.09442184,-0.12189575,-4.241973439178537e-09,3.5444158129394054e-05,3.5444158129394054e-05,7e267c0bf303542b
2,day2_n8_topk_seed42,42,160,6,False,False,True,0.8168,0.0,-0.00084767106,0.014387675,7.667214418916046e-09,3.218022538931109e-05,3.218022538931109e-05,7e267c0bf303542b
2,day2_n8_topk_seed42,42,160,7,False,False,True,0.819,0.0,0.0083808135,0.06687837,1.9223982405947027e-08,3.294905400252901e-05,3.2949061278486624e-05,7e267c0bf303542b
2,day2_n8_topk_seed42,42,161,0,False,False,True,0.8226,0.0,-0.013044787,0.03923279,-3.549509486333591e-08,3.12529991788324e-05,3.125302100670524e-05,7e267c0bf303542b
2,day2_n8_topk_seed42,42,161,1,False,False,True,0.8202,0.0,-0.09937891,-0.12217763,6.361088367157208e-08,3.6274130252422765e-05,3.627418482210487e-05,7e267c0bf303542b
2,day2_n8_topk_seed42,42,161,2,False,False,True,0.8188,0.0,0.0076830164,0.029534258,-7.401227009040667e-08,3.453154567978345e-05,3.4531625715317205e-05,7e267c0bf303542b
2,day2_n8_topk_seed42,42,161,3,False,False,True,0.8204,0.0,0.010687583,0.059630245,-6.262250451527507e-08,3.362396819284186e-05,3.362402640050277e-05,7e267c0bf303542b
2,day2_n8_topk_seed42,42,161,4,False,False,True,0.8184,0.0,-0.014359723,0.0127621135,-1.6342754705078733e-08,3.1534691515844315e-05,3.153469515382312e-05,7e267c0bf303542b
2,day2_n8_topk_seed42,42,161,5,False,False,True,0.8186,0.0,0.14123338,-0.07940562,2.1484654055825558e-08,3.671830563689582e-05,3.671830927487463e-05,7e267c0bf303542b
2,day2_n8_topk_seed42,42,161,6,False,False,True,0.8186,0.0,-0.010550084,0.021274798,5.0922420058441276e-08,3.272620233474299e-05,3.272624235250987e-05,7e267c0bf303542b
2,day2_n8_topk_seed42,42,161,7,False,False,True,0.8178,0.0,-0.022270577,0.03914926,-9.721896532255414e-08,3.297129660495557e-05,3.2971438486129045e-05,7e267c0bf303542b
2,day2_n8_topk_seed42,42,162,0,False,False,True,0.8172,0.0,0.015006531,0.020454107,-8.949675134317658e-08,3.095725332968868e-05,3.095738065894693e-05,7e267c0bf303542b
2,day2_n8_topk_seed42,42,162,1,False,False,True,0.8182,0.0,0.07806062,-0.1331336,1.0049387810795452e-07,3.643560194177553e-05,3.64357401849702e-05,7e267c0bf303542b
2,day2_n8_topk_seed42,42,162,2,False,False,True,0.8194,0.0,-0.028442014,0.044703897,-6.806553654037373e-10,3.364167787367478e-05,3.364167787367478e-05,7e267c0bf303542b
2,day2_n8_topk_seed42,42,162,3,False,False,True,0.8202,0.0,0.016752703,0.0718419,-9.936240985553013e-08,3.3928739867405966e-05,3.392888538655825e-05,7e267c0bf303542b
2,day2_n8_topk_seed42,42,162,4,False,False,True,0.8202,0.0,0.031474505,0.010798309,-2.1511713299560142e-08,3.315804497106001e-05,3.315805224701762e-05,7e267c0bf303542b
2,day2_n8_topk_seed42,42,162,5,False,False,True,0.819,0.0,-0.15095276,-0.058734544,-8.191769751419997e-08,3.7078458262840286e-05,3.707854921231046e-05,7e267c0bf303542b
2,day2_n8_topk_seed42,42,162,6,False,False,True,0.8198,0.0,0.011751674,0.0146425,9.859027372272067e-09,3.309609382995404e-05,3.309609382995404e-05,7e267c0bf303542b
2,day2_n8_topk_seed42,42,162,7,False,False,True,0.8168,0.0,0.026348725,0.029427383,2.316119029899255e-08,3.3632415579631925e-05,3.363242285558954e-05,7e267c0bf303542b
2,day2_n8_topk_seed42,42,163,0,False,False,True,0.8198,0.0,-0.0015513508,0.022925366,-1.1858080029014673e-07,3.218634446966462e-05,3.2186562748393044e-05,7e267c0bf303542b
2,day2_n8_topk_seed42,42,163,1,False,False,True,0.8216,0.0,0.105425455,-0.11935627,7.010764591086627e-08,3.576652306946926e-05,3.576659219106659e-05,7e267c0bf303542b
2,day2_n8_topk_seed42,42,163,2,False,False,True,0.8188,0.0,0.0040605557,0.04579484,7.260663892338926e-08,3.3738364436430857e-05,3.3738440833985806e-05,7e267c0bf303542b
2,day2_n8_topk_seed42,42,163,3,False,False,True,0.8216,0.0,-0.007278654,0.040989336,-2.5022105276661932e-08,3.3435058867326006e-05,3.343506614328362e-05,7e267c0bf303542b
2,day2_n8_topk_seed42,42,163,4,False,False,True,0.819,0.0,0.022067275,0.021437053,-8.737693235616462e-08,3.154070145683363e-05,3.1540821510134265e-05,7e267c0bf303542b
2,day2_n8_topk_seed42,42,163,5,False,False,True,0.8186,0.0,-0.13474186,-0.087453574,-3.4862541298252836e-08,3.6336950870463625e-05,3.633696906035766e-05,7e267c0bf303542b
2,day2_n8_topk_seed42,42,163,6,False,False,True,0.819,0.0,0.0031215155,0.03441168,1.6922649948014623e-08,3.3394531783415005e-05,3.339453542139381e-05,7e267c0bf303542b
2,day2_n8_topk_seed42,42,163,7,False,False,True,0.8194,0.0,0.0088970475,0.041251667,-4.8031996158215406e-08,3.347598249092698e-05,3.3476015232736245e-05,7e267c0bf303542b
2,day2_n8_topk_seed42,42,164,0,False,False,True,0.8182,0.0,-0.008530212,-0.038936898,-5.490533183660773e-08,3.151943747070618e-05,3.151948840240948e-05,7e267c0bf303542b
2,day2_n8_topk_seed42,42,164,1,False,False,True,0.8174,0.0,-0.14839008,0.06312614,5.439423489406181e-08,3.655809996416792e-05,3.65581399819348e-05,7e267c0bf303542b
2,day2_n8_topk_seed42,42,164,2,False,False,True,0.8214,0.0,0.03005002,-0.055810075,-2.4325649050638276e-08,3.5312263207742944e-05,3.531227048370056e-05,7e267c0bf303542b
2,day2_n8_topk_seed42,42,164,3,False,False,True,0.8174,0.0,0.019575344,-0.047820665,-1.7896900317282416e-07,3.3016258385032415e-05,3.301674223621376e-05,7e267c0bf303542b
2,day2_n8_topk_seed42,42,164,4,False,False,True,0.8188,0.0,-0.0014186138,-0.020149782,-4.865897906825012e-08,3.1805549951968715e-05,3.180558996973559e-05,7e267c0bf303542b
2,day2_n8_topk_seed42,42,164,5,False,False,True,0.819,0.0,0.0908878,0.13040799,-5.654091417284235e-09,3.635810935520567e-05,3.635811299318448e-05,7e267c0bf303542b
2,day2_n8_topk_seed42,42,164,6,False,False,True,0.821,0.0,0.010250949,0.0002630805,1.2065504151337336e-08,3.370887498022057e-05,3.370887861819938e-05,7e267c0bf303542b
2,day2_n8_topk_seed42,42,164,7,False,False,True,0.8162,0.0,0.007574804,-0.031079957,-9.367780329228026e-09,3.356637535034679e-05,3.356637535034679e-05,7e267c0bf303542b
2,day2_n8_topk_seed42,42,165,0,False,False,True,0.8194,0.0,0.019386632,-0.029583128,-6.343567804378836e-08,3.1845429475652054e-05,3.184549495927058e-05,7e267c0bf303542b
2,day2_n8_topk_seed42,42,165,1,False,False,True,0.8198,0.0,0.11369976,0.115861066,1.2722200892767432e-07,3.699575972859748e-05,3.69959780073259e-05,7e267c0bf303542b
2,day2_n8_topk_seed42,42,165,2,False,False,True,0.8196,0.0,-0.021876397,-0.04084942,1.4326680286558258e-08,3.394997474970296e-05,3.394997838768177e-05,7e267c0bf303542b
2,day2_n8_topk_seed42,42,165,3,False,False,True,0.8188,0.0,-0.016408065,-0.02496051,-4.303033485086871e-09,3.32471972797066e-05,3.32471972797066e-05,7e267c0bf303542b
2,day2_n8_topk_seed42,42,165,4,False,False,True,0.8168,0.0,0.011871268,-0.041731704,3.049042263114643e-08,3.144503352814354e-05,3.144504808005877e-05,7e267c0bf303542b
2,day2_n8_topk_seed42,42,165,5,False,False,True,0.8182,0.0,-0.13067184,0.09528736,4.40986980265734e-08,3.646322511485778e-05,3.6463254218688235e-05,7e267c0bf303542b
2,day2_n8_topk_seed42,42,165,6,False,False,True,0.819,0.0,0.008226029,-0.027995793,7.00911551021477e-10,3.29442773363553e-05,3.29442773363553e-05,7e267c0bf303542b
2,day2_n8_topk_seed42,42,165,7,False,False,True,0.8166,0.0,0.0157726,-0.046027854,3.3238301000437787e-09,3.3898319088621065e-05,3.3898319088621065e-05,7e267c0bf303542b
2,day2_n8_topk_seed42,42,166,0,False,False,True,0.8176,0.0,0.0115296515,0.02358268,-1.272936742680031e-07,3.120601104456e-05,3.1206269341055304e-05,7e267c0bf303542b
2,day2_n8_topk_seed42,42,166,1,False,False,True,0.8168,0.0,0.106956124,-0.11867819,5.30399333342757e-08,3.625064709922299e-05,3.6250687116989866e-05,7e267c0bf303542b
2,day2_n8_topk_seed42,42,166,2,False,False,True,0.8174,0.0,-0.044560704,0.038591776,-5.4791666315168186e-08,3.4977045288542286e-05,3.4977085306309164e-05,7e267c0bf303542b
2,day2_n8_topk_seed42,42,166,3,False,False,True,0.819,0.0,0.015138259,0.028326573,-8.590924238660591e-08,3.335622386657633e-05,3.335633664391935e-05,7e267c0bf303542b
2,day2_n8_topk_seed42,42,166,4,False,False,True,0.8186,0.0,0.0059246076,0.023201263,-3.3950591671327857e-08,3.207390909665264e-05,3.207392364856787e-05,7e267c0bf303542b
2,day2_n8_topk_seed42,42,166,5,False,False,True,0.8194,0.0,-0.13048182,-0.090869464,5.991541485173002e-08,3.68204309779685e-05,3.682047827169299e-05,7e267c0bf303542b
2,day2_n8_topk_seed42,42,166,6,False,False,True,0.816,0.0,0.020273896,0.051300548,9.194089045649889e-08,3.335101791890338e-05,3.335114524816163e-05,7e267c0bf303542b
2,day2_n8_topk_seed42,42,166,7,False,False,True,0.8176,0.0,0.015220249,0.044545006,-5.3376297159957176e-08,3.386740718269721e-05,3.3867447200464085e-05,7e267c0bf303542b
2,day2_n8_topk_seed42,42,167,0,False,False,True,0.818,0.0,0.0058804927,0.035161518,-1.7304303412402078e-07,3.2768879464128986e-05,3.276933784945868e-05,7e267c0bf303542b
2,day2_n8_topk_seed42,42,167,1,False,False,True,0.8186,0.0,0.120894104,-0.10807659,1.6922795609275454e-08,3.6659745092038065e-05,3.665975236799568e-05,7e267c0bf303542b
2,day2_n8_topk_seed42,42,167,2,False,False,True,0.819,0.0,-0.017979411,0.024481239,-6.807956509646829e-08,3.50877562595997e-05,3.508781810523942e-05,7e267c0bf303542b
2,day2_n8_topk_seed42,42,167,3,False,False,True,0.8178,0.0,-0.010696783,0.06348927,-6.910359928724574e-08,3.3801399695221335e-05,3.380146881681867e-05,7e267c0bf303542b
2,day2_n8_topk_seed42,42,167,4,False,False,True,0.819,0.0,0.013427023,0.023538198,-6.042529321348411e-08,3.203868254786357e-05,3.203873711754568e-05,7e267c0bf303542b
2,day2_n8_topk_seed42,42,167,5,False,False,True,0.8206,0.0,-0.12802595,-0.102761574,-1.747729605483528e-08,3.693699909490533e-05,3.693700273288414e-05,7e267c0bf303542b
2,day2_n8_topk_seed42,42,167,6,False,False,True,0.8174,0.0,0.013197709,0.029734986,1.2158245965565584e-08,3.3568605431355536e-05,3.3568605431355536e-05,7e267c0bf303542b
2,day2_n8_topk_seed42,42,167,7,False,False,True,0.819,0.0,0.0033027574,0.034433063,5.222522858616685e-08,3.373819345142692e-05,3.37382334691938e-05,7e267c0bf303542b
2,day2_n8_topk_seed42,42,168,0,False,False,True,0.8198,0.0,-0.00896424,-0.029985135,-7.35891987346804e-08,3.260101584601216e-05,3.260109951952472e-05,7e267c0bf303542b
2,day2_n8_topk_seed42,42,168,1,False,False,True,0.8182,0.0,0.15900232,0.051119868,1.421962849690317e-07,3.79062767024152e-05,3.7906542274868116e-05,7e267c0bf303542b
2,day2_n8_topk_seed42,42,168,2,False,False,True,0.8184,0.0,-0.0046406905,-0.06264667,-1.349887046586673e-08,3.411888610571623e-05,3.411888610571623e-05,7e267c0bf303542b
2,day2_n8_topk_seed42,42,168,3,False,False,True,0.8206,0.0,-0.039742153,-0.017371941,-4.825015054166215e-08,3.4115950256818905e-05,3.411598299862817e-05,7e267c0bf303542b
2,day2_n8_topk_seed42,42,168,4,False,False,True,0.8198,0.0,-0.008605512,-0.03159689,7.720008521339139e-10,3.1207193387672305e-05,3.1207193387672305e-05,7e267c0bf303542b
2,day2_n8_topk_seed42,42,168,5,False,False,True,0.819,0.0,-0.07259081,0.14320704,6.040443878418955e-08,3.645538163254969e-05,3.645543256425299e-05,7e267c0bf303542b
2,day2_n8_topk_seed42,42,168,6,False,False,True,0.8202,0.0,-0.0029017744,-0.020965604,3.536802495318625e-08,3.361051858519204e-05,3.3610536775086075e-05,7e267c0bf303542b
2,day2_n8_topk_seed42,42,168,7,False,False,True,0.8166,0.0,-0.02155715,-0.031760614,-1.1882910655458545e-08,3.352104977238923e-05,3.352105341036804e-05,7e267c0bf303542b
2,day2_n8_topk_seed42,42,169,0,False,False,True,0.8174,0.0,-0.024752416,0.059648614,-2.850170233159588e-08,3.398840635782108e-05,3.39884172717575e-05,7e267c0bf303542b
2,day2_n8_topk_seed42,42,169,1,False,False,True,0.8182,0.0,0.16784553,-0.021792807,8.998729583709064e-08,3.839023702312261e-05,3.8390342524508014e-05,7e267c0bf303542b
2,day2_n8_topk_seed42,42,169,2,False,False,True,0.8178,0.0,-0.040309746,0.026248634,-1.0885970169738357e-07,3.6396657378645614e-05,3.6396817449713126e-05,7e267c0bf303542b
2,day2_n8_topk_seed42,42,169,3,False,False,True,0.8216,0.0,-0.023757787,0.016098594,-1.0957842988545963e-07,3.439591819187626e-05,3.439609645283781e-05,7e267c0bf303542b
2,day2_n8_topk_seed42,42,169,4,False,False,True,0.8192,0.0,-0.019169748,0.02954644,-8.133722673164812e-08,3.31827141053509e-05,3.318281233077869e-05,7e267c0bf303542b
2,day2_n8_topk_seed42,42,169,5,False,False,True,0.819,0.0,-0.044575237,-0.15912075,4.897757222011023e-08,3.749780807993375e-05,3.7497837183764204e-05,7e267c0bf303542b
2,day2_n8_topk_seed42,42,169,6,False,False,True,0.8178,0.0,-0.020855045,0.008582878,3.764561995467375e-08,3.3375879866071045e-05,3.337590169394389e-05,7e267c0bf303542b
2,day2_n8_topk_seed42,42,169,7,False,False,True,0.819,0.0,0.0055744154,0.040788427,-1.2207144095555122e-07,3.461700543994084e-05,3.4617223718669266e-05,7e267c0bf303542b
2,day2_n8_topk_seed42,42,170,0,False,False,True,0.8218,0.0,0.0068849945,-0.019059403,-2.7657623746790705e-08,3.364199073985219e-05,3.3641998015809804e-05,7e267c0bf303542b
2,day2_n8_topk_seed42,42,170,1,False,False,True,0.8198,0.0,0.102023855,0.12987341,1.104351454728203e-07,3.711435419972986e-05,3.7114521546754986e-05,7e267c0bf303542b
2,day2_n8_topk_seed42,42,170,2,False,False,True,0.819,0.0,-0.0011655131,-0.0287142,-1.8073738061730182e-08,3.5380300687393174e-05,3.538030432537198e-05,7e267c0bf303542b
2,day2_n8_topk_seed42,42,170,3,False,False,True,0.8214,0.0,-0.016213847,-0.026720835,-7.009095526200326e-08,3.378739711479284e-05,3.378746987436898e-05,7e267c0bf303542b
2,day2_n8_topk_seed42,42,170,4,False,False,True,0.8206,0.0,0.017193044,-0.034107752,-3.490921685056492e-08,3.2056628697318956e-05,3.205664688721299e-05,7e267c0bf303542b
2,day2_n8_topk_seed42,42,170,5,False,False,True,0.8168,0.0,-0.14415185,0.07663051,2.0172487680270024e-08,3.704728078446351e-05,3.7047288060421124e-05,7e267c0bf303542b
2,day2_n8_topk_seed42,42,170,6,False,False,True,0.8202,0.0,0.010174642,-0.034460444,4.030527378517945e-08,3.4196229535155e-05,3.419625136302784e-05,7e267c0bf303542b
2,day2_n8_topk_seed42,42,170,7,False,False,True,0.8162,0.0,0.025254773,-0.06344135,1.2758373912902243e-08,3.5334254789631814e-05,3.533425842761062e-05,7e267c0bf303542b
2,day2_n8_topk_seed42,42,171,0,False,False,True,0.8174,0.0,0.02176778,0.020555025,-4.681307430587367e-08,3.2695075788069516e-05,3.269511216785759e-05,7e267c0bf303542b
2,day2_n8_topk_seed42,42,171,1,False,False,True,0.8204,0.0,-0.12677495,0.06834963,5.983132211895281e-08,3.7243917176965624e-05,3.724396810866892e-05,7e267c0bf303542b
2,day2_n8_topk_seed42,42,171,2,False,False,True,0.8188,0.0,0.1095784,-0.014957462,-2.977057711461839e-08,3.6831195757258683e-05,3.6831206671195105e-05,7e267c0bf303542b
2,day2_n8_topk_seed42,42,171,3,False,False,True,0.8192,0.0,0.019972162,0.04236075,-2.4611825466536175e-08,3.445840775384568e-05,3.44584186677821e-05,7e267c0bf303542b
2,day2_n8_topk_seed42,42,171,4,False,False,True,0.8196,0.0,0.0008724852,0.016084777,-1.6660170132354324e-08,3.202985317329876e-05,3.2029860449256375e-05,7e267c0bf303542b
2,day2_n8_topk_seed42,42,171,5,False,False,True,0.82,0.0,-0.05535625,-0.15567061,5.9532851537369424e-08,3.749497409444302e-05,3.749501775018871e-05,7e267c0bf303542b
2,day2_n8_topk_seed42,42,171,6,False,False,True,0.8194,0.0,0.016663795,0.020707821,-1.4138436255084486e-10,3.38040481437929e-05,3.38040481437929e-05,7e267c0bf303542b
2,day2_n8_topk_seed42,42,171,7,False,False,True,0.8196,0.0,0.013276707,0.0025699923,1.1384041265216638e-08,3.4029511880362406e-05,3.4029515518341213e-05,7e267c0bf303542b
2,day2_n8_topk_seed42,42,172,0,False,False,True,0.8218,0.0,-0.0009675763,-0.06757745,-1.3202019033542456e-07,3.407563781365752e-05,3.407589247217402e-05,7e267c0bf303542b
2,day2_n8_topk_seed42,42,172,1,False,False,True,0.822,0.0,-0.1174395,0.10212004,1.0477651812834665e-07,3.6980640288675204e-05,3.6980789445806295e-05,7e267c0bf303542b
2,day2_n8_topk_seed42,42,172,2,False,False,True,0.821,0.0,-0.018831523,0.015642032,-1.908606783729283e-08,3.625459430622868e-05,3.6254601582186297e-05,7e267c0bf303542b
2,day2_n8_topk_seed42,42,172,3,False,False,True,0.819,0.0,0.016608462,-0.066396415,-1.3459180081554223e-07,3.4458647860446945e-05,3.4458909794921055e-05,7e267c0bf303542b
2,day2_n8_topk_seed42,42,172,4,False,False,True,0.8198,0.0,-0.0004887027,-0.013755029,-5.0601155265894704e-08,3.159217885695398e-05,3.1592218874720857e-05,7e267c0bf303542b
2,day2_n8_topk_seed42,42,172,5,False,False,True,0.8178,0.0,0.13382167,0.095554374,-1.2836185447895332e-08,3.6950805224478245e-05,3.6950805224478245e-05,7e267c0bf303542b
2,day2_n8_topk_seed42,42,172,6,False,False,True,0.8188,0.0,-0.0023768938,-0.018414337,-2.865539272534079e-08,3.3525036997161806e-05,3.3525051549077034e-05,7e267c0bf303542b
2,day2_n8_topk_seed42,42,172,7,False,False,True,0.8218,0.0,-0.010325973,-0.047173303,-8.058950129452569e-08,3.402270522201434e-05,3.402279980946332e-05,7e267c0bf303542b
2,day2_n8_topk_seed42,42,173,0,False,False,True,0.8198,0.0,-0.025889516,-0.0045339833,-5.1403571177388585e-08,3.1728344765724614e-05,3.172838478349149e-05,7e267c0bf303542b
2,day2_n8_topk_seed42,42,173,1,False,False,True,0.8194,0.0,-0.03948345,-0.10354218,2.56250198837904e-09,3.689244476845488e-05,3.689244476845488e-05,7e267c0bf303542b
2,day2_n8_topk_seed42,42,173,2,False,False,True,0.8186,0.0,0.18371269,-0.015974246,-6.238428795768414e-08,4.1639883420430124e-05,4.163993435213342e-05,7e267c0bf303542b
2,day2_n8_topk_seed42,42,173,3,False,False,True,0.8236,0.0,-0.030738138,0.00831218,-4.071774739600187e-08,3.543258208082989e-05,3.543260754668154e-05,7e267c0bf303542b
2,day2_n8_topk_seed42,42,173,4,False,False,True,0.8218,0.0,-0.025310228,-0.003677103,-5.410283065998556e-08,3.324015415273607e-05,3.324019780848175e-05,7e267c0bf303542b
2,day2_n8_topk_seed42,42,173,5,False,False,True,0.818,0.0,-0.012897792,0.14697312,-1.0182941601044604e-08,3.763939093914814e-05,3.763939457712695e-05,7e267c0bf303542b
2,day2_n8_topk_seed42,42,173,6,False,False,True,0.8202,0.0,-0.03137579,-0.021756278,-3.235448176042155e-08,3.3651314879534766e-05,3.3651329431449994e-05,7e267c0bf303542b
2,day2_n8_topk_seed42,42,173,7,False,False,True,0.8176,0.0,-0.018017765,-0.00580161,-2.548170208171996e-08,3.291637767688371e-05,3.2916388590820134e-05,7e267c0bf303542b
2,day2_n8_topk_seed42,42,174,0,False,False,True,0.8194,0.0,-0.008635996,-0.025052551,-9.770440811962544e-08,3.1775678507983685e-05,3.1775827665114775e-05,7e267c0bf303542b
2,day2_n8_topk_seed42,42,174,1,False,False,True,0.8202,0.0,-0.102343254,0.13057652,9.593642147365244e-08,3.7389181670732796e-05,3.738930536201224e-05,7e267c0bf303542b
2,day2_n8_topk_seed42,42,174,2,False,False,True,0.8204,0.0,-0.002227988,-0.061110135,-4.312910917292356e-08,3.566546001820825e-05,3.56654854840599e-05,7e267c0bf303542b
2,day2_n8_topk_seed42,42,174,3,False,False,True,0.8204,0.0,-0.025445027,-0.036463402,4.001428521860362e-09,3.430969809414819e-05,3.4309701732126996e-05,7e267c0bf303542b
2,day2_n8_topk_seed42,42,174,4,False,False,True,0.8188,0.0,0.00056866225,-0.019275172,7.284896952342024e-08,3.246934647904709e-05,3.2469426514580846e-05,7e267c0bf303542b
2,day2_n8_topk_seed42,42,174,5,False,False,True,0.8188,0.0,0.14770187,0.07958245,-2.586460468023688e-08,3.76770221919287e-05,3.767703310586512e-05,7e267c0bf303542b
2,day2_n8_topk_seed42,42,174,6,False,False,True,0.8188,0.0,0.00028164947,-0.0329971,5.25935881512396e-08,3.448449933785014e-05,3.4484539355617017e-05,7e267c0bf303542b
2,day2_n8_topk_seed42,42,174,7,False,False,True,0.8196,0.0,-0.009899988,-0.035260692,-8.389447714307607e-08,3.375797314220108e-05,3.3758078643586487e-05,7e267c0bf303542b
2,day2_n8_topk_seed42,42,175,0,False,False,True,0.8186,0.0,-0.03563802,-0.021008132,-7.909386567916954e-08,3.3239542972296476e-05,3.323963755974546e-05,7e267c0bf303542b
2,day2_n8_topk_seed42,42,175,1,False,False,True,0.8204,0.0,-0.004203805,0.14736524,5.362918997775523e-08,3.6280896893003955e-05,3.6280936910770833e-05,7e267c0bf303542b
2,day2_n8_topk_seed42,42,175,2,False,False,True,0.8216,0.0,-0.01876632,-0.07426444,-7.728052864308665e-09,3.5719393054023385e-05,3.5719393054023385e-05,7e267c0bf303542b
2,day2_n8_topk_seed42,42,175,3,False,False,True,0.8236,0.0,-0.026971791,-0.05621358,-1.212294336028208e-07,3.528999877744354e-05,3.5290209780214354e-05,7e267c0bf303542b
2,day2_n8_topk_seed42,42,175,4,False,False,True,0.8212,0.0,-0.01692902,0.012201423,-8.12030620522819e-08,3.207791451131925e-05,3.207801637472585e-05,7e267c0bf303542b
2,day2_n8_topk_seed42,42,175,5,False,False,True,0.8194,0.0,0.1661043,-0.015887283,-8.937803386288579e-09,3.7606678233714774e-05,3.7606678233714774e-05,7e267c0bf303542b
2,day2_n8_topk_seed42,42,175,6,False,False,True,0.8216,0.0,-0.0205083,0.006326264,3.102141832300731e-08,3.417888729018159e-05,3.417890184209682e-05,7e267c0bf303542b
2,day2_n8_topk_seed42,42,175,7,False,False,True,0.821,0.0,-0.04308694,0.0014806022,-5.66154056969026e-08,3.38326753990259e-05,3.3832722692750394e-05,7e267c0bf303542b
2,day2_n8_topk_seed42,42,176,0,False,False,True,0.8212,0.0,0.013380544,-0.01496689,-8.424823505492895e-08,3.386913158465177e-05,3.3869237086037174e-05,7e267c0bf303542b
2,day2_n8_topk_seed42,42,176,1,False,False,True,0.8204,0.0,0.15027335,0.06047531,1.1965135549019124e-08,3.823199949692935e-05,3.8232003134908155e-05,7e267c0bf303542b
2,day2_n8_topk_seed42,42,176,2,False,False,True,0.8158,0.0,-0.03737417,-0.09089661,7.851581784734663e-08,3.6414006899576634e-05,3.6414094211068004e-05,7e267c0bf303542b
2,day2_n8_topk_seed42,42,176,3,False,False,True,0.8202,0.0,-0.037584517,-0.011708261,-2.9707324600281027e-08,3.4455806598998606e-05,3.4455821150913835e-05,7e267c0bf303542b
2,day2_n8_topk_seed42,42,176,4,False,False,True,0.8196,0.0,0.0029803969,-0.021706058,-3.826098549097878e-08,3.514951458782889e-05,3.514953641570173e-05,7e267c0bf303542b
2,day2_n8_topk_seed42,42,176,5,False,False,True,0.816,0.0,-0.093791455,0.13223055,-2.3417165095906967e-08,3.8019661587895826e-05,3.801966886385344e-05,7e267c0bf303542b
2,day2_n8_topk_seed42,42,176,6,False,False,True,0.8236,0.0,-0.0036911657,-0.005501606,-2.4148288702008358e-08,3.387272954569198e-05,3.38727404596284e-05,7e267c0bf303542b
2,day2_n8_topk_seed42,42,176,7,False,False,True,0.8192,0.0,0.00580701,-0.04792638,-1.0198046140885708e-07,3.58730940206442e-05,3.5873239539796486e-05,7e267c0bf303542b
2,day2_n8_topk_seed42,42,177,0,False,False,True,0.8196,0.0,0.002804411,0.018275388,-8.873633561279348e-08,3.2913336326600984e-05,3.291345637990162e-05,7e267c0bf303542b
2,day2_n8_topk_seed42,42,177,1,False,False,True,0.8188,0.0,0.10707706,-0.12808977,4.864188341002773e-08,3.757054219022393e-05,3.7570574932033196e-05,7e267c0bf303542b
2,day2_n8_topk_seed42,42,177,2,False,False,True,0.8186,0.0,0.005941741,0.06987061,-5.753172871436618e-08,3.6500805435935035e-05,3.650085272965953e-05,7e267c0bf303542b
2,day2_n8_topk_seed42,42,177,3,False,False,True,0.8208,0.0,-0.00565472,0.031077998,-8.963127129391069e-08,3.3859178074635565e-05,3.38592981279362e-05,7e267c0bf303542b
2,day2_n8_topk_seed42,42,177,4,False,False,True,0.8204,0.0,0.009152389,0.03630188,-5.3219977758089954e-08,3.326700971229002e-05,3.3267053368035704e-05,7e267c0bf303542b
2,day2_n8_topk_seed42,42,177,5,False,False,True,0.8174,0.0,-0.14761624,-0.0808308,2.2384259779073545e-08,3.839185228571296e-05,3.839185956167057e-05,7e267c0bf303542b
2,day2_n8_topk_seed42,42,177,6,False,False,True,0.8192,0.0,0.0018320775,0.010245987,-2.2163163748700754e-08,3.443623427301645e-05,3.443624154897407e-05,7e267c0bf303542b
2,day2_n8_topk_seed42,42,177,7,False,False,True,0.8212,0.0,0.02646319,0.04314877,1.1083981510395802e-09,3.550201654434204e-05,3.550201654434204e-05,7e267c0bf303542b
2,day2_n8_topk_seed42,42,178,0,False,False,True,0.8198,0.0,0.00484583,-0.00013251737,-4.708136103204197e-08,3.379534973646514e-05,3.3795382478274405e-05,7e267c0bf303542b
2,day2_n8_topk_seed42,42,178,1,False,False,True,0.8176,0.0,-0.14711504,0.017380064,1.296531308980775e-07,3.824030500254594e-05,3.824052691925317e-05,7e267c0bf303542b
2,day2_n8_topk_seed42,42,178,2,False,False,True,0.819,0.0,-0.0040774234,0.003642637,-7.904098708877427e-08,3.494610427878797e-05,3.494619522825815e-05,7e267c0bf303542b
2,day2_n8_topk_seed42,42,178,3,False,False,True,0.8216,0.0,0.06966986,-0.1301735,-1.2686831496466766e-07,3.791626659221947e-05,3.791648123296909e-05,7e267c0bf303542b
2,day2_n8_topk_seed42,42,178,4,False,False,True,0.8208,0.0,-0.009290345,-0.006030359,-5.326849361608765e-08,3.27978195855394e-05,3.2797863241285086e-05,7e267c0bf303542b
2,day2_n8_topk_seed42,42,178,5,False,False,True,0.8194,0.0,0.08996702,0.12800312,1.3810179666506883e-08,3.868147177854553e-05,3.868147177854553e-05,7e267c0bf303542b
2,day2_n8_topk_seed42,42,178,6,False,False,True,0.8186,0.0,-0.008524281,-0.009722492,-4.525974617308748e-08,3.584336081985384e-05,3.58433899236843e-05,7e267c0bf303542b
2,day2_n8_topk_seed42,42,178,7,False,False,True,0.8192,0.0,0.0045244643,-0.0029668794,-1.760888501678437e-08,3.5134282370563596e-05,3.513428964652121e-05,7e267c0bf303542b
2,day2_n8_topk_seed42,42,179,0,False,False,True,0.8182,0.0,-0.027993316,-0.02583076,-9.944363199565487e-08,3.400554851396009e-05,3.400569403311238e-05,7e267c0bf303542b
2,day2_n8_topk_seed42,42,179,1,False,False,True,0.818,0.0,-0.05468547,0.15404573,2.0625938290663726e-08,3.7860496377106756e-05,3.786050365306437e-05,7e267c0bf303542b
2,day2_n8_topk_seed42,42,179,2,False,False,True,0.819,0.0,-0.004774623,-0.057151057,-2.0558063695830242e-08,3.681090674945153e-05,3.681091402540915e-05,7e267c0bf303542b
2,day2_n8_topk_seed42,42,179,3,False,False,True,0.8226,0.0,-0.014490707,-0.009749283,-1.0951388418334318e-07,3.5111141187371686e-05,3.511131217237562e-05,7e267c0bf303542b
2,day2_n8_topk_seed42,42,179,4,False,False,True,0.8186,0.0,-0.019018669,-0.012132777,-1.2849656627622608e-07,3.301108517916873e-05,3.301133619970642e-05,7e267c0bf303542b
2,day2_n8_topk_seed42,42,179,5,False,False,True,0.8184,0.0,0.17393814,0.030480552,4.4347242322828606e-08,3.9445938455173746e-05,3.9445963921025395e-05,7e267c0bf303542b
2,day2_n8_topk_seed42,42,179,6,False,False,True,0.8206,0.0,-0.01836839,-0.061736993,-5.100507394217857e-08,3.612916771089658e-05,3.6129200452705845e-05,7e267c0bf303542b
2,day2_n8_topk_seed42,42,179,7,False,False,True,0.8158,0.0,-0.03460691,-0.017925467,-1.4337319775847845e-08,3.5540964745450765e-05,3.554096838342957e-05,7e267c0bf303542b
2,day2_n8_topk_seed42,42,180,0,False,False,True,0.82,0.0,-0.012849031,0.04868411,-1.4836825812380994e-07,3.5233631933806464e-05,3.5233944799983874e-05,7e267c0bf303542b
2,day2_n8_topk_seed42,42,180,1,False,False,True,0.818,0.0,-0.11156929,-0.11925588,2.0580324644470238e-07,3.826217653113417e-05,3.826273314189166e-05,7e267c0bf303542b
2,day2_n8_topk_seed42,42,180,2,False,False,True,0.8198,0.0,0.016411532,0.07785284,1.785410042032254e-08,3.5911918530473486e-05,3.591192216845229e-05,7e267c0bf303542b
2,day2_n8_topk_seed42,42,180,3,False,False,True,0.8194,0.0,0.0068121515,0.037414428,-4.644234152806348e-08,3.424288661335595e-05,3.424291935516521e-05,7e267c0bf303542b
2,day2_n8_topk_seed42,42,180,4,False,False,True,0.819,0.0,-0.007427743,0.019302336,-1.4791853963913582e-08,3.175892197759822e-05,3.175892561557703e-05,7e267c0bf303542b
2,day2_n8_topk_seed42,42,180,5,False,False,True,0.8186,0.0,0.14756437,-0.0916081,3.3708026592194074e-08,3.9121707231970504e-05,3.912172178388573e-05,7e267c0bf303542b
2,day2_n8_topk_seed42,42,180,6,False,False,True,0.8236,0.0,-0.01868819,0.005349979,3.0440350684557416e-08,3.5504526749718934e-05,3.5504537663655356e-05,7e267c0bf303542b
2,day2_n8_topk_seed42,42,180,7,False,False,True,0.817,0.0,-0.020253861,0.022260375,-4.3982293362887503e-08,3.5701592423720285e-05,3.5701617889571935e-05,7e267c0bf303542b
2,day2_n8_topk_seed42,42,181,0,False,False,True,0.82,0.0,0.024614325,0.04354262,-5.4034121177437555e-08,3.4237764339195564e-05,3.423780435696244e-05,7e267c0bf303542b
2,day2_n8_topk_seed42,42,181,1,False,False,True,0.8202,0.0,0.06587779,-0.15430866,8.450710708984843e-08,3.8530281017301604e-05,3.853037196677178e-05,7e267c0bf303542b
2,day2_n8_topk_seed42,42,181,2,False,False,True,0.8208,0.0,0.00248706,0.04692218,1.0909703140882243e-09,3.6246197851141915e-05,3.6246197851141915e-05,7e267c0bf303542b
2,day2_n8_topk_seed42,42,181,3,False,False,True,0.818,0.0,0.005280941,0.04110227,-1.2154639250638866e-07,3.477061545709148e-05,3.47708300978411e-05,7e267c0bf303542b
2,day2_n8_topk_seed42,42,181,4,False,False,True,0.8196,0.0,0.010050672,0.007832492,3.6678109438526008e-09,3.328121965751052e-05,3.3281223295489326e-05,7e267c0bf303542b
2,day2_n8_topk_seed42,42,181,5,False,False,True,0.8172,0.0,-0.16663648,-0.041795157,-9.248540067119393e-08,3.8751262763980776e-05,3.8751375541323796e-05,7e267c0bf303542b
2,day2_n8_topk_seed42,42,181,6,False,False,True,0.818,0.0,0.032512903,0.037756227,7.66610099844911e-08,3.485654451651499e-05,3.485662819002755e-05,7e267c0bf303542b
2,day2_n8_topk_seed42,42,181,7,False,False,True,0.818,0.0,0.025812952,0.018948097,-5.079424170162383e-08,3.642953743110411e-05,3.642957381089218e-05,7e267c0bf303542b
2,day2_n8_topk_seed42,42,182,0,False,False,True,0.8234,0.0,-0.00907584,-0.0033303404,-8.108529669925701e-08,3.406180258025415e-05,3.4061900805681944e-05,7e267c0bf303542b
2,day2_n8_topk_seed42,42,182,1,False,False,True,0.8202,0.0,-0.049291156,0.10979103,-1.0739744205068291e-08,3.795671000261791e-05,3.795671364059672e-05,7e267c0bf303542b
2,day2_n8_topk_seed42,42,182,2,False,False,True,0.8196,0.0,-0.009815047,-0.14112172,9.572221415510285e-08,3.702620597323403e-05,3.7026333302492276e-05,7e267c0bf303542b
2,day2_n8_topk_seed42,42,182,3,False,False,True,0.8224,0.0,-0.026876077,-0.0007645323,-1.1277915490381929e-07,3.565993392840028e-05,3.5660112189361826e-05,7e267c0bf303542b
2,day2_n8_topk_seed42,42,182,4,False,False,True,0.8212,0.0,-0.029935284,-0.012716731,-9.702703085423536e-10,3.3465283195255324e-05,3.3465283195255324e-05,7e267c0bf303542b
2,day2_n8_topk_seed42,42,182,5,False,False,True,0.8202,0.0,0.18624756,0.023604337,-2.2149762912704318e-08,4.252927828929387e-05,4.252928192727268e-05,7e267c0bf303542b
2,day2_n8_topk_seed42,42,182,6,False,False,True,0.82,0.0,-0.027883232,0.0032358197,5.782030854106779e-08,3.48915382346604e-05,3.4891585528384894e-05,7e267c0bf303542b
2,day2_n8_topk_seed42,42,182,7,False,False,True,0.819,0.0,-0.03337116,0.02130198,-1.110494096678849e-07,3.6405686842044815e-05,3.640585782704875e-05,7e267c0bf303542b
2,day2_n8_topk_seed42,42,183,0,False,False,True,0.8188,0.0,-0.036447186,-0.027785292,-8.908009618835422e-08,3.4237989893881604e-05,3.423810630920343e-05,7e267c0bf303542b
2,day2_n8_topk_seed42,42,183,1,False,False,True,0.8182,0.0,-0.05381731,0.1597073,2.6670468500356037e-08,3.794394797296263e-05,3.794396252487786e-05,7e267c0bf303542b
2,day2_n8_topk_seed42,42,183,2,False,False,True,0.8184,0.0,-0.0037577958,-0.049328547,1.3688953970358853e-08,3.6869609175482765e-05,3.686961281346157e-05,7e267c0bf303542b
2,day2_n8_topk_seed42,42,183,3,False,False,True,0.8206,0.0,-0.026010044,-0.052600663,-1.4609349818783812e-07,3.4783093724399805e-05,3.47833993146196e-05,7e267c0bf303542b
2,day2_n8_topk_seed42,42,183,4,False,False,True,0.8194,0.0,-0.01619776,-0.0069921957,-4.725225011270595e-08,3.2440970244351774e-05,3.2441006624139845e-05,7e267c0bf303542b
2,day2_n8_topk_seed42,42,183,5,False,False,True,0.816,0.0,0.1729517,0.028823296,9.873169659613268e-08,4.006253584520891e-05,4.0062659536488354e-05,7e267c0bf303542b
2,day2_n8_topk_seed42,42,183,6,False,False,True,0.821,0.0,-0.019632418,-0.017646717,7.267590973469851e-08,3.5348624805919826e-05,3.5348701203474775e-05,7e267c0bf303542b
2,day2_n8_topk_seed42,42,183,7,False,False,True,0.819,0.0,-0.017089367,-0.034177125,4.24355199868387e-08,3.5933207982452586e-05,3.5933233448304236e-05,7e267c0bf303542b
2,day2_n8_topk_seed42,42,184,0,False,False,True,0.822,0.0,-0.014892455,-0.00757383,-7.148050684691043e-08,3.454447869444266e-05,3.454455509199761e-05,7e267c0bf303542b
2,day2_n8_topk_seed42,42,184,1,False,False,True,0.8204,0.0,-0.01727712,-0.10010307,1.0505733882837376e-07,3.789462425629608e-05,3.7894773413427174e-05,7e267c0bf303542b
2,day2_n8_topk_seed42,42,184,2,False,False,True,0.8176,0.0,-0.06609253,0.14672002,3.2616348732972256e-08,3.8720005250070244e-05,3.872001980198547e-05,7e267c0bf303542b
2,day2_n8_topk_seed42,42,184,3,False,False,True,0.8174,0.0,-0.017174115,-0.02621775,-1.24653425359611e-07,3.484762055450119e-05,3.484784247120842e-05,7e267c0bf303542b
2,day2_n8_topk_seed42,42,184,4,False,False,True,0.823,0.0,-0.018683108,-0.007282119,2.2790651144077856e-08,3.314959030831233e-05,3.314960122224875e-05,7e267c0bf303542b
2,day2_n8_topk_seed42,42,184,5,False,False,True,0.8168,0.0,0.17425239,0.03664116,-6.615030656575982e-08,4.0140064811566845e-05,4.014012301922776e-05,7e267c0bf303542b
2,day2_n8_topk_seed42,42,184,6,False,False,True,0.818,0.0,-0.022895738,-0.027665505,1.8563349968303555e-08,3.55799202225171e-05,3.557992386049591e-05,7e267c0bf303542b
2,day2_n8_topk_seed42,42,184,7,False,False,True,0.8172,0.0,-0.01723727,-0.014518837,-1.2948210326158005e-07,3.515800563036464e-05,3.51582420989871e-05,7e267c0bf303542b
2,day2_n8_topk_seed42,42,185,0,False,False,True,0.8222,0.0,0.0017033322,-0.024749948,-3.389015645893778e-08,3.328807360958308e-05,3.3288091799477115e-05,7e267c0bf303542b
2,day2_n8_topk_seed42,42,185,1,False,False,True,0.817,0.0,-0.14488538,0.053921398,1.530359696744199e-07,3.933206608053297e-05,3.933236803277396e-05,7e267c0bf303542b
2,day2_n8_topk_seed42,42,185,2,False,False,True,0.818,0.0,-0.015945148,0.091635875,-7.36545899826524e-08,3.8374993891920894e-05,3.8375066651497036e-05,7e267c0bf303542b
2,day2_n8_topk_seed42,42,185,3,False,False,True,0.819,0.0,0.029933844,-0.07930645,-3.5375140594595678e-09,3.6591482057701796e-05,3.6591482057701796e-05,7e267c0bf303542b
2,day2_n8_topk_seed42,42,185,4,False,False,True,0.8198,0.0,0.007239289,-0.026112065,-6.474213165574838e-08,3.389675111975521e-05,3.389681296539493e-05,7e267c0bf303542b
2,day2_n8_topk_seed42,42,185,5,False,False,True,0.819,0.0,0.12100198,0.09853247,5.799788649341053e-09,3.939468660973944e-05,3.939468660973944e-05,7e267c0bf303542b
2,day2_n8_topk_seed42,42,185,6,False,False,True,0.8202,0.0,-0.0011283784,-0.06017732,-3.622636057798445e-08,3.572177229216322e-05,3.572179048205726e-05,7e267c0bf303542b
2,day2_n8_topk_seed42,42,185,7,False,False,True,0.8178,0.0,0.0020805094,-0.05374393,-4.780498130685373e-08,3.6387347790878266e-05,3.638738053268753e-05,7e267c0bf303542b
2,day2_n8_topk_seed42,42,186,0,False,False,True,0.8222,0.0,0.025476191,0.013328754,-5.323271778934213e-08,3.396578904357739e-05,3.396583269932307e-05,7e267c0bf303542b
2,day2_n8_topk_seed42,42,186,1,False,False,True,0.82,0.0,0.04432462,-0.15641002,-2.8882846336841794e-08,3.8808953831903636e-05,3.880896474584006e-05,7e267c0bf303542b
2,day2_n8_topk_seed42,42,186,2,False,False,True,0.8158,0.0,0.016411183,0.08886309,-6.5510604940755e-08,3.811846545431763e-05,3.811852366197854e-05,7e267c0bf303542b
2,day2_n8_topk_seed42,42,186,3,False,False,True,0.8194,0.0,0.017037079,0.035678476,-1.68483218487836e-08,3.528059460222721e-05,3.528059824020602e-05,7e267c0bf303542b
2,day2_n8_topk_seed42,42,186,4,False,False,True,0.82,0.0,0.02573418,0.007906004,-1.116124703770538e-08,3.33092175424099e-05,3.3309221180388704e-05,7e267c0bf303542b
2,day2_n8_topk_seed42,42,186,5,False,False,True,0.8178,0.0,-0.1784239,-0.019558735,1.7361147186534254e-08,4.0825045289238915e-05,4.082505256519653e-05,7e267c0bf303542b
2,day2_n8_topk_seed42,42,186,6,False,False,True,0.8208,0.0,0.020410188,0.0049495697,2.703023049832609e-08,3.463546818238683e-05,3.463547909632325e-05,7e267c0bf303542b
2,day2_n8_topk_seed42,42,186,7,False,False,True,0.818,0.0,0.029030465,0.025242988,-8.139517149174935e-08,3.675360494526103e-05,3.675369589473121e-05,7e267c0bf303542b
2,day2_n8_topk_seed42,42,187,0,False,False,True,0.822,0.0,0.030510822,0.026635613,-9.494971209278447e-08,3.50449736288283e-05,3.504510095808655e-05,7e267c0bf303542b
2,day2_n8_topk_seed42,42,187,1,False,False,True,0.8164,0.0,0.035951607,-0.15682214,8.400134987596175e-08,3.8572587072849274e-05,3.857267802231945e-05,7e267c0bf303542b
2,day2_n8_topk_seed42,42,187,2,False,False,True,0.8158,0.0,0.03587521,0.092833616,-2.74394711397008e-08,3.8422891520895064e-05,3.8422902434831485e-05,7e267c0bf303542b
2,day2_n8_topk_seed42,42,187,3,False,False,True,0.8188,0.0,0.018409463,0.02192003,-7.801232548843018e-09,3.625099634518847e-05,3.6250999983167276e-05,7e267c0bf303542b
2,day2_n8_topk_seed42,42,187,4,False,False,True,0.8212,0.0,0.01374388,0.009354293,-8.285437225197256e-09,3.2845036912476644e-05,3.284504055045545e-05,7e267c0bf303542b
2,day2_n8_topk_seed42,42,187,5,False,False,True,0.8168,0.0,-0.180515,-0.0040380373,-4.2664094479505366e-08,4.0998846088768914e-05,4.099886791664176e-05,7e267c0bf303542b
2,day2_n8_topk_seed42,42,187,6,False,False,True,0.8214,0.0,0.007913526,0.005022858,-5.843191708265749e-09,3.5282140743220225e-05,3.5282140743220225e-05,7e267c0bf303542b
2,day2_n8_topk_seed42,42,187,7,False,False,True,0.817,0.0,0.038110543,0.0050938595,-7.536968382737541e-08,3.742835178854875e-05,3.74284281861037e-05,7e267c0bf303542b
2,day2_n8_topk_seed42,42,188,0,False,False,True,0.8202,0.0,-0.026597487,-0.040333226,-9.985192406247734e-08,3.473206379567273e-05,3.473220931482501e-05,7e267c0bf303542b
2,day2_n8_topk_seed42,42,188,1,False,False,True,0.819,0.0,-0.06375731,0.16284548,7.848085914474723e-08,3.9680908230366185e-05,3.968098826589994e-05,7e267c0bf303542b
2,day2_n8_topk_seed42,42,188,2,False,False,True,0.8218,0.0,0.0038209185,-0.04568165,-2.500993723231204e-08,3.784677755902521e-05,3.784678483498283e-05,7e267c0bf303542b
2,day2_n8_topk_seed42,42,188,3,False,False,True,0.8198,0.0,-0.011412602,-0.05242909,-4.862340219347061e-08,3.609100531321019e-05,3.609103805501945e-05,7e267c0bf303542b
2,day2_n8_topk_seed42,42,188,4,False,False,True,0.8202,0.0,-0.02590749,-0.024219051,-2.834116719085955e-09,3.438452404225245e-05,3.438452404225245e-05,7e267c0bf303542b
2,day2_n8_topk_seed42,42,188,5,False,False,True,0.8178,0.0,0.1780307,0.040190984,-5.099336775060692e-08,4.158373121754266e-05,4.158376395935193e-05,7e267c0bf303542b
2,day2_n8_topk_seed42,42,188,6,False,False,True,0.8206,0.0,-0.029302869,-0.022370184,-1.5512605955336767e-07,3.61931997758802e-05,3.619353083195165e-05,7e267c0bf303542b
2,day2_n8_topk_seed42,42,188,7,False,False,True,0.8152,0.0,-0.02487387,-0.018003488,-8.386832206497274e-08,3.748643575818278e-05,3.748653034563176e-05,7e267c0bf303542b
2,day2_n8_topk_seed42,42,189,0,False,False,True,0.8196,0.0,0.027265737,0.015125876,-1.2520958136974514e-07,3.53127543348819e-05,3.5312976251589134e-05,7e267c0bf303542b
2,day2_n8_topk_seed42,42,189,1,False,False,True,0.8194,0.0,0.047751468,-0.1440443,1.839377858914304e-07,3.923819531337358e-05,3.9238628232851624e-05,7e267c0bf303542b
2,day2_n8_topk_seed42,42,189,2,False,False,True,0.8184,0.0,0.015504758,0.09530164,-1.1866800520010656e-07,3.8709396903868765e-05,3.870957880280912e-05,7e267c0bf303542b
2,day2_n8_topk_seed42,42,189,3,False,False,True,0.8164,0.0,0.023867402,0.07235785,-3.896233380373815e-08,3.7303394492482767e-05,3.730341632035561e-05,7e267c0bf303542b
2,day2_n8_topk_seed42,42,189,4,False,False,True,0.8196,0.0,0.014254725,0.0060181175,-4.0448465910003506e-08,3.240557271055877e-05,3.240559817641042e-05,7e267c0bf303542b
2,day2_n8_topk_seed42,42,189,5,False,False,True,0.82,0.0,-0.1824257,-0.021505417,-3.2743734834639326e-08,4.137371070100926e-05,4.137372161494568e-05,7e267c0bf303542b
2,day2_n8_topk_seed42,42,189,6,False,False,True,0.8214,0.0,0.023122719,0.004605433,-1.553824944267035e-07,3.5331562685314566e-05,3.5331901017343625e-05,7e267c0bf303542b
2,day2_n8_topk_seed42,42,189,7,False,False,True,0.817,0.0,0.030658918,-0.027859183,-7.674234581145356e-08,3.759298488148488e-05,3.759306491701864e-05,7e267c0bf303542b
2,day2_n8_topk_seed42,42,190,0,False,False,True,0.818,0.0,0.01029211,-0.027316568,-8.956046571029219e-08,3.496154022286646e-05,3.496165300020948e-05,7e267c0bf303542b
2,day2_n8_topk_seed42,42,190,1,False,False,True,0.8192,0.0,-0.18157172,0.008831975,7.837216031703065e-08,4.077654011780396e-05,4.07766128773801e-05,7e267c0bf303542b
2,day2_n8_topk_seed42,42,190,2,False,False,True,0.8194,0.0,0.023331448,-0.019785639,9.290619829016578e-09,3.8458976632682607e-05,3.8458976632682607e-05,7e267c0bf303542b
2,day2_n8_topk_seed42,42,190,3,False,False,True,0.8192,0.0,0.034803957,-0.0372372,-6.705693067488028e-08,3.749887764570303e-05,3.7498935853363946e-05,7e267c0bf303542b
2,day2_n8_topk_seed42,42,190,4,False,False,True,0.8222,0.0,0.023945982,-0.01525046,-6.219042347765935e-08,3.528317392920144e-05,3.528323213686235e-05,7e267c0bf303542b
2,day2_n8_topk_seed42,42,190,5,False,False,True,0.819,0.0,0.036731333,0.17424114,-7.390001499629761e-09,4.018120307591744e-05,4.018120307591744e-05,7e267c0bf303542b
2,day2_n8_topk_seed42,42,190,6,False,False,True,0.8206,0.0,0.014776403,-0.03290679,3.870314624343507e-10,3.5979905078420416e-05,3.5979905078420416e-05,7e267c0bf303542b
2,day2_n8_topk_seed42,42,190,7,False,False,True,0.8158,0.0,0.037690688,-0.05057647,-1.6107775024920556e-07,3.814705996774137e-05,3.814739829977043e-05,7e267c0bf303542b
2,day2_n8_topk_seed42,42,191,0,False,False,True,0.8176,0.0,0.0139796585,0.044599995,-5.3119297405146426e-08,3.554771683411673e-05,3.5547756851883605e-05,7e267c0bf303542b
2,day2_n8_topk_seed42,42,191,1,False,False,True,0.8188,0.0,-0.1568489,-0.09453396,5.7536126973900537e-08,4.110348527319729e-05,4.110352529096417e-05,7e267c0bf303542b
2,day2_n8_topk_seed42,42,191,2,False,False,True,0.8166,0.0,0.015536043,0.048873957,-6.631882598640004e-08,3.840720819425769e-05,3.84072627639398e-05,7e267c0bf303542b
2,day2_n8_topk_seed42,42,191,3,False,False,True,0.8188,0.0,0.011709464,0.05498034,-6.630556725895076e-08,3.7900801544310525e-05,3.7900863389950246e-05,7e267c0bf303542b
2,day2_n8_topk_seed42,42,191,4,False,False,True,0.8172,0.0,0.0066902144,0.02823937,-1.6682506043252943e-08,3.334939538035542e-05,3.334940265631303e-05,7e267c0bf303542b
2,day2_n8_topk_seed42,42,191,5,False,False,True,0.818,0.0,0.12005815,-0.13924026,-6.87777372831988e-08,4.137728683417663e-05,4.137734504183754e-05,7e267c0bf303542b
2,day2_n8_topk_seed42,42,191,6,False,False,True,0.8184,0.0,-0.0007644348,0.027639972,-6.668507523954759e-08,3.545354775269516e-05,3.5453613236313686e-05,7e267c0bf303542b
2,day2_n8_topk_seed42,42,191,7,False,False,True,0.8174,0.0,-0.010360241,0.029440517,-8.486158442622127e-09,3.7826572224730626e-05,3.7826572224730626e-05,7e267c0bf303542b
2,day2_n8_topk_seed42,42,192,0,False,False,True,0.8214,0.0,-0.013793864,0.04990622,-1.0875061207116232e-07,3.584745354601182e-05,3.584761725505814e-05,7e267c0bf303542b
2,day2_n8_topk_seed42,42,192,1,False,False,True,0.819,0.0,-0.13097839,-0.12008161,1.0692577490090116e-07,3.9747406844981015e-05,3.97475523641333e-05,7e267c0bf303542b
2,day2_n8_topk_seed42,42,192,2,False,False,True,0.8154,0.0,0.030040603,0.029932184,-2.305745709918483e-07,3.914173794328235e-05,3.914241460734047e-05,7e267c0bf303542b
2,day2_n8_topk_seed42,42,192,3,False,False,True,0.8178,0.0,0.005634779,0.061044946,-6.298088095491039e-08,3.6873450881103054e-05,3.687350908876397e-05,7e267c0bf303542b
2,day2_n8_topk_seed42,42,192,4,False,False,True,0.8158,0.0,-0.005012511,0.028477618,-1.6084182874465114e-08,3.40880396834109e-05,3.4088043321389705e-05,7e267c0bf303542b
2,day2_n8_topk_seed42,42,192,5,False,False,True,0.8178,0.0,0.13903329,-0.10951272,-2.378776819966788e-08,4.0347451431443915e-05,4.034745870740153e-05,7e267c0bf303542b
2,day2_n8_topk_seed42,42,192,6,False,False,True,0.8182,0.0,-0.006058346,0.017345302,-1.129784710229842e-08,3.419425411266275e-05,3.4194257750641555e-05,7e267c0bf303542b
2,day2_n8_topk_seed42,42,192,7,False,False,True,0.8168,0.0,-0.01886555,0.042888105,-4.526673791360736e-08,3.659123103716411e-05,3.6591260140994564e-05,7e267c0bf303542b
2,day2_n8_topk_seed42,42,193,0,False,False,True,0.8206,0.0,-0.028463807,0.030158266,-1.7482800274137844e-07,3.512360490276478e-05,3.5124037822242826e-05,7e267c0bf303542b
2,day2_n8_topk_seed42,42,193,1,False,False,True,0.8174,0.0,-0.060233958,-0.16437002,7.703195592512202e-08,3.951187682105228e-05,3.951195321860723e-05,7e267c0bf303542b
2,day2_n8_topk_seed42,42,193,2,False,False,True,0.8186,0.0,-0.009000476,0.027751628,-1.0089443946981191e-07,3.8549056625925004e-05,3.854918759316206e-05,7e267c0bf303542b
2,day2_n8_topk_seed42,42,193,3,False,False,True,0.8168,0.0,-0.014271948,0.06230911,-6.106579775178034e-08,3.672558523248881e-05,3.672563980217092e-05,7e267c0bf303542b
2,day2_n8_topk_seed42,42,193,4,False,False,True,0.8176,0.0,-0.02060215,0.016931908,-1.2830994933210604e-07,3.460259176790714e-05,3.460283187450841e-05,7e267c0bf303542b
2,day2_n8_topk_seed42,42,193,5,False,False,True,0.8216,0.0,0.1764455,-0.035183445,-1.0477988610091415e-07,4.031119169667363e-05,4.03113299398683e-05,7e267c0bf303542b
2,day2_n8_topk_seed42,42,193,6,False,False,True,0.8144,0.0,-0.017494524,0.033734694,-2.5107063095219928e-08,3.540551915648393e-05,3.540552643244155e-05,7e267c0bf303542b
2,day2_n8_topk_seed42,42,193,7,False,False,True,0.8158,0.0,-0.026378643,0.028667752,-1.222640690912158e-07,3.787291643675417e-05,3.787311652558856e-05,7e267c0bf303542b
2,day2_n8_topk_seed42,42,194,0,False,False,True,0.8208,0.0,0.0023553811,-0.03407081,-1.1589190052063714e-07,3.520571772241965e-05,3.520590689731762e-05,7e267c0bf303542b
2,day2_n8_topk_seed42,42,194,1,False,False,True,0.8198,0.0,-0.12498337,0.119814605,1.0246307624584006e-07,3.974184437538497e-05,3.974197534262203e-05,7e267c0bf303542b
2,day2_n8_topk_seed42,42,194,2,False,False,True,0.8174,0.0,-0.0012604826,-0.06975762,-5.537921410336821e-08,3.9143884350778535e-05,3.914392436854541e-05,7e267c0bf303542b
2,day2_n8_topk_seed42,42,194,3,False,False,True,0.8212,0.0,0.02031477,-0.0591928,-4.091186411869785e-08,3.74861883756239e-05,3.7486213841475546e-05,7e267c0bf303542b
2,day2_n8_topk_seed42,42,194,4,False,False,True,0.8204,0.0,-0.007238772,-0.013762471,-5.30646082630426e-10,3.381206261110492e-05,3.381206261110492e-05,7e267c0bf303542b
2,day2_n8_topk_seed42,42,194,5,False,False,True,0.8192,0.0,0.14251761,0.10590709,2.2739053306963797e-08,4.00491917389445e-05,4.0049199014902115e-05,7e267c0bf303542b
2,day2_n8_topk_seed42,42,194,6,False,False,True,0.8208,0.0,-0.0073752715,-0.012638025,1.6969323723969865e-08,3.575630398700014e-05,3.5756307624978945e-05,7e267c0bf303542b
2,day2_n8_topk_seed42,42,194,7,False,False,True,0.8204,0.0,-0.024330014,-0.036300138,-9.835318337536592e-08,3.738445957424119e-05,3.7384590541478246e-05,7e267c0bf303542b
2,day2_n8_topk_seed42,42,195,0,False,False,True,0.8184,0.0,0.013527201,0.030098869,-4.4659035580707496e-08,3.464697874733247e-05,3.4647007851162925e-05,7e267c0bf303542b
2,day2_n8_topk_seed42,42,195,1,False,False,True,0.8218,0.0,0.09766505,-0.143839,1.1140891587047008e-07,4.0429422369925305e-05,4.04295751650352e-05,7e267c0bf303542b
2,day2_n8_topk_seed42,42,195,2,False,False,True,0.8156,0.0,-0.013683833,0.071404986,-9.713887294537926e-08,3.911683597834781e-05,3.911695603164844e-05,7e267c0bf303542b
2,day2_n8_topk_seed42,42,195,3,False,False,True,0.822,0.0,0.0156881,0.01936481,-1.4523275915223621e-08,3.6876212107017636e-05,3.6876215744996443e-05,7e267c0bf303542b
2,day2_n8_topk_seed42,42,195,4,False,False,True,0.818,0.0,0.017355788,0.010031455,-6.605424118788505e-08,3.4912060073111206e-05,3.4912125556729734e-05,7e267c0bf303542b
2,day2_n8_topk_seed42,42,195,5,False,False,True,0.8176,0.0,-0.1668319,-0.07102762,-1.0134696992736281e-07,4.143306068726815e-05,4.14331880165264e-05,7e267c0bf303542b
2,day2_n8_topk_seed42,42,195,6,False,False,True,0.8194,0.0,0.005020686,0.01274051,4.904925887672107e-08,3.558921525836922e-05,3.5589248000178486e-05,7e267c0bf303542b
2,day2_n8_topk_seed42,42,195,7,False,False,True,0.813,0.0,0.031258803,0.07122627,-1.914327469876298e-07,3.8675021642120555e-05,3.867549094138667e-05,7e267c0bf303542b
2,day2_n8_topk_seed42,42,196,0,False,False,True,0.8232,0.0,0.023632808,0.024681192,-1.3277531252242625e-07,3.5618370020529255e-05,3.5618621041066945e-05,7e267c0bf303542b
2,day2_n8_topk_seed42,42,196,1,False,False,True,0.8186,0.0,0.04583256,-0.15783018,6.57742660337135e-08,4.0041042666416615e-05,4.004109723609872e-05,7e267c0bf303542b
2,day2_n8_topk_seed42,42,196,2,False,False,True,0.8182,0.0,-0.0057685194,0.096557304,-5.033363237316735e-08,3.905664198100567e-05,3.905667836079374e-05,7e267c0bf303542b
2,day2_n8_topk_seed42,42,196,3,False,False,True,0.8204,0.0,0.020223716,0.008907172,-8.606555468304578e-08,3.692696554935537e-05,3.692706013680436e-05,7e267c0bf303542b
2,day2_n8_topk_seed42,42,196,4,False,False,True,0.818,0.0,0.019510051,0.028209055,-1.4893039690377918e-08,3.4760778362397105e-05,3.476078200037591e-05,7e267c0bf303542b
2,day2_n8_topk_seed42,42,196,5,False,False,True,0.8204,0.0,-0.18596528,-0.02859832,-1.633719115545773e-08,4.2545547330519184e-05,4.254555096849799e-05,7e267c0bf303542b
2,day2_n8_topk_seed42,42,196,6,False,False,True,0.8196,0.0,0.044023223,0.014062319,-7.470679008747538e-08,3.663577444967814e-05,3.663584720925428e-05,7e267c0bf303542b
2,day2_n8_topk_seed42,42,196,7,False,False,True,0.8196,0.0,0.03851162,0.0140114855,-1.8047439098722862e-08,3.844438833766617e-05,3.844438833766617e-05,7e267c0bf303542b
2,day2_n8_topk_seed42,42,197,0,False,False,True,0.8218,0.0,-0.01617024,-0.000518732,9.444345305809065e-10,3.523929990478791e-05,3.523929990478791e-05,7e267c0bf303542b
2,day2_n8_topk_seed42,42,197,1,False,False,True,0.8156,0.0,-0.03291888,-0.12140191,1.5730901736787928e-07,4.0947696106741205e-05,4.0947998058982193e-05,7e267c0bf303542b
2,day2_n8_topk_seed42,42,197,2,False,False,True,0.8172,0.0,0.20063695,-0.007970175,6.212308534259137e-08,4.5588687498820946e-05,4.5588727516587824e-05,7e267c0bf303542b
2,day2_n8_topk_seed42,42,197,3,False,False,True,0.821,0.0,-0.032005038,0.0037585183,-3.3111447805822536e-08,3.628884587669745e-05,3.6288864066591486e-05,7e267c0bf303542b
2,day2_n8_topk_seed42,42,197,4,False,False,True,0.8188,0.0,-0.03079972,-0.010838186,3.882261623289196e-08,3.700784145621583e-05,3.700786328408867e-05,7e267c0bf303542b
2,day2_n8_topk_seed42,42,197,5,False,False,True,0.821,0.0,-0.021252837,0.15775266,-9.441446024993638e-08,4.130054003326222e-05,4.1300649172626436e-05,7e267c0bf303542b
2,day2_n8_topk_seed42,42,197,6,False,False,True,0.8188,0.0,-0.029220426,-0.006835167,8.056379174892214e-11,3.5007193218916655e-05,3.5007193218916655e-05,7e267c0bf303542b
2,day2_n8_topk_seed42,42,197,7,False,False,True,0.8172,0.0,-0.038269963,-0.013947055,-4.584798318774119e-08,3.8392379792639986e-05,3.839240889647044e-05,7e267c0bf303542b
2,day2_n8_topk_seed42,42,198,0,False,False,True,0.8196,0.0,-0.03315761,-0.03119015,-4.872346082152035e-08,3.5561679396778345e-05,3.556171213858761e-05,7e267c0bf303542b
2,day2_n8_topk_seed42,42,198,1,False,False,True,0.8188,0.0,0.17522053,0.0691879,4.840826051122349e-08,4.2540854337858036e-05,4.2540879803709686e-05,7e267c0bf303542b
2,day2_n8_topk_seed42,42,198,2,False,False,True,0.8216,0.0,0.00039052684,-0.043618917,2.1704115837906102e-08,3.874602043651976e-05,3.874603135045618e-05,7e267c0bf303542b
2,day2_n8_topk_seed42,42,198,3,False,False,True,0.8236,0.0,-0.018028678,-0.052348398,-3.100122114574333e-08,3.734057099791244e-05,3.734058191184886e-05,7e267c0bf303542b
2,day2_n8_topk_seed42,42,198,4,False,False,True,0.817,0.0,-0.008477426,-0.020657254,6.684524578304263e-08,3.532080154400319e-05,3.5320867027621716e-05,7e267c0bf303542b
2,day2_n8_topk_seed42,42,198,5,False,False,True,0.8198,0.0,-0.095510125,0.15782252,1.1762285367922232e-07,4.1318737203255296e-05,4.131890455028042e-05,7e267c0bf303542b
2,day2_n8_topk_seed42,42,198,6,False,False,True,0.8212,0.0,-0.009526356,-0.03585783,-3.137990423063286e-10,3.615028253989294e-05,3.615028253989294e-05,7e267c0bf303542b
2,day2_n8_topk_seed42,42,198,7,False,False,True,0.8222,0.0,-0.0109110745,-0.043337982,-8.695245412582153e-08,3.906626807292923e-05,3.9066366298357025e-05,7e267c0bf303542b
2,day2_n8_topk_seed42,42,199,0,False,False,True,0.821,0.0,0.015445217,-0.03883438,-7.181255767818584e-08,3.578574978746474e-05,3.578582254704088e-05,7e267c0bf303542b
2,day2_n8_topk_seed42,42,199,1,False,False,True,0.8172,0.0,0.07944915,0.16494298,1.3108694929542253e-07,4.135846029384993e-05,4.135867129662074e-05,7e267c0bf303542b
2,day2_n8_topk_seed42,42,199,2,False,False,True,0.8182,0.0,0.012588816,-0.0334916,-1.16835927599368e-07,3.96645009459462e-05,3.966467556892894e-05,7e267c0bf303542b
2,day2_n8_topk_seed42,42,199,3,False,False,True,0.8202,0.0,0.0027392223,-0.055690523,-1.0359075020005548e-07,3.734835627255961e-05,3.734849451575428e-05,7e267c0bf303542b
2,day2_n8_topk_seed42,42,199,4,False,False,True,0.8208,0.0,0.0061862925,-0.02658815,-7.357883191616565e-08,3.508879672153853e-05,3.5088876757072285e-05,7e267c0bf303542b
2,day2_n8_topk_seed42,42,199,5,False,False,True,0.82,0.0,-0.1774873,0.054530304,6.141875985576917e-08,4.1669452912174165e-05,4.1669503843877465e-05,7e267c0bf303542b
2,day2_n8_topk_seed42,42,199,6,False,False,True,0.8202,0.0,0.020523416,-0.027109666,2.565653822728109e-08,3.5957840736955404e-05,3.595784801291302e-05,7e267c0bf303542b
2,day2_n8_topk_seed42,42,199,7,False,False,True,0.8182,0.0,0.040555105,-0.037758943,-1.9465842271415568e-08,3.865419057547115e-05,3.865419785142876e-05,7e267c0bf303542b
2,day2_n8_topk_seed42,42,200,0,False,False,True,0.8208,0.0,0.021609696,0.019706355,-9.445146531561477e-08,3.607043618103489e-05,3.6070559872314334e-05,7e267c0bf303542b
2,day2_n8_topk_seed42,42,200,1,False,False,True,0.8184,0.0,0.11268698,-0.13126285,8.260280992544722e-08,4.209490725770593e-05,4.209498729323968e-05,7e267c0bf303542b
2,day2_n8_topk_seed42,42,200,2,False,False,True,0.8148,0.0,0.0036779132,0.117899664,3.1179652637547406e-08,4.087072375114076e-05,4.087073830305599e-05,7e267c0bf303542b
2,day2_n8_topk_seed42,42,200,3,False,False,True,0.8204,0.0,-0.013799505,0.02550947,-4.166362543855939e-08,3.629676575656049e-05,3.629679122241214e-05,7e267c0bf303542b
2,day2_n8_topk_seed42,42,200,4,False,False,True,0.8206,0.0,0.007917109,0.008859794,3.2216295409170925e-08,3.593030487536453e-05,3.5930319427279755e-05,7e267c0bf303542b
2,day2_n8_topk_seed42,42,200,5,False,False,True,0.8186,0.0,-0.16543144,-0.08063636,-5.257935242752865e-08,4.2403808038216084e-05,4.2403844418004155e-05,7e267c0bf303542b
2,day2_n8_topk_seed42,42,200,6,False,False,True,0.8208,0.0,0.0073521445,0.008761859,6.04598682230062e-08,3.681859379867092e-05,3.681864109239541e-05,7e267c0bf303542b
2,day2_n8_topk_seed42,42,200,7,False,False,True,0.8174,0.0,0.0259872,0.031161971,-4.239946704842623e-08,3.7440233427332714e-05,3.744026253116317e-05,7e267c0bf303542b
