day,run_name,seed,epoch,worker_id,is_malicious,is_flagged,is_accepted,validation_acc,detector_score,projection_1,projection_2,update_mean,update_std,update_rms,config_hash
2,day2_n8_softmax_seed44,44,1,0,False,False,True,0.1082,0.0,82.73319,143.90878,0.00035133204073645175,0.09204939007759094,0.09205006808042526,7e267c0bf303542b
2,day2_n8_softmax_seed44,44,1,1,False,False,True,0.0964,0.0,68.3123,-82.00381,-0.00039489773917011917,0.0826147049665451,0.08261564373970032,7e267c0bf303542b
2,day2_n8_softmax_seed44,44,1,2,False,False,True,0.1202,0.0,-551.8804,1.9785619,0.0012132455594837666,0.1270086020231247,0.1270143985748291,7e267c0bf303542b
2,day2_n8_softmax_seed44,44,1,3,False,False,True,0.118,0.0,49.674644,302.51086,-0.000211748483707197,0.09483594447374344,0.09483617544174194,7e267c0bf303542b
2,day2_n8_softmax_seed44,44,1,4,False,False,True,0.1288,0.0,54.111668,-95.256874,-0.00017271339311264455,0.0879511833190918,0.08795134723186493,7e267c0bf303542b
2,day2_n8_softmax_seed44,44,1,5,False,False,True,0.1172,0.0,139.22977,115.28622,0.0011310710106045008,0.09291716665029526,0.09292404353618622,7e267c0bf303542b
2,day2_n8_softmax_seed44,44,1,6,False,False,True,0.1008,0.0,73.353516,-135.33527,0.0002199193404521793,0.08992867916822433,0.08992893993854523,7e267c0bf303542b
2,day2_n8_softmax_seed44,44,1,7,False,False,True,0.116,0.0,84.467445,-251.08849,0.0007793587283231318,0.09608187526464462,0.09608502686023712,7e267c0bf303542b
2,day2_n8_softmax_seed44,44,2,0,False,False,True,0.0904,0.0,-28.430347,-40.141243,-0.0002801409282255918,0.01827349327504635,0.018275640904903412,7e267c0bf303542b
2,day2_n8_softmax_seed44,44,2,1,False,False,True,0.1122,0.0,-73.34978,9.827987,-0.0001804250932764262,0.019682521000504494,0.019683346152305603,7e267c0bf303542b
2,day2_n8_softmax_seed44,44,2,2,False,False,True,0.1082,0.0,4.4230847,61.347176,-0.00019054466974921525,0.017592813819646835,0.01759384758770466,7e267c0bf303542b
2,day2_n8_softmax_seed44,44,2,3,False,False,True,0.0988,0.0,28.748486,-2.366603,-0.00033402370172552764,0.013450905680656433,0.013455051928758621,7e267c0bf303542b
2,day2_n8_softmax_seed44,44,2,4,False,False,True,0.0972,0.0,17.402893,-3.1621509,-0.00035886181285604835,0.013753819279372692,0.01375850010663271,7e267c0bf303542b
2,day2_n8_softmax_seed44,44,2,5,False,False,True,0.0904,0.0,11.771085,6.2772512,-0.00036594897392205894,0.014299200847744942,0.014303881675004959,7e267c0bf303542b
2,day2_n8_softmax_seed44,44,2,6,False,False,True,0.1036,0.0,19.351301,5.751172,-0.00018353528867010027,0.01312599889934063,0.013127281330525875,7e267c0bf303542b
2,day2_n8_softmax_seed44,44,2,7,False,False,True,0.0972,0.0,20.083488,-37.533688,-0.00027374119963496923,0.0171551164239645,0.01715730130672455,7e267c0bf303542b
2,day2_n8_softmax_seed44,44,3,0,False,False,True,0.0932,0.0,69.34507,-10.74974,0.00010039580229204148,0.016381748020648956,0.01638205535709858,7e267c0bf303542b
2,day2_n8_softmax_seed44,44,3,1,False,False,True,0.0956,0.0,-13.3808155,29.834291,-6.428742926800624e-05,0.012843470089137554,0.012843629345297813,7e267c0bf303542b
2,day2_n8_softmax_seed44,44,3,2,False,False,True,0.1412,0.0,-5.8535705,7.849062,-6.965078500797972e-05,0.004916939418762922,0.0049174330197274685,7e267c0bf303542b
2,day2_n8_softmax_seed44,44,3,3,False,False,True,0.1458,0.0,-5.5977364,1.3363074,6.808301986893639e-05,0.00885454099625349,0.008854802697896957,7e267c0bf303542b
2,day2_n8_softmax_seed44,44,3,4,False,False,True,0.1552,0.0,-5.9928727,8.872209,-3.9676393498666584e-05,0.008165677078068256,0.008165773004293442,7e267c0bf303542b
2,day2_n8_softmax_seed44,44,3,5,False,False,True,0.1076,0.0,-4.6955795,7.704544,-3.443448804318905e-05,0.006501537747681141,0.006501629017293453,7e267c0bf303542b
2,day2_n8_softmax_seed44,44,3,6,False,False,True,0.0912,0.0,-25.83687,-52.058266,-4.630150579032488e-05,0.01402540784329176,0.014025484211742878,7e267c0bf303542b
2,day2_n8_softmax_seed44,44,3,7,False,False,True,0.1016,0.0,-7.9874897,7.2114496,-4.431725392350927e-05,0.008767373859882355,0.008767485618591309,7e267c0bf303542b
2,day2_n8_softmax_seed44,44,4,0,False,False,True,0.1344,0.0,9.165468,3.5822864,-4.463546792976558e-05,0.004538355395197868,0.004538575187325478,7e267c0bf303542b
2,day2_n8_softmax_seed44,44,4,1,False,False,True,0.1422,0.0,9.537556,-39.362984,-3.544617356965318e-05,0.00929403305053711,0.009294100105762482,7e267c0bf303542b
2,day2_n8_softmax_seed44,44,4,2,False,False,True,0.1488,0.0,6.441756,4.5121226,-3.3918498957064e-05,0.0044789994135499,0.004479127936065197,7e267c0bf303542b
2,day2_n8_softmax_seed44,44,4,3,False,False,True,0.133,0.0,11.0687685,10.525073,-4.186172373010777e-05,0.006057110149413347,0.0060572549700737,7e267c0bf303542b
2,day2_n8_softmax_seed44,44,4,4,False,False,True,0.1338,0.0,10.514411,11.492954,-6.030410077073611e-05,0.008039475418627262,0.008039701730012894,7e267c0bf303542b
2,day2_n8_softmax_seed44,44,4,5,False,False,True,0.1114,0.0,9.759604,6.9315524,-4.718365744338371e-05,0.005769056733697653,0.005769249517470598,7e267c0bf303542b
2,day2_n8_softmax_seed44,44,4,6,False,False,True,0.0856,0.0,-63.61356,0.11294604,-7.186546281445771e-05,0.014910499565303326,0.01491067185997963,7e267c0bf303542b
2,day2_n8_softmax_seed44,44,4,7,False,False,True,0.1056,0.0,7.126174,2.2061307,-3.0462239010375924e-05,0.004739666357636452,0.004739764146506786,7e267c0bf303542b
2,day2_n8_softmax_seed44,44,5,0,False,False,True,0.1282,0.0,2.597167,-0.03775268,-1.195187542180065e-05,0.0019322243751958013,0.0019322613952681422,7e267c0bf303542b
2,day2_n8_softmax_seed44,44,5,1,False,False,True,0.1418,0.0,3.142016,0.10557859,-1.6996233171084896e-05,0.002454032888635993,0.0024540915619581938,7e267c0bf303542b
2,day2_n8_softmax_seed44,44,5,2,False,False,True,0.1658,0.0,6.387596,17.986223,-2.261905865452718e-05,0.004512658808380365,0.004512715619057417,7e267c0bf303542b
2,day2_n8_softmax_seed44,44,5,3,False,False,True,0.1558,0.0,3.1504116,-1.2848485,-1.1513428034959361e-05,0.0027186311781406403,0.0027186558581888676,7e267c0bf303542b
2,day2_n8_softmax_seed44,44,5,4,False,False,True,0.1168,0.0,4.195958,-7.693012,-3.30265102093108e-05,0.0037139172200113535,0.003714064136147499,7e267c0bf303542b
2,day2_n8_softmax_seed44,44,5,5,False,False,True,0.1002,0.0,3.250191,-3.7269444,-2.1011739590903744e-05,0.0023795703891664743,0.0023796630557626486,7e267c0bf303542b
2,day2_n8_softmax_seed44,44,5,6,False,False,True,0.1092,0.0,-25.702486,1.7692782,-3.733166886377148e-05,0.006096673663705587,0.006096788682043552,7e267c0bf303542b
2,day2_n8_softmax_seed44,44,5,7,False,False,True,0.0982,0.0,2.9791188,-7.118526,-2.2977488697506487e-05,0.0032777118030935526,0.0032777925953269005,7e267c0bf303542b
2,day2_n8_softmax_seed44,44,6,0,False,False,True,0.149,0.0,2.4054174,-0.9134389,-1.987387440749444e-05,0.003289202693849802,0.0032892629969865084,7e267c0bf303542b
2,day2_n8_softmax_seed44,44,6,1,False,False,True,0.1548,0.0,-4.2831535,-5.595974,-6.553997536684619e-06,0.002326112939044833,0.0023261222522705793,7e267c0bf303542b
2,day2_n8_softmax_seed44,44,6,2,False,False,True,0.0768,0.0,-16.076405,20.285757,1.2778703421645332e-05,0.006129864603281021,0.006129877641797066,7e267c0bf303542b
2,day2_n8_softmax_seed44,44,6,3,False,False,True,0.161,0.0,26.20246,10.53884,-3.905366611434147e-05,0.006614580750465393,0.006614696234464645,7e267c0bf303542b
2,day2_n8_softmax_seed44,44,6,4,False,False,True,0.1888,0.0,-1.4810307,-3.177877,-9.123589734372217e-06,0.0025326809845864773,0.002532697282731533,7e267c0bf303542b
2,day2_n8_softmax_seed44,44,6,5,False,False,True,0.1344,0.0,-3.8706295,-4.9238477,-2.4222747015301138e-05,0.002443359000608325,0.0024434791412204504,7e267c0bf303542b
2,day2_n8_softmax_seed44,44,6,6,False,False,True,0.1454,0.0,0.89126784,-12.175951,-4.271419675205834e-05,0.004576563369482756,0.004576763138175011,7e267c0bf303542b
2,day2_n8_softmax_seed44,44,6,7,False,False,True,0.1746,0.0,-3.7879794,-4.0376124,-6.365653916873271e-06,0.0027055449318140745,0.0027055523823946714,7e267c0bf303542b
2,day2_n8_softmax_seed44,44,7,0,False,False,True,0.1584,0.0,2.2702525,-9.282495,-2.0543873688438907e-05,0.0027380294632166624,0.002738106297329068,7e267c0bf303542b
2,day2_n8_softmax_seed44,44,7,1,False,False,True,0.1992,0.0,0.88583916,0.8244485,-2.3903634428279474e-05,0.0019304805900901556,0.0019306285539641976,7e267c0bf303542b
2,day2_n8_softmax_seed44,44,7,2,False,False,True,0.2028,0.0,-8.770508,-0.96342754,-2.9331577025004663e-05,0.002809703117236495,0.0028098563198000193,7e267c0bf303542b
2,day2_n8_softmax_seed44,44,7,3,False,False,True,0.1836,0.0,-1.1886269,1.6159285,-1.5729074220871553e-05,0.0019545217510312796,0.0019545850809663534,7e267c0bf303542b
2,day2_n8_softmax_seed44,44,7,4,False,False,True,0.1576,0.0,10.023672,2.4251084,-2.523069088056218e-05,0.0025644819252192974,0.0025646062567830086,7e267c0bf303542b
2,day2_n8_softmax_seed44,44,7,5,False,False,True,0.1984,0.0,0.016898371,1.1318656,-1.8092718164552934e-05,0.0014361559879034758,0.0014362698420882225,7e267c0bf303542b
2,day2_n8_softmax_seed44,44,7,6,False,False,True,0.1806,0.0,-2.2695012,4.9179897,-1.1447987162682693e-05,0.0023328112438321114,0.0023328394163399935,7e267c0bf303542b
2,day2_n8_softmax_seed44,44,7,7,False,False,True,0.1796,0.0,-0.9680692,-0.6694203,-3.38444733642973e-05,0.002095242962241173,0.0020955163054168224,7e267c0bf303542b
2,day2_n8_softmax_seed44,44,8,0,False,False,True,0.1148,0.0,4.610619,-1.3097998,-2.1815169020555913e-05,0.0022192441392689943,0.0022193514741957188,7e267c0bf303542b
2,day2_n8_softmax_seed44,44,8,1,False,False,True,0.1776,0.0,10.81106,-15.95354,-0.00010018971806857735,0.004262662027031183,0.004263839218765497,7e267c0bf303542b
2,day2_n8_softmax_seed44,44,8,2,False,False,True,0.2212,0.0,6.9598284,-0.039448522,-1.9381004676688462e-05,0.001574552385136485,0.0015746717108413577,7e267c0bf303542b
2,day2_n8_softmax_seed44,44,8,3,False,False,True,0.2012,0.0,10.338043,9.716831,2.819563633238431e-06,0.0036291086580604315,0.0036291098222136497,7e267c0bf303542b
2,day2_n8_softmax_seed44,44,8,4,False,False,True,0.1798,0.0,-55.166367,-0.3073594,6.574313738383353e-05,0.012803454883396626,0.012803623452782631,7e267c0bf303542b
2,day2_n8_softmax_seed44,44,8,5,False,False,True,0.2296,0.0,5.942975,-0.09112229,-2.7527934435056522e-05,0.0017277882434427738,0.0017280075699090958,7e267c0bf303542b
2,day2_n8_softmax_seed44,44,8,6,False,False,True,0.2102,0.0,8.833305,0.5792525,-1.957776657945942e-05,0.0019999684300273657,0.002000064356252551,7e267c0bf303542b
2,day2_n8_softmax_seed44,44,8,7,False,False,True,0.2142,0.0,7.670808,7.405261,1.645233714953065e-05,0.0037833808455616236,0.0037834167014807463,7e267c0bf303542b
2,day2_n8_softmax_seed44,44,9,0,False,False,True,0.259,0.0,1.1614375,-0.91613865,-1.4635301340604201e-05,0.0013180695241317153,0.0013181508984416723,7e267c0bf303542b
2,day2_n8_softmax_seed44,44,9,1,False,False,True,0.2546,0.0,2.8813527,4.31453,-3.220513463020325e-05,0.0016238067764788866,0.0016241261037066579,7e267c0bf303542b
2,day2_n8_softmax_seed44,44,9,2,False,False,True,0.2514,0.0,0.5159006,-0.7485502,-1.6846490325406194e-05,0.0012811112683266401,0.0012812220957130194,7e267c0bf303542b
2,day2_n8_softmax_seed44,44,9,3,False,False,True,0.2228,0.0,-6.575493,1.3608406,-1.007238188321935e-05,0.0018959848675876856,0.001896011526696384,7e267c0bf303542b
2,day2_n8_softmax_seed44,44,9,4,False,False,True,0.2454,0.0,0.8078735,-1.3389721,-1.8901950170402415e-05,0.0014056476065889,0.0014057746157050133,7e267c0bf303542b
2,day2_n8_softmax_seed44,44,9,5,False,False,True,0.2424,0.0,0.38913202,-0.5056426,-1.7670326997176744e-05,0.0012889649951830506,0.0012890861835330725,7e267c0bf303542b
2,day2_n8_softmax_seed44,44,9,6,False,False,True,0.2456,0.0,0.2933876,-1.6542357,-1.7277958249906078e-05,0.001421006047166884,0.0014211111702024937,7e267c0bf303542b
2,day2_n8_softmax_seed44,44,9,7,False,False,True,0.2592,0.0,0.526426,-0.51184934,-1.6345458789146505e-05,0.0012750272871926427,0.0012751321773976088,7e267c0bf303542b
2,day2_n8_softmax_seed44,44,10,0,False,False,True,0.2736,0.0,0.74602586,-0.42789277,-2.1916624973528087e-05,0.0012090017553418875,0.0012092003598809242,7e267c0bf303542b
2,day2_n8_softmax_seed44,44,10,1,False,False,True,0.2788,0.0,0.10432482,-0.6264671,-2.1214647858869284e-05,0.0011948082828894258,0.0011949966428801417,7e267c0bf303542b
2,day2_n8_softmax_seed44,44,10,2,False,False,True,0.2646,0.0,-1.5230763,-1.3359907,-2.1212525098235346e-05,0.0013025881489738822,0.0013027609093114734,7e267c0bf303542b
2,day2_n8_softmax_seed44,44,10,3,False,False,True,0.2484,0.0,0.015747555,0.15753214,-1.9671593690873124e-05,0.0012171900598332286,0.0012173490831628442,7e267c0bf303542b
2,day2_n8_softmax_seed44,44,10,4,False,False,True,0.277,0.0,-0.7381272,-0.3679505,-2.290819611516781e-05,0.0012492564273998141,0.00124946644064039,7e267c0bf303542b
2,day2_n8_softmax_seed44,44,10,5,False,False,True,0.261,0.0,0.1452765,-1.1610742,-1.6935469830059446e-05,0.0012059510918334126,0.001206069951876998,7e267c0bf303542b
2,day2_n8_softmax_seed44,44,10,6,False,False,True,0.2632,0.0,-2.8381345,2.473811,-2.3411461370415054e-05,0.0013781407615169883,0.0013783395988866687,7e267c0bf303542b
2,day2_n8_softmax_seed44,44,10,7,False,False,True,0.2618,0.0,4.087962,1.2880182,-2.556547406129539e-05,0.0014484120765700936,0.0014486376894637942,7e267c0bf303542b
2,day2_n8_softmax_seed44,44,11,0,False,False,True,0.2852,0.0,0.073168375,0.0993389,-1.841664379753638e-05,0.0012055383995175362,0.001205679145641625,7e267c0bf303542b
2,day2_n8_softmax_seed44,44,11,1,False,False,True,0.307,0.0,1.6488731,0.72119033,-1.891659849206917e-05,0.0012475132243707776,0.0012476567644625902,7e267c0bf303542b
2,day2_n8_softmax_seed44,44,11,2,False,False,True,0.2888,0.0,-0.06455771,0.08715364,-1.9613011318142526e-05,0.0012083715992048383,0.0012085308553650975,7e267c0bf303542b
2,day2_n8_softmax_seed44,44,11,3,False,False,True,0.3196,0.0,-2.9695292,0.56449246,-2.312218384759035e-05,0.001280703116208315,0.0012809118488803506,7e267c0bf303542b
2,day2_n8_softmax_seed44,44,11,4,False,False,True,0.313,0.0,0.4482424,0.55193675,-2.0898742150166072e-05,0.0012454509269446135,0.0012456262484192848,7e267c0bf303542b
2,day2_n8_softmax_seed44,44,11,5,False,False,True,0.3072,0.0,-0.042381015,0.10555882,-2.0545992811094038e-05,0.0012025806354358792,0.0012027561897411942,7e267c0bf303542b
2,day2_n8_softmax_seed44,44,11,6,False,False,True,0.3036,0.0,0.74958825,0.9714596,-2.3090715330909006e-05,0.0012449555797502398,0.0012451697839424014,7e267c0bf303542b
2,day2_n8_softmax_seed44,44,11,7,False,False,True,0.2934,0.0,0.15659963,-3.1011286,-2.2530684873345308e-05,0.0012690752046182752,0.001269275089725852,7e267c0bf303542b
2,day2_n8_softmax_seed44,44,12,0,False,False,True,0.322,0.0,-0.47965539,-0.030057127,-1.8961653040605597e-05,0.0012063410831615329,0.0012064900947734714,7e267c0bf303542b
2,day2_n8_softmax_seed44,44,12,1,False,False,True,0.3026,0.0,-1.1064688,0.9693545,-1.935290674737189e-05,0.0012845017481595278,0.001284647500142455,7e267c0bf303542b
2,day2_n8_softmax_seed44,44,12,2,False,False,True,0.2996,0.0,-0.6193979,0.13193788,-1.843286918301601e-05,0.0011822193628177047,0.0011823630193248391,7e267c0bf303542b
2,day2_n8_softmax_seed44,44,12,3,False,False,True,0.3144,0.0,-0.5887196,0.42998296,-1.657916436670348e-05,0.0012203974183648825,0.0012205099919810891,7e267c0bf303542b
2,day2_n8_softmax_seed44,44,12,4,False,False,True,0.304,0.0,-0.4342445,0.88009167,-2.0292360204621218e-05,0.001218582154251635,0.0012187511892989278,7e267c0bf303542b
2,day2_n8_softmax_seed44,44,12,5,False,False,True,0.3336,0.0,-0.7388259,0.8648005,-2.3930730094434693e-05,0.0012202912475913763,0.0012205258244648576,7e267c0bf303542b
2,day2_n8_softmax_seed44,44,12,6,False,False,True,0.308,0.0,-0.34789807,-3.521633,-2.7912376026506536e-05,0.0013340543955564499,0.0013343463651835918,7e267c0bf303542b
2,day2_n8_softmax_seed44,44,12,7,False,False,True,0.3296,0.0,4.3151975,0.27552536,-1.8102675312547944e-05,0.001434275065548718,0.001434389385394752,7e267c0bf303542b
2,day2_n8_softmax_seed44,44,13,0,False,False,True,0.3088,0.0,0.36456293,-0.81571335,-1.5713387256255373e-05,0.0012100011808797717,0.001210103277117014,7e267c0bf303542b
2,day2_n8_softmax_seed44,44,13,1,False,False,True,0.3564,0.0,-5.3368406,0.6662966,-1.6755866454332136e-05,0.0016059366753324866,0.0016060241032391787,7e267c0bf303542b
2,day2_n8_softmax_seed44,44,13,2,False,False,True,0.3434,0.0,0.46195608,-1.4988312,-1.5394964066217653e-05,0.0012536008143797517,0.0012536953436210752,7e267c0bf303542b
2,day2_n8_softmax_seed44,44,13,3,False,False,True,0.3448,0.0,0.63915175,-0.51335317,-1.9833254555123858e-05,0.0011739918263629079,0.0011741594644263387,7e267c0bf303542b
2,day2_n8_softmax_seed44,44,13,4,False,False,True,0.3434,0.0,0.89966667,-0.33143312,-2.1642410501954146e-05,0.0012290104059502482,0.001229200977832079,7e267c0bf303542b
2,day2_n8_softmax_seed44,44,13,5,False,False,True,0.3414,0.0,0.6397177,-0.6976891,-2.134211899829097e-05,0.0011947943130508065,0.0011949848849326372,7e267c0bf303542b
2,day2_n8_softmax_seed44,44,13,6,False,False,True,0.3544,0.0,0.71506697,-0.50993043,-2.157171184080653e-05,0.0011886119609698653,0.0011888076551258564,7e267c0bf303542b
2,day2_n8_softmax_seed44,44,13,7,False,False,True,0.3278,0.0,1.6167318,3.7006407,-2.6497104045120068e-05,0.001359419315122068,0.001359677640721202,7e267c0bf303542b
2,day2_n8_softmax_seed44,44,14,0,False,False,True,0.325,0.0,-0.9423182,-0.15093763,-1.797018376237247e-05,0.0011683598859235644,0.001168498070910573,7e267c0bf303542b
2,day2_n8_softmax_seed44,44,14,1,False,False,True,0.3514,0.0,-1.410667,-1.2894485,-1.4814095266046934e-05,0.0011859512887895107,0.0011860438389703631,7e267c0bf303542b
2,day2_n8_softmax_seed44,44,14,2,False,False,True,0.3492,0.0,-0.92720366,0.100395136,-1.8379552784608677e-05,0.0011708135716617107,0.0011709576938301325,7e267c0bf303542b
2,day2_n8_softmax_seed44,44,14,3,False,False,True,0.3444,0.0,-1.1629678,-0.62861115,-1.8604754586704075e-05,0.0011929383035749197,0.001193083357065916,7e267c0bf303542b
2,day2_n8_softmax_seed44,44,14,4,False,False,True,0.377,0.0,-1.0204954,-0.5107856,-1.8397055100649595e-05,0.0011808115523308516,0.0011809547431766987,7e267c0bf303542b
2,day2_n8_softmax_seed44,44,14,5,False,False,True,0.3698,0.0,-1.2000902,-0.45518115,-1.8383254428044893e-05,0.0011575160315260291,0.0011576618999242783,7e267c0bf303542b
2,day2_n8_softmax_seed44,44,14,6,False,False,True,0.307,0.0,7.4641137,-0.15946023,-4.5559190766653046e-05,0.001986966235563159,0.0019874884746968746,7e267c0bf303542b
2,day2_n8_softmax_seed44,44,14,7,False,False,True,0.3354,0.0,-0.80040073,3.0940292,-1.7001368178171106e-05,0.0012157991295680404,0.0012159179896116257,7e267c0bf303542b
2,day2_n8_softmax_seed44,44,15,0,False,False,True,0.3256,0.0,0.17668425,-1.377966,-1.8952177924802527e-05,0.0012023701565340161,0.001202519633807242,7e267c0bf303542b
2,day2_n8_softmax_seed44,44,15,1,False,False,True,0.3724,0.0,0.057443622,-0.96398383,-1.712110679363832e-05,0.0011708843521773815,0.0011710096150636673,7e267c0bf303542b
2,day2_n8_softmax_seed44,44,15,2,False,False,True,0.3704,0.0,-0.62138337,-0.5162169,-1.749512375681661e-05,0.0011889886809512973,0.0011891174362972379,7e267c0bf303542b
2,day2_n8_softmax_seed44,44,15,3,False,False,True,0.3524,0.0,-2.1774328,3.0917993,-1.1473008271423168e-05,0.0013738579582422972,0.0013739059213548899,7e267c0bf303542b
2,day2_n8_softmax_seed44,44,15,4,False,False,True,0.3696,0.0,-0.774691,-1.0831554,-1.9450273612164892e-05,0.0012621961068361998,0.0012623460497707129,7e267c0bf303542b
2,day2_n8_softmax_seed44,44,15,5,False,False,True,0.36,0.0,0.14744678,-0.6693395,-1.4534681213262957e-05,0.0011643676552921534,0.0011644583428278565,7e267c0bf303542b
2,day2_n8_softmax_seed44,44,15,6,False,False,True,0.3718,0.0,-0.6319558,-0.036338445,-1.6077643522294238e-05,0.0012506227940320969,0.0012507260544225574,7e267c0bf303542b
2,day2_n8_softmax_seed44,44,15,7,False,False,True,0.289,0.0,3.8238838,1.555192,-9.242159649147652e-06,0.0013708163751289248,0.0013708475744351745,7e267c0bf303542b
2,day2_n8_softmax_seed44,44,16,0,False,False,True,0.3764,0.0,0.64283854,-3.1333385,-1.839707874751184e-05,0.001195246004499495,0.0011953876819461584,7e267c0bf303542b
2,day2_n8_softmax_seed44,44,16,1,False,False,True,0.379,0.0,0.40649518,0.2732708,-1.776562749000732e-05,0.0011577135883271694,0.0011578499106690288,7e267c0bf303542b
2,day2_n8_softmax_seed44,44,16,2,False,False,True,0.391,0.0,1.2483457,1.1589551,-1.5293782780645415e-05,0.0011751215206459165,0.0011752210557460785,7e267c0bf303542b
2,day2_n8_softmax_seed44,44,16,3,False,False,True,0.3894,0.0,0.70777404,0.6221778,-1.8777191144181415e-05,0.0011555104283615947,0.001155662932433188,7e267c0bf303542b
2,day2_n8_softmax_seed44,44,16,4,False,False,True,0.3702,0.0,-3.5805445,0.073705316,-2.0094148567295633e-05,0.0012462233426049352,0.0012463853927329183,7e267c0bf303542b
2,day2_n8_softmax_seed44,44,16,5,False,False,True,0.3876,0.0,0.06704571,-0.20419739,-1.971411802514922e-05,0.00113937899004668,0.0011395495384931564,7e267c0bf303542b
2,day2_n8_softmax_seed44,44,16,6,False,False,True,0.386,0.0,0.10575637,0.65064716,-1.678279113548342e-05,0.0011566252214834094,0.0011567468754947186,7e267c0bf303542b
2,day2_n8_softmax_seed44,44,16,7,False,False,True,0.3852,0.0,0.4022913,0.5587826,-1.812138725654222e-05,0.001165991765446961,0.0011661327444016933,7e267c0bf303542b
2,day2_n8_softmax_seed44,44,17,0,False,False,True,0.3794,0.0,0.23505472,0.3763986,-1.831963709264528e-05,0.0011310793925076723,0.0011312277056276798,7e267c0bf303542b
2,day2_n8_softmax_seed44,44,17,1,False,False,True,0.3902,0.0,0.6584255,0.052330036,-1.602646807441488e-05,0.0011494930367916822,0.001149604795500636,7e267c0bf303542b
2,day2_n8_softmax_seed44,44,17,2,False,False,True,0.3854,0.0,1.9296869,0.19941856,-1.566462015034631e-05,0.0011834048200398684,0.0011835084296762943,7e267c0bf303542b
2,day2_n8_softmax_seed44,44,17,3,False,False,True,0.3732,0.0,0.5995042,0.20626506,-2.255308754683938e-05,0.0011698220623657107,0.0011700394097715616,7e267c0bf303542b
2,day2_n8_softmax_seed44,44,17,4,False,False,True,0.3938,0.0,0.55350363,-0.0110759,-1.6181456885533407e-05,0.0011466630967333913,0.0011467773001641035,7e267c0bf303542b
2,day2_n8_softmax_seed44,44,17,5,False,False,True,0.347,0.0,-1.5539783,-3.1784344,-1.3534517165680882e-05,0.001217341865412891,0.0012174169532954693,7e267c0bf303542b
2,day2_n8_softmax_seed44,44,17,6,False,False,True,0.3888,0.0,-2.795007,2.0337336,-2.294449950568378e-05,0.001223144237883389,0.001223359489813447,7e267c0bf303542b
2,day2_n8_softmax_seed44,44,17,7,False,False,True,0.4022,0.0,0.37281585,0.32137105,-2.0759169274242595e-05,0.0011664616176858544,0.0011666463688015938,7e267c0bf303542b
2,day2_n8_softmax_seed44,44,18,0,False,False,True,0.3998,0.0,3.0445075,-1.1933612,-1.4798172742302995e-05,0.001161990687251091,0.001162084867246449,7e267c0bf303542b
2,day2_n8_softmax_seed44,44,18,1,False,False,True,0.406,0.0,-0.3909182,0.30138958,-1.5792425983818248e-05,0.001147162402048707,0.0011472712503746152,7e267c0bf303542b
2,day2_n8_softmax_seed44,44,18,2,False,False,True,0.3986,0.0,-0.6751188,0.9668525,-1.586670805409085e-05,0.0011450425954535604,0.0011451526079326868,7e267c0bf303542b
2,day2_n8_softmax_seed44,44,18,3,False,False,True,0.4128,0.0,-0.5108141,-0.19204167,-1.7746202502166852e-05,0.0011543834116309881,0.0011545198503881693,7e267c0bf303542b
2,day2_n8_softmax_seed44,44,18,4,False,False,True,0.428,0.0,-1.5180204,-2.584689,-2.0406334442668594e-05,0.001149575226008892,0.0011497564846649766,7e267c0bf303542b
2,day2_n8_softmax_seed44,44,18,5,False,False,True,0.4026,0.0,0.44676507,1.340456,-1.509125650045462e-05,0.0011511646443977952,0.001151263597421348,7e267c0bf303542b
2,day2_n8_softmax_seed44,44,18,6,False,False,True,0.3968,0.0,-0.39437115,0.5455839,-1.7286949514527805e-05,0.0011301689082756639,0.0011303011560812593,7e267c0bf303542b
2,day2_n8_softmax_seed44,44,18,7,False,False,True,0.391,0.0,-0.0020317486,0.8158113,-1.5829667972866446e-05,0.0011328684631735086,0.0011329790577292442,7e267c0bf303542b
2,day2_n8_softmax_seed44,44,19,0,False,False,True,0.3842,0.0,0.35285258,0.56634325,-1.9362749299034476e-05,0.0011059432290494442,0.001106112846173346,7e267c0bf303542b
2,day2_n8_softmax_seed44,44,19,1,False,False,True,0.3884,0.0,0.6871651,0.05721788,-1.5142805750656407e-05,0.0011226632632315159,0.00112276547588408,7e267c0bf303542b
2,day2_n8_softmax_seed44,44,19,2,False,False,True,0.4072,0.0,-3.2892237,-0.14175275,-2.0894907720503397e-05,0.0011640749871730804,0.0011642625322565436,7e267c0bf303542b
2,day2_n8_softmax_seed44,44,19,3,False,False,True,0.4112,0.0,0.37401175,-3.0485525,-1.814521601772867e-05,0.0011482564732432365,0.0011483997805044055,7e267c0bf303542b
2,day2_n8_softmax_seed44,44,19,4,False,False,True,0.403,0.0,0.7356725,0.64566666,-1.7840207874542102e-05,0.0011227113427594304,0.0011228530202060938,7e267c0bf303542b
2,day2_n8_softmax_seed44,44,19,5,False,False,True,0.4306,0.0,-0.13446118,0.7957238,-1.5928575521684252e-05,0.001135599217377603,0.001135710976086557,7e267c0bf303542b
2,day2_n8_softmax_seed44,44,19,6,False,False,True,0.413,0.0,0.20374607,1.3128982,-1.781610626494512e-05,0.0011272055562585592,0.001127346302382648,7e267c0bf303542b
2,day2_n8_softmax_seed44,44,19,7,False,False,True,0.4218,0.0,1.0702411,-0.18754447,-1.946257907547988e-05,0.0011331443674862385,0.001133311539888382,7e267c0bf303542b
2,day2_n8_softmax_seed44,44,20,0,False,False,True,0.4036,0.0,-0.49504074,0.44511625,-1.487780627940083e-05,0.0011110438499599695,0.0011111435014754534,7e267c0bf303542b
2,day2_n8_softmax_seed44,44,20,1,False,False,True,0.4296,0.0,0.4148409,2.9357557,-1.4587000805477146e-05,0.00113387790042907,0.0011339716147631407,7e267c0bf303542b
2,day2_n8_softmax_seed44,44,20,2,False,False,True,0.421,0.0,-0.7464746,-0.18210319,-1.709109164949041e-05,0.0011171301594004035,0.0011172608938068151,7e267c0bf303542b
2,day2_n8_softmax_seed44,44,20,3,False,False,True,0.4292,0.0,-0.7449902,-1.5009648,-1.6794198018033057e-05,0.0011238715378567576,0.0011239969171583652,7e267c0bf303542b
2,day2_n8_softmax_seed44,44,20,4,False,False,True,0.4262,0.0,-0.40663752,-0.40248677,-1.8210963389719836e-05,0.0011101551353931427,0.0011103044962510467,7e267c0bf303542b
2,day2_n8_softmax_seed44,44,20,5,False,False,True,0.4162,0.0,-0.5379065,0.0068344222,-1.2111806427128613e-05,0.0011118237162008882,0.001111889723688364,7e267c0bf303542b
2,day2_n8_softmax_seed44,44,20,6,False,False,True,0.4268,0.0,-0.6909335,-0.45266527,-1.7547516108606942e-05,0.0011168030323460698,0.001116940868087113,7e267c0bf303542b
2,day2_n8_softmax_seed44,44,20,7,False,False,True,0.4112,0.0,3.2071376,-0.84948397,-1.8017750335275196e-05,0.0011455630883574486,0.001145704765804112,7e267c0bf303542b
2,day2_n8_softmax_seed44,44,21,0,False,False,True,0.3996,0.0,-0.44186926,2.9697785,-1.6623336705379188e-05,0.0011846666457131505,0.001184783410280943,7e267c0bf303542b
2,day2_n8_softmax_seed44,44,21,1,False,False,True,0.4306,0.0,3.1122134,-1.4714159,-1.649123805691488e-05,0.001193379983305931,0.0011934939539059997,7e267c0bf303542b
2,day2_n8_softmax_seed44,44,21,2,False,False,True,0.4242,0.0,-0.114377454,0.13168252,-1.4099688087299e-05,0.0011097317328676581,0.001109821256250143,7e267c0bf303542b
2,day2_n8_softmax_seed44,44,21,3,False,False,True,0.429,0.0,-2.5878668,-2.121809,-1.7457943613408133e-05,0.001191157614812255,0.0011912856716662645,7e267c0bf303542b
2,day2_n8_softmax_seed44,44,21,4,False,False,True,0.4148,0.0,-0.27529705,-0.45392165,-2.1200798073550686e-05,0.0011554122902452946,0.0011556067038327456,7e267c0bf303542b
2,day2_n8_softmax_seed44,44,21,5,False,False,True,0.3916,0.0,-0.07199653,0.097645596,-1.753043761709705e-05,0.0011251452378928661,0.0011252817930653691,7e267c0bf303542b
2,day2_n8_softmax_seed44,44,21,6,False,False,True,0.4438,0.0,-0.03772763,0.122689046,-1.810566391213797e-05,0.0011166195617988706,0.0011167662451043725,7e267c0bf303542b
2,day2_n8_softmax_seed44,44,21,7,False,False,True,0.45,0.0,0.4169209,0.72535026,-2.105262865370605e-05,0.0011365225072950125,0.0011367175029590726,7e267c0bf303542b
2,day2_n8_softmax_seed44,44,22,0,False,False,True,0.431,0.0,-0.39554736,0.36377355,-1.4976984857639764e-05,0.0011149380588904023,0.0011150387581437826,7e267c0bf303542b
2,day2_n8_softmax_seed44,44,22,1,False,False,True,0.4366,0.0,-0.41948837,-0.26436105,-1.3126739759172779e-05,0.0011178054846823215,0.001117882551625371,7e267c0bf303542b
2,day2_n8_softmax_seed44,44,22,2,False,False,True,0.4172,0.0,-0.57532233,0.037531964,-1.540772609587293e-05,0.0011128851911053061,0.0011129918275400996,7e267c0bf303542b
2,day2_n8_softmax_seed44,44,22,3,False,False,True,0.417,0.0,-0.3071244,0.42521945,-1.6772257367847487e-05,0.0011194641701877117,0.001119589782319963,7e267c0bf303542b
2,day2_n8_softmax_seed44,44,22,4,False,False,True,0.4436,0.0,-0.41718405,-3.103006,-1.7021209714584984e-05,0.0011416239431127906,0.001141750835813582,7e267c0bf303542b
2,day2_n8_softmax_seed44,44,22,5,False,False,True,0.4324,0.0,-0.49991837,0.22079752,-1.6683856301824562e-05,0.001106513082049787,0.0011066388105973601,7e267c0bf303542b
2,day2_n8_softmax_seed44,44,22,6,False,False,True,0.4318,0.0,3.8028646,0.35220566,-1.8158762031816877e-05,0.0011992747895419598,0.0011994122760370374,7e267c0bf303542b
2,day2_n8_softmax_seed44,44,22,7,False,False,True,0.4274,0.0,-1.1882863,1.9678363,-1.5697029084549285e-05,0.0011352923465892673,0.00113540084566921,7e267c0bf303542b
2,day2_n8_softmax_seed44,44,23,0,False,False,True,0.4438,0.0,0.61738425,1.7733288,-1.5210890524031129e-05,0.0011330079287290573,0.0011331101413816214,7e267c0bf303542b
2,day2_n8_softmax_seed44,44,23,1,False,False,True,0.4428,0.0,0.43668038,0.26398462,-1.6457132005598396e-05,0.0011089795734733343,0.0011091016931459308,7e267c0bf303542b
2,day2_n8_softmax_seed44,44,23,2,False,False,True,0.443,0.0,0.3475608,-0.050947055,-1.516683551017195e-05,0.0011051426408812404,0.0011052467161789536,7e267c0bf303542b
2,day2_n8_softmax_seed44,44,23,3,False,False,True,0.4592,0.0,0.8907492,-3.169387,-1.7900158127304167e-05,0.001148124341852963,0.0011482639238238335,7e267c0bf303542b
2,day2_n8_softmax_seed44,44,23,4,False,False,True,0.4186,0.0,0.6538782,0.9821778,-1.5886522305663675e-05,0.001130780205130577,0.0011308917310088873,7e267c0bf303542b
2,day2_n8_softmax_seed44,44,23,5,False,False,True,0.4388,0.0,0.6499928,-0.44211736,-1.553392576170154e-05,0.0011172605445608497,0.001117368577979505,7e267c0bf303542b
2,day2_n8_softmax_seed44,44,23,6,False,False,True,0.4562,0.0,0.3887806,0.8775198,-1.5913394236122258e-05,0.0011202068999409676,0.0011203199392184615,7e267c0bf303542b
2,day2_n8_softmax_seed44,44,23,7,False,False,True,0.3938,0.0,-3.985021,-0.23455864,-1.835198600019794e-05,0.0012163326609879732,0.0012164711952209473,7e267c0bf303542b
2,day2_n8_softmax_seed44,44,24,0,False,False,True,0.4372,0.0,3.0670662,1.9280605,-1.4700575775350444e-05,0.0011550895869731903,0.0011551830684766173,7e267c0bf303542b
2,day2_n8_softmax_seed44,44,24,1,False,False,True,0.4342,0.0,-0.46295136,-1.2216527,-1.5004507076810114e-05,0.0011202620808035135,0.0011203625472262502,7e267c0bf303542b
2,day2_n8_softmax_seed44,44,24,2,False,False,True,0.452,0.0,-0.31878307,-1.121401,-1.651827733439859e-05,0.0011206401977688074,0.0011207619681954384,7e267c0bf303542b
2,day2_n8_softmax_seed44,44,24,3,False,False,True,0.4496,0.0,-0.43147036,-0.588633,-1.3940959433966782e-05,0.0011155172251164913,0.0011156044201925397,7e267c0bf303542b
2,day2_n8_softmax_seed44,44,24,4,False,False,True,0.4462,0.0,0.13169123,-0.2796855,-1.4680216736451257e-05,0.001105602364987135,0.001105699921026826,7e267c0bf303542b
2,day2_n8_softmax_seed44,44,24,5,False,False,True,0.4488,0.0,0.89099884,-1.1240976,-1.2716636774712242e-05,0.0011291655246168375,0.001129237120039761,7e267c0bf303542b
2,day2_n8_softmax_seed44,44,24,6,False,False,True,0.4282,0.0,-0.57621586,-0.2982862,-1.671854806772899e-05,0.0011259507155045867,0.0011260748142376542,7e267c0bf303542b
2,day2_n8_softmax_seed44,44,24,7,False,False,True,0.4222,0.0,-2.300335,2.7056901,-1.7317272067884915e-05,0.0011573998490348458,0.0011575294192880392,7e267c0bf303542b
2,day2_n8_softmax_seed44,44,25,0,False,False,True,0.4476,0.0,-0.7341275,0.10826877,-1.441479707864346e-05,0.001111146411858499,0.001111240009777248,7e267c0bf303542b
2,day2_n8_softmax_seed44,44,25,1,False,False,True,0.4578,0.0,-0.6517351,0.2320008,-1.5322510080295615e-05,0.0011206011986359954,0.0011207058560103178,7e267c0bf303542b
2,day2_n8_softmax_seed44,44,25,2,False,False,True,0.4674,0.0,-1.2827857,0.40774104,-1.7158374248538166e-05,0.0011308386456221342,0.0011309687979519367,7e267c0bf303542b
2,day2_n8_softmax_seed44,44,25,3,False,False,True,0.4506,0.0,1.186392,-3.5442338,-1.2324340787017718e-05,0.001147600938566029,0.0011476671788841486,7e267c0bf303542b
2,day2_n8_softmax_seed44,44,25,4,False,False,True,0.4602,0.0,-1.1597093,0.11801005,-1.8179025573772378e-05,0.0011318068718537688,0.0011319528566673398,7e267c0bf303542b
2,day2_n8_softmax_seed44,44,25,5,False,False,True,0.438,0.0,0.38160384,0.52048606,-1.9779872673097998e-05,0.0011395170586183667,0.0011396886548027396,7e267c0bf303542b
2,day2_n8_softmax_seed44,44,25,6,False,False,True,0.4534,0.0,3.1549215,1.6859032,-1.917880763357971e-05,0.0011543806176632643,0.0011545398738235235,7e267c0bf303542b
2,day2_n8_softmax_seed44,44,25,7,False,False,True,0.4458,0.0,-0.8945588,0.4718224,-1.6583644537604414e-05,0.001120047178119421,0.0011201699962839484,7e267c0bf303542b
2,day2_n8_softmax_seed44,44,26,0,False,False,True,0.4798,0.0,-0.11759187,0.5881829,-1.3743632734986022e-05,0.0010946308029815555,0.0010947170667350292,7e267c0bf303542b
2,day2_n8_softmax_seed44,44,26,1,False,False,True,0.4358,0.0,3.6504488,-0.88646895,-1.5001413885329384e-05,0.0011648398358374834,0.0011649365769699216,7e267c0bf303542b
2,day2_n8_softmax_seed44,44,26,2,False,False,True,0.4676,0.0,-1.8079119,-2.290496,-1.2506218808994163e-05,0.001140220439992845,0.0011402890086174011,7e267c0bf303542b
2,day2_n8_softmax_seed44,44,26,3,False,False,True,0.4432,0.0,-0.17015016,-1.0014083,-1.5346671716542915e-05,0.0011376478942111135,0.0011377513874322176,7e267c0bf303542b
2,day2_n8_softmax_seed44,44,26,4,False,False,True,0.4604,0.0,0.04914498,1.4289453,-1.4111931704974268e-05,0.001111609861254692,0.001111699384637177,7e267c0bf303542b
2,day2_n8_softmax_seed44,44,26,5,False,False,True,0.4318,0.0,-0.55416274,-1.1306356,-1.5933486793073826e-05,0.0011228646617382765,0.0011229778174310923,7e267c0bf303542b
2,day2_n8_softmax_seed44,44,26,6,False,False,True,0.4654,0.0,-0.563772,1.3262484,-1.844278631324414e-05,0.0011122419964522123,0.001112394966185093,7e267c0bf303542b
2,day2_n8_softmax_seed44,44,26,7,False,False,True,0.4404,0.0,-0.4860068,1.9656342,-1.3657398994837422e-05,0.0011276317527517676,0.0011277144076302648,7e267c0bf303542b
2,day2_n8_softmax_seed44,44,27,0,False,False,True,0.4548,0.0,-2.1459446,0.0050035394,-1.9820770830847323e-05,0.0011447874130681157,0.0011449588928371668,7e267c0bf303542b
2,day2_n8_softmax_seed44,44,27,1,False,False,True,0.4646,0.0,0.022165397,0.2938705,-1.4415964869840536e-05,0.0011223868932574987,0.0011224794434383512,7e267c0bf303542b
2,day2_n8_softmax_seed44,44,27,2,False,False,True,0.4702,0.0,-0.316003,2.2182853,-1.7751306586433202e-05,0.0011545211309567094,0.0011546575697138906,7e267c0bf303542b
2,day2_n8_softmax_seed44,44,27,3,False,False,True,0.4344,0.0,-0.68225837,-0.9650374,-1.3568503163696732e-05,0.0011396072804927826,0.0011396879563108087,7e267c0bf303542b
2,day2_n8_softmax_seed44,44,27,4,False,False,True,0.4216,0.0,3.392065,-1.5116524,-1.1010120942955837e-05,0.0011843300890177488,0.0011843814281746745,7e267c0bf303542b
2,day2_n8_softmax_seed44,44,27,5,False,False,True,0.4796,0.0,-1.1490182,-1.9919325,-1.4361537978402339e-05,0.0011465554125607014,0.0011466454016044736,7e267c0bf303542b
2,day2_n8_softmax_seed44,44,27,6,False,False,True,0.4596,0.0,1.2106934,2.2905707,-1.4620358342654072e-05,0.0011534382356330752,0.0011535309022292495,7e267c0bf303542b
2,day2_n8_softmax_seed44,44,27,7,False,False,True,0.4488,0.0,-0.33169886,-0.3391057,-1.698193773336243e-05,0.001125451410189271,0.0011255794670432806,7e267c0bf303542b
2,day2_n8_softmax_seed44,44,28,0,False,False,True,0.4678,0.0,2.7454386,1.1523083,-1.4398730854736641e-05,0.0011443713447079062,0.0011444620322436094,7e267c0bf303542b
2,day2_n8_softmax_seed44,44,28,1,False,False,True,0.4826,0.0,0.72071403,0.60596347,-1.503993189544417e-05,0.0011059398530051112,0.001106042182072997,7e267c0bf303542b
2,day2_n8_softmax_seed44,44,28,2,False,False,True,0.4776,0.0,0.46489027,-3.6349378,-1.537076423119288e-05,0.001154532190412283,0.0011546345194801688,7e267c0bf303542b
2,day2_n8_softmax_seed44,44,28,3,False,False,True,0.4788,0.0,-0.022474304,0.44880238,-1.719315696391277e-05,0.0011185043258592486,0.0011186363408342004,7e267c0bf303542b
2,day2_n8_softmax_seed44,44,28,4,False,False,True,0.4614,0.0,-0.8406657,-0.81223786,-1.6191423128475435e-05,0.001141936401836574,0.0011420511873438954,7e267c0bf303542b
2,day2_n8_softmax_seed44,44,28,5,False,False,True,0.4234,0.0,0.3123392,1.1632744,-1.3672884051629808e-05,0.001134511549025774,0.0011345938546583056,7e267c0bf303542b
2,day2_n8_softmax_seed44,44,28,6,False,False,True,0.4444,0.0,-0.3814462,0.10798915,-1.60757263074629e-05,0.0010930844582617283,0.0010932026198133826,7e267c0bf303542b
2,day2_n8_softmax_seed44,44,28,7,False,False,True,0.475,0.0,-2.9987981,0.96883714,-1.308401351707289e-05,0.0011498164385557175,0.0011498909443616867,7e267c0bf303542b
2,day2_n8_softmax_seed44,44,29,0,False,False,True,0.4838,0.0,0.29782403,-0.2530735,-1.3672343811776955e-05,0.0011274036951363087,0.0011274865828454494,7e267c0bf303542b
2,day2_n8_softmax_seed44,44,29,1,False,False,True,0.4822,0.0,0.072305776,-0.4841655,-1.4139286577119492e-05,0.0011058334494009614,0.001105923787690699,7e267c0bf303542b
2,day2_n8_softmax_seed44,44,29,2,False,False,True,0.484,0.0,0.16091181,-0.6370221,-1.569242522236891e-05,0.0011226693168282509,0.0011227789800614119,7e267c0bf303542b
2,day2_n8_softmax_seed44,44,29,3,False,False,True,0.4746,0.0,-2.765322,-1.7522424,-1.2014006642857566e-05,0.001146563095971942,0.0011466259602457285,7e267c0bf303542b
2,day2_n8_softmax_seed44,44,29,4,False,False,True,0.4776,0.0,-0.4474426,0.7230054,-1.77501769940136e-05,0.0011183563619852066,0.0011184972245246172,7e267c0bf303542b
2,day2_n8_softmax_seed44,44,29,5,False,False,True,0.4714,0.0,3.0892203,-1.5968412,-1.4665194612462074e-05,0.0011540948180481791,0.0011541880667209625,7e267c0bf303542b
2,day2_n8_softmax_seed44,44,29,6,False,False,True,0.4662,0.0,0.38665226,3.2187788,-1.3200145076552872e-05,0.0011449719313532114,0.0011450480669736862,7e267c0bf303542b
2,day2_n8_softmax_seed44,44,29,7,False,False,True,0.4998,0.0,-0.79415214,0.781563,-1.3335637049749494e-05,0.001120816683396697,0.001120896078646183,7e267c0bf303542b
2,day2_n8_softmax_seed44,44,30,0,False,False,True,0.4862,0.0,0.24782076,0.7707045,-1.6427731679868884e-05,0.0011390839936211705,0.0011392025044187903,7e267c0bf303542b
2,day2_n8_softmax_seed44,44,30,1,False,False,True,0.4684,0.0,4.130341,-0.8631456,-1.4868135622236878e-05,0.0012047641212120652,0.0012048558564856648,7e267c0bf303542b
2,day2_n8_softmax_seed44,44,30,2,False,False,True,0.4726,0.0,-1.162879,-0.70202523,-1.6801101082819514e-05,0.0011371253058314323,0.0011372494045644999,7e267c0bf303542b
2,day2_n8_softmax_seed44,44,30,3,False,False,True,0.4844,0.0,-1.5194656,-3.1147802,-1.7309301256318577e-05,0.001163913169875741,0.0011640419252216816,7e267c0bf303542b
2,day2_n8_softmax_seed44,44,30,4,False,False,True,0.4972,0.0,-0.3474056,0.22812724,-1.4504659702652134e-05,0.0011127814650535583,0.0011128759942948818,7e267c0bf303542b
2,day2_n8_softmax_seed44,44,30,5,False,False,True,0.4822,0.0,-0.17169228,-0.18829408,-1.6530879292986356e-05,0.001132988021709025,0.0011331086279824376,7e267c0bf303542b
2,day2_n8_softmax_seed44,44,30,6,False,False,True,0.4862,0.0,-0.74832094,1.4706601,-1.377134867652785e-05,0.001143764820881188,0.0011438478250056505,7e267c0bf303542b
2,day2_n8_softmax_seed44,44,30,7,False,False,True,0.4798,0.0,-0.42840153,2.398755,-1.5742471077828668e-05,0.0011541167041286826,0.0011542241554707289,7e267c0bf303542b
2,day2_n8_softmax_seed44,44,31,0,False,False,True,0.479,0.0,1.1703671,3.791608,-1.2047184100083541e-05,0.0011663158657029271,0.0011663781479001045,7e267c0bf303542b
2,day2_n8_softmax_seed44,44,31,1,False,False,True,0.4614,0.0,-0.0011249695,-0.002808253,-1.6682810382917523e-05,0.0011543944710865617,0.0011545149609446526,7e267c0bf303542b
2,day2_n8_softmax_seed44,44,31,2,False,False,True,0.4972,0.0,0.10333956,-0.29053518,-1.2827656064473558e-05,0.0011387760750949383,0.0011388483690097928,7e267c0bf303542b
2,day2_n8_softmax_seed44,44,31,3,False,False,True,0.4794,0.0,-0.12407908,-1.7843348,-1.3934096386947203e-05,0.001164636225439608,0.0011647195788100362,7e267c0bf303542b
2,day2_n8_softmax_seed44,44,31,4,False,False,True,0.4668,0.0,2.0053551,-1.1674677,-1.424181209586095e-05,0.0011616753181442618,0.001161762629635632,7e267c0bf303542b
2,day2_n8_softmax_seed44,44,31,5,False,False,True,0.4778,0.0,1.0039225,-0.92198104,-1.4264962373999879e-05,0.0011579556157812476,0.0011580433929339051,7e267c0bf303542b
2,day2_n8_softmax_seed44,44,31,6,False,False,True,0.497,0.0,-3.7167888,0.36527538,-1.6194704585359432e-05,0.0011742024216800928,0.0011743140639737248,7e267c0bf303542b
2,day2_n8_softmax_seed44,44,31,7,False,False,True,0.4842,0.0,-0.44099462,0.010244626,-1.211502149089938e-05,0.0011500789551064372,0.0011501427507027984,7e267c0bf303542b
2,day2_n8_softmax_seed44,44,32,0,False,False,True,0.4868,0.0,1.1530032,3.055991,-1.5063237697177101e-05,0.0011665452038869262,0.0011666425270959735,7e267c0bf303542b
2,day2_n8_softmax_seed44,44,32,1,False,False,True,0.4828,0.0,-0.8467693,-0.8812629,-1.3509168638847768e-05,0.0011563607258722186,0.0011564395390450954,7e267c0bf303542b
2,day2_n8_softmax_seed44,44,32,2,False,False,True,0.4798,0.0,-0.1643997,-2.8375196,-1.3946628314442933e-05,0.0011638951255008578,0.0011639787117019296,7e267c0bf303542b
2,day2_n8_softmax_seed44,44,32,3,False,False,True,0.4808,0.0,1.5305965,0.42811707,-1.3798958207189571e-05,0.001157559105195105,0.0011576414108276367,7e267c0bf303542b
2,day2_n8_softmax_seed44,44,32,4,False,False,True,0.4966,0.0,1.1951679,-0.6601971,-1.2063268513884395e-05,0.0011505987495183945,0.0011506619630381465,7e267c0bf303542b
2,day2_n8_softmax_seed44,44,32,5,False,False,True,0.4912,0.0,0.69519424,-0.5718032,-1.788482586562168e-05,0.0011466043069958687,0.0011467436561360955,7e267c0bf303542b
2,day2_n8_softmax_seed44,44,32,6,False,False,True,0.487,0.0,0.21411204,0.3343743,-1.5768355297041126e-05,0.0011545195011422038,0.0011546271853148937,7e267c0bf303542b
2,day2_n8_softmax_seed44,44,32,7,False,False,True,0.4834,0.0,-3.7769086,1.1322992,-1.6525065802852623e-05,0.0011715046130120754,0.001171621261164546,7e267c0bf303542b
2,day2_n8_softmax_seed44,44,33,0,False,False,True,0.4842,0.0,0.44751868,1.4601953,-1.5020740647742059e-05,0.0011643783655017614,0.0011644752230495214,7e267c0bf303542b
2,day2_n8_softmax_seed44,44,33,1,False,False,True,0.5088,0.0,-0.31478202,-0.50040394,-1.4373128578881733e-05,0.0011520333355292678,0.0011521229753270745,7e267c0bf303542b
2,day2_n8_softmax_seed44,44,33,2,False,False,True,0.48,0.0,-3.0504713,-2.8437452,-1.2666088878177106e-05,0.0012084190966561437,0.001208485453389585,7e267c0bf303542b
2,day2_n8_softmax_seed44,44,33,3,False,False,True,0.471,0.0,-0.8088091,1.0496413,-1.2098529623472132e-05,0.0011789633426815271,0.0011790255084633827,7e267c0bf303542b
2,day2_n8_softmax_seed44,44,33,4,False,False,True,0.4858,0.0,-0.08643346,1.656745,-1.2334919119894039e-05,0.001178497914224863,0.0011785624083131552,7e267c0bf303542b
2,day2_n8_softmax_seed44,44,33,5,False,False,True,0.4916,0.0,0.15508398,1.4899607,-1.729558607621584e-05,0.0011691852705553174,0.0011693130945786834,7e267c0bf303542b
2,day2_n8_softmax_seed44,44,33,6,False,False,True,0.4766,0.0,0.020748524,0.08686482,-1.33091189127299e-05,0.0011388568673282862,0.0011389346327632666,7e267c0bf303542b
2,day2_n8_softmax_seed44,44,33,7,False,False,True,0.493,0.0,3.637148,-2.3992603,-1.3111726730130613e-05,0.0012015305692330003,0.0012016021646559238,7e267c0bf303542b
2,day2_n8_softmax_seed44,44,34,0,False,False,True,0.4852,0.0,1.0401523,-1.6962134,-1.3949580534244888e-05,0.0011770242126658559,0.001177106867544353,7e267c0bf303542b
2,day2_n8_softmax_seed44,44,34,1,False,False,True,0.5236,0.0,0.22105575,-0.35742834,-1.4133390322967898e-05,0.0011545991292223334,0.001154685509391129,7e267c0bf303542b
2,day2_n8_softmax_seed44,44,34,2,False,False,True,0.4718,0.0,0.77759033,1.3275491,-1.6682015484548174e-05,0.0011631426168605685,0.0011632621753960848,7e267c0bf303542b
2,day2_n8_softmax_seed44,44,34,3,False,False,True,0.5162,0.0,0.6216317,-0.11771431,-1.4880699382047169e-05,0.001152544398792088,0.0011526404414325953,7e267c0bf303542b
2,day2_n8_softmax_seed44,44,34,4,False,False,True,0.4996,0.0,-1.44789,-3.0578678,-1.599757706571836e-05,0.0011846160050481558,0.0011847239220514894,7e267c0bf303542b
2,day2_n8_softmax_seed44,44,34,5,False,False,True,0.5022,0.0,-3.8209794,1.9432144,-1.3264122571854386e-05,0.001201884588226676,0.0012019576970487833,7e267c0bf303542b
2,day2_n8_softmax_seed44,44,34,6,False,False,True,0.4838,0.0,1.9120126,2.0712783,-1.4269458006310742e-05,0.0011790329590439796,0.001179119455628097,7e267c0bf303542b
2,day2_n8_softmax_seed44,44,34,7,False,False,True,0.5002,0.0,0.69642705,-0.11281379,-1.2093692021153402e-05,0.001167490379884839,0.0011675531277433038,7e267c0bf303542b
2,day2_n8_softmax_seed44,44,35,0,False,False,True,0.486,0.0,0.79320353,2.0671773,-1.3889950423617847e-05,0.0011896275682374835,0.001189708593301475,7e267c0bf303542b
2,day2_n8_softmax_seed44,44,35,1,False,False,True,0.4914,0.0,-0.42573458,0.20922709,-1.359433645120589e-05,0.001174638862721622,0.001174717559479177,7e267c0bf303542b
2,day2_n8_softmax_seed44,44,35,2,False,False,True,0.4948,0.0,-0.176651,1.7196329,-1.1789101336034946e-05,0.0011909791501238942,0.0011910375906154513,7e267c0bf303542b
2,day2_n8_softmax_seed44,44,35,3,False,False,True,0.4764,0.0,-2.558542,1.0674417,-1.0439432116982061e-05,0.001194993732497096,0.0011950393673032522,7e267c0bf303542b
2,day2_n8_softmax_seed44,44,35,4,False,False,True,0.5106,0.0,3.6555135,-0.6762207,-1.0352848221373279e-05,0.0011965639423578978,0.0011966086458414793,7e267c0bf303542b
2,day2_n8_softmax_seed44,44,35,5,False,False,True,0.508,0.0,-0.6843301,0.23177227,-1.0463853868714068e-05,0.001173602882772684,0.0011736494489014149,7e267c0bf303542b
2,day2_n8_softmax_seed44,44,35,6,False,False,True,0.4886,0.0,-1.3000078,-3.6724064,-1.406244973622961e-05,0.0011989291524514556,0.001199011574499309,7e267c0bf303542b
2,day2_n8_softmax_seed44,44,35,7,False,False,True,0.4742,0.0,0.6965475,-0.9466243,-1.261351462744642e-05,0.0011951131746172905,0.0011951795313507318,7e267c0bf303542b
2,day2_n8_softmax_seed44,44,36,0,False,False,True,0.485,0.0,0.22316164,-0.33157483,-1.8309245206182823e-05,0.0011762963840737939,0.0011764387600123882,7e267c0bf303542b
2,day2_n8_softmax_seed44,44,36,1,False,False,True,0.515,0.0,-3.2706459,2.0404863,-1.0767581443360541e-05,0.0012068283976987004,0.0012068763608112931,7e267c0bf303542b
2,day2_n8_softmax_seed44,44,36,2,False,False,True,0.527,0.0,0.3533086,0.17545493,-1.3850807590642944e-05,0.0011641697492450476,0.001164252171292901,7e267c0bf303542b
2,day2_n8_softmax_seed44,44,36,3,False,False,True,0.521,0.0,-2.1734211,-1.2255737,-9.262306775781326e-06,0.0012039014836773276,0.0012039369903504848,7e267c0bf303542b
2,day2_n8_softmax_seed44,44,36,4,False,False,True,0.5118,0.0,2.5257201,2.6586595,-1.1619363249337766e-05,0.001200332073494792,0.0012003881856799126,7e267c0bf303542b
2,day2_n8_softmax_seed44,44,36,5,False,False,True,0.4928,0.0,1.1830262,-0.3923222,-1.6150210285559297e-05,0.0011816900223493576,0.0011818002676591277,7e267c0bf303542b
2,day2_n8_softmax_seed44,44,36,6,False,False,True,0.503,0.0,0.43096763,0.33584586,-1.2657157640205696e-05,0.0011660880409181118,0.0011661567259579897,7e267c0bf303542b
2,day2_n8_softmax_seed44,44,36,7,False,False,True,0.4988,0.0,0.7278835,-3.2609737,-1.577784314577002e-05,0.0011972957290709019,0.0011973996879532933,7e267c0bf303542b
2,day2_n8_softmax_seed44,44,37,0,False,False,True,0.499,0.0,1.546844,-3.1580815,-1.4239527445170097e-05,0.0012094813864678144,0.0012095652054995298,7e267c0bf303542b
2,day2_n8_softmax_seed44,44,37,1,False,False,True,0.5098,0.0,0.9950565,-0.34777546,-1.473487736802781e-05,0.001183770946227014,0.0011838627979159355,7e267c0bf303542b
2,day2_n8_softmax_seed44,44,37,2,False,False,True,0.4894,0.0,0.19357342,-0.031896338,-1.186506688100053e-05,0.0011678942246362567,0.001167954527772963,7e267c0bf303542b
2,day2_n8_softmax_seed44,44,37,3,False,False,True,0.4804,0.0,-4.411215,-0.97886705,-1.3597490578831639e-05,0.0012199115008115768,0.0012199872871860862,7e267c0bf303542b
2,day2_n8_softmax_seed44,44,37,4,False,False,True,0.524,0.0,0.30047333,-0.30685642,-1.1378771887393668e-05,0.0011735829757526517,0.0011736380401998758,7e267c0bf303542b
2,day2_n8_softmax_seed44,44,37,5,False,False,True,0.518,0.0,1.3809441,0.16551727,-1.9636305296444334e-05,0.0012020744616165757,0.0012022347655147314,7e267c0bf303542b
2,day2_n8_softmax_seed44,44,37,6,False,False,True,0.5088,0.0,0.32881358,3.5292628,-1.3215690159995575e-05,0.0012105487985536456,0.0012106209760531783,7e267c0bf303542b
2,day2_n8_softmax_seed44,44,37,7,False,False,True,0.513,0.0,-0.33449388,1.1286979,-1.2531629181466997e-05,0.0011991480132564902,0.0011992135550826788,7e267c0bf303542b
2,day2_n8_softmax_seed44,44,38,0,False,False,True,0.48,0.0,-0.45983922,-0.19390523,-1.7009248040267266e-05,0.0011955787194892764,0.0011956997914239764,7e267c0bf303542b
2,day2_n8_softmax_seed44,44,38,1,False,False,True,0.4996,0.0,-2.3311863,-1.6371387,-1.4656578059657477e-05,0.0012304409174248576,0.001230528112500906,7e267c0bf303542b
2,day2_n8_softmax_seed44,44,38,2,False,False,True,0.5272,0.0,4.558816,-0.45011303,-1.3305287211551331e-05,0.0012714709155261517,0.0012715405318886042,7e267c0bf303542b
2,day2_n8_softmax_seed44,44,38,3,False,False,True,0.517,0.0,-1.3774943,2.5901868,-1.6057583707151935e-05,0.0012264051474630833,0.001226510270498693,7e267c0bf303542b
2,day2_n8_softmax_seed44,44,38,4,False,False,True,0.5354,0.0,-0.16093417,-3.2196152,-9.939493793353904e-06,0.0012296059867367148,0.0012296461500227451,7e267c0bf303542b
2,day2_n8_softmax_seed44,44,38,5,False,False,True,0.4956,0.0,-0.12178687,0.7623971,-1.2044717550452333e-05,0.0011945182923227549,0.0011945790611207485,7e267c0bf303542b
2,day2_n8_softmax_seed44,44,38,6,False,False,True,0.5112,0.0,0.44835678,2.4726465,-1.3091562323097605e-05,0.0012194582959637046,0.0012195284944027662,7e267c0bf303542b
2,day2_n8_softmax_seed44,44,38,7,False,False,True,0.5204,0.0,-0.555937,-0.32445738,-1.269664971914608e-05,0.0012151988921687007,0.0012152651324868202,7e267c0bf303542b
2,day2_n8_softmax_seed44,44,39,0,False,False,True,0.505,0.0,-0.46325037,1.5363381,-1.2070106095052324e-05,0.001215393072925508,0.001215453026816249,7e267c0bf303542b
2,day2_n8_softmax_seed44,44,39,1,False,False,True,0.5372,0.0,0.67030495,0.500058,-1.2091489224985708e-05,0.001200077822431922,0.0012001388240605593,7e267c0bf303542b
2,day2_n8_softmax_seed44,44,39,2,False,False,True,0.5244,0.0,2.2001748,-2.909665,-1.2819626135751605e-05,0.0012293258914723992,0.0012293928302824497,7e267c0bf303542b
2,day2_n8_softmax_seed44,44,39,3,False,False,True,0.5436,0.0,1.7757618,-1.0256202,-1.0714310519688297e-05,0.0012309742160141468,0.0012310207821428776,7e267c0bf303542b
2,day2_n8_softmax_seed44,44,39,4,False,False,True,0.5226,0.0,0.39475775,1.4450327,-1.3467430107994005e-05,0.0012255912879481912,0.001225665328092873,7e267c0bf303542b
2,day2_n8_softmax_seed44,44,39,5,False,False,True,0.5106,0.0,-4.2094836,-2.3243413,-1.1422908755776007e-05,0.001241997699253261,0.0012420500861480832,7e267c0bf303542b
2,day2_n8_softmax_seed44,44,39,6,False,False,True,0.5234,0.0,-0.69845456,2.5980868,-9.948298611561768e-06,0.0012245532125234604,0.0012245937250554562,7e267c0bf303542b
2,day2_n8_softmax_seed44,44,39,7,False,False,True,0.5264,0.0,0.33019248,0.18011373,-1.2212589354021475e-05,0.0011878731893375516,0.0011879359371960163,7e267c0bf303542b
2,day2_n8_softmax_seed44,44,40,0,False,False,True,0.4974,0.0,-1.2683775,0.1731787,-1.1924567843379918e-05,0.001217579236254096,0.0012176376767456532,7e267c0bf303542b
2,day2_n8_softmax_seed44,44,40,1,False,False,True,0.5174,0.0,-0.8172698,-0.21628667,-1.1383556739019696e-05,0.001197730889543891,0.0011977849062532187,7e267c0bf303542b
2,day2_n8_softmax_seed44,44,40,2,False,False,True,0.5068,0.0,-0.7221288,-0.5031942,-1.3441187547869049e-05,0.0012256705667823553,0.0012257442576810718,7e267c0bf303542b
2,day2_n8_softmax_seed44,44,40,3,False,False,True,0.5028,0.0,-0.8749075,-0.97090054,-1.554620757815428e-05,0.001235997537150979,0.0012360953260213137,7e267c0bf303542b
2,day2_n8_softmax_seed44,44,40,4,False,False,True,0.5076,0.0,-1.0010923,2.243164,-1.2666932889260352e-05,0.001229015877470374,0.001229081186465919,7e267c0bf303542b
2,day2_n8_softmax_seed44,44,40,5,False,False,True,0.5096,0.0,-0.9760004,2.6281145,-1.5247223018377554e-05,0.0012318387161940336,0.0012319330126047134,7e267c0bf303542b
2,day2_n8_softmax_seed44,44,40,6,False,False,True,0.5,0.0,5.967103,0.41596088,-2.3305155991693027e-05,0.0014925110153853893,0.0014926930889487267,7e267c0bf303542b
2,day2_n8_softmax_seed44,44,40,7,False,False,True,0.5296,0.0,-0.30732954,-3.7700393,-7.79942001827294e-06,0.0012490790104493499,0.0012491033412516117,7e267c0bf303542b
2,day2_n8_softmax_seed44,44,41,0,False,False,True,0.5382,0.0,3.7110584,0.42981204,-1.3225911061454099e-05,0.0012606963282451034,0.001260765828192234,7e267c0bf303542b
2,day2_n8_softmax_seed44,44,41,1,False,False,True,0.5226,0.0,-3.3530924,0.3541382,-1.4168930647429079e-05,0.00125315529294312,0.001253235386684537,7e267c0bf303542b
2,day2_n8_softmax_seed44,44,41,2,False,False,True,0.5252,0.0,-1.790961,-0.44637418,-1.2029948265990242e-05,0.001241469755768776,0.0012415280798450112,7e267c0bf303542b
2,day2_n8_softmax_seed44,44,41,3,False,False,True,0.5048,0.0,0.100354895,4.3159866,-1.3364201549848076e-05,0.0012645088136196136,0.001264579244889319,7e267c0bf303542b
2,day2_n8_softmax_seed44,44,41,4,False,False,True,0.512,0.0,1.0225785,-1.223864,-1.2333092854532879e-05,0.0012505699414759874,0.001250630826689303,7e267c0bf303542b
2,day2_n8_softmax_seed44,44,41,5,False,False,True,0.5226,0.0,0.54382694,-0.0918814,-1.0291878425050527e-05,0.001243955222889781,0.0012439978308975697,7e267c0bf303542b
2,day2_n8_softmax_seed44,44,41,6,False,False,True,0.5338,0.0,-0.43426675,-0.5207235,-1.1683217962854542e-05,0.001230201916769147,0.0012302573304623365,7e267c0bf303542b
2,day2_n8_softmax_seed44,44,41,7,False,False,True,0.5278,0.0,0.2005032,-2.8170936,-1.2859281014243606e-05,0.0012643105583265424,0.0012643758673220873,7e267c0bf303542b
2,day2_n8_softmax_seed44,44,42,0,False,False,True,0.515,0.0,4.5235925,-2.6406858,-1.4809785170655232e-05,0.0013879783218726516,0.001388057367876172,7e267c0bf303542b
2,day2_n8_softmax_seed44,44,42,1,False,False,True,0.5226,0.0,0.96734864,0.12174105,-1.1764697774196975e-05,0.0012805231381207705,0.00128057727124542,7e267c0bf303542b
2,day2_n8_softmax_seed44,44,42,2,False,False,True,0.4932,0.0,-3.8346589,-3.7611442,-1.047363730322104e-05,0.0013511092402040958,0.0013511497527360916,7e267c0bf303542b
2,day2_n8_softmax_seed44,44,42,3,False,False,True,0.5252,0.0,-0.81946343,2.5868094,-1.0380180356150959e-05,0.0012687966227531433,0.001268839230760932,7e267c0bf303542b
2,day2_n8_softmax_seed44,44,42,4,False,False,True,0.5238,0.0,0.21714537,1.5367675,-6.9516327130259015e-06,0.0012584704672917724,0.0012584896758198738,7e267c0bf303542b
2,day2_n8_softmax_seed44,44,42,5,False,False,True,0.5188,0.0,-0.74141884,0.91503435,-1.1394926332286559e-05,0.0012755888747051358,0.0012756397482007742,7e267c0bf303542b
2,day2_n8_softmax_seed44,44,42,6,False,False,True,0.5158,0.0,-0.08782293,1.0841151,-1.3227069757704157e-05,0.0012439761776477098,0.0012440464925020933,7e267c0bf303542b
2,day2_n8_softmax_seed44,44,42,7,False,False,True,0.5236,0.0,-0.22471942,0.15736699,-1.6154268450918607e-05,0.0012641230132430792,0.0012642261572182178,7e267c0bf303542b
2,day2_n8_softmax_seed44,44,43,0,False,False,True,0.5042,0.0,0.7233226,5.5244823,-1.71742431120947e-05,0.0013953077141195536,0.0013954135356470942,7e267c0bf303542b
2,day2_n8_softmax_seed44,44,43,1,False,False,True,0.532,0.0,0.60141164,-0.98725283,-1.0605975148791913e-05,0.0012304718839004636,0.0012305177515372634,7e267c0bf303542b
2,day2_n8_softmax_seed44,44,43,2,False,False,True,0.5304,0.0,2.0981061,-0.3765204,-1.4855850167805329e-05,0.0013224204303696752,0.001322503900155425,7e267c0bf303542b
2,day2_n8_softmax_seed44,44,43,3,False,False,True,0.5146,0.0,1.0157042,-0.9510055,-1.0808126717165578e-05,0.0012441285653039813,0.0012441754806786776,7e267c0bf303542b
2,day2_n8_softmax_seed44,44,43,4,False,False,True,0.5416,0.0,0.44694918,-1.0527793,-9.249127288057934e-06,0.001221116166561842,0.00122115109115839,7e267c0bf303542b
2,day2_n8_softmax_seed44,44,43,5,False,False,True,0.5258,0.0,0.7009776,-1.097629,-9.64526589086745e-06,0.0012242100201547146,0.001224248087964952,7e267c0bf303542b
2,day2_n8_softmax_seed44,44,43,6,False,False,True,0.5466,0.0,0.6623977,-1.0165699,-1.1588556844799314e-05,0.0012289334554225206,0.0012289881706237793,7e267c0bf303542b
2,day2_n8_softmax_seed44,44,43,7,False,False,True,0.4736,0.0,-6.248862,-0.04272884,-1.5477444321732037e-05,0.0015337275108322501,0.001533805625513196,7e267c0bf303542b
2,day2_n8_softmax_seed44,44,44,0,False,False,True,0.5416,0.0,0.4864754,1.1577706,-1.334558237431338e-05,0.0012552484404295683,0.0012553194537758827,7e267c0bf303542b
2,day2_n8_softmax_seed44,44,44,1,False,False,True,0.5312,0.0,2.8737743,2.2631211,-9.451575351704378e-06,0.0012995318975299597,0.0012995662400498986,7e267c0bf303542b
2,day2_n8_softmax_seed44,44,44,2,False,False,True,0.5336,0.0,0.42254674,-0.26954073,-1.470998176955618e-05,0.0012307511642575264,0.0012308390578255057,7e267c0bf303542b
2,day2_n8_softmax_seed44,44,44,3,False,False,True,0.5422,0.0,1.8733625,-4.402457,-9.941961252479814e-06,0.001297306502237916,0.0012973446864634752,7e267c0bf303542b
2,day2_n8_softmax_seed44,44,44,4,False,False,True,0.537,0.0,-4.0537796,1.0223713,-1.2201695426483639e-05,0.0013389440719038248,0.001338999718427658,7e267c0bf303542b
2,day2_n8_softmax_seed44,44,44,5,False,False,True,0.5298,0.0,-2.313915,-1.5544585,-1.2321715985308401e-05,0.001304945326410234,0.0013050035340711474,7e267c0bf303542b
2,day2_n8_softmax_seed44,44,44,6,False,False,True,0.5288,0.0,1.449449,1.4436466,-9.923204743245151e-06,0.0012725486885756254,0.001272587338462472,7e267c0bf303542b
2,day2_n8_softmax_seed44,44,44,7,False,False,True,0.519,0.0,-0.73791134,0.33954588,-1.2246766345924698e-05,0.0012676463229581714,0.0012677054619416595,7e267c0bf303542b
2,day2_n8_softmax_seed44,44,45,0,False,False,True,0.5438,0.0,1.3583221,0.23439169,-1.0913313417404424e-05,0.00127371062990278,0.0012737573124468327,7e267c0bf303542b
2,day2_n8_softmax_seed44,44,45,1,False,False,True,0.5378,0.0,0.84673023,0.485374,-1.4045620446268003e-05,0.0012506578350439668,0.0012507367646321654,7e267c0bf303542b
2,day2_n8_softmax_seed44,44,45,2,False,False,True,0.5264,0.0,0.3825079,1.0202743,-1.2902078196930233e-05,0.0012730822199955583,0.0012731474125757813,7e267c0bf303542b
2,day2_n8_softmax_seed44,44,45,3,False,False,True,0.5406,0.0,1.0849742,-5.0729904,-1.2290274753468111e-05,0.0012982238549739122,0.0012982820626348257,7e267c0bf303542b
2,day2_n8_softmax_seed44,44,45,4,False,False,True,0.5392,0.0,-5.272063,-0.36121458,-1.0265229320793878e-05,0.001329616061411798,0.001329655759036541,7e267c0bf303542b
2,day2_n8_softmax_seed44,44,45,5,False,False,True,0.5326,0.0,0.908222,1.3054837,-9.754085112945177e-06,0.0012733706971630454,0.0012734080664813519,7e267c0bf303542b
2,day2_n8_softmax_seed44,44,45,6,False,False,True,0.511,0.0,0.9246165,1.5991764,-1.073526800610125e-05,0.001274022739380598,0.0012740680249407887,7e267c0bf303542b
2,day2_n8_softmax_seed44,44,45,7,False,False,True,0.5302,0.0,-0.23331073,0.7895051,-1.0026480595115572e-05,0.001261893892660737,0.0012619337067008018,7e267c0bf303542b
2,day2_n8_softmax_seed44,44,46,0,False,False,True,0.5394,0.0,-5.530421,0.04389622,-1.163442175311502e-05,0.0013935570605099201,0.001393605605699122,7e267c0bf303542b
2,day2_n8_softmax_seed44,44,46,1,False,False,True,0.5296,0.0,0.67321086,0.93823916,-1.1845182598335668e-05,0.0012867818586528301,0.0012868363410234451,7e267c0bf303542b
2,day2_n8_softmax_seed44,44,46,2,False,False,True,0.5196,0.0,1.7271142,4.2681484,-1.1384552635718137e-05,0.001329467399045825,0.0013295161770656705,7e267c0bf303542b
2,day2_n8_softmax_seed44,44,46,3,False,False,True,0.487,0.0,0.44695112,-1.0328126,-1.2276012057554908e-05,0.001286258571781218,0.001286317128688097,7e267c0bf303542b
2,day2_n8_softmax_seed44,44,46,4,False,False,True,0.5068,0.0,0.03379396,0.001941269,-1.083749612007523e-05,0.0012644154485315084,0.0012644618982449174,7e267c0bf303542b
2,day2_n8_softmax_seed44,44,46,5,False,False,True,0.562,0.0,0.2681119,-0.16927655,-1.0591551472316496e-05,0.0012431639479473233,0.0012432091170921922,7e267c0bf303542b
2,day2_n8_softmax_seed44,44,46,6,False,False,True,0.5654,0.0,1.9229074,-3.685166,-7.379102498816792e-06,0.0013277155812829733,0.0013277360703796148,7e267c0bf303542b
2,day2_n8_softmax_seed44,44,46,7,False,False,True,0.5508,0.0,0.45833778,-0.3649701,-1.0496392860659398e-05,0.0012889340287074447,0.001288976869545877,7e267c0bf303542b
2,day2_n8_softmax_seed44,44,47,0,False,False,True,0.5578,0.0,-0.6892614,0.501071,-1.2859304661105853e-05,0.0012908008648082614,0.0012908648932352662,7e267c0bf303542b
2,day2_n8_softmax_seed44,44,47,1,False,False,True,0.5406,0.0,-0.19872434,-0.25110826,-7.847283086448442e-06,0.0012545096687972546,0.0012545341160148382,7e267c0bf303542b
2,day2_n8_softmax_seed44,44,47,2,False,False,True,0.5456,0.0,-1.025755,-0.0009047342,-1.261422767129261e-05,0.0012801476987078786,0.0012802098644897342,7e267c0bf303542b
2,day2_n8_softmax_seed44,44,47,3,False,False,True,0.5336,0.0,-0.4362617,3.9303966,-9.845077329373453e-06,0.0013203996932134032,0.0013204363640397787,7e267c0bf303542b
2,day2_n8_softmax_seed44,44,47,4,False,False,True,0.5708,0.0,0.16918626,0.53377694,-1.1572014955163468e-05,0.0012946296483278275,0.0012946814531460404,7e267c0bf303542b
2,day2_n8_softmax_seed44,44,47,5,False,False,True,0.5222,0.0,-2.8318543,-3.78352,-1.0694424418034032e-05,0.0013213076163083315,0.0013213508063927293,7e267c0bf303542b
2,day2_n8_softmax_seed44,44,47,6,False,False,True,0.5442,0.0,4.9972677,-1.7626204,-1.1681068826874252e-05,0.001336200861260295,0.001336251967586577,7e267c0bf303542b
2,day2_n8_softmax_seed44,44,47,7,False,False,True,0.5704,0.0,0.01540157,0.8329075,-1.3161104106984567e-05,0.001282133860513568,0.0012822013814002275,7e267c0bf303542b
2,day2_n8_softmax_seed44,44,48,0,False,False,True,0.552,0.0,0.9689629,0.56695515,-1.127437371906126e-05,0.0013049979461356997,0.0013050467241555452,7e267c0bf303542b
2,day2_n8_softmax_seed44,44,48,1,False,False,True,0.5724,0.0,2.0887048,-0.79425764,-1.026901645673206e-05,0.001317439484409988,0.0013174795312806964,7e267c0bf303542b
2,day2_n8_softmax_seed44,44,48,2,False,False,True,0.5386,0.0,-1.702179,4.1703877,-1.144228644989198e-05,0.0013373538386076689,0.001337402849458158,7e267c0bf303542b
2,day2_n8_softmax_seed44,44,48,3,False,False,True,0.538,0.0,0.5026935,0.55144614,-9.646169928601012e-06,0.001301840995438397,0.0013018767349421978,7e267c0bf303542b
2,day2_n8_softmax_seed44,44,48,4,False,False,True,0.561,0.0,1.2596612,0.95744455,-9.907892490446102e-06,0.0013222673442214727,0.0013223043642938137,7e267c0bf303542b
2,day2_n8_softmax_seed44,44,48,5,False,False,True,0.5358,0.0,1.2752359,-3.1465564,-1.1166519470862113e-05,0.0013234090292826295,0.0013234560610726476,7e267c0bf303542b
2,day2_n8_softmax_seed44,44,48,6,False,False,True,0.5682,0.0,-4.9068766,-2.1993983,-1.619045178813394e-05,0.001354640000499785,0.0013547367416322231,7e267c0bf303542b
2,day2_n8_softmax_seed44,44,48,7,False,False,True,0.5476,0.0,0.5137994,-0.106020905,-1.0272280633216724e-05,0.0012776305666193366,0.0012776717776432633,7e267c0bf303542b
2,day2_n8_softmax_seed44,44,49,0,False,False,True,0.5536,0.0,-0.20935448,-0.7168702,-1.0950715477520134e-05,0.0013340567238628864,0.0013341016601771116,7e267c0bf303542b
2,day2_n8_softmax_seed44,44,49,1,False,False,True,0.5474,0.0,1.0586634,-0.092149675,-8.793315828370396e-06,0.0012980407336726785,0.0012980703031644225,7e267c0bf303542b
2,day2_n8_softmax_seed44,44,49,2,False,False,True,0.5494,0.0,0.13233055,-2.8189385,-9.59674798650667e-06,0.0013495738385245204,0.0013496079482138157,7e267c0bf303542b
2,day2_n8_softmax_seed44,44,49,3,False,False,True,0.5474,0.0,1.8129686,4.9417415,-9.684382348496001e-06,0.0013620737008750439,0.0013621081598103046,7e267c0bf303542b
2,day2_n8_softmax_seed44,44,49,4,False,False,True,0.5776,0.0,0.5478658,-0.29360342,-1.185644396173302e-05,0.0012964509660378098,0.0012965052155777812,7e267c0bf303542b
2,day2_n8_softmax_seed44,44,49,5,False,False,True,0.5662,0.0,-5.5081825,1.0599027,-9.381848030898254e-06,0.0013969186693429947,0.0013969502178952098,7e267c0bf303542b
2,day2_n8_softmax_seed44,44,49,6,False,False,True,0.551,0.0,0.22113965,-0.81531924,-1.0571601706033107e-05,0.001307475846260786,0.0013075186870992184,7e267c0bf303542b
2,day2_n8_softmax_seed44,44,49,7,False,False,True,0.5666,0.0,1.9445723,-1.2647623,-1.191054343507858e-05,0.0013403304619714618,0.001340383430942893,7e267c0bf303542b
2,day2_n8_softmax_seed44,44,50,0,False,False,True,0.548,0.0,0.14941235,-1.1584555,-1.4907158401911147e-05,0.0013541043736040592,0.0013541864464059472,7e267c0bf303542b
2,day2_n8_softmax_seed44,44,50,1,False,False,True,0.5652,0.0,0.15605436,-1.1993144,-1.1264513886999339e-05,0.0012950801756232977,0.0012951291864737868,7e267c0bf303542b
2,day2_n8_softmax_seed44,44,50,2,False,False,True,0.5412,0.0,-1.2410988,0.064170085,-9.863733794190921e-06,0.0013681462733075023,0.0013681817799806595,7e267c0bf303542b
2,day2_n8_softmax_seed44,44,50,3,False,False,True,0.5634,0.0,-5.113867,1.9909698,-8.172234629455488e-06,0.0014324153307825327,0.00143243873026222,7e267c0bf303542b
2,day2_n8_softmax_seed44,44,50,4,False,False,True,0.5436,0.0,0.4508182,-0.5658659,-1.1574819836823735e-05,0.0012784437276422977,0.0012784961145371199,7e267c0bf303542b
2,day2_n8_softmax_seed44,44,50,5,False,False,True,0.5712,0.0,2.1286767,0.49393693,-1.1650112355710007e-05,0.0013422078918665648,0.0013422585325315595,7e267c0bf303542b
2,day2_n8_softmax_seed44,44,50,6,False,False,True,0.5706,0.0,2.905904,4.1053014,-1.2570411854539998e-05,0.0013847533846274018,0.0013848105445504189,7e267c0bf303542b
2,day2_n8_softmax_seed44,44,50,7,False,False,True,0.5682,0.0,0.56409734,-3.7307408,-1.0849509635590948e-05,0.0013695521047338843,0.0013695950619876385,7e267c0bf303542b
2,day2_n8_softmax_seed44,44,51,0,False,False,True,0.555,0.0,0.63246006,1.3146904,-1.0394340279162861e-05,0.0013398047303780913,0.0013398451264947653,7e267c0bf303542b
2,day2_n8_softmax_seed44,44,51,1,False,False,True,0.5438,0.0,1.5149643,1.0953194,-1.0257271242153365e-05,0.0013353907270357013,0.0013354301918298006,7e267c0bf303542b
2,day2_n8_softmax_seed44,44,51,2,False,False,True,0.5656,0.0,0.6101539,0.55545044,-1.4400316104001831e-05,0.0013069523265585303,0.0013070316053926945,7e267c0bf303542b
2,day2_n8_softmax_seed44,44,51,3,False,False,True,0.5646,0.0,-5.9762774,0.24598095,-1.2200042874610517e-05,0.0014391228323802352,0.0014391745207831264,7e267c0bf303542b
2,day2_n8_softmax_seed44,44,51,4,False,False,True,0.5536,0.0,1.0594984,1.3828048,-8.047345545492135e-06,0.0013167799916118383,0.0013168045552447438,7e267c0bf303542b
2,day2_n8_softmax_seed44,44,51,5,False,False,True,0.5742,0.0,0.8682876,0.4704826,-1.1843291758850683e-05,0.0013051071437075734,0.0013051609275862575,7e267c0bf303542b
2,day2_n8_softmax_seed44,44,51,6,False,False,True,0.5548,0.0,0.63960135,-5.5847936,-1.0779362128232606e-05,0.0013589063892140985,0.0013589492300525308,7e267c0bf303542b
2,day2_n8_softmax_seed44,44,51,7,False,False,True,0.556,0.0,0.65131617,0.52006733,-1.0337585990782827e-05,0.0013013710267841816,0.0013014121213927865,7e267c0bf303542b
2,day2_n8_softmax_seed44,44,52,0,False,False,True,0.5882,0.0,0.39701617,-0.817335,-7.764379006403033e-06,0.001366906799376011,0.0013669288018718362,7e267c0bf303542b
2,day2_n8_softmax_seed44,44,52,1,False,False,True,0.5656,0.0,1.1193479,-0.8385737,-7.939274837553967e-06,0.0013110743602737784,0.0013110983418300748,7e267c0bf303542b
2,day2_n8_softmax_seed44,44,52,2,False,False,True,0.5728,0.0,0.9574782,-2.3867812,-6.308610409178073e-06,0.0013613867340609431,0.0013614014023914933,7e267c0bf303542b
2,day2_n8_softmax_seed44,44,52,3,False,False,True,0.5516,0.0,0.6647038,-1.0070016,-6.419039891625289e-06,0.0013373547699302435,0.0013373702531680465,7e267c0bf303542b
2,day2_n8_softmax_seed44,44,52,4,False,False,True,0.5648,0.0,0.5383287,-1.5682036,-6.8555050347640645e-06,0.001327169593423605,0.0013271871721372008,7e267c0bf303542b
2,day2_n8_softmax_seed44,44,52,5,False,False,True,0.5602,0.0,1.8779696,5.2814665,-1.4331884813145734e-05,0.0014033846091479063,0.0014034576015546918,7e267c0bf303542b
2,day2_n8_softmax_seed44,44,52,6,False,False,True,0.5606,0.0,0.9220945,0.51351476,-6.1805726545571815e-06,0.0013557426864281297,0.0013557567726820707,7e267c0bf303542b
2,day2_n8_softmax_seed44,44,52,7,False,False,True,0.5108,0.0,-6.47693,0.82291037,-7.316731171158608e-06,0.0015611326089128852,0.0015611498383805156,7e267c0bf303542b
2,day2_n8_softmax_seed44,44,53,0,False,False,True,0.5882,0.0,-0.71162707,-0.15067655,-1.527261883893516e-05,0.0013405465288087726,0.0013406334910541773,7e267c0bf303542b
2,day2_n8_softmax_seed44,44,53,1,False,False,True,0.5092,0.0,5.1834164,-2.6909032,-8.48599029268371e-06,0.0014139626873657107,0.0014139882987365127,7e267c0bf303542b
2,day2_n8_softmax_seed44,44,53,2,False,False,True,0.5788,0.0,0.10883972,0.59063023,-1.0398671292932704e-05,0.001365231117233634,0.001365270814858377,7e267c0bf303542b
2,day2_n8_softmax_seed44,44,53,3,False,False,True,0.5762,0.0,-1.5570594,0.89919823,-1.1725941476470325e-05,0.0013806128408759832,0.0013806626666337252,7e267c0bf303542b
2,day2_n8_softmax_seed44,44,53,4,False,False,True,0.5658,0.0,-0.18133579,0.38743517,-1.038379741657991e-05,0.001367249176837504,0.0013672886416316032,7e267c0bf303542b
2,day2_n8_softmax_seed44,44,53,5,False,False,True,0.5762,0.0,-3.341381,-4.0598164,-1.1475808605609927e-05,0.0014009375590831041,0.001400984707288444,7e267c0bf303542b
2,day2_n8_softmax_seed44,44,53,6,False,False,True,0.5368,0.0,0.44277546,3.6188238,-1.157376027549617e-05,0.0013830671086907387,0.0013831156538799405,7e267c0bf303542b
2,day2_n8_softmax_seed44,44,53,7,False,False,True,0.5608,0.0,0.056365866,1.4053086,-1.0049900083686225e-05,0.0013569527072831988,0.0013569898437708616,7e267c0bf303542b
2,day2_n8_softmax_seed44,44,54,0,False,False,True,0.5642,0.0,4.887313,2.7547662,-1.3325846339284908e-05,0.0014197443379089236,0.0014198068529367447,7e267c0bf303542b
2,day2_n8_softmax_seed44,44,54,1,False,False,True,0.5976,0.0,-0.24805608,-1.0097827,-1.0176388059335295e-05,0.0013656016672030091,0.0013656397350132465,7e267c0bf303542b
2,day2_n8_softmax_seed44,44,54,2,False,False,True,0.5708,0.0,-0.7654386,-3.2783859,-8.597953637945466e-06,0.0013898768229410052,0.0013899034820497036,7e267c0bf303542b
2,day2_n8_softmax_seed44,44,54,3,False,False,True,0.6034,0.0,-0.8586855,-1.0566007,-5.8701843954622746e-06,0.001373112783767283,0.0013731252402067184,7e267c0bf303542b
2,day2_n8_softmax_seed44,44,54,4,False,False,True,0.5682,0.0,0.16349985,-0.14319474,-6.2705962591280695e-06,0.0013317868579179049,0.0013318016426637769,7e267c0bf303542b
2,day2_n8_softmax_seed44,44,54,5,False,False,True,0.5704,0.0,-3.9740703,4.298912,-1.128331587096909e-05,0.0014177248813211918,0.0014177697012200952,7e267c0bf303542b
2,day2_n8_softmax_seed44,44,54,6,False,False,True,0.5762,0.0,-0.21371146,-1.2732828,-1.0297166227246635e-05,0.0013671711785718799,0.0013672099448740482,7e267c0bf303542b
2,day2_n8_softmax_seed44,44,54,7,False,False,True,0.5734,0.0,1.009151,-0.29243097,-1.2436288670869544e-05,0.0013672466157004237,0.0013673033099621534,7e267c0bf303542b
2,day2_n8_softmax_seed44,44,55,0,False,False,True,0.5784,0.0,-1.9434382,0.3543263,-1.2063904250680935e-05,0.0014066285220906138,0.001406680210493505,7e267c0bf303542b
2,day2_n8_softmax_seed44,44,55,1,False,False,True,0.5822,0.0,-0.70076734,0.28245124,-9.067835890164133e-06,0.001335013541392982,0.001335044507868588,7e267c0bf303542b
2,day2_n8_softmax_seed44,44,55,2,False,False,True,0.5702,0.0,-2.4946358,0.4163168,-9.918251635099296e-06,0.001413066522218287,0.0014131013303995132,7e267c0bf303542b
2,day2_n8_softmax_seed44,44,55,3,False,False,True,0.5456,0.0,-0.9583024,3.0538466,-1.0858858331630472e-05,0.0014031078899279237,0.0014031499158591032,7e267c0bf303542b
2,day2_n8_softmax_seed44,44,55,4,False,False,True,0.6116,0.0,-0.49461523,0.437011,-8.572378646931611e-06,0.001353904721327126,0.0013539319625124335,7e267c0bf303542b
2,day2_n8_softmax_seed44,44,55,5,False,False,True,0.5368,0.0,5.1468825,-0.2257846,-8.235254426836036e-06,0.0014401278458535671,0.0014401513617485762,7e267c0bf303542b
2,day2_n8_softmax_seed44,44,55,6,False,False,True,0.5368,0.0,2.1138906,1.2005149,-1.0614709026413038e-05,0.001404835726134479,0.0014048758894205093,7e267c0bf303542b
2,day2_n8_softmax_seed44,44,55,7,False,False,True,0.5746,0.0,-0.6690179,-5.5186787,-7.5258708420733456e-06,0.001426337519660592,0.0014263574266806245,7e267c0bf303542b
2,day2_n8_softmax_seed44,44,56,0,False,False,True,0.526,0.0,-1.41817,5.134125,-1.1886018910445273e-05,0.0014227883657440543,0.0014228380750864744,7e267c0bf303542b
2,day2_n8_softmax_seed44,44,56,1,False,False,True,0.5938,0.0,-0.6379469,-0.6143221,-5.11885673404322e-06,0.001363552175462246,0.0013635617215186357,7e267c0bf303542b
2,day2_n8_softmax_seed44,44,56,2,False,False,True,0.6026,0.0,-0.84198475,0.012477361,-1.2181188139948063e-05,0.0013748671626672149,0.0013749210629612207,7e267c0bf303542b
2,day2_n8_softmax_seed44,44,56,3,False,False,True,0.6064,0.0,-0.44507644,0.47411767,-9.251219125872012e-06,0.0013863565400242805,0.0013863873900845647,7e267c0bf303542b
2,day2_n8_softmax_seed44,44,56,4,False,False,True,0.5814,0.0,-0.6650865,0.22638063,-1.2892732229374815e-05,0.0013431338593363762,0.0013431957922875881,7e267c0bf303542b
2,day2_n8_softmax_seed44,44,56,5,False,False,True,0.574,0.0,6.4467793,0.10179123,-9.107566256716382e-06,0.001524738036096096,0.0015247652772814035,7e267c0bf303542b
2,day2_n8_softmax_seed44,44,56,6,False,False,True,0.6118,0.0,-1.1303663,-2.1002414,-1.7120126358349808e-05,0.0014036789070814848,0.0014037832152098417,7e267c0bf303542b
2,day2_n8_softmax_seed44,44,56,7,False,False,True,0.5346,0.0,-1.3081474,-3.2343273,-1.1342423022142611e-05,0.0014038856606930494,0.0014039314119145274,7e267c0bf303542b
2,day2_n8_softmax_seed44,44,57,0,False,False,True,0.597,0.0,-6.3437204,1.1037062,-9.855801181402057e-06,0.0015216079773381352,0.0015216398751363158,7e267c0bf303542b
2,day2_n8_softmax_seed44,44,57,1,False,False,True,0.5586,0.0,0.5291458,-0.05004113,-5.658043392031686e-06,0.0013934171292930841,0.001393428654409945,7e267c0bf303542b
2,day2_n8_softmax_seed44,44,57,2,False,False,True,0.6076,0.0,0.9682458,-0.72487265,-1.039732524077408e-05,0.001407627947628498,0.001407666364684701,7e267c0bf303542b
2,day2_n8_softmax_seed44,44,57,3,False,False,True,0.5722,0.0,0.9995621,-0.883548,-9.855863027041778e-06,0.0014129658229649067,0.0014130001654848456,7e267c0bf303542b
2,day2_n8_softmax_seed44,44,57,4,False,False,True,0.594,0.0,0.6025664,-0.66271055,-9.176922503684182e-06,0.0013587622670456767,0.0013587933499366045,7e267c0bf303542b
2,day2_n8_softmax_seed44,44,57,5,False,False,True,0.5882,0.0,2.0601978,5.3887286,-1.2145766049798112e-05,0.0014375331811606884,0.0014375844039022923,7e267c0bf303542b
2,day2_n8_softmax_seed44,44,57,6,False,False,True,0.5948,0.0,0.75681835,-0.9329403,-9.661834155849647e-06,0.0013726510806009173,0.0013726850738748908,7e267c0bf303542b
2,day2_n8_softmax_seed44,44,57,7,False,False,True,0.5836,0.0,0.42718053,-3.2383287,-8.151493602781557e-06,0.0014242071192711592,0.0014242304023355246,7e267c0bf303542b
2,day2_n8_softmax_seed44,44,58,0,False,False,True,0.5694,0.0,-0.5599152,-0.83280236,-1.0858112545975018e-05,0.0014081061817705631,0.0014081480912864208,7e267c0bf303542b
2,day2_n8_softmax_seed44,44,58,1,False,False,True,0.5876,0.0,0.5335151,0.70875734,-1.2347332813078538e-05,0.0014204939361661673,0.0014205477200448513,7e267c0bf303542b
2,day2_n8_softmax_seed44,44,58,2,False,False,True,0.5618,0.0,-4.9586287,3.3716607,-1.1924847967748065e-05,0.0014680904569104314,0.0014681388856843114,7e267c0bf303542b
2,day2_n8_softmax_seed44,44,58,3,False,False,True,0.5736,0.0,-2.1460137,-5.566655,-5.6922763178590685e-06,0.0014578897971659899,0.0014579008566215634,7e267c0bf303542b
2,day2_n8_softmax_seed44,44,58,4,False,False,True,0.5892,0.0,0.88439226,0.36037773,-1.1392150554456748e-05,0.0014213877730071545,0.0014214335242286325,7e267c0bf303542b
2,day2_n8_softmax_seed44,44,58,5,False,False,True,0.5964,0.0,1.5849298,0.52773774,-1.4277194168244023e-05,0.0014412578893825412,0.001441328669898212,7e267c0bf303542b
2,day2_n8_softmax_seed44,44,58,6,False,False,True,0.5942,0.0,1.2707399,0.9805969,-6.686275355605176e-06,0.0014287079684436321,0.0014287236845120788,7e267c0bf303542b
2,day2_n8_softmax_seed44,44,58,7,False,False,True,0.605,0.0,3.3909786,0.4503227,-1.007445462164469e-05,0.0014664254849776626,0.0014664600603282452,7e267c0bf303542b
2,day2_n8_softmax_seed44,44,59,0,False,False,True,0.5852,0.0,1.3976828,0.6114435,-7.49656601328752e-06,0.0014511685585603118,0.001451187883503735,7e267c0bf303542b
2,day2_n8_softmax_seed44,44,59,1,False,False,True,0.585,0.0,1.256537,-0.7997823,-7.211218417069176e-06,0.0014306121738627553,0.0014306303346529603,7e267c0bf303542b
2,day2_n8_softmax_seed44,44,59,2,False,False,True,0.546,0.0,1.2422899,4.58016,-9.746603609528393e-06,0.0014857014175504446,0.001485733431763947,7e267c0bf303542b
2,day2_n8_softmax_seed44,44,59,3,False,False,True,0.576,0.0,0.12683225,1.4524102,-1.0103956810780801e-05,0.001481362502090633,0.0014813969610258937,7e267c0bf303542b
2,day2_n8_softmax_seed44,44,59,4,False,False,True,0.5748,0.0,0.67192924,-1.5862817,-1.1024121704394929e-05,0.0014548271428793669,0.0014548690523952246,7e267c0bf303542b
2,day2_n8_softmax_seed44,44,59,5,False,False,True,0.5464,0.0,-6.621067,0.015941368,-8.388560672756284e-06,0.0015756319044157863,0.0015756541397422552,7e267c0bf303542b
2,day2_n8_softmax_seed44,44,59,6,False,False,True,0.592,0.0,0.8732324,0.30003005,-9.16507178772008e-06,0.001462077721953392,0.0014621064765378833,7e267c0bf303542b
2,day2_n8_softmax_seed44,44,59,7,False,False,True,0.5934,0.0,1.0525588,-4.5739236,-8.493852874380536e-06,0.001485034474171698,0.00148505880497396,7e267c0bf303542b
2,day2_n8_softmax_seed44,44,60,0,False,False,True,0.6054,0.0,5.09708,-3.704678,-7.792200449330267e-06,0.0014819040661677718,0.0014819246716797352,7e267c0bf303542b
2,day2_n8_softmax_seed44,44,60,1,False,False,True,0.6246,0.0,0.0054155067,0.7714967,-8.757064279052429e-06,0.00138004869222641,0.0013800765154883265,7e267c0bf303542b
2,day2_n8_softmax_seed44,44,60,2,False,False,True,0.5956,0.0,0.24708745,2.0114489,-9.751061952556483e-06,0.0014199194265529513,0.0014199527213349938,7e267c0bf303542b
2,day2_n8_softmax_seed44,44,60,3,False,False,True,0.602,0.0,-4.496146,-4.3998785,-1.0477706382516772e-05,0.0014791128924116492,0.0014791499124839902,7e267c0bf303542b
2,day2_n8_softmax_seed44,44,60,4,False,False,True,0.6086,0.0,-0.59811014,1.8854744,-6.003712769597769e-06,0.0014384319074451923,0.0014384443638846278,7e267c0bf303542b
2,day2_n8_softmax_seed44,44,60,5,False,False,True,0.5804,0.0,-0.1169084,1.0008149,-1.258915290236473e-05,0.0013901038328185678,0.0013901607599109411,7e267c0bf303542b
2,day2_n8_softmax_seed44,44,60,6,False,False,True,0.6148,0.0,0.10612808,1.2537018,-9.435628271603491e-06,0.0014156769029796124,0.0014157083351165056,7e267c0bf303542b
2,day2_n8_softmax_seed44,44,60,7,False,False,True,0.5806,0.0,-0.24454945,1.1816258,-1.2918244465254247e-05,0.001406643888913095,0.001406703144311905,7e267c0bf303542b
2,day2_n8_softmax_seed44,44,61,0,False,False,True,0.6068,0.0,-1.1648827,-1.8598936,-7.65979439165676e-06,0.0014399610226973891,0.0014399813953787088,7e267c0bf303542b
2,day2_n8_softmax_seed44,44,61,1,False,False,True,0.579,0.0,-0.24382688,-0.92199576,-7.559096047771163e-06,0.00140399020165205,0.001404010457918048,7e267c0bf303542b
2,day2_n8_softmax_seed44,44,61,2,False,False,True,0.5902,0.0,-3.247083,4.067626,-1.1769719094445463e-05,0.0014489357126876712,0.0014489834429696202,7e267c0bf303542b
2,day2_n8_softmax_seed44,44,61,3,False,False,True,0.5712,0.0,5.2039804,3.230456,-5.853093171026558e-06,0.001458016224205494,0.0014580280985683203,7e267c0bf303542b
2,day2_n8_softmax_seed44,44,61,4,False,False,True,0.6004,0.0,1.810892,-3.2036405,-1.1662110409815796e-05,0.0014368781121447682,0.00143692537676543,7e267c0bf303542b
2,day2_n8_softmax_seed44,44,61,5,False,False,True,0.6224,0.0,-1.5016259,0.8228604,-1.3497430700226687e-05,0.0014293036656454206,0.0014293674612417817,7e267c0bf303542b
2,day2_n8_softmax_seed44,44,61,6,False,False,True,0.6112,0.0,-0.08348149,-0.88394773,-7.395863576675765e-06,0.0014314764412119985,0.001431495533324778,7e267c0bf303542b
2,day2_n8_softmax_seed44,44,61,7,False,False,True,0.6208,0.0,-0.77397484,-1.2514709,-1.166197944257874e-05,0.001438942737877369,0.0014389900024980307,7e267c0bf303542b
2,day2_n8_softmax_seed44,44,62,0,False,False,True,0.5426,0.0,5.9822183,2.0470963,-1.365114985674154e-05,0.001507661072537303,0.0015077227726578712,7e267c0bf303542b
2,day2_n8_softmax_seed44,44,62,1,False,False,True,0.5554,0.0,-0.59693724,-0.81728697,-1.0500596545170993e-05,0.0014124773442745209,0.001412516226992011,7e267c0bf303542b
2,day2_n8_softmax_seed44,44,62,2,False,False,True,0.5924,0.0,-1.4659252,-2.5288115,-1.1621021258179098e-05,0.0014661768218502402,0.0014662229223176837,7e267c0bf303542b
2,day2_n8_softmax_seed44,44,62,3,False,False,True,0.5904,0.0,0.74678856,-2.8895888,-9.483420399192255e-06,0.0014564895536750555,0.0014565205201506615,7e267c0bf303542b
2,day2_n8_softmax_seed44,44,62,4,False,False,True,0.6134,0.0,0.14791113,-2.1511903,-7.86584678280633e-06,0.0014497198862954974,0.0014497411902993917,7e267c0bf303542b
2,day2_n8_softmax_seed44,44,62,5,False,False,True,0.625,0.0,-0.6622768,0.07925981,-8.218569746532012e-06,0.0014201095327734947,0.0014201332814991474,7e267c0bf303542b
2,day2_n8_softmax_seed44,44,62,6,False,False,True,0.5414,0.0,-1.7230821,1.8315781,-4.3502986954990774e-06,0.0014720394974574447,0.0014720459003001451,7e267c0bf303542b
2,day2_n8_softmax_seed44,44,62,7,False,False,True,0.5802,0.0,-2.4286978,4.428936,-8.107655958156101e-06,0.0014727030647918582,0.001472725416533649,7e267c0bf303542b
2,day2_n8_softmax_seed44,44,63,0,False,False,True,0.5962,0.0,-3.5180345,3.467652,-1.1652758075797465e-05,0.0014910928439348936,0.0014911384787410498,7e267c0bf303542b
2,day2_n8_softmax_seed44,44,63,1,False,False,True,0.6258,0.0,0.2470667,-0.283642,-6.197333277668804e-06,0.00143349205609411,0.0014335054438561201,7e267c0bf303542b
2,day2_n8_softmax_seed44,44,63,2,False,False,True,0.574,0.0,-0.40353608,1.3939782,-9.872241207631305e-06,0.0014740191400051117,0.0014740522019565105,7e267c0bf303542b
2,day2_n8_softmax_seed44,44,63,3,False,False,True,0.592,0.0,2.6500022,-2.5706463,-5.649807008012431e-06,0.001488539157435298,0.0014885499840602279,7e267c0bf303542b
2,day2_n8_softmax_seed44,44,63,4,False,False,True,0.595,0.0,-0.008732293,0.03287477,-8.07919423095882e-06,0.0014533298090100288,0.0014533521607518196,7e267c0bf303542b
2,day2_n8_softmax_seed44,44,63,5,False,False,True,0.5284,0.0,-2.3846416,-4.7564435,-9.879322533379309e-06,0.0014840993098914623,0.0014841320225968957,7e267c0bf303542b
2,day2_n8_softmax_seed44,44,63,6,False,False,True,0.5664,0.0,-1.1948276,0.72786534,-7.151624231482856e-06,0.0014713339041918516,0.0014713513664901257,7e267c0bf303542b
2,day2_n8_softmax_seed44,44,63,7,False,False,True,0.5874,0.0,4.612698,1.9883571,-7.319703399844002e-06,0.001485721324570477,0.0014857393689453602,7e267c0bf303542b
2,day2_n8_softmax_seed44,44,64,0,False,False,True,0.6166,0.0,4.8531404,3.2724113,-1.0957612175843678e-05,0.0015267000999301672,0.0015267394483089447,7e267c0bf303542b
2,day2_n8_softmax_seed44,44,64,1,False,False,True,0.541,0.0,-0.40678236,0.5272371,-8.606061783211771e-06,0.0014430797891691327,0.0014431055169552565,7e267c0bf303542b
2,day2_n8_softmax_seed44,44,64,2,False,False,True,0.5764,0.0,0.14879063,1.515412,-9.973422493203543e-06,0.0014966896269470453,0.0014967229217290878,7e267c0bf303542b
2,day2_n8_softmax_seed44,44,64,3,False,False,True,0.6164,0.0,-0.56052434,-0.25716296,-1.1363382327544969e-05,0.0014877551002427936,0.001487798523157835,7e267c0bf303542b
2,day2_n8_softmax_seed44,44,64,4,False,False,True,0.6098,0.0,-2.2122924,1.3077474,-8.654576959088445e-06,0.001484024920500815,0.0014840501826256514,7e267c0bf303542b
2,day2_n8_softmax_seed44,44,64,5,False,False,True,0.6162,0.0,-1.5336466,0.7360601,-9.638360097596887e-06,0.0014776417519897223,0.0014776731841266155,7e267c0bf303542b
2,day2_n8_softmax_seed44,44,64,6,False,False,True,0.6062,0.0,-3.2711642,-1.4657094,-9.855034477368463e-06,0.0015038197161629796,0.0015038519632071257,7e267c0bf303542b
2,day2_n8_softmax_seed44,44,64,7,False,False,True,0.6046,0.0,2.9824736,-5.6360016,-1.3752432096225675e-05,0.0015236710896715522,0.001523733139038086,7e267c0bf303542b
2,day2_n8_softmax_seed44,44,65,0,False,False,True,0.5804,0.0,1.168714,1.4768314,-5.680851700162748e-06,0.0014937533996999264,0.0014937642263248563,7e267c0bf303542b
2,day2_n8_softmax_seed44,44,65,1,False,False,True,0.5756,0.0,2.6999702,-1.4136344,-6.5541207732167095e-06,0.0015130542451515794,0.0015130684478208423,7e267c0bf303542b
2,day2_n8_softmax_seed44,44,65,2,False,False,True,0.6102,0.0,-4.8056717,3.9561317,-7.650925908819772e-06,0.0016001192852854729,0.0016001375624909997,7e267c0bf303542b
2,day2_n8_softmax_seed44,44,65,3,False,False,True,0.6256,0.0,-3.5739834,-5.732709,-1.2775158211297821e-05,0.0015843190485611558,0.0015843703877180815,7e267c0bf303542b
2,day2_n8_softmax_seed44,44,65,4,False,False,True,0.6146,0.0,2.488524,0.36428928,-9.243508429790381e-06,0.0014843641547486186,0.0014843930257484317,7e267c0bf303542b
2,day2_n8_softmax_seed44,44,65,5,False,False,True,0.6288,0.0,2.027258,-0.34059072,-4.194871053186944e-06,0.001515096053481102,0.0015151019906625152,7e267c0bf303542b
2,day2_n8_softmax_seed44,44,65,6,False,False,True,0.6106,0.0,-0.57230794,0.49212182,-9.01100520422915e-06,0.0015220027416944504,0.0015220295172184706,7e267c0bf303542b
2,day2_n8_softmax_seed44,44,65,7,False,False,True,0.598,0.0,0.56750196,1.1975578,-3.7015026919107186e-06,0.0015007752226665616,0.0015007797628641129,7e267c0bf303542b
2,day2_n8_softmax_seed44,44,66,0,False,False,True,0.6116,0.0,-0.26689374,-3.6601815,-1.0469905646459665e-05,0.0015368706081062555,0.0015369062311947346,7e267c0bf303542b
2,day2_n8_softmax_seed44,44,66,1,False,False,True,0.6066,0.0,0.8813115,0.92400074,-1.3454914551402908e-05,0.0014627368655055761,0.001462798798456788,7e267c0bf303542b
2,day2_n8_softmax_seed44,44,66,2,False,False,True,0.6318,0.0,-0.94685155,0.7974628,-8.071738193393685e-06,0.0014591047074645758,0.0014591270592063665,7e267c0bf303542b
2,day2_n8_softmax_seed44,44,66,3,False,False,True,0.5976,0.0,-4.2757497,-1.843326,-1.0692664545786101e-05,0.0015339682577177882,0.0015340056270360947,7e267c0bf303542b
2,day2_n8_softmax_seed44,44,66,4,False,False,True,0.5962,0.0,1.8521004,4.6413374,-6.767945251340279e-06,0.001540223485790193,0.001540238386951387,7e267c0bf303542b
2,day2_n8_softmax_seed44,44,66,5,False,False,True,0.5926,0.0,-1.024308,0.14636599,-1.3525372196454555e-05,0.001527242362499237,0.0015273020835593343,7e267c0bf303542b
2,day2_n8_softmax_seed44,44,66,6,False,False,True,0.5932,0.0,5.1195245,-2.8970006,-9.715272426547017e-06,0.0015503092436119914,0.0015503396280109882,7e267c0bf303542b
2,day2_n8_softmax_seed44,44,66,7,False,False,True,0.533,0.0,-1.3391306,1.8913479,-1.1706745681294706e-05,0.0015257197665050626,0.0015257647028192878,7e267c0bf303542b
2,day2_n8_softmax_seed44,44,67,0,False,False,True,0.5596,0.0,-0.30229604,-0.21105869,-6.519784619740676e-06,0.0015431568026542664,0.001543170539662242,7e267c0bf303542b
2,day2_n8_softmax_seed44,44,67,1,False,False,True,0.62,0.0,-0.7343756,0.5012347,-3.311472482891986e-06,0.0014898795634508133,0.0014898832887411118,7e267c0bf303542b
2,day2_n8_softmax_seed44,44,67,2,False,False,True,0.5918,0.0,-1.0159506,1.7751307,-7.026511411822867e-06,0.0014746367232874036,0.0014746534870937467,7e267c0bf303542b
2,day2_n8_softmax_seed44,44,67,3,False,False,True,0.6132,0.0,-1.8325498,1.4076642,-7.621941222168971e-06,0.0015186400851234794,0.001518659177236259,7e267c0bf303542b
2,day2_n8_softmax_seed44,44,67,4,False,False,True,0.6112,0.0,-0.67485535,1.232889,-3.339938302815426e-06,0.001547875814139843,0.0015478794230148196,7e267c0bf303542b
2,day2_n8_softmax_seed44,44,67,5,False,False,True,0.598,0.0,-2.3741832,-6.373556,-4.972525402990868e-06,0.0016242164419963956,0.0016242240089923143,7e267c0bf303542b
2,day2_n8_softmax_seed44,44,67,6,False,False,True,0.636,0.0,-0.62592,2.714455,-4.791714673046954e-06,0.0015279616927728057,0.0015279692597687244,7e267c0bf303542b
2,day2_n8_softmax_seed44,44,67,7,False,False,True,0.5168,0.0,7.560122,-1.0467533,-9.146269803750329e-06,0.0017914088675752282,0.0017914322670549154,7e267c0bf303542b
2,day2_n8_softmax_seed44,44,68,0,False,False,True,0.599,0.0,0.5524411,-2.6740708,-8.58195016917307e-06,0.0015263810055330396,0.0015264051035046577,7e267c0bf303542b
2,day2_n8_softmax_seed44,44,68,1,False,False,True,0.591,0.0,0.11618256,-1.3360171,-8.177127710951027e-06,0.0014988266630098224,0.0014988490147516131,7e267c0bf303542b
2,day2_n8_softmax_seed44,44,68,2,False,False,True,0.623,0.0,0.8585853,-1.9370475,-1.0047472642327193e-05,0.0015110677340999246,0.001511101145297289,7e267c0bf303542b
2,day2_n8_softmax_seed44,44,68,3,False,False,True,0.5572,0.0,-6.1940355,2.7484577,-1.0116879820998292e-05,0.0015776921063661575,0.0015777245862409472,7e267c0bf303542b
2,day2_n8_softmax_seed44,44,68,4,False,False,True,0.618,0.0,0.4870274,-1.3318764,-4.860232365899719e-06,0.00150642404332757,0.0015064319595694542,7e267c0bf303542b
2,day2_n8_softmax_seed44,44,68,5,False,False,True,0.5704,0.0,0.28131598,-0.33992806,-8.425255145994015e-06,0.001476982026360929,0.0014770061243325472,7e267c0bf303542b
2,day2_n8_softmax_seed44,44,68,6,False,False,True,0.6366,0.0,3.8720596,5.4438963,-8.497902854287531e-06,0.0015548564260825515,0.001554879592731595,7e267c0bf303542b
2,day2_n8_softmax_seed44,44,68,7,False,False,True,0.5974,0.0,0.026427984,-0.57341427,-1.2691664778685663e-05,0.0014730183174833655,0.0014730730326846242,7e267c0bf303542b
2,day2_n8_softmax_seed44,44,69,0,False,False,True,0.5864,0.0,10.496275,0.0746928,-6.882888101245044e-06,0.0024634050205349922,0.0024634147994220257,7e267c0bf303542b
2,day2_n8_softmax_seed44,44,69,1,False,False,True,0.5894,0.0,-1.5078412,-0.59292805,-6.073122676752973e-06,0.0015221943613141775,0.0015222065849229693,7e267c0bf303542b
2,day2_n8_softmax_seed44,44,69,2,False,False,True,0.6014,0.0,-1.4947973,6.1784105,-9.2829159257235e-06,0.00159777095541358,0.001597797847352922,7e267c0bf303542b
2,day2_n8_softmax_seed44,44,69,3,False,False,True,0.599,0.0,-1.2119113,-1.7365849,-9.45662941376213e-06,0.0015753183979541063,0.001575346803292632,7e267c0bf303542b
2,day2_n8_softmax_seed44,44,69,4,False,False,True,0.6062,0.0,-1.2742137,-0.3749351,-1.2892787708551623e-05,0.0015110514359548688,0.001511106383986771,7e267c0bf303542b
2,day2_n8_softmax_seed44,44,69,5,False,False,True,0.6006,0.0,-1.464748,-0.09675959,-1.01982441265136e-05,0.001570842694491148,0.0015708757564425468,7e267c0bf303542b
2,day2_n8_softmax_seed44,44,69,6,False,False,True,0.5888,0.0,-1.4604177,-3.7860749,-1.0777904208225664e-05,0.0015819105319678783,0.0015819473192095757,7e267c0bf303542b
2,day2_n8_softmax_seed44,44,69,7,False,False,True,0.638,0.0,-2.0823584,0.33417836,-9.899868928187061e-06,0.0015242930967360735,0.0015243252273648977,7e267c0bf303542b
2,day2_n8_softmax_seed44,44,70,0,False,False,True,0.6454,0.0,-0.14868401,0.20902354,-6.543659765156917e-06,0.0015142321353778243,0.0015142463380470872,7e267c0bf303542b
2,day2_n8_softmax_seed44,44,70,1,False,False,True,0.5986,0.0,0.33632433,1.056671,-5.9546409829636104e-06,0.0015173424035310745,0.001517354161478579,7e267c0bf303542b
2,day2_n8_softmax_seed44,44,70,2,False,False,True,0.6016,0.0,-0.34906986,0.78668934,-8.196793714887463e-06,0.001492761424742639,0.0014927840093150735,7e267c0bf303542b
2,day2_n8_softmax_seed44,44,70,3,False,False,True,0.6438,0.0,2.8025794,4.0725985,-1.0572152859822381e-05,0.0015645134262740612,0.001564549165777862,7e267c0bf303542b
2,day2_n8_softmax_seed44,44,70,4,False,False,True,0.6362,0.0,-4.9991937,-2.6526015,-9.110547580348793e-06,0.0015641242498531938,0.001564151025377214,7e267c0bf303542b
2,day2_n8_softmax_seed44,44,70,5,False,False,True,0.6144,0.0,-1.1000607,0.96733385,-4.693764367402764e-06,0.0015199970221146941,0.0015200042398646474,7e267c0bf303542b
2,day2_n8_softmax_seed44,44,70,6,False,False,True,0.6012,0.0,4.4617095,-5.1444316,-8.175655239028856e-06,0.0015873047523200512,0.0015873258234933019,7e267c0bf303542b
2,day2_n8_softmax_seed44,44,70,7,False,False,True,0.6324,0.0,-1.003602,0.7047164,-5.9321869230188895e-06,0.0015233972808346152,0.001523408805951476,7e267c0bf303542b
2,day2_n8_softmax_seed44,44,71,0,False,False,True,0.5818,0.0,0.46824875,1.2079802,-5.090536433272064e-06,0.0016253865323960781,0.0016253944486379623,7e267c0bf303542b
2,day2_n8_softmax_seed44,44,71,1,False,False,True,0.6286,0.0,1.0530465,1.1175579,-3.150335032842122e-06,0.001527072163298726,0.001527075539343059,7e267c0bf303542b
2,day2_n8_softmax_seed44,44,71,2,False,False,True,0.5954,0.0,1.5944895,1.7570254,-1.1943828212679364e-05,0.0015603750944137573,0.0015604208456352353,7e267c0bf303542b
2,day2_n8_softmax_seed44,44,71,3,False,False,True,0.5922,0.0,0.8832455,-7.2351456,-5.736313596571563e-06,0.0016798636643216014,0.0016798736760392785,7e267c0bf303542b
2,day2_n8_softmax_seed44,44,71,4,False,False,True,0.6206,0.0,1.1170233,0.83899456,-5.451119250210468e-06,0.0015309926820918918,0.0015310024609789252,7e267c0bf303542b
2,day2_n8_softmax_seed44,44,71,5,False,False,True,0.6452,0.0,1.5120261,1.1918634,-6.496278729173355e-06,0.0015423217555508018,0.0015423353761434555,7e267c0bf303542b
2,day2_n8_softmax_seed44,44,71,6,False,False,True,0.6192,0.0,-7.7572856,0.24301766,-7.718705091974698e-06,0.0017993408255279064,0.001799357240088284,7e267c0bf303542b
2,day2_n8_softmax_seed44,44,71,7,False,False,True,0.6016,0.0,1.1292075,0.87870044,-4.03595504394616e-06,0.0015443697338923812,0.001544375205412507,7e267c0bf303542b
2,day2_n8_softmax_seed44,44,72,0,False,False,True,0.6132,0.0,3.1573188,5.282242,-1.033865919453092e-05,0.0016101334476843476,0.0016101666260510683,7e267c0bf303542b
2,day2_n8_softmax_seed44,44,72,1,False,False,True,0.6232,0.0,0.4249535,-0.21055175,-8.225875717471354e-06,0.001550947898067534,0.0015509696677327156,7e267c0bf303542b
2,day2_n8_softmax_seed44,44,72,2,False,False,True,0.6206,0.0,0.18166675,-0.16555238,-7.68048357713269e-06,0.0015228224219754338,0.001522841746918857,7e267c0bf303542b
2,day2_n8_softmax_seed44,44,72,3,False,False,True,0.587,0.0,-6.719595,1.919655,-1.111305391532369e-05,0.0016351435333490372,0.0016351811354979873,7e267c0bf303542b
2,day2_n8_softmax_seed44,44,72,4,False,False,True,0.6158,0.0,0.5119516,0.015148119,-6.237252819119021e-06,0.0015278279315680265,0.0015278406208381057,7e267c0bf303542b
2,day2_n8_softmax_seed44,44,72,5,False,False,True,0.6112,0.0,0.8227515,-0.08794817,-7.919960808067117e-06,0.001529717119410634,0.0015297376085072756,7e267c0bf303542b
2,day2_n8_softmax_seed44,44,72,6,False,False,True,0.5972,0.0,1.5718856,-2.1426685,-9.172847057925537e-06,0.0015884211752563715,0.0015884478343650699,7e267c0bf303542b
2,day2_n8_softmax_seed44,44,72,7,False,False,True,0.577,0.0,0.049069703,-4.6103263,-9.065583981282543e-06,0.001585884136147797,0.0015859099803492427,7e267c0bf303542b
2,day2_n8_softmax_seed44,44,73,0,False,False,True,0.6118,0.0,1.5479165,4.6912975,-7.875820301705971e-06,0.0015837945975363255,0.0015838141553103924,7e267c0bf303542b
2,day2_n8_softmax_seed44,44,73,1,False,False,True,0.6244,0.0,1.4011459,0.13308126,-9.847083674685564e-06,0.0015189909609034657,0.0015190229751169682,7e267c0bf303542b
2,day2_n8_softmax_seed44,44,73,2,False,False,True,0.399,0.0,-10.0689,-0.12340259,-5.635413799609523e-06,0.0023464795667678118,0.0023464863188564777,7e267c0bf303542b
2,day2_n8_softmax_seed44,44,73,3,False,False,True,0.632,0.0,1.2871498,0.52186847,-1.116293697123183e-05,0.0015622928040102124,0.001562332734465599,7e267c0bf303542b
2,day2_n8_softmax_seed44,44,73,4,False,False,True,0.6136,0.0,1.5163536,-0.42493638,-6.23681626166217e-06,0.0015268358401954174,0.0015268485294654965,7e267c0bf303542b
2,day2_n8_softmax_seed44,44,73,5,False,False,True,0.6262,0.0,1.3740622,0.6459485,-1.0638734238455072e-05,0.0015548428054898977,0.0015548792434856296,7e267c0bf303542b
2,day2_n8_softmax_seed44,44,73,6,False,False,True,0.6486,0.0,1.2044567,0.27222195,-9.613518159312662e-06,0.0015438174596056342,0.0015438473783433437,7e267c0bf303542b
2,day2_n8_softmax_seed44,44,73,7,False,False,True,0.629,0.0,1.7378271,-5.716078,-9.787604540179018e-06,0.0015925292391330004,0.0015925592742860317,7e267c0bf303542b
2,day2_n8_softmax_seed44,44,74,0,False,False,True,0.6024,0.0,-1.3149134,0.77194965,-4.785718374478165e-06,0.0015646468382328749,0.0015646542888134718,7e267c0bf303542b
2,day2_n8_softmax_seed44,44,74,1,False,False,True,0.636,0.0,-0.8166599,0.31367022,-1.1115004781458993e-05,0.0015489780344069004,0.0015490178484469652,7e267c0bf303542b
2,day2_n8_softmax_seed44,44,74,2,False,False,True,0.6024,0.0,-1.3605659,1.3504525,-5.623463948722929e-06,0.0015664566308259964,0.0015664666425436735,7e267c0bf303542b
2,day2_n8_softmax_seed44,44,74,3,False,False,True,0.5308,0.0,8.541994,0.21600011,-1.6437867088825442e-05,0.0019540018402040005,0.0019540712237358093,7e267c0bf303542b
2,day2_n8_softmax_seed44,44,74,4,False,False,True,0.5882,0.0,-1.1257118,1.1379207,-7.3409696597082075e-06,0.0015896826516836882,0.001589699531905353,7e267c0bf303542b
2,day2_n8_softmax_seed44,44,74,5,False,False,True,0.6172,0.0,-0.77632475,0.091195226,-7.4534186751407105e-06,0.0016162830870598555,0.0016163003165274858,7e267c0bf303542b
2,day2_n8_softmax_seed44,44,74,6,False,False,True,0.5872,0.0,-1.9200422,3.1057975,-5.237819550529821e-06,0.001647526049055159,0.0016475343145430088,7e267c0bf303542b
2,day2_n8_softmax_seed44,44,74,7,False,False,True,0.6204,0.0,-1.2277889,-6.9869814,-7.027798801573226e-06,0.0016753217205405235,0.0016753363888710737,7e267c0bf303542b
2,day2_n8_softmax_seed44,44,75,0,False,False,True,0.5506,0.0,-2.701251,-4.0385017,-5.162774414202431e-06,0.0016566573176532984,0.0016566654667258263,7e267c0bf303542b
2,day2_n8_softmax_seed44,44,75,1,False,False,True,0.5806,0.0,-0.8705221,-0.27179518,-6.064652552595362e-06,0.0015506213530898094,0.0015506332274526358,7e267c0bf303542b
2,day2_n8_softmax_seed44,44,75,2,False,False,True,0.5794,0.0,-1.1038291,-0.61021894,-1.1761149835365359e-05,0.0015929430956020951,0.0015929865185171366,7e267c0bf303542b
2,day2_n8_softmax_seed44,44,75,3,False,False,True,0.5662,0.0,-0.3709258,6.4981937,-5.106754542794079e-06,0.0016664017457515001,0.0016664095455780625,7e267c0bf303542b
2,day2_n8_softmax_seed44,44,75,4,False,False,True,0.6456,0.0,-0.8695287,-0.5280885,-7.208936494862428e-06,0.0016108764102682471,0.001610892591997981,7e267c0bf303542b
2,day2_n8_softmax_seed44,44,75,5,False,False,True,0.2858,0.0,7.60132,-1.2808895,-6.5551980696909595e-06,0.001781132654286921,0.001781144761480391,7e267c0bf303542b
2,day2_n8_softmax_seed44,44,75,6,False,False,True,0.6666,0.0,-0.7428445,0.432967,-8.424399311479647e-06,0.0015941946767270565,0.0015942170284688473,7e267c0bf303542b
2,day2_n8_softmax_seed44,44,75,7,False,False,True,0.5966,0.0,-0.94242305,-0.20166267,-5.780326318927109e-06,0.0015804074937477708,0.0015804179711267352,7e267c0bf303542b
2,day2_n8_softmax_seed44,44,76,0,False,False,True,0.5858,0.0,7.8642316,-1.6409833,-8.789035746303853e-06,0.0016725249588489532,0.0016725482419133186,7e267c0bf303542b
2,day2_n8_softmax_seed44,44,76,1,False,False,True,0.1998,0.0,-54.865776,0.036929842,-8.316975254274439e-06,0.012896335683763027,0.012896337546408176,7e267c0bf303542b
2,day2_n8_softmax_seed44,44,76,2,False,False,True,0.5514,0.0,7.796584,-0.9224009,-9.247624802810606e-06,0.001599609386175871,0.0015996360452845693,7e267c0bf303542b
2,day2_n8_softmax_seed44,44,76,3,False,False,True,0.5384,0.0,8.050331,7.5693235,-6.32558885627077e-06,0.0017951695481315255,0.0017951808404177427,7e267c0bf303542b
2,day2_n8_softmax_seed44,44,76,4,False,False,True,0.653,0.0,7.9548655,-0.94930416,-6.7595337895909324e-06,0.0015884055756032467,0.001588420127518475,7e267c0bf303542b
2,day2_n8_softmax_seed44,44,76,5,False,False,True,0.6534,0.0,7.7985673,-0.80443966,-9.390522791363765e-06,0.001577075687237084,0.001577103859744966,7e267c0bf303542b
2,day2_n8_softmax_seed44,44,76,6,False,False,True,0.6202,0.0,7.529836,-2.6426783,-6.14066129855928e-06,0.0017163846641778946,0.0017163957236334682,7e267c0bf303542b
2,day2_n8_softmax_seed44,44,76,7,False,False,True,0.6484,0.0,7.871562,-0.6464697,-5.945593784417724e-06,0.0016229619504883885,0.0016229727771133184,7e267c0bf303542b
2,day2_n8_softmax_seed44,44,77,0,False,False,True,0.6164,0.0,1.3429677,1.0221726,-2.318001406820258e-06,0.0016456713201478124,0.0016456728335469961,7e267c0bf303542b
2,day2_n8_softmax_seed44,44,77,1,False,False,True,0.6474,0.0,1.1398011,-0.105855756,-5.2148061513435096e-06,0.0016118459170684218,0.0016118544153869152,7e267c0bf303542b
2,day2_n8_softmax_seed44,44,77,2,False,False,True,0.61,0.0,1.40084,0.63975054,-1.1481079127406701e-05,0.0015871789073571563,0.0015872203512117267,7e267c0bf303542b
2,day2_n8_softmax_seed44,44,77,3,False,False,True,0.215,0.0,-9.369761,0.27542162,-8.74011038831668e-06,0.002154527697712183,0.002154545160010457,7e267c0bf303542b
2,day2_n8_softmax_seed44,44,77,4,False,False,True,0.6016,0.0,1.4643149,0.99918544,-4.6639506763312966e-06,0.0016119948122650385,0.0016120015643537045,7e267c0bf303542b
2,day2_n8_softmax_seed44,44,77,5,False,False,True,0.5754,0.0,1.2991832,1.3902385,-5.340586994861951e-06,0.001594846835359931,0.0015948557993397117,7e267c0bf303542b
2,day2_n8_softmax_seed44,44,77,6,False,False,True,0.5974,0.0,1.646939,2.9823918,-9.406392564415e-06,0.0016479543410241604,0.0016479812329635024,7e267c0bf303542b
2,day2_n8_softmax_seed44,44,77,7,False,False,True,0.5736,0.0,1.0757248,-7.203299,-4.74538455819129e-06,0.0017232317477464676,0.00172323826700449,7e267c0bf303542b
2,day2_n8_softmax_seed44,44,78,0,False,False,True,0.6408,0.0,-0.021812089,-0.42465958,-6.406835382222198e-06,0.0015886955661699176,0.0015887084882706404,7e267c0bf303542b
2,day2_n8_softmax_seed44,44,78,1,False,False,True,0.6514,0.0,1.8838522,-1.4443038,-7.733486199867912e-06,0.0016175605123862624,0.001617578906007111,7e267c0bf303542b
2,day2_n8_softmax_seed44,44,78,2,False,False,True,0.577,0.0,1.3049016,-0.53998375,-4.4978023652220145e-06,0.0015963137848302722,0.0015963200712576509,7e267c0bf303542b
2,day2_n8_softmax_seed44,44,78,3,False,False,True,0.651,0.0,-0.5017807,-4.5399404,-4.22346829509479e-06,0.0016361502930521965,0.0016361556481570005,7e267c0bf303542b
2,day2_n8_softmax_seed44,44,78,4,False,False,True,0.5762,0.0,0.3805205,-0.67149884,-5.483809218276292e-06,0.0015843043802306056,0.0015843138098716736,7e267c0bf303542b
2,day2_n8_softmax_seed44,44,78,5,False,False,True,0.4918,0.0,-6.76734,2.1569748,-1.0232420208922122e-05,0.0016386340139433742,0.0016386660281568766,7e267c0bf303542b
2,day2_n8_softmax_seed44,44,78,6,False,False,True,0.6588,0.0,2.8930676,5.552853,-7.759887921565678e-06,0.0016388624208047986,0.0016388808144256473,7e267c0bf303542b
2,day2_n8_softmax_seed44,44,78,7,False,False,True,0.6078,0.0,0.8285865,-0.08944331,-7.248436759255128e-06,0.0015897458652034402,0.0015897623961791396,7e267c0bf303542b
2,day2_n8_softmax_seed44,44,79,0,False,False,True,0.5816,0.0,-5.1028295,4.492797,-8.20842160464963e-06,0.0017076194053515792,0.0017076391959562898,7e267c0bf303542b
2,day2_n8_softmax_seed44,44,79,1,False,False,True,0.661,0.0,0.17820871,-0.22222956,-7.944739081722219e-06,0.0015971122775226831,0.0015971320681273937,7e267c0bf303542b
2,day2_n8_softmax_seed44,44,79,2,False,False,True,0.6362,0.0,-0.46095422,-0.51976466,-4.036456630274188e-06,0.0015937977004796267,0.001593802822753787,7e267c0bf303542b
2,day2_n8_softmax_seed44,44,79,3,False,False,True,0.6196,0.0,6.313377,2.896261,-6.698590368614532e-06,0.0017156952526420355,0.00171570829115808,7e267c0bf303542b
2,day2_n8_softmax_seed44,44,79,4,False,False,True,0.6332,0.0,-0.24021253,-0.13104083,-9.577906894264743e-06,0.0015687801642343402,0.0015688093844801188,7e267c0bf303542b
2,day2_n8_softmax_seed44,44,79,5,False,False,True,0.6152,0.0,-0.13809374,-0.2920874,-5.501332907442702e-06,0.001641377224586904,0.0016413864213973284,7e267c0bf303542b
2,day2_n8_softmax_seed44,44,79,6,False,False,True,0.6216,0.0,-0.7459309,-5.9335623,-2.124855427609873e-06,0.001687829033471644,0.001687830314040184,7e267c0bf303542b
2,day2_n8_softmax_seed44,44,79,7,False,False,True,0.6358,0.0,0.19644123,-0.29037753,-6.801476502005244e-06,0.0015994785353541374,0.001599492970854044,7e267c0bf303542b
2,day2_n8_softmax_seed44,44,80,0,False,False,True,0.624,0.0,1.845209,0.85084474,-6.571643552888418e-06,0.0016359161818400025,0.0016359294531866908,7e267c0bf303542b
2,day2_n8_softmax_seed44,44,80,1,False,False,True,0.6264,0.0,1.8209536,5.707319,-4.83385474581155e-06,0.001648938748985529,0.0016489458503201604,7e267c0bf303542b
2,day2_n8_softmax_seed44,44,80,2,False,False,True,0.6424,0.0,0.40950435,-1.2903689,-1.1398509741411544e-05,0.0016275595407932997,0.0016275994712486863,7e267c0bf303542b
2,day2_n8_softmax_seed44,44,80,3,False,False,True,0.6332,0.0,0.09664586,-1.6123755,-1.0385893801867496e-05,0.0016038583125919104,0.0016038920730352402,7e267c0bf303542b
2,day2_n8_softmax_seed44,44,80,4,False,False,True,0.6106,0.0,1.2168573,0.10189763,-6.942244908714201e-06,0.0016272923676297069,0.0016273071523755789,7e267c0bf303542b
2,day2_n8_softmax_seed44,44,80,5,False,False,True,0.6668,0.0,1.3930674,0.08830188,-1.1152957085869275e-05,0.0015932336682453752,0.0015932726673781872,7e267c0bf303542b
2,day2_n8_softmax_seed44,44,80,6,False,False,True,0.6624,0.0,0.90812397,-4.779879,-7.419090707116993e-06,0.00165817781817168,0.0016581944655627012,7e267c0bf303542b
2,day2_n8_softmax_seed44,44,80,7,False,False,True,0.5648,0.0,-7.690359,0.93425995,-1.4970421034377068e-05,0.0017857365310192108,0.0017857992788776755,7e267c0bf303542b
2,day2_n8_softmax_seed44,44,81,0,False,False,True,0.6378,0.0,7.5574956,-1.0742472,-7.75462012825301e-06,0.001733738579787314,0.0017337559256702662,7e267c0bf303542b
2,day2_n8_softmax_seed44,44,81,1,False,False,True,0.6454,0.0,-0.9861291,-0.9779935,-5.548138688027393e-06,0.0015886274632066488,0.0015886372420936823,7e267c0bf303542b
2,day2_n8_softmax_seed44,44,81,2,False,False,True,0.575,0.0,-1.8116021,-0.8743797,-3.3783219350880245e-06,0.0016145039116963744,0.0016145076369866729,7e267c0bf303542b
2,day2_n8_softmax_seed44,44,81,3,False,False,True,0.6376,0.0,-0.9384996,-0.3042881,-7.393380656139925e-06,0.0015956299612298608,0.0015956470742821693,7e267c0bf303542b
2,day2_n8_softmax_seed44,44,81,4,False,False,True,0.6564,0.0,-1.4129703,-2.1468785,-6.353228855005e-06,0.0016331227961927652,0.0016331352526322007,7e267c0bf303542b
2,day2_n8_softmax_seed44,44,81,5,False,False,True,0.6124,0.0,-1.465839,-1.3576151,-5.253520612313878e-06,0.0016434857388958335,0.001643494120799005,7e267c0bf303542b
2,day2_n8_softmax_seed44,44,81,6,False,False,True,0.624,0.0,-0.030033944,7.260515,-3.927070338249905e-06,0.0016681905835866928,0.0016681950073689222,7e267c0bf303542b
2,day2_n8_softmax_seed44,44,81,7,False,False,True,0.5744,0.0,-0.9124306,-0.5251141,-6.874353402963607e-06,0.0016335062682628632,0.0016335208201780915,7e267c0bf303542b
2,day2_n8_softmax_seed44,44,82,0,False,False,True,0.5904,0.0,1.2015499,2.2506614,-4.403977072797716e-06,0.001688632182776928,0.0016886380035430193,7e267c0bf303542b
2,day2_n8_softmax_seed44,44,82,1,False,False,True,0.6198,0.0,0.07754767,-7.101142,-8.837909263093024e-06,0.001791604096069932,0.0017916258657351136,7e267c0bf303542b
2,day2_n8_softmax_seed44,44,82,2,False,False,True,0.6402,0.0,1.2059989,1.1796709,-7.283287686732365e-06,0.0016125495312735438,0.0016125660622492433,7e267c0bf303542b
2,day2_n8_softmax_seed44,44,82,3,False,False,True,0.632,0.0,-8.317289,0.59153396,-4.435259597812546e-06,0.0019363482715561986,0.0019363532774150372,7e267c0bf303542b
2,day2_n8_softmax_seed44,44,82,4,False,False,True,0.598,0.0,1.3077098,2.9698713,-9.46436557569541e-06,0.001696842722594738,0.001696869032457471,7e267c0bf303542b
2,day2_n8_softmax_seed44,44,82,5,False,False,True,0.6654,0.0,0.5951238,0.8419977,-9.386569217895158e-06,0.0016292511718347669,0.0016292780637741089,7e267c0bf303542b
2,day2_n8_softmax_seed44,44,82,6,False,False,True,0.609,0.0,1.4336854,1.1420182,-6.321169166767504e-06,0.0016570650041103363,0.0016570769948884845,7e267c0bf303542b
2,day2_n8_softmax_seed44,44,82,7,False,False,True,0.589,0.0,2.4956822,-1.8746094,-5.864221748197451e-06,0.00175628496799618,0.0017562948632985353,7e267c0bf303542b
2,day2_n8_softmax_seed44,44,83,0,False,False,True,0.6326,0.0,0.8563504,-0.51641494,-5.285787210596027e-06,0.001631920225918293,0.00163192895706743,7e267c0bf303542b
2,day2_n8_softmax_seed44,44,83,1,False,False,True,0.6506,0.0,0.6456912,2.1641016,-3.1374270292872097e-07,0.0016210422618314624,0.0016210422618314624,7e267c0bf303542b
2,day2_n8_softmax_seed44,44,83,2,False,False,True,0.5294,0.0,-7.4767795,-0.8206556,-4.619351329893107e-06,0.001711060176603496,0.0017110664630308747,7e267c0bf303542b
2,day2_n8_softmax_seed44,44,83,3,False,False,True,0.6392,0.0,1.2803863,0.48495474,-4.90488355353591e-06,0.0016249652253463864,0.0016249726759269834,7e267c0bf303542b
2,day2_n8_softmax_seed44,44,83,4,False,False,True,0.6298,0.0,0.77735746,0.33164033,-2.8846075110777747e-06,0.001591960433870554,0.0015919629950076342,7e267c0bf303542b
2,day2_n8_softmax_seed44,44,83,5,False,False,True,0.655,0.0,2.045654,-6.229021,-8.380610779568087e-06,0.0016464284854009748,0.001646449905820191,7e267c0bf303542b
2,day2_n8_softmax_seed44,44,83,6,False,False,True,0.6378,0.0,1.0822068,3.938325,-4.644959062716225e-06,0.0016385854687541723,0.0016385921044275165,7e267c0bf303542b
2,day2_n8_softmax_seed44,44,83,7,False,False,True,0.653,0.0,0.78913474,0.6470727,-3.387944389032782e-06,0.0016100602224469185,0.001610063947737217,7e267c0bf303542b
2,day2_n8_softmax_seed44,44,84,0,False,False,True,0.6194,0.0,-1.2314276,0.6434395,-9.273064279113896e-06,0.0016595274209976196,0.001659553381614387,7e267c0bf303542b
2,day2_n8_softmax_seed44,44,84,1,False,False,True,0.6192,0.0,-0.1151632,-0.36524174,-6.041298547643237e-06,0.0016098464839160442,0.0016098577762022614,7e267c0bf303542b
2,day2_n8_softmax_seed44,44,84,2,False,False,True,0.6536,0.0,-0.048188135,-0.73460233,-9.460777619096916e-06,0.0016511696157976985,0.0016511967405676842,7e267c0bf303542b
2,day2_n8_softmax_seed44,44,84,3,False,False,True,0.6734,0.0,7.1418138,-1.0098609,-1.0322971320420038e-05,0.001693997997790575,0.001694029662758112,7e267c0bf303542b
2,day2_n8_softmax_seed44,44,84,4,False,False,True,0.6654,0.0,-0.3880653,-0.7443485,-3.6552980873238994e-06,0.0016213527414947748,0.0016213568160310388,7e267c0bf303542b
2,day2_n8_softmax_seed44,44,84,5,False,False,True,0.5858,0.0,-2.779286,-3.2898664,-1.1874080882989801e-05,0.0016777340788394213,0.0016777761047706008,7e267c0bf303542b
2,day2_n8_softmax_seed44,44,84,6,False,False,True,0.6194,0.0,-1.9549384,-1.4518161,-8.284330760943703e-06,0.0016695766244083643,0.0016695972299203277,7e267c0bf303542b
2,day2_n8_softmax_seed44,44,84,7,False,False,True,0.6228,0.0,-0.62474597,6.952301,-3.913723958248738e-06,0.001685721566900611,0.0016857261070981622,7e267c0bf303542b
2,day2_n8_softmax_seed44,44,85,0,False,False,True,0.6684,0.0,-1.3327132,2.4568548,-6.298991593212122e-06,0.0016766038024798036,0.00167661567684263,7e267c0bf303542b
2,day2_n8_softmax_seed44,44,85,1,False,False,True,0.5754,0.0,-1.7600693,0.870095,-5.287418389343657e-06,0.0016484374646097422,0.0016484459629282355,7e267c0bf303542b
2,day2_n8_softmax_seed44,44,85,2,False,False,True,0.6006,0.0,-1.608928,4.6602063,-7.918730261735618e-06,0.0016828944208100438,0.0016829130472615361,7e267c0bf303542b
2,day2_n8_softmax_seed44,44,85,3,False,False,True,0.6528,0.0,-1.2016109,-1.0295163,-8.623323992651422e-06,0.0016172516625374556,0.0016172745963558555,7e267c0bf303542b
2,day2_n8_softmax_seed44,44,85,4,False,False,True,0.6378,0.0,-1.185123,0.9905482,-8.572848855692428e-06,0.0016426924848929048,0.0016427148366346955,7e267c0bf303542b
2,day2_n8_softmax_seed44,44,85,5,False,False,True,0.6516,0.0,-0.9993059,-3.7389932,-5.5035015975590795e-06,0.0016934779705479741,0.0016934870509430766,7e267c0bf303542b
2,day2_n8_softmax_seed44,44,85,6,False,False,True,0.6266,0.0,9.203013,0.36921972,-6.111198672442697e-06,0.002113969996571541,0.0021139788441359997,7e267c0bf303542b
2,day2_n8_softmax_seed44,44,85,7,False,False,True,0.6102,0.0,-1.1152668,-4.5784216,-1.0540566108829807e-05,0.0016834771959111094,0.0016835101414471865,7e267c0bf303542b
2,day2_n8_softmax_seed44,44,86,0,False,False,True,0.6326,0.0,0.63671803,-1.022916,-1.9679796423588414e-06,0.001686209230683744,0.0016862103948369622,7e267c0bf303542b
2,day2_n8_softmax_seed44,44,86,1,False,False,True,0.674,0.0,0.44161257,-0.505718,-6.2698354668100365e-06,0.001648781937547028,0.0016487938119098544,7e267c0bf303542b
2,day2_n8_softmax_seed44,44,86,2,False,False,True,0.6412,0.0,0.4827046,-0.28966832,-4.929995611746563e-06,0.0016686684684827924,0.0016686759190633893,7e267c0bf303542b
2,day2_n8_softmax_seed44,44,86,3,False,False,True,0.642,0.0,1.7631805,-2.1326866,-1.7419274627172854e-06,0.0016916996100917459,0.0016917005414143205,7e267c0bf303542b
2,day2_n8_softmax_seed44,44,86,4,False,False,True,0.5862,0.0,1.6727158,7.408195,-3.843869308184367e-06,0.0017374739982187748,0.0017374783055856824,7e267c0bf303542b
2,day2_n8_softmax_seed44,44,86,5,False,False,True,0.5778,0.0,-7.8825884,0.25425732,-4.853458904108265e-06,0.0018128858646377921,0.0018128921510651708,7e267c0bf303542b
2,day2_n8_softmax_seed44,44,86,6,False,False,True,0.5734,0.0,1.0400606,-1.5356984,-1.732054215608514e-06,0.001695464481599629,0.0016954654129222035,7e267c0bf303542b
2,day2_n8_softmax_seed44,44,86,7,False,False,True,0.613,0.0,1.8456036,-2.1757648,-3.1493032111029606e-06,0.001712609431706369,0.0017126122256740928,7e267c0bf303542b
2,day2_n8_softmax_seed44,44,87,0,False,False,True,0.5306,0.0,10.828052,0.010086174,-1.0424423635413405e-05,0.0024879691191017628,0.0024879907723516226,7e267c0bf303542b
2,day2_n8_softmax_seed44,44,87,1,False,False,True,0.6594,0.0,-1.6373105,0.8741945,-7.68014433560893e-06,0.0016555041074752808,0.0016555219190195203,7e267c0bf303542b
2,day2_n8_softmax_seed44,44,87,2,False,False,True,0.645,0.0,-1.396865,1.2555476,-3.778784275709768e-06,0.0016574184410274029,0.0016574227483943105,7e267c0bf303542b
2,day2_n8_softmax_seed44,44,87,3,False,False,True,0.6506,0.0,-1.9459125,1.7853018,-5.6046037570922635e-06,0.0017146632308140397,0.001714672427624464,7e267c0bf303542b
2,day2_n8_softmax_seed44,44,87,4,False,False,True,0.6364,0.0,-1.3322482,1.2589843,-1.0699259291868657e-05,0.0016682331915944815,0.0016682676505297422,7e267c0bf303542b
2,day2_n8_softmax_seed44,44,87,5,False,False,True,0.6228,0.0,-1.5653764,-8.192662,-1.0245415069221053e-05,0.0019003335619345307,0.0019003611523658037,7e267c0bf303542b
2,day2_n8_softmax_seed44,44,87,6,False,False,True,0.6468,0.0,-1.2934836,1.0661293,-5.130732915858971e-06,0.0016880512703210115,0.0016880593029782176,7e267c0bf303542b
2,day2_n8_softmax_seed44,44,87,7,False,False,True,0.6196,0.0,-1.6568698,1.9424063,-3.1066861083672848e-06,0.0016770357033237815,0.0016770386137068272,7e267c0bf303542b
2,day2_n8_softmax_seed44,44,88,0,False,False,True,0.5848,0.0,-9.21569,0.12642357,-1.1679601811920293e-05,0.0020986348390579224,0.002098667435348034,7e267c0bf303542b
2,day2_n8_softmax_seed44,44,88,1,False,False,True,0.576,0.0,1.3223206,-1.6218529,-9.726316420710646e-06,0.001721541746519506,0.0017215692205354571,7e267c0bf303542b
2,day2_n8_softmax_seed44,44,88,2,False,False,True,0.5738,0.0,1.453461,-1.6715965,-8.908201380108949e-06,0.0017041267128661275,0.0017041499959304929,7e267c0bf303542b
2,day2_n8_softmax_seed44,44,88,3,False,False,True,0.652,0.0,1.0880444,-0.7480906,-6.399548965418944e-06,0.0016416041180491447,0.0016416165744885802,7e267c0bf303542b
2,day2_n8_softmax_seed44,44,88,4,False,False,True,0.5776,0.0,1.2810572,-1.4884564,-4.2655137804104015e-06,0.0016750043723732233,0.0016750097274780273,7e267c0bf303542b
2,day2_n8_softmax_seed44,44,88,5,False,False,True,0.61,0.0,1.4747788,8.150978,-1.3181254871597048e-05,0.0018751563038676977,0.0018752026371657848,7e267c0bf303542b
2,day2_n8_softmax_seed44,44,88,6,False,False,True,0.6258,0.0,1.3204874,-1.2548287,-8.611241355538368e-06,0.0016837252769619226,0.001683747279457748,7e267c0bf303542b
2,day2_n8_softmax_seed44,44,88,7,False,False,True,0.6152,0.0,1.2755526,-1.4925759,-7.884348633524496e-06,0.0016926366370171309,0.0016926550306379795,7e267c0bf303542b
2,day2_n8_softmax_seed44,44,89,0,False,False,True,0.5544,0.0,4.888762,8.898038,-2.06472886929987e-05,0.002258786465972662,0.002258880762383342,7e267c0bf303542b
2,day2_n8_softmax_seed44,44,89,1,False,False,True,0.616,0.0,1.7216132,-2.152176,-4.321523192629684e-06,0.0017172842053696513,0.0017172896768897772,7e267c0bf303542b
2,day2_n8_softmax_seed44,44,89,2,False,False,True,0.622,0.0,1.2560166,-1.5014604,-7.483436547772726e-06,0.0017259016167372465,0.0017259177984669805,7e267c0bf303542b
2,day2_n8_softmax_seed44,44,89,3,False,False,True,0.5922,0.0,1.1805098,-3.2599669,-2.4240550828835694e-06,0.001777187455445528,0.0017771892016753554,7e267c0bf303542b
2,day2_n8_softmax_seed44,44,89,4,False,False,True,0.5352,0.0,3.0080235,-0.27810612,-6.905829650349915e-06,0.0017875920748338103,0.0017876054625958204,7e267c0bf303542b
2,day2_n8_softmax_seed44,44,89,5,False,False,True,0.6284,0.0,1.5518835,-2.2311451,-9.413450243300758e-06,0.001821568701416254,0.001821592915803194,7e267c0bf303542b
2,day2_n8_softmax_seed44,44,89,6,False,False,True,0.627,0.0,1.5765659,-1.3003519,-4.635499408323085e-06,0.0016912269638851285,0.001691233366727829,7e267c0bf303542b
2,day2_n8_softmax_seed44,44,89,7,False,False,True,0.511,0.0,-15.183328,1.8251466,-9.581315680406988e-06,0.003492346964776516,0.0034923600032925606,7e267c0bf303542b
2,day2_n8_softmax_seed44,44,90,0,False,False,True,0.6342,0.0,0.7407969,-1.5808889,-2.412710500721005e-06,0.0016821955796331167,0.0016821972094476223,7e267c0bf303542b
2,day2_n8_softmax_seed44,44,90,1,False,False,True,0.636,0.0,1.0320941,-0.11219376,-4.872742920269957e-06,0.001640822272747755,0.0016408296069130301,7e267c0bf303542b
2,day2_n8_softmax_seed44,44,90,2,False,False,True,0.5508,0.0,1.2699556,-0.58113784,-5.838250558554137e-07,0.001695695798844099,0.0016956959152594209,7e267c0bf303542b
2,day2_n8_softmax_seed44,44,90,3,False,False,True,0.665,0.0,1.5618681,-2.0916605,-4.321127107687062e-06,0.0016892371932044625,0.0016892427811399102,7e267c0bf303542b
2,day2_n8_softmax_seed44,44,90,4,False,False,True,0.6264,0.0,1.2405114,7.3652625,-4.496371275308775e-06,0.0017184230964630842,0.0017184290336444974,7e267c0bf303542b
2,day2_n8_softmax_seed44,44,90,5,False,False,True,0.6688,0.0,1.1347297,-1.2677901,-5.505273293238133e-06,0.0016879263566806912,0.0016879354370757937,7e267c0bf303542b
2,day2_n8_softmax_seed44,44,90,6,False,False,True,0.584,0.0,-8.038412,0.06303938,-5.9378221521910746e-06,0.001823114580474794,0.0018231243593618274,7e267c0bf303542b
2,day2_n8_softmax_seed44,44,90,7,False,False,True,0.6376,0.0,1.058452,-1.7946317,-3.4886795674538007e-06,0.0016803948674350977,0.0016803984763100743,7e267c0bf303542b
2,day2_n8_softmax_seed44,44,91,0,False,False,True,0.593,0.0,-0.8236081,-2.5835965,-3.644537400759873e-06,0.0017518074018880725,0.0017518112435936928,7e267c0bf303542b
2,day2_n8_softmax_seed44,44,91,1,False,False,True,0.4938,0.0,-2.6834428,8.498856,-9.058044270204846e-07,0.002020068233832717,0.0020200684666633606,7e267c0bf303542b
2,day2_n8_softmax_seed44,44,91,2,False,False,True,0.3988,0.0,-1.3388774,-0.9518233,-5.984585641272133e-06,0.001818996388465166,0.0018190062837675214,7e267c0bf303542b
2,day2_n8_softmax_seed44,44,91,3,False,False,True,0.6638,0.0,-1.0441376,-1.3614999,-6.032687906554202e-06,0.0017079749377444386,0.0017079856479540467,7e267c0bf303542b
2,day2_n8_softmax_seed44,44,91,4,False,False,True,0.676,0.0,-0.76031774,-1.3579745,-5.891386535950005e-06,0.001686719129793346,0.0016867293743416667,7e267c0bf303542b
2,day2_n8_softmax_seed44,44,91,5,False,False,True,0.68,0.0,-1.2867558,-1.9140079,-7.2049369919113815e-06,0.0017725869547575712,0.0017726016230881214,7e267c0bf303542b
2,day2_n8_softmax_seed44,44,91,6,False,False,True,0.5826,0.0,10.045512,1.1347235,-1.3345675142772961e-05,0.002309315139427781,0.0023093537893146276,7e267c0bf303542b
2,day2_n8_softmax_seed44,44,91,7,False,False,True,0.6372,0.0,-2.1083782,-1.4646925,-4.468529823498102e-06,0.0018971206154674292,0.0018971259705722332,7e267c0bf303542b
2,day2_n8_softmax_seed44,44,92,0,False,False,True,0.6346,0.0,1.3875095,0.99422294,-1.1222748526051873e-06,0.0016871351981535554,0.0016871356638148427,7e267c0bf303542b
2,day2_n8_softmax_seed44,44,92,1,False,False,True,0.6128,0.0,1.4725592,3.6475608,-4.064577296958305e-06,0.0018156636506319046,0.0018156681908294559,7e267c0bf303542b
2,day2_n8_softmax_seed44,44,92,2,False,False,True,0.6302,0.0,0.9245565,1.0209415,-7.223967259051278e-06,0.0017067646840587258,0.0017067798180505633,7e267c0bf303542b
2,day2_n8_softmax_seed44,44,92,3,False,False,True,0.6582,0.0,2.0701141,-7.711789,-2.6181994599028258e-06,0.0018693017773330212,0.0018693036399781704,7e267c0bf303542b
2,day2_n8_softmax_seed44,44,92,4,False,False,True,0.6806,0.0,0.98912174,0.90758437,-8.269470527011435e-06,0.0016646662261337042,0.0016646867152303457,7e267c0bf303542b
2,day2_n8_softmax_seed44,44,92,5,False,False,True,0.6432,0.0,0.97355175,1.2333763,-4.136616098548984e-06,0.0017125895246863365,0.001712594530545175,7e267c0bf303542b
2,day2_n8_softmax_seed44,44,92,6,False,False,True,0.608,0.0,-9.107147,-0.60495687,-1.1388888196961489e-05,0.0020811257418245077,0.002081157173961401,7e267c0bf303542b
2,day2_n8_softmax_seed44,44,92,7,False,False,True,0.6492,0.0,1.2897451,0.5130642,-2.4444327664241428e-06,0.001774661592207849,0.0017746633384376764,7e267c0bf303542b
2,day2_n8_softmax_seed44,44,93,0,False,False,True,0.5064,0.0,-4.076472,-4.984192,-7.330600624300132e-07,0.0018597173038870096,0.001859717653132975,7e267c0bf303542b
2,day2_n8_softmax_seed44,44,93,1,False,False,True,0.5904,0.0,-0.90143085,0.6722802,-1.0880442005145596e-06,0.0017854539910331368,0.0017854542238637805,7e267c0bf303542b
2,day2_n8_softmax_seed44,44,93,2,False,False,True,0.6486,0.0,-1.3097776,-0.83199984,6.544830171151261e-07,0.0017296584555879235,0.0017296586884185672,7e267c0bf303542b
2,day2_n8_softmax_seed44,44,93,3,False,False,True,0.653,0.0,0.5673656,2.578558,-4.290063770895358e-06,0.0017868708819150925,0.001786875887773931,7e267c0bf303542b
2,day2_n8_softmax_seed44,44,93,4,False,False,True,0.6646,0.0,-1.0154351,0.47368968,-2.7551554921956267e-06,0.0016737572150304914,0.0016737595433369279,7e267c0bf303542b
2,day2_n8_softmax_seed44,44,93,5,False,False,True,0.6384,0.0,-1.5867321,-0.6842312,-3.5681550798472017e-06,0.0017477062065154314,0.001747709815390408,7e267c0bf303542b
2,day2_n8_softmax_seed44,44,93,6,False,False,True,0.6524,0.0,0.3791878,5.938456,-7.939468559925444e-06,0.0018629394471645355,0.0018629564438015223,7e267c0bf303542b
2,day2_n8_softmax_seed44,44,93,7,False,False,True,0.5684,0.0,7.943286,-3.1625586,-9.016845069709234e-06,0.0019498782930895686,0.0019498991314321756,7e267c0bf303542b
2,day2_n8_softmax_seed44,44,94,0,False,False,True,0.5864,0.0,-1.4054939,7.0015225,-2.039385208263411e-06,0.0018787810113281012,0.0018787820590659976,7e267c0bf303542b
2,day2_n8_softmax_seed44,44,94,1,False,False,True,0.616,0.0,9.541992,-0.09573376,-1.1573481970117427e-05,0.0021651198621839285,0.0021651508286595345,7e267c0bf303542b
2,day2_n8_softmax_seed44,44,94,2,False,False,True,0.5832,0.0,-1.557939,-5.468694,-1.7786749594961293e-05,0.001858899719081819,0.0018589848186820745,7e267c0bf303542b
2,day2_n8_softmax_seed44,44,94,3,False,False,True,0.6602,0.0,-0.95160514,-0.2194168,-8.15374187368434e-06,0.0017438174691051245,0.0017438364448025823,7e267c0bf303542b
2,day2_n8_softmax_seed44,44,94,4,False,False,True,0.6756,0.0,-2.005217,-0.51906556,-4.477161837712629e-06,0.0018298266222700477,0.0018298320937901735,7e267c0bf303542b
2,day2_n8_softmax_seed44,44,94,5,False,False,True,0.6392,0.0,-1.2773814,-0.7283169,-7.771453056193423e-06,0.0017889691516757011,0.001788986031897366,7e267c0bf303542b
2,day2_n8_softmax_seed44,44,94,6,False,False,True,0.6626,0.0,-1.3541703,-0.22978696,-6.981505066505633e-06,0.0017417996423318982,0.0017418136121705174,7e267c0bf303542b
2,day2_n8_softmax_seed44,44,94,7,False,False,True,0.6314,0.0,-0.99018556,0.259487,-1.8227449345431523e-06,0.0017619651043787599,0.0017619661521166563,7e267c0bf303542b
2,day2_n8_softmax_seed44,44,95,0,False,False,True,0.6458,0.0,-0.099229895,-0.37760592,-2.8016677333653206e-06,0.001710968092083931,0.0017109703039750457,7e267c0bf303542b
2,day2_n8_softmax_seed44,44,95,1,False,False,True,0.643,0.0,0.32323116,-0.33368167,-3.942574494431028e-06,0.001634805230423808,0.001634810003452003,7e267c0bf303542b
2,day2_n8_softmax_seed44,44,95,2,False,False,True,0.6422,0.0,-3.2383616,-4.193682,-6.599559583264636e-06,0.0018010576022788882,0.0018010694766417146,7e267c0bf303542b
2,day2_n8_softmax_seed44,44,95,3,False,False,True,0.6036,0.0,1.6423324,-3.8870137,-5.267128472041804e-06,0.0017627462511882186,0.0017627541674301028,7e267c0bf303542b
2,day2_n8_softmax_seed44,44,95,4,False,False,True,0.6582,0.0,0.050903805,-0.4025409,-6.381662274179689e-07,0.0016874788561835885,0.0016874788561835885,7e267c0bf303542b
2,day2_n8_softmax_seed44,44,95,5,False,False,True,0.6508,0.0,6.531532,2.6403227,-7.710066711297259e-06,0.0018026954494416714,0.001802711864002049,7e267c0bf303542b
2,day2_n8_softmax_seed44,44,95,6,False,False,True,0.6294,0.0,-4.139635,5.64812,-3.174997118549072e-06,0.0017959543038159609,0.0017959570977836847,7e267c0bf303542b
2,day2_n8_softmax_seed44,44,95,7,False,False,True,0.65,0.0,-1.0707735,0.9060813,-8.658653314341791e-06,0.001737972372211516,0.0017379940254613757,7e267c0bf303542b
2,day2_n8_softmax_seed44,44,96,0,False,False,True,0.6162,0.0,1.3400903,-1.0372612,-3.989277502114419e-06,0.0017280768370255828,0.0017280814936384559,7e267c0bf303542b
2,day2_n8_softmax_seed44,44,96,1,False,False,True,0.6748,0.0,1.5192697,-1.5542393,-2.008471710723825e-06,0.001726610353216529,0.0017266115173697472,7e267c0bf303542b
2,day2_n8_softmax_seed44,44,96,2,False,False,True,0.6476,0.0,1.4856989,-0.6336597,-5.390801106841536e-06,0.0017003961838781834,0.0017004047986119986,7e267c0bf303542b
2,day2_n8_softmax_seed44,44,96,3,False,False,True,0.6598,0.0,1.7004253,7.992387,-6.87633018969791e-06,0.001858144300058484,0.001858157105743885,7e267c0bf303542b
2,day2_n8_softmax_seed44,44,96,4,False,False,True,0.3342,0.0,-9.131936,0.41053945,-7.614162768732058e-06,0.0020783753134310246,0.002078389283269644,7e267c0bf303542b
2,day2_n8_softmax_seed44,44,96,5,False,False,True,0.6096,0.0,1.2281622,-2.0247455,-4.228600118949544e-06,0.001750040566548705,0.0017500455724075437,7e267c0bf303542b
2,day2_n8_softmax_seed44,44,96,6,False,False,True,0.6426,0.0,1.1832788,-1.0498887,1.804876774258446e-06,0.0016689632320776582,0.0016689642798155546,7e267c0bf303542b
2,day2_n8_softmax_seed44,44,96,7,False,False,True,0.4284,0.0,0.67501533,-2.1031394,-7.961803930811584e-06,0.0017790286801755428,0.0017790464917197824,7e267c0bf303542b
2,day2_n8_softmax_seed44,44,97,0,False,False,True,0.674,0.0,1.0695467,-1.382345,-6.91035165800713e-06,0.0017542492132633924,0.0017542628338560462,7e267c0bf303542b
2,day2_n8_softmax_seed44,44,97,1,False,False,True,0.5766,0.0,1.6341449,-2.1883965,-7.219764938781736e-06,0.0019460814073681831,0.0019460947951301932,7e267c0bf303542b
2,day2_n8_softmax_seed44,44,97,2,False,False,True,0.5954,0.0,1.5004838,-2.2683527,-6.844819381512934e-06,0.0019188296282663941,0.0019188417354598641,7e267c0bf303542b
2,day2_n8_softmax_seed44,44,97,3,False,False,True,0.6474,0.0,1.4131887,-0.6606182,-7.039604952296941e-06,0.0017015620833262801,0.0017015767516568303,7e267c0bf303542b
2,day2_n8_softmax_seed44,44,97,4,False,False,True,0.5958,0.0,1.5104228,-0.91260326,-4.7361068027385045e-06,0.0017417308408766985,0.0017417373601347208,7e267c0bf303542b
2,day2_n8_softmax_seed44,44,97,5,False,False,True,0.6026,0.0,1.5868999,-1.5121332,-9.240416147804353e-06,0.0018264434766024351,0.0018264667596668005,7e267c0bf303542b
2,day2_n8_softmax_seed44,44,97,6,False,False,True,0.5694,0.0,1.8495606,8.655673,-2.0350394152046647e-06,0.0020183157175779343,0.002018316648900509,7e267c0bf303542b
2,day2_n8_softmax_seed44,44,97,7,False,False,True,0.5892,0.0,-10.564229,0.26876765,-1.4942064808565192e-05,0.002431937027722597,0.002431982895359397,7e267c0bf303542b
2,day2_n8_softmax_seed44,44,98,0,False,False,True,0.636,0.0,-1.3425989,-0.35395947,-7.743291462247726e-06,0.0018333704210817814,0.001833386835642159,7e267c0bf303542b
2,day2_n8_softmax_seed44,44,98,1,False,False,True,0.263,0.0,8.448166,-3.2322,-1.0501853466848843e-06,0.0020574363879859447,0.0020574366208165884,7e267c0bf303542b
2,day2_n8_softmax_seed44,44,98,2,False,False,True,0.6594,0.0,0.77123064,3.665472,-3.903955075656995e-06,0.001882632845081389,0.001882636803202331,7e267c0bf303542b
2,day2_n8_softmax_seed44,44,98,3,False,False,True,0.652,0.0,-3.561296,-3.8505409,-7.109775197022827e-06,0.0019166810670867562,0.0019166943384334445,7e267c0bf303542b
2,day2_n8_softmax_seed44,44,98,4,False,False,True,0.6758,0.0,-1.7129794,-1.0047436,-6.997516720730346e-06,0.0018890134524554014,0.0018890263745561242,7e267c0bf303542b
2,day2_n8_softmax_seed44,44,98,5,False,False,True,0.6042,0.0,0.472643,6.492251,-4.049589279020438e-06,0.0019283830188214779,0.0019283870933577418,7e267c0bf303542b
2,day2_n8_softmax_seed44,44,98,6,False,False,True,0.6504,0.0,-2.6266363,-2.172383,-6.365343324432615e-06,0.0018916736589744687,0.0018916843691840768,7e267c0bf303542b
2,day2_n8_softmax_seed44,44,98,7,False,False,True,0.6376,0.0,-0.4485414,0.45612037,-5.091289949632483e-06,0.001671951380558312,0.0016719592968001962,7e267c0bf303542b
2,day2_n8_softmax_seed44,44,99,0,False,False,True,0.4898,0.0,-8.695967,0.020238098,-1.2509478608535574e-07,0.001983080990612507,0.001983080990612507,7e267c0bf303542b
2,day2_n8_softmax_seed44,44,99,1,False,False,True,0.6686,0.0,0.84661114,0.34035453,-3.3400010579498485e-06,0.0017877462087199092,0.0017877492355182767,7e267c0bf303542b
2,day2_n8_softmax_seed44,44,99,2,False,False,True,0.6412,0.0,1.0139631,-0.9181761,-4.707971129391808e-06,0.00175008166115731,0.0017500878311693668,7e267c0bf303542b
2,day2_n8_softmax_seed44,44,99,3,False,False,True,0.6028,0.0,0.8478342,0.8392771,-4.930047907691915e-06,0.0017381488578394055,0.0017381558427587152,7e267c0bf303542b
2,day2_n8_softmax_seed44,44,99,4,False,False,True,0.6324,0.0,1.5762397,4.3580713,-3.6645253658207366e-06,0.0018243903759866953,0.0018243941012769938,7e267c0bf303542b
2,day2_n8_softmax_seed44,44,99,5,False,False,True,0.5936,0.0,1.6773715,-7.1063204,-2.0008906176371966e-06,0.0018551528919488192,0.0018551540561020374,7e267c0bf303542b
2,day2_n8_softmax_seed44,44,99,6,False,False,True,0.6062,0.0,0.7445329,-0.20148787,-3.311236469016876e-06,0.001794653944671154,0.0017946569714695215,7e267c0bf303542b
2,day2_n8_softmax_seed44,44,99,7,False,False,True,0.6524,0.0,1.9894212,2.668042,-4.920971150568221e-06,0.0018083135364577174,0.0018083204049617052,7e267c0bf303542b
2,day2_n8_softmax_seed44,44,100,0,False,False,True,0.6084,0.0,0.7410017,-0.105854444,-1.2937343853991479e-06,0.0017292138654738665,0.0017292144475504756,7e267c0bf303542b
2,day2_n8_softmax_seed44,44,100,1,False,False,True,0.6046,0.0,0.97039974,-0.33473048,-1.9450737909210147e-06,0.0017321582417935133,0.0017321592895314097,7e267c0bf303542b
2,day2_n8_softmax_seed44,44,100,2,False,False,True,0.6414,0.0,1.336391,-5.4607186,1.9631384873264324e-07,0.0018651566933840513,0.0018651566933840513,7e267c0bf303542b
2,day2_n8_softmax_seed44,44,100,3,False,False,True,0.553,0.0,-8.591323,0.35952246,-1.380177945975447e-05,0.001954958774149418,0.001955007668584585,7e267c0bf303542b
2,day2_n8_softmax_seed44,44,100,4,False,False,True,0.3372,0.0,1.6651828,7.0361176,-2.181647857923963e-07,0.0018809882458299398,0.0018809882458299398,7e267c0bf303542b
2,day2_n8_softmax_seed44,44,100,5,False,False,True,0.6824,0.0,2.2163973,0.33260345,-2.192548663515481e-06,0.0018610699335113168,0.0018610709812492132,7e267c0bf303542b
2,day2_n8_softmax_seed44,44,100,6,False,False,True,0.6774,0.0,1.0715185,-1.2165061,-6.769999799871584e-06,0.0018149352399632335,0.0018149478128179908,7e267c0bf303542b
2,day2_n8_softmax_seed44,44,100,7,False,False,True,0.6548,0.0,0.5904272,-0.6104298,-3.940963779314188e-06,0.0018281685188412666,0.0018281727097928524,7e267c0bf303542b
2,day2_n8_softmax_seed44,44,101,0,False,False,True,0.8048,0.0,0.065850556,-0.17658903,-1.4219954209693242e-06,0.00017848848074208945,0.00017849414143711329,7e267c0bf303542b
2,day2_n8_softmax_seed44,44,101,1,False,False,True,0.7994,0.0,0.024853662,-0.12394307,-1.6738387103032437e-06,0.00018167770758736879,0.00018168542010243982,7e267c0bf303542b
2,day2_n8_softmax_seed44,44,101,2,False,False,True,0.7928,0.0,-0.34370032,-0.3066699,-1.912859261210542e-06,0.00019101020006928593,0.00019101978978142142,7e267c0bf303542b
2,day2_n8_softmax_seed44,44,101,3,False,False,True,0.7972,0.0,-0.089330435,-0.09575355,-1.4112500821283902e-06,0.0001826029911171645,0.0001826084335334599,7e267c0bf303542b
2,day2_n8_softmax_seed44,44,101,4,False,False,True,0.7972,0.0,0.73139906,0.14967926,-1.6934526456680032e-06,0.0002018134982790798,0.00020182059961371124,7e267c0bf303542b
2,day2_n8_softmax_seed44,44,101,5,False,False,True,0.7986,0.0,-0.32805848,0.6729894,-2.0531908830889734e-06,0.00019592932949308306,0.0001959400688065216,7e267c0bf303542b
2,day2_n8_softmax_seed44,44,101,6,False,False,True,0.7978,0.0,-0.0027493162,0.091542974,-2.4193186618504114e-06,0.00018894681124947965,0.00018896229448728263,7e267c0bf303542b
2,day2_n8_softmax_seed44,44,101,7,False,False,True,0.8,0.0,-0.058265086,-0.21125548,-1.6191480654015322e-06,0.00018348671437706798,0.0001834938593674451,7e267c0bf303542b
2,day2_n8_softmax_seed44,44,102,0,False,False,True,0.8032,0.0,-0.11559878,-0.07786116,-1.0651369848346803e-06,0.00018702443048823625,0.00018702747183851898,7e267c0bf303542b
2,day2_n8_softmax_seed44,44,102,1,False,False,True,0.8068,0.0,-0.10711313,0.053887427,-1.175500983663369e-06,0.00019337864068802446,0.00019338222045917064,7e267c0bf303542b
2,day2_n8_softmax_seed44,44,102,2,False,False,True,0.8,0.0,-0.39554197,-0.30012888,-8.556764896638924e-07,0.00020404894894454628,0.0002040507533820346,7e267c0bf303542b
2,day2_n8_softmax_seed44,44,102,3,False,False,True,0.8012,0.0,-0.107513405,-0.32181615,-8.15952603261394e-07,0.00020701858738902956,0.0002070202026516199,7e267c0bf303542b
2,day2_n8_softmax_seed44,44,102,4,False,False,True,0.7984,0.0,-0.095116146,0.89346623,-1.2639084161492065e-06,0.0002186498895753175,0.00021865354210603982,7e267c0bf303542b
2,day2_n8_softmax_seed44,44,102,5,False,False,True,0.804,0.0,-0.14982225,-0.09798042,-8.005678182598785e-07,0.00018751955940388143,0.00018752127652987838,7e267c0bf303542b
2,day2_n8_softmax_seed44,44,102,6,False,False,True,0.7944,0.0,1.1694177,-0.0847576,-3.824073246505577e-06,0.0002710736298467964,0.0002711006090976298,7e267c0bf303542b
2,day2_n8_softmax_seed44,44,102,7,False,False,True,0.8042,0.0,-0.19871403,-0.06481035,-1.145093733612157e-06,0.00017567897157277912,0.0001756827114149928,7e267c0bf303542b
2,day2_n8_softmax_seed44,44,103,0,False,False,True,0.8028,0.0,-0.5098602,0.10588206,7.84325990821344e-08,0.00021977444703225046,0.0002197744615841657,7e267c0bf303542b
2,day2_n8_softmax_seed44,44,103,1,False,False,True,0.8036,0.0,-0.27161255,-0.058288228,1.715053059569982e-07,0.0002044597640633583,0.00020445983682293445,7e267c0bf303542b
2,day2_n8_softmax_seed44,44,103,2,False,False,True,0.8034,0.0,0.050291594,0.16173156,-4.789366130353301e-07,0.00021689363347832114,0.00021689417189918458,7e267c0bf303542b
2,day2_n8_softmax_seed44,44,103,3,False,False,True,0.7976,0.0,0.044344977,0.45582002,-1.6930009678617353e-06,0.0002280994231114164,0.00022810569498687983,7e267c0bf303542b
2,day2_n8_softmax_seed44,44,103,4,False,False,True,0.7958,0.0,0.3376105,0.21498673,-1.4504011005556094e-06,0.0002120854624081403,0.00021209042461123317,7e267c0bf303542b
2,day2_n8_softmax_seed44,44,103,5,False,False,True,0.7994,0.0,0.87268996,-0.029462257,-2.2945275759411743e-06,0.0002375593176111579,0.00023757039161864668,7e267c0bf303542b
2,day2_n8_softmax_seed44,44,103,6,False,False,True,0.8066,0.0,-0.035932153,-1.0004259,4.7477310971544284e-09,0.00023707702348474413,0.00023707702348474413,7e267c0bf303542b
2,day2_n8_softmax_seed44,44,103,7,False,False,True,0.7964,0.0,-0.48753253,0.14975734,6.66544224259269e-07,0.0002176181151298806,0.00021761914831586182,7e267c0bf303542b
2,day2_n8_softmax_seed44,44,104,0,False,False,True,0.8082,0.0,0.24989867,-0.052660648,-3.873100808959862e-07,0.0001960858062375337,0.00019608618458732963,7e267c0bf303542b
2,day2_n8_softmax_seed44,44,104,1,False,False,True,0.7954,0.0,0.20113933,0.9109825,3.4748441635201743e-07,0.0002192316751461476,0.00021923193708062172,7e267c0bf303542b
2,day2_n8_softmax_seed44,44,104,2,False,False,True,0.806,0.0,0.24511884,-0.004274795,-1.5425658830281463e-06,0.0001950709120137617,0.00019507700926624238,7e267c0bf303542b
2,day2_n8_softmax_seed44,44,104,3,False,False,True,0.8088,0.0,0.15729952,-0.40775126,-5.974845294076658e-07,0.00020431635493878275,0.00020431724260561168,7e267c0bf303542b
2,day2_n8_softmax_seed44,44,104,4,False,False,True,0.8096,0.0,0.2104175,-0.078213915,-8.225085252888675e-07,0.00019629648886620998,0.00019629820599220693,7e267c0bf303542b
2,day2_n8_softmax_seed44,44,104,5,False,False,True,0.8012,0.0,0.32339835,-0.3143483,-2.0766863144672243e-06,0.00020075040811207145,0.00020076116197742522,7e267c0bf303542b
2,day2_n8_softmax_seed44,44,104,6,False,False,True,0.8054,0.0,0.21270417,-0.040130574,-1.334443027189991e-06,0.00020006021077279001,0.00020006467821076512,7e267c0bf303542b
2,day2_n8_softmax_seed44,44,104,7,False,False,True,0.7462,0.0,-1.5999727,-0.013603667,-2.804110181386932e-06,0.0003776142548304051,0.0003776246740017086,7e267c0bf303542b
2,day2_n8_softmax_seed44,44,105,0,False,False,True,0.808,0.0,-0.03824247,-0.123947166,9.414421953124474e-08,0.00020813029550481588,0.00020813032460864633,7e267c0bf303542b
2,day2_n8_softmax_seed44,44,105,1,False,False,True,0.8028,0.0,-0.644702,0.7627954,3.0327618105729925e-07,0.0002294733130838722,0.00022947350225877017,7e267c0bf303542b
2,day2_n8_softmax_seed44,44,105,2,False,False,True,0.808,0.0,-0.01121878,-0.35068098,-9.452601261727978e-07,0.0002078086690744385,0.00020781080820597708,7e267c0bf303542b
2,day2_n8_softmax_seed44,44,105,3,False,False,True,0.8096,0.0,-0.13441807,-0.29495835,-2.235809546391465e-07,0.0002017807710217312,0.00020178090198896825,7e267c0bf303542b
2,day2_n8_softmax_seed44,44,105,4,False,False,True,0.8016,0.0,0.14101289,-0.18597135,-7.635883036982705e-08,0.00021720791119150817,0.0002172079257434234,7e267c0bf303542b
2,day2_n8_softmax_seed44,44,105,5,False,False,True,0.7996,0.0,-0.14633833,-0.13953605,-8.300359013446723e-07,0.00021048096823506057,0.00021048261260148138,7e267c0bf303542b
2,day2_n8_softmax_seed44,44,105,6,False,False,True,0.803,0.0,0.8623506,0.5149453,-1.0512679864405072e-06,0.00023168708139564842,0.00023168946790974587,7e267c0bf303542b
2,day2_n8_softmax_seed44,44,105,7,False,False,True,0.8066,0.0,-0.028444335,-0.18264696,-7.887242645665538e-07,0.00019581938977353275,0.00019582097593229264,7e267c0bf303542b
2,day2_n8_softmax_seed44,44,106,0,False,False,True,0.8006,0.0,0.17250487,0.2235576,-3.820412928234873e-07,0.00021683979139197618,0.00021684012608602643,7e267c0bf303542b
2,day2_n8_softmax_seed44,44,106,1,False,False,True,0.8046,0.0,0.090972245,0.11490407,9.96060180114e-07,0.00021092953102197498,0.00021093188843224198,7e267c0bf303542b
2,day2_n8_softmax_seed44,44,106,2,False,False,True,0.8016,0.0,-1.1513668,-0.11729685,-6.140007258181868e-07,0.00025907621602527797,0.0002590769436210394,7e267c0bf303542b
2,day2_n8_softmax_seed44,44,106,3,False,False,True,0.8072,0.0,0.12770377,0.26227486,-5.379478640321622e-09,0.00021901763102505356,0.00021901761647313833,7e267c0bf303542b
2,day2_n8_softmax_seed44,44,106,4,False,False,True,0.8086,0.0,0.21762,0.010479771,3.055534705254104e-07,0.00021729475702159107,0.00021729496074840426,7e267c0bf303542b
2,day2_n8_softmax_seed44,44,106,5,False,False,True,0.8038,0.0,0.31175718,-0.91269237,-1.0967791013172246e-06,0.00022390182130038738,0.00022390452795661986,7e267c0bf303542b
2,day2_n8_softmax_seed44,44,106,6,False,False,True,0.8038,0.0,0.060295887,0.06089743,-1.4180553762344061e-06,0.00021315271442290395,0.00021315742924343795,7e267c0bf303542b
2,day2_n8_softmax_seed44,44,106,7,False,False,True,0.8058,0.0,0.1705143,0.35787562,-7.790218887748779e-07,0.00021428076433949172,0.0002142821904271841,7e267c0bf303542b
2,day2_n8_softmax_seed44,44,107,0,False,False,True,0.8078,0.0,0.321092,0.08642688,-3.54614115849472e-07,0.00022575088951271027,0.00022575115144718438,7e267c0bf303542b
2,day2_n8_softmax_seed44,44,107,1,False,False,True,0.794,0.0,-1.3198344,0.017980441,8.326221632160014e-07,0.00030464332667179406,0.00030464446172118187,7e267c0bf303542b
2,day2_n8_softmax_seed44,44,107,2,False,False,True,0.806,0.0,0.14556468,-0.112388805,-1.732021530642669e-07,0.00021665934764314443,0.00021665942040272057,7e267c0bf303542b
2,day2_n8_softmax_seed44,44,107,3,False,False,True,0.8088,0.0,0.1525036,0.26543733,1.1861736481932894e-07,0.0002258197928313166,0.00022581982193514705,7e267c0bf303542b
2,day2_n8_softmax_seed44,44,107,4,False,False,True,0.8068,0.0,0.21622783,0.43368554,-7.843051434974768e-07,0.00021976642892695963,0.00021976782591082156,7e267c0bf303542b
2,day2_n8_softmax_seed44,44,107,5,False,False,True,0.8068,0.0,0.17593464,-0.93823445,-6.827529119846076e-08,0.00022735787206329405,0.00022735787206329405,7e267c0bf303542b
2,day2_n8_softmax_seed44,44,107,6,False,False,True,0.8008,0.0,0.11223873,0.063603476,-8.674557534504856e-07,0.00021092778479214758,0.00021092956012580544,7e267c0bf303542b
2,day2_n8_softmax_seed44,44,107,7,False,False,True,0.804,0.0,0.19627398,0.18348923,-6.567096306753228e-07,0.00021303612447809428,0.00021303712856024504,7e267c0bf303542b
2,day2_n8_softmax_seed44,44,108,0,False,False,True,0.809,0.0,0.12704264,0.0049620033,-9.46870670759381e-07,0.00021292598103173077,0.00021292807650752366,7e267c0bf303542b
2,day2_n8_softmax_seed44,44,108,1,False,False,True,0.809,0.0,-1.1005194,0.019972792,-1.4162527577354922e-06,0.00025133322924375534,0.00025133724557235837,7e267c0bf303542b
2,day2_n8_softmax_seed44,44,108,2,False,False,True,0.8078,0.0,0.20305905,0.90589744,-4.597383167492808e-07,0.00022605227422900498,0.0002260527398902923,7e267c0bf303542b
2,day2_n8_softmax_seed44,44,108,3,False,False,True,0.8072,0.0,0.18932733,-0.5578256,-3.424390797590604e-07,0.0002236222062492743,0.00022362243907991797,7e267c0bf303542b
2,day2_n8_softmax_seed44,44,108,4,False,False,True,0.8044,0.0,0.22539271,-0.10289722,8.461989864372299e-08,0.00021440922864712775,0.00021440924319904298,7e267c0bf303542b
2,day2_n8_softmax_seed44,44,108,5,False,False,True,0.8096,0.0,0.15620294,-0.096001856,-8.892408800420526e-07,0.00020875336485914886,0.00020875525660812855,7e267c0bf303542b
2,day2_n8_softmax_seed44,44,108,6,False,False,True,0.8082,0.0,0.07918515,-0.052179657,-5.075093554296473e-07,0.00021168090461287647,0.00021168151579331607,7e267c0bf303542b
2,day2_n8_softmax_seed44,44,108,7,False,False,True,0.8094,0.0,0.1203094,-0.121927515,-1.085543477330475e-08,0.0002065839507849887,0.0002065839507849887,7e267c0bf303542b
2,day2_n8_softmax_seed44,44,109,0,False,False,True,0.8084,0.0,0.30359736,0.042885505,-5.944446570538275e-07,0.00022408246877603233,0.00022408324002753943,7e267c0bf303542b
2,day2_n8_softmax_seed44,44,109,1,False,False,True,0.8074,0.0,0.07797418,-0.25624198,-2.3276659533166821e-07,0.00022218837693799287,0.0002221884933533147,7e267c0bf303542b
2,day2_n8_softmax_seed44,44,109,2,False,False,True,0.8068,0.0,-0.7287645,0.7217213,-4.5873142084928986e-07,0.00023114471696317196,0.00023114518262445927,7e267c0bf303542b
2,day2_n8_softmax_seed44,44,109,3,False,False,True,0.809,0.0,0.060793456,-0.25414363,-4.5491489686355635e-07,0.00021698014461435378,0.00021698061027564108,7e267c0bf303542b
2,day2_n8_softmax_seed44,44,109,4,False,False,True,0.8056,0.0,-0.2899999,-0.4765502,1.2153917339219333e-07,0.00022452369739767164,0.00022452375560533255,7e267c0bf303542b
2,day2_n8_softmax_seed44,44,109,5,False,False,True,0.805,0.0,-0.15770693,-0.19847547,-5.064653123554308e-07,0.0002248224918730557,0.0002248230593977496,7e267c0bf303542b
2,day2_n8_softmax_seed44,44,109,6,False,False,True,0.8084,0.0,0.71992666,0.5283879,-5.504466003003472e-07,0.00022872723639011383,0.0002287278912262991,7e267c0bf303542b
2,day2_n8_softmax_seed44,44,109,7,False,False,True,0.806,0.0,0.014179724,-0.107583106,-7.004611575212039e-07,0.0002091366914100945,0.00020913785556331277,7e267c0bf303542b
2,day2_n8_softmax_seed44,44,110,0,False,False,True,0.8066,0.0,-0.16954115,-0.58921397,-4.898695351585047e-07,0.00023633790260646492,0.00023633841192349792,7e267c0bf303542b
2,day2_n8_softmax_seed44,44,110,1,False,False,True,0.8044,0.0,-0.2419997,0.3863116,8.77065247095743e-08,0.00023805839009582996,0.0002380584046477452,7e267c0bf303542b
2,day2_n8_softmax_seed44,44,110,2,False,False,True,0.8088,0.0,-0.16135922,-0.19246335,-1.9523965022472112e-07,0.00022792184608988464,0.000227921933401376,7e267c0bf303542b
2,day2_n8_softmax_seed44,44,110,3,False,False,True,0.807,0.0,-0.2789328,0.8375636,-4.6343373583113134e-07,0.00024365652643609792,0.00024365696299355477,7e267c0bf303542b
2,day2_n8_softmax_seed44,44,110,4,False,False,True,0.7986,0.0,1.4845059,0.05914141,8.728762281862146e-07,0.00034132355358451605,0.00034132468863390386,7e267c0bf303542b
2,day2_n8_softmax_seed44,44,110,5,False,False,True,0.8048,0.0,-0.23640408,-0.18422794,-4.825453174817085e-07,0.00021317662321962416,0.0002131771616404876,7e267c0bf303542b
2,day2_n8_softmax_seed44,44,110,6,False,False,True,0.8068,0.0,-0.21572775,-0.21484901,-1.4371745749031106e-07,0.00022200543025974184,0.00022200550301931798,7e267c0bf303542b
2,day2_n8_softmax_seed44,44,110,7,False,False,True,0.7978,0.0,-0.18054266,-0.1022619,-9.687469315622366e-08,0.00022108654957264662,0.00022108657867647707,7e267c0bf303542b
2,day2_n8_softmax_seed44,44,111,0,False,False,True,0.8052,0.0,0.1006374,-0.17919259,-6.866225703561213e-07,0.00023657739802729338,0.00023657841666135937,7e267c0bf303542b
2,day2_n8_softmax_seed44,44,111,1,False,False,True,0.808,0.0,0.005838625,-0.12489187,-9.224182804246084e-07,0.00024227859103120863,0.00024228035181295127,7e267c0bf303542b
2,day2_n8_softmax_seed44,44,111,2,False,False,True,0.8096,0.0,0.06161114,-0.24053721,-8.860019562462185e-08,0.00023978676472324878,0.00023978680837899446,7e267c0bf303542b
2,day2_n8_softmax_seed44,44,111,3,False,False,True,0.78,0.0,0.811382,-0.7368347,1.7679666370895575e-06,0.00030008755857124925,0.00030009279726073146,7e267c0bf303542b
2,day2_n8_softmax_seed44,44,111,4,False,False,True,0.8028,0.0,0.5696493,1.3090129,-2.0984869024687214e-06,0.0003300041425973177,0.0003300108073744923,7e267c0bf303542b
2,day2_n8_softmax_seed44,44,111,5,False,False,True,0.797,0.0,-0.015481902,-0.15741102,-1.4303069519883138e-06,0.0002649652014952153,0.0002649690432008356,7e267c0bf303542b
2,day2_n8_softmax_seed44,44,111,6,False,False,True,0.8064,0.0,-0.20634356,0.049669743,-5.650627485920268e-07,0.0002857629442587495,0.0002857634681276977,7e267c0bf303542b
2,day2_n8_softmax_seed44,44,111,7,False,False,True,0.8028,0.0,-1.3272929,0.08018519,-1.5545143696726882e-06,0.0003392280195839703,0.00033923157025128603,7e267c0bf303542b
2,day2_n8_softmax_seed44,44,112,0,False,False,True,0.8074,0.0,0.06609427,0.08445062,2.436865429444879e-07,0.00024062790907919407,0.00024062804004643112,7e267c0bf303542b
2,day2_n8_softmax_seed44,44,112,1,False,False,True,0.779,0.0,-1.1441875,0.11589577,4.953892016601458e-07,0.0002609451184980571,0.000260945555055514,7e267c0bf303542b
2,day2_n8_softmax_seed44,44,112,2,False,False,True,0.8082,0.0,0.22007023,0.82775,-1.4872358633510885e-07,0.0002496063825674355,0.0002496064407750964,7e267c0bf303542b
2,day2_n8_softmax_seed44,44,112,3,False,False,True,0.8084,0.0,0.2665586,-0.18222728,-4.77763762773975e-07,0.0002470295294187963,0.0002470299950800836,7e267c0bf303542b
2,day2_n8_softmax_seed44,44,112,4,False,False,True,0.8104,0.0,0.23116,0.15360539,3.282154068529053e-07,0.00024699154892005026,0.00024699175264686346,7e267c0bf303542b
2,day2_n8_softmax_seed44,44,112,5,False,False,True,0.8076,0.0,0.22804378,-0.17888261,1.1447555152699351e-06,0.000245323171839118,0.00024532584939152,7e267c0bf303542b
2,day2_n8_softmax_seed44,44,112,6,False,False,True,0.809,0.0,0.12902038,0.010971158,-4.1655277982499683e-07,0.00023438071366399527,0.00023438106290996075,7e267c0bf303542b
2,day2_n8_softmax_seed44,44,112,7,False,False,True,0.8096,0.0,0.003239744,-0.8315645,-2.3979241703386833e-08,0.0002507176832295954,0.0002507176832295954,7e267c0bf303542b
2,day2_n8_softmax_seed44,44,113,0,False,False,True,0.8098,0.0,-0.13435157,-0.012040482,-8.236558528551541e-07,0.00025220101815648377,0.0002522023569326848,7e267c0bf303542b
2,day2_n8_softmax_seed44,44,113,1,False,False,True,0.8042,0.0,-0.17197506,0.70190614,1.0181351939309025e-07,0.00025455866125412285,0.00025455866125412285,7e267c0bf303542b
2,day2_n8_softmax_seed44,44,113,2,False,False,True,0.8098,0.0,-0.10060459,0.24664745,-3.286660898993432e-07,0.0002462855482008308,0.000246285751927644,7e267c0bf303542b
2,day2_n8_softmax_seed44,44,113,3,False,False,True,0.8126,0.0,-0.2215869,-0.035749476,-6.010923812027613e-07,0.0002490777987986803,0.0002490785263944417,7e267c0bf303542b
2,day2_n8_softmax_seed44,44,113,4,False,False,True,0.8098,0.0,-0.12557067,0.15659343,-5.48378238818259e-07,0.00024237828620243818,0.00024237892648670822,7e267c0bf303542b
2,day2_n8_softmax_seed44,44,113,5,False,False,True,0.8022,0.0,-0.36873344,-0.98166513,-2.459246388752945e-07,0.0002619781589601189,0.0002619782753754407,7e267c0bf303542b
2,day2_n8_softmax_seed44,44,113,6,False,False,True,0.8088,0.0,-0.073447205,0.09118243,-7.008964644228399e-07,0.0002384358667768538,0.00023843689996283501,7e267c0bf303542b
2,day2_n8_softmax_seed44,44,113,7,False,False,True,0.804,0.0,1.1962693,-0.16687475,-5.56128895823349e-07,0.0002710115513764322,0.00027101210434921086,7e267c0bf303542b
2,day2_n8_softmax_seed44,44,114,0,False,False,True,0.8106,0.0,0.23667023,0.21923582,3.3291368595200765e-07,0.00024808215675875545,0.00024808241869322956,7e267c0bf303542b
2,day2_n8_softmax_seed44,44,114,1,False,False,True,0.8128,0.0,0.25085855,-1.0887592,5.590512941466841e-08,0.00025411261594854295,0.00025411261594854295,7e267c0bf303542b
2,day2_n8_softmax_seed44,44,114,2,False,False,True,0.8078,0.0,0.34201157,0.18573487,-2.5313687501693494e-07,0.0002478139358572662,0.000247814052272588,7e267c0bf303542b
2,day2_n8_softmax_seed44,44,114,3,False,False,True,0.8104,0.0,0.013037432,0.3058362,9.216809537804238e-09,0.0002473180356901139,0.0002473180356901139,7e267c0bf303542b
2,day2_n8_softmax_seed44,44,114,4,False,False,True,0.8046,0.0,0.10014006,0.060399823,-1.546732733004319e-07,0.00024495559046044946,0.00024495564866811037,7e267c0bf303542b
2,day2_n8_softmax_seed44,44,114,5,False,False,True,0.812,0.0,0.1341222,0.34076893,-3.853079704185802e-07,0.0002467622689437121,0.00024676258908584714,7e267c0bf303542b
2,day2_n8_softmax_seed44,44,114,6,False,False,True,0.8114,0.0,0.05736923,0.06347964,-2.2489427919936134e-07,0.00023979859543032944,0.00023979869729373604,7e267c0bf303542b
2,day2_n8_softmax_seed44,44,114,7,False,False,True,0.811,0.0,-1.1342089,-0.086696774,-1.296209916290536e-06,0.0002597759594209492,0.0002597792190499604,7e267c0bf303542b
2,day2_n8_softmax_seed44,44,115,0,False,False,True,0.809,0.0,0.17360708,-0.53666925,3.2550246942264494e-07,0.0002502459392417222,0.0002502461429685354,7e267c0bf303542b
2,day2_n8_softmax_seed44,44,115,1,False,False,True,0.8102,0.0,-0.17839476,-0.36583593,1.7535683127789525e-07,0.0002488187747076154,0.0002488188329152763,7e267c0bf303542b
2,day2_n8_softmax_seed44,44,115,2,False,False,True,0.813,0.0,0.7693617,0.7498876,1.759211158969265e-07,0.0002567481715232134,0.0002567482297308743,7e267c0bf303542b
2,day2_n8_softmax_seed44,44,115,3,False,False,True,0.8092,0.0,0.13238043,-0.39659768,-6.809978572164255e-07,0.00025054722209461033,0.00025054815341718495,7e267c0bf303542b
2,day2_n8_softmax_seed44,44,115,4,False,False,True,0.8094,0.0,-0.93939066,0.5310795,-1.1551374257123825e-07,0.0002575367398094386,0.00025753676891326904,7e267c0bf303542b
2,day2_n8_softmax_seed44,44,115,5,False,False,True,0.807,0.0,-0.0190966,0.19692527,2.6583363066379206e-08,0.0002497218083590269,0.0002497218083590269,7e267c0bf303542b
2,day2_n8_softmax_seed44,44,115,6,False,False,True,0.8124,0.0,0.077954315,0.033787068,-1.0038154414360179e-06,0.00024289260909426957,0.000242894675466232,7e267c0bf303542b
2,day2_n8_softmax_seed44,44,115,7,False,False,True,0.8096,0.0,-0.016421787,-0.2125774,-5.863722094545665e-07,0.0002436890354147181,0.00024368973390664905,7e267c0bf303542b
2,day2_n8_softmax_seed44,44,116,0,False,False,True,0.8144,0.0,1.1165297,0.18813579,4.5060752995595976e-07,0.0002605651970952749,0.00026056557544507086,7e267c0bf303542b
2,day2_n8_softmax_seed44,44,116,1,False,False,True,0.808,0.0,-0.4769551,0.6385139,-4.36539721704321e-07,0.00025330641074106097,0.0002533067890908569,7e267c0bf303542b
2,day2_n8_softmax_seed44,44,116,2,False,False,True,0.8118,0.0,-0.07049616,0.41825137,-6.505167107206944e-07,0.00025178544456139207,0.0002517862885724753,7e267c0bf303542b
2,day2_n8_softmax_seed44,44,116,3,False,False,True,0.8118,0.0,-0.21778345,-0.3939312,3.863469828502275e-07,0.0002512799692340195,0.0002512802602723241,7e267c0bf303542b
2,day2_n8_softmax_seed44,44,116,4,False,False,True,0.8082,0.0,-0.21309936,0.19873655,-3.366731391452049e-07,0.0002485362929292023,0.00024853652575984597,7e267c0bf303542b
2,day2_n8_softmax_seed44,44,116,5,False,False,True,0.8118,0.0,-0.09310887,-0.807898,-8.515354465998826e-07,0.0002517682150937617,0.0002517696702852845,7e267c0bf303542b
2,day2_n8_softmax_seed44,44,116,6,False,False,True,0.8126,0.0,-0.021190394,-0.17493376,-1.2559813740153913e-06,0.00025157060008496046,0.00025157377240248024,7e267c0bf303542b
2,day2_n8_softmax_seed44,44,116,7,False,False,True,0.8046,0.0,-0.02389541,-0.06687523,-2.586286882433342e-07,0.00024011415371205658,0.00024011429923120886,7e267c0bf303542b
2,day2_n8_softmax_seed44,44,117,0,False,False,True,0.8104,0.0,0.20233709,-0.2621739,-9.053759981725307e-07,0.00025861748144961894,0.0002586190530564636,7e267c0bf303542b
2,day2_n8_softmax_seed44,44,117,1,False,False,True,0.8056,0.0,0.22377236,-0.5053855,-7.466288138857635e-07,0.0002598305291030556,0.0002598316059447825,7e267c0bf303542b
2,day2_n8_softmax_seed44,44,117,2,False,False,True,0.808,0.0,-1.2068166,-0.059120376,-2.4366596562686027e-07,0.0002704612270463258,0.00027046134346164763,7e267c0bf303542b
2,day2_n8_softmax_seed44,44,117,3,False,False,True,0.8142,0.0,0.1510766,-0.06429755,3.9484248759436014e-07,0.00025324791204184294,0.0002532482030801475,7e267c0bf303542b
2,day2_n8_softmax_seed44,44,117,4,False,False,True,0.8142,0.0,0.21588202,0.07623918,-4.0641944565322774e-07,0.0002556567487772554,0.00025565706891939044,7e267c0bf303542b
2,day2_n8_softmax_seed44,44,117,5,False,False,True,0.8032,0.0,0.11678921,1.1064609,-2.868577269055095e-07,0.0002622822066769004,0.00026228238129988313,7e267c0bf303542b
2,day2_n8_softmax_seed44,44,117,6,False,False,True,0.813,0.0,0.16672224,-0.08723018,-8.91366767064028e-07,0.0002488000609446317,0.0002488016616553068,7e267c0bf303542b
2,day2_n8_softmax_seed44,44,117,7,False,False,True,0.8012,0.0,0.13023752,-0.2044936,-2.7488934506436635e-07,0.00024766993010416627,0.000247670104727149,7e267c0bf303542b
2,day2_n8_softmax_seed44,44,118,0,False,False,True,0.8154,0.0,-0.08212022,-0.78247726,-4.765080063862115e-07,0.00026307383086532354,0.0002630742674227804,7e267c0bf303542b
2,day2_n8_softmax_seed44,44,118,1,False,False,True,0.8072,0.0,-0.47780848,0.88934237,-9.807146170714987e-07,0.0002662565966602415,0.0002662584010977298,7e267c0bf303542b
2,day2_n8_softmax_seed44,44,118,2,False,False,True,0.8076,0.0,1.1751143,0.2657764,-1.1468021057225997e-06,0.00027065916219726205,0.0002706616069190204,7e267c0bf303542b
2,day2_n8_softmax_seed44,44,118,3,False,False,True,0.8088,0.0,-0.18413043,-0.26804888,-8.133040978464123e-07,0.0002579459978733212,0.00025794730754569173,7e267c0bf303542b
2,day2_n8_softmax_seed44,44,118,4,False,False,True,0.8066,0.0,-0.1542603,0.20195308,-5.015872872604632e-08,0.00025574228493496776,0.0002557423140387982,7e267c0bf303542b
2,day2_n8_softmax_seed44,44,118,5,False,False,True,0.815,0.0,-0.1419732,-0.21140286,-1.2805467122234404e-06,0.00026216916739940643,0.0002621722815092653,7e267c0bf303542b
2,day2_n8_softmax_seed44,44,118,6,False,False,True,0.8016,0.0,-0.030828403,-0.13325687,-1.2397562159094377e-06,0.0002568250638432801,0.0002568280615378171,7e267c0bf303542b
2,day2_n8_softmax_seed44,44,118,7,False,False,True,0.8098,0.0,-0.10399288,0.038114946,-5.054058647147031e-07,0.0002499839465599507,0.0002499844413250685,7e267c0bf303542b
2,day2_n8_softmax_seed44,44,119,0,False,False,True,0.8156,0.0,-0.23058818,-0.9560412,-1.3655666464273963e-07,0.00026431039441376925,0.0002643104235175997,7e267c0bf303542b
2,day2_n8_softmax_seed44,44,119,1,False,False,True,0.8062,0.0,-0.35116538,0.2254218,3.3706908197927987e-07,0.00026145632728002965,0.00026145653100684285,7e267c0bf303542b
2,day2_n8_softmax_seed44,44,119,2,False,False,True,0.8126,0.0,-0.02591051,0.0059604733,-4.7380800083374197e-07,0.0002584010944701731,0.00025840153102762997,7e267c0bf303542b
2,day2_n8_softmax_seed44,44,119,3,False,False,True,0.8158,0.0,-0.059918992,-0.16080086,-1.343555595667567e-07,0.0002533683436922729,0.00025336837279610336,7e267c0bf303542b
2,day2_n8_softmax_seed44,44,119,4,False,False,True,0.807,0.0,-0.23272665,0.8109698,-1.1120000920072926e-07,0.0002635532582644373,0.0002635532873682678,7e267c0bf303542b
2,day2_n8_softmax_seed44,44,119,5,False,False,True,0.8014,0.0,-0.25148326,0.023982361,3.015597727085151e-08,0.000261145323747769,0.000261145323747769,7e267c0bf303542b
2,day2_n8_softmax_seed44,44,119,6,False,False,True,0.8134,0.0,1.1902826,0.037384883,-6.541054062836338e-07,0.00027219520416110754,0.00027219598996452987,7e267c0bf303542b
2,day2_n8_softmax_seed44,44,119,7,False,False,True,0.8088,0.0,-0.03848933,0.013121977,-3.4249819691467565e-07,0.000255381892202422,0.0002553821250330657,7e267c0bf303542b
2,day2_n8_softmax_seed44,44,120,0,False,False,True,0.8136,0.0,1.2318662,-0.15051499,-7.898881335677288e-07,0.0002800689544528723,0.0002800700895022601,7e267c0bf303542b
2,day2_n8_softmax_seed44,44,120,1,False,False,True,0.808,0.0,-0.06057913,0.881536,-4.79140851439297e-07,0.00027155785937793553,0.0002715582959353924,7e267c0bf303542b
2,day2_n8_softmax_seed44,44,120,2,False,False,True,0.8094,0.0,-0.15339932,0.051354855,-2.4644771201565163e-07,0.00026537798112258315,0.00026537812664173543,7e267c0bf303542b
2,day2_n8_softmax_seed44,44,120,3,False,False,True,0.8076,0.0,-0.08170468,-0.009853316,6.239225172066654e-07,0.0002681724727153778,0.0002681732003111392,7e267c0bf303542b
2,day2_n8_softmax_seed44,44,120,4,False,False,True,0.8126,0.0,-0.34263426,0.3085661,4.3108137504077604e-08,0.00026940583484247327,0.0002694058639463037,7e267c0bf303542b
2,day2_n8_softmax_seed44,44,120,5,False,False,True,0.8098,0.0,-0.36593696,-0.9130559,1.9418560270878515e-07,0.00027230248088017106,0.000272302539087832,7e267c0bf303542b
2,day2_n8_softmax_seed44,44,120,6,False,False,True,0.8022,0.0,-0.13078181,-0.036033295,-1.1734825875464594e-06,0.000260239583440125,0.00026024223188869655,7e267c0bf303542b
2,day2_n8_softmax_seed44,44,120,7,False,False,True,0.8108,0.0,-0.09683059,-0.13199987,-5.497843176271999e-07,0.00025555724278092384,0.00025555785396136343,7e267c0bf303542b
2,day2_n8_softmax_seed44,44,121,0,False,False,True,0.8154,0.0,-0.10058515,-0.0018033654,-5.387715873439447e-07,0.0002722579811234027,0.0002722585340961814,7e267c0bf303542b
2,day2_n8_softmax_seed44,44,121,1,False,False,True,0.8028,0.0,-0.33103055,-0.7088607,3.353750628320995e-07,0.0002717458992265165,0.00027174613205716014,7e267c0bf303542b
2,day2_n8_softmax_seed44,44,121,2,False,False,True,0.8128,0.0,-0.1513102,0.0188684,-8.413821319663839e-07,0.00026557117234915495,0.00026557251112535596,7e267c0bf303542b
2,day2_n8_softmax_seed44,44,121,3,False,False,True,0.8108,0.0,-0.34128648,-0.2571253,2.7809591074401396e-07,0.00026872061425819993,0.00026872073067352176,7e267c0bf303542b
2,day2_n8_softmax_seed44,44,121,4,False,False,True,0.8144,0.0,1.2516692,-0.07320469,-1.1266093906669994e-06,0.0002851044700946659,0.0002851066819857806,7e267c0bf303542b
2,day2_n8_softmax_seed44,44,121,5,False,False,True,0.8046,0.0,-0.21811204,1.0830679,-8.084686555775988e-07,0.00027386556030251086,0.0002738667535595596,7e267c0bf303542b
2,day2_n8_softmax_seed44,44,121,6,False,False,True,0.8106,0.0,-0.02433546,0.048507676,-1.6972757066469057e-07,0.00026272141258232296,0.00026272147078998387,7e267c0bf303542b
2,day2_n8_softmax_seed44,44,121,7,False,False,True,0.8044,0.0,-0.08500964,-0.109449595,-7.280344220816914e-07,0.0002569037606008351,0.00025690477923490107,7e267c0bf303542b
2,day2_n8_softmax_seed44,44,122,0,False,False,True,0.8126,0.0,0.2859312,1.0719323,-1.819272199554689e-07,0.00027275964384898543,0.0002727596729528159,7e267c0bf303542b
2,day2_n8_softmax_seed44,44,122,1,False,False,True,0.8064,0.0,-0.25959235,-0.124824755,6.355278969749634e-08,0.00026725963107310236,0.00026725963107310236,7e267c0bf303542b
2,day2_n8_softmax_seed44,44,122,2,False,False,True,0.811,0.0,1.0837618,-0.536011,2.792779127958056e-07,0.0002747003745753318,0.0002747005200944841,7e267c0bf303542b
2,day2_n8_softmax_seed44,44,122,3,False,False,True,0.8106,0.0,-0.31297895,0.015100379,1.5650158502467093e-07,0.0002634381235111505,0.0002634381817188114,7e267c0bf303542b
2,day2_n8_softmax_seed44,44,122,4,False,False,True,0.812,0.0,-0.36744598,-0.5032997,3.4403493032186816e-07,0.0002711642300710082,0.0002711644337978214,7e267c0bf303542b
2,day2_n8_softmax_seed44,44,122,5,False,False,True,0.8098,0.0,-0.42863816,-0.13167989,-2.0017550639295223e-07,0.0002697122108656913,0.0002697122981771827,7e267c0bf303542b
2,day2_n8_softmax_seed44,44,122,6,False,False,True,0.8128,0.0,0.10644731,0.12992285,-1.0075139300624869e-07,0.0002706543018575758,0.0002706543600652367,7e267c0bf303542b
2,day2_n8_softmax_seed44,44,122,7,False,False,True,0.8066,0.0,-0.107485354,0.07885974,-2.136483061576655e-07,0.0002637417346704751,0.0002637418219819665,7e267c0bf303542b
2,day2_n8_softmax_seed44,44,123,0,False,False,True,0.8114,0.0,0.2726327,-0.5289025,4.734603749056987e-07,0.00027759597287513316,0.00027759638032875955,7e267c0bf303542b
2,day2_n8_softmax_seed44,44,123,1,False,False,True,0.8124,0.0,-1.2935227,0.14855483,-2.3013600980448246e-07,0.00029306343640200794,0.0002930635237134993,7e267c0bf303542b
2,day2_n8_softmax_seed44,44,123,2,False,False,True,0.8124,0.0,0.12168426,-0.3079736,-2.133307646090543e-07,0.00027344937552697957,0.00027344946283847094,7e267c0bf303542b
2,day2_n8_softmax_seed44,44,123,3,False,False,True,0.8104,0.0,0.37618768,1.1653287,-6.371518566083978e-07,0.0002823480754159391,0.0002823488030117005,7e267c0bf303542b
2,day2_n8_softmax_seed44,44,123,4,False,False,True,0.8166,0.0,0.054638077,-0.158641,-2.679736326172133e-07,0.00027191275148652494,0.00027191286790184677,7e267c0bf303542b
2,day2_n8_softmax_seed44,44,123,5,False,False,True,0.815,0.0,0.19242701,-0.24881272,-8.040822763177857e-08,0.0002749909181147814,0.0002749909181147814,7e267c0bf303542b
2,day2_n8_softmax_seed44,44,123,6,False,False,True,0.8074,0.0,0.12419683,-0.09251583,-3.0498603109663236e-07,0.0002651130489539355,0.00026511322357691824,7e267c0bf303542b
2,day2_n8_softmax_seed44,44,123,7,False,False,True,0.8086,0.0,0.15175582,0.022962213,-7.74358213107007e-08,0.00026723192422650754,0.000267231953330338,7e267c0bf303542b
2,day2_n8_softmax_seed44,44,124,0,False,False,True,0.8144,0.0,0.046516113,0.07709596,1.2493242707023455e-07,0.000274852616712451,0.000274852616712451,7e267c0bf303542b
2,day2_n8_softmax_seed44,44,124,1,False,False,True,0.8064,0.0,0.42237452,-1.1828293,3.435899884607352e-07,0.0002843549882527441,0.0002843551919795573,7e267c0bf303542b
2,day2_n8_softmax_seed44,44,124,2,False,False,True,0.8122,0.0,-1.2187215,-0.21886826,-7.259716738872157e-08,0.00028522740467451513,0.0002852274337783456,7e267c0bf303542b
2,day2_n8_softmax_seed44,44,124,3,False,False,True,0.813,0.0,0.44724968,0.36167198,-2.708380577587377e-07,0.00027692291769199073,0.00027692303410731256,7e267c0bf303542b
2,day2_n8_softmax_seed44,44,124,4,False,False,True,0.8148,0.0,0.07062688,0.14238876,1.3704369905553904e-07,0.0002731163112912327,0.00027311634039506316,7e267c0bf303542b
2,day2_n8_softmax_seed44,44,124,5,False,False,True,0.8088,0.0,0.13897505,0.30653024,-7.534965789091075e-07,0.00027697786572389305,0.00027697888435795903,7e267c0bf303542b
2,day2_n8_softmax_seed44,44,124,6,False,False,True,0.814,0.0,0.019802881,0.4263737,-1.0296741947968258e-06,0.0002801384252961725,0.0002801403170451522,7e267c0bf303542b
2,day2_n8_softmax_seed44,44,124,7,False,False,True,0.813,0.0,0.073177755,0.08763729,6.851087164250202e-08,0.00027016495005227625,0.00027016495005227625,7e267c0bf303542b
2,day2_n8_softmax_seed44,44,125,0,False,False,True,0.8106,0.0,0.14857759,0.102202825,-7.566193858110637e-07,0.00027949572540819645,0.0002794967731460929,7e267c0bf303542b
2,day2_n8_softmax_seed44,44,125,1,False,False,True,0.807,0.0,-1.276371,-0.3211026,-5.076640832157864e-07,0.0002917411911766976,0.00029174162773415446,7e267c0bf303542b
2,day2_n8_softmax_seed44,44,125,2,False,False,True,0.8124,0.0,0.12468928,0.34794036,-1.0463506328051153e-07,0.0002779553469736129,0.00027795537607744336,7e267c0bf303542b
2,day2_n8_softmax_seed44,44,125,3,False,False,True,0.8088,0.0,0.105091594,0.11148886,-1.2611291140274261e-06,0.00027297926135361195,0.0002729821717366576,7e267c0bf303542b
2,day2_n8_softmax_seed44,44,125,4,False,False,True,0.8108,0.0,0.10819863,0.50537753,-9.107393452723045e-07,0.00027886766474694014,0.00027886914904229343,7e267c0bf303542b
2,day2_n8_softmax_seed44,44,125,5,False,False,True,0.8132,0.0,0.5130802,-1.1256951,-6.582130254173535e-07,0.00028511654818430543,0.0002851173048838973,7e267c0bf303542b
2,day2_n8_softmax_seed44,44,125,6,False,False,True,0.8122,0.0,0.16919541,0.0310942,-2.971778485516552e-07,0.0002790565195027739,0.00027905666502192616,7e267c0bf303542b
2,day2_n8_softmax_seed44,44,125,7,False,False,True,0.8064,0.0,0.107538305,0.3486933,-6.113660901974072e-07,0.00027362789842300117,0.00027362859691493213,7e267c0bf303542b
2,day2_n8_softmax_seed44,44,126,0,False,False,True,0.8176,0.0,0.15867305,-1.1032717,-3.21021673244104e-07,0.0002871440374292433,0.00028714421205222607,7e267c0bf303542b
2,day2_n8_softmax_seed44,44,126,1,False,False,True,0.81,0.0,-1.2984586,0.13174593,-2.555707112605887e-07,0.0002940848935395479,0.0002940849808510393,7e267c0bf303542b
2,day2_n8_softmax_seed44,44,126,2,False,False,True,0.813,0.0,0.24389075,0.18767315,-1.054776930686785e-06,0.0002843043184839189,0.0002843062684405595,7e267c0bf303542b
2,day2_n8_softmax_seed44,44,126,3,False,False,True,0.8104,0.0,0.37028608,0.16992503,-3.073835443956341e-07,0.00028652852051891387,0.00028652866603806615,7e267c0bf303542b
2,day2_n8_softmax_seed44,44,126,4,False,False,True,0.8092,0.0,0.15648721,0.15377998,-8.26900077299797e-07,0.0002821532543748617,0.0002821544767357409,7e267c0bf303542b
2,day2_n8_softmax_seed44,44,126,5,False,False,True,0.8038,0.0,0.29571807,0.7544683,-6.159035024211335e-07,0.0002859459782484919,0.0002859466476365924,7e267c0bf303542b
2,day2_n8_softmax_seed44,44,126,6,False,False,True,0.8104,0.0,0.0006487334,-0.16187507,-8.63036120790639e-07,0.00028218806255608797,0.0002821893722284585,7e267c0bf303542b
2,day2_n8_softmax_seed44,44,126,7,False,False,True,0.8128,0.0,0.07275467,-0.13244581,-1.6803674895982113e-07,0.00027673362637870014,0.0002767336554825306,7e267c0bf303542b
2,day2_n8_softmax_seed44,44,127,0,False,False,True,0.8092,0.0,0.27834812,0.043123744,3.120055112049158e-07,0.0002879545500036329,0.00028795472462661564,7e267c0bf303542b
2,day2_n8_softmax_seed44,44,127,1,False,False,True,0.809,0.0,0.9151772,0.722751,-1.2928504133924434e-07,0.0002923310094047338,0.00029233103850856423,7e267c0bf303542b
2,day2_n8_softmax_seed44,44,127,2,False,False,True,0.8198,0.0,-0.100281805,-0.014809199,-7.665374255338975e-07,0.0002856467617675662,0.00028564775129780173,7e267c0bf303542b
2,day2_n8_softmax_seed44,44,127,3,False,False,True,0.8072,0.0,-1.0451021,0.6730128,-1.0461446890985826e-06,0.00029381082276813686,0.0002938126854132861,7e267c0bf303542b
2,day2_n8_softmax_seed44,44,127,4,False,False,True,0.813,0.0,-0.011481571,-0.9433173,3.330473248297494e-07,0.00028942275093868375,0.00028942295466549695,7e267c0bf303542b
2,day2_n8_softmax_seed44,44,127,5,False,False,True,0.8106,0.0,-0.025464961,-0.14615779,-6.119242357272014e-07,0.00028356819530017674,0.0002835688355844468,7e267c0bf303542b
2,day2_n8_softmax_seed44,44,127,6,False,False,True,0.808,0.0,-0.04766013,-0.31003276,-6.280920956669434e-07,0.00027979776496067643,0.00027979849255643785,7e267c0bf303542b
2,day2_n8_softmax_seed44,44,127,7,False,False,True,0.8058,0.0,0.03646444,-0.024570568,6.058782275886188e-08,0.0002765175886452198,0.0002765175886452198,7e267c0bf303542b
2,day2_n8_softmax_seed44,44,128,0,False,False,True,0.8092,0.0,-0.28317258,1.1894298,-9.104319076413958e-08,0.0002966812753584236,0.00029668130446225405,7e267c0bf303542b
2,day2_n8_softmax_seed44,44,128,1,False,False,True,0.8056,0.0,1.3722216,0.07224065,-6.841941058155498e-07,0.00030559548758901656,0.0003055962733924389,7e267c0bf303542b
2,day2_n8_softmax_seed44,44,128,2,False,False,True,0.8126,0.0,-0.23517644,-0.39899483,-9.62271997195785e-07,0.0002961465797852725,0.00029614815139211714,7e267c0bf303542b
2,day2_n8_softmax_seed44,44,128,3,False,False,True,0.8144,0.0,-0.2406469,-0.5850273,-8.652679639453709e-08,0.0002955709642264992,0.0002955709642264992,7e267c0bf303542b
2,day2_n8_softmax_seed44,44,128,4,False,False,True,0.8124,0.0,-0.0778844,-0.33943653,-3.5181889757041063e-07,0.00029189043561927974,0.00029189063934609294,7e267c0bf303542b
2,day2_n8_softmax_seed44,44,128,5,False,False,True,0.8096,0.0,-0.2014083,-0.05914624,3.053594070934196e-07,0.00029155652737244964,0.0002915566728916019,7e267c0bf303542b
2,day2_n8_softmax_seed44,44,128,6,False,False,True,0.8134,0.0,-0.10665354,-0.06465363,-9.458233307668706e-08,0.0002866354479920119,0.0002866354479920119,7e267c0bf303542b
2,day2_n8_softmax_seed44,44,128,7,False,False,True,0.8108,0.0,-0.22727951,0.18558803,-5.51648952296091e-07,0.00028793970705009997,0.0002879402309190482,7e267c0bf303542b
2,day2_n8_softmax_seed44,44,129,0,False,False,True,0.8094,0.0,1.3930798,0.19030152,-8.068177521636244e-07,0.00031673902412876487,0.0003167400718666613,7e267c0bf303542b
2,day2_n8_softmax_seed44,44,129,1,False,False,True,0.807,0.0,-0.32489923,-0.14424609,4.958991439707461e-07,0.0003005159960594028,0.0003005164035130292,7e267c0bf303542b
2,day2_n8_softmax_seed44,44,129,2,False,False,True,0.8182,0.0,-0.26479495,-0.2628455,-3.203276222052409e-08,0.0002962293801829219,0.00029622935107909143,7e267c0bf303542b
2,day2_n8_softmax_seed44,44,129,3,False,False,True,0.8154,0.0,-0.07552861,-0.35704452,-2.0234866227042403e-08,0.000293788849376142,0.000293788849376142,7e267c0bf303542b
2,day2_n8_softmax_seed44,44,129,4,False,False,True,0.8084,0.0,-0.40919915,1.2848783,1.0338295624023885e-06,0.00030585916829295456,0.0003058608854189515,7e267c0bf303542b
2,day2_n8_softmax_seed44,44,129,5,False,False,True,0.8142,0.0,-0.21181023,-0.5031107,-5.266269909043331e-07,0.0002995837712660432,0.0002995842369273305,7e267c0bf303542b
2,day2_n8_softmax_seed44,44,129,6,False,False,True,0.809,0.0,-0.043256965,-0.12557137,-6.437314254981175e-07,0.000288338924292475,0.00028833962278440595,7e267c0bf303542b
2,day2_n8_softmax_seed44,44,129,7,False,False,True,0.8084,0.0,-0.06358968,-0.08236202,-1.0374093051268574e-07,0.00028956294408999383,0.0002895629731938243,7e267c0bf303542b
2,day2_n8_softmax_seed44,44,130,0,False,False,True,0.8148,0.0,-0.025587842,-0.27282536,-5.237267259872169e-07,0.00029370319680310786,0.0002937036333605647,7e267c0bf303542b
2,day2_n8_softmax_seed44,44,130,1,False,False,True,0.804,0.0,1.2275909,0.7055551,-6.193889703354216e-07,0.00032053925679065287,0.00032053986797109246,7e267c0bf303542b
2,day2_n8_softmax_seed44,44,130,2,False,False,True,0.8158,0.0,-0.24881999,-0.4873566,-1.1316667496430455e-06,0.0003061455790884793,0.0003061476454604417,7e267c0bf303542b
2,day2_n8_softmax_seed44,44,130,3,False,False,True,0.812,0.0,-0.026010951,-0.22069238,-2.454536911500327e-07,0.00029465268016792834,0.0002946527674794197,7e267c0bf303542b
2,day2_n8_softmax_seed44,44,130,4,False,False,True,0.8134,0.0,-0.057342306,-0.2249388,-4.920631795357622e-07,0.00030318149947561324,0.00030318190692923963,7e267c0bf303542b
2,day2_n8_softmax_seed44,44,130,5,False,False,True,0.8124,0.0,-0.012580379,-0.3527889,-8.860477009875467e-07,0.00029621011344715953,0.00029621145222336054,7e267c0bf303542b
2,day2_n8_softmax_seed44,44,130,6,False,False,True,0.8118,0.0,-0.90990216,1.1036985,-8.738760470805573e-07,0.0003179583582095802,0.00031795958057045937,7e267c0bf303542b
2,day2_n8_softmax_seed44,44,130,7,False,False,True,0.812,0.0,0.052651733,-0.25065133,2.1555929663463758e-07,0.00029884037212468684,0.0002988404594361782,7e267c0bf303542b
2,day2_n8_softmax_seed44,44,131,0,False,False,True,0.8118,0.0,0.24561486,-0.39334604,9.497631481281132e-07,0.00030555081320926547,0.00030555229750461876,7e267c0bf303542b
2,day2_n8_softmax_seed44,44,131,1,False,False,True,0.8102,0.0,0.2683933,-0.23595889,-1.1725802551154629e-07,0.0003023458702955395,0.00030234589939936996,7e267c0bf303542b
2,day2_n8_softmax_seed44,44,131,2,False,False,True,0.8116,0.0,0.28898796,-0.30419648,-1.0290392538081505e-06,0.0003072249819524586,0.0003072266699746251,7e267c0bf303542b
2,day2_n8_softmax_seed44,44,131,3,False,False,True,0.8134,0.0,0.25843602,1.3572067,-4.3038372865567e-08,0.0003090626560151577,0.00030906262691132724,7e267c0bf303542b
2,day2_n8_softmax_seed44,44,131,4,False,False,True,0.8154,0.0,0.26233974,-0.29143146,-9.454501537220494e-08,0.00030107962084002793,0.0003010796499438584,7e267c0bf303542b
2,day2_n8_softmax_seed44,44,131,5,False,False,True,0.8098,0.0,0.22462328,-0.12164079,-2.5657584501459496e-07,0.0003014261892531067,0.00030142630566842854,7e267c0bf303542b
2,day2_n8_softmax_seed44,44,131,6,False,False,True,0.8004,0.0,-1.7508718,-0.0015511523,-1.3308633128872316e-07,0.0003979131579399109,0.00039791318704374135,7e267c0bf303542b
2,day2_n8_softmax_seed44,44,131,7,False,False,True,0.8128,0.0,0.20247748,-0.009082257,-5.843195367560838e-07,0.0002904374850913882,0.00029043806716799736,7e267c0bf303542b
2,day2_n8_softmax_seed44,44,132,0,False,False,True,0.814,0.0,-0.87324804,-1.0171676,-1.9794926231497811e-07,0.00031272487831301987,0.00031272490741685033,7e267c0bf303542b
2,day2_n8_softmax_seed44,44,132,1,False,False,True,0.8062,0.0,1.224487,-0.6769166,3.951395228796173e-07,0.0003150247212033719,0.00031502495403401554,7e267c0bf303542b
2,day2_n8_softmax_seed44,44,132,2,False,False,True,0.8102,0.0,0.0607908,0.72942436,3.1483079965255456e-07,0.00030672037973999977,0.0003067205543629825,7e267c0bf303542b
2,day2_n8_softmax_seed44,44,132,3,False,False,True,0.8124,0.0,-0.1817063,0.1973151,8.068047918641241e-08,0.00030589240486733615,0.00030589240486733615,7e267c0bf303542b
2,day2_n8_softmax_seed44,44,132,4,False,False,True,0.815,0.0,0.03543346,0.1288534,-3.1132361755226157e-07,0.00030167680233716965,0.00030167694785632193,7e267c0bf303542b
2,day2_n8_softmax_seed44,44,132,5,False,False,True,0.8106,0.0,-0.15215999,0.37956166,-6.401675136658014e-07,0.00030629485263489187,0.00030629555112682283,7e267c0bf303542b
2,day2_n8_softmax_seed44,44,132,6,False,False,True,0.8122,0.0,-0.056070283,0.15887748,-3.903282106421102e-07,0.0002977611147798598,0.0002977613767143339,7e267c0bf303542b
2,day2_n8_softmax_seed44,44,132,7,False,False,True,0.8092,0.0,-0.057527784,0.1000525,-7.17131626970513e-07,0.0002977078838739544,0.0002977087569888681,7e267c0bf303542b
2,day2_n8_softmax_seed44,44,133,0,False,False,True,0.8132,0.0,-0.15364483,0.020495392,-2.0106426745769568e-07,0.0002969627967104316,0.0002969628549180925,7e267c0bf303542b
2,day2_n8_softmax_seed44,44,133,1,False,False,True,0.8124,0.0,-0.4840653,-1.2126228,-1.6697464388926164e-07,0.0003119690518360585,0.00031196908093988895,7e267c0bf303542b
2,day2_n8_softmax_seed44,44,133,2,False,False,True,0.8144,0.0,-0.30119616,0.6217332,-4.0299320858139254e-07,0.00030908180633559823,0.00030908206827007234,7e267c0bf303542b
2,day2_n8_softmax_seed44,44,133,3,False,False,True,0.8076,0.0,0.053107597,0.5686766,-7.761216807011806e-07,0.0003111978876404464,0.0003111988480668515,7e267c0bf303542b
2,day2_n8_softmax_seed44,44,133,4,False,False,True,0.8162,0.0,-0.22536124,0.079027094,3.575125617771846e-08,0.000307604786939919,0.00030760475783608854,7e267c0bf303542b
2,day2_n8_softmax_seed44,44,133,5,False,False,True,0.8106,0.0,1.3850787,-0.27194616,-1.1892652764800005e-06,0.00031780439894646406,0.00031780663994140923,7e267c0bf303542b
2,day2_n8_softmax_seed44,44,133,6,False,False,True,0.8142,0.0,-0.09129107,0.035527166,-7.990772132870916e-07,0.000293393328320235,0.0002933944051619619,7e267c0bf303542b
2,day2_n8_softmax_seed44,44,133,7,False,False,True,0.8112,0.0,-0.1826271,0.15910988,-5.474419708662026e-07,0.0003002931480295956,0.0003002936427947134,7e267c0bf303542b
2,day2_n8_softmax_seed44,44,134,0,False,False,True,0.8182,0.0,0.3211034,0.080690324,-6.002017016726313e-07,0.00031206783023662865,0.00031206844141706824,7e267c0bf303542b
2,day2_n8_softmax_seed44,44,134,1,False,False,True,0.8096,0.0,-1.1017333,0.9013792,1.9849940713356773e-07,0.0003158657345920801,0.00031586579279974103,7e267c0bf303542b
2,day2_n8_softmax_seed44,44,134,2,False,False,True,0.8116,0.0,-0.6572916,-1.1737578,7.85945033499047e-08,0.00031387325725518167,0.0003138732281513512,7e267c0bf303542b
2,day2_n8_softmax_seed44,44,134,3,False,False,True,0.8102,0.0,0.14240484,-0.19098878,-6.221508783710306e-07,0.00030930901993997395,0.00030930963112041354,7e267c0bf303542b
2,day2_n8_softmax_seed44,44,134,4,False,False,True,0.809,0.0,0.3510969,0.09720465,-1.0131366252608132e-06,0.0003105137438979,0.00031051537371240556,7e267c0bf303542b
2,day2_n8_softmax_seed44,44,134,5,False,False,True,0.811,0.0,0.6322423,0.28158697,-9.423079063708428e-07,0.00031349476194009185,0.00031349618802778423,7e267c0bf303542b
2,day2_n8_softmax_seed44,44,134,6,False,False,True,0.808,0.0,0.25081962,0.05525454,-1.27615621181576e-07,0.000308221293380484,0.000308221293380484,7e267c0bf303542b
2,day2_n8_softmax_seed44,44,134,7,False,False,True,0.8088,0.0,0.06135903,-0.051370345,-1.9910464743588818e-07,0.0002995335671585053,0.0002995336544699967,7e267c0bf303542b
2,day2_n8_softmax_seed44,44,135,0,False,False,True,0.8218,0.0,-0.17701553,0.41464457,-4.826387112188968e-07,0.0003172873111907393,0.0003172876313328743,7e267c0bf303542b
2,day2_n8_softmax_seed44,44,135,1,False,False,True,0.814,0.0,1.4712698,-0.20616895,-3.4260736470059783e-07,0.0003309095336589962,0.00033090970828197896,7e267c0bf303542b
2,day2_n8_softmax_seed44,44,135,2,False,False,True,0.82,0.0,-0.40411806,-1.3549463,-4.5509099777518713e-07,0.0003230732982046902,0.00032307361834682524,7e267c0bf303542b
2,day2_n8_softmax_seed44,44,135,3,False,False,True,0.8106,0.0,-0.121014446,0.36362612,-5.291094566928223e-07,0.0003117163432762027,0.00031171677983365953,7e267c0bf303542b
2,day2_n8_softmax_seed44,44,135,4,False,False,True,0.8156,0.0,-0.10273669,0.30294487,-8.159572644217405e-07,0.00031185304396785796,0.00031185412080958486,7e267c0bf303542b
2,day2_n8_softmax_seed44,44,135,5,False,False,True,0.81,0.0,-0.25445426,0.23241076,-6.647430268458265e-07,0.0003149290569126606,0.0003149297263007611,7e267c0bf303542b
2,day2_n8_softmax_seed44,44,135,6,False,False,True,0.8134,0.0,-0.24261333,-0.07285302,-2.2868503890549619e-07,0.0003120718174614012,0.0003120719047728926,7e267c0bf303542b
2,day2_n8_softmax_seed44,44,135,7,False,False,True,0.8066,0.0,-0.16931717,0.32034087,2.919539099366375e-07,0.00030970663647167385,0.0003097067528869957,7e267c0bf303542b
2,day2_n8_softmax_seed44,44,136,0,False,False,True,0.813,0.0,0.68988407,-0.5860567,4.183530961654469e-07,0.00033044550218619406,0.00033044576412066817,7e267c0bf303542b
2,day2_n8_softmax_seed44,44,136,1,False,False,True,0.8136,0.0,0.27119857,-0.8457611,1.0231215128442273e-06,0.0003293944173492491,0.0003293959889560938,7e267c0bf303542b
2,day2_n8_softmax_seed44,44,136,2,False,False,True,0.81,0.0,0.88291353,0.53247774,-2.2186165793414148e-08,0.0003310017636977136,0.0003310017636977136,7e267c0bf303542b
2,day2_n8_softmax_seed44,44,136,3,False,False,True,0.8108,0.0,-0.3311397,0.55273503,-5.964492402199539e-07,0.0003274478658568114,0.0003274483897257596,7e267c0bf303542b
2,day2_n8_softmax_seed44,44,136,4,False,False,True,0.8152,0.0,-0.18269923,0.672269,1.8790295541748492e-07,0.00032767499214969575,0.00032767505035735667,7e267c0bf303542b
2,day2_n8_softmax_seed44,44,136,5,False,False,True,0.809,0.0,-1.0399445,-0.4533953,-4.3323723275534576e-07,0.0003326221485622227,0.0003326224396005273,7e267c0bf303542b
2,day2_n8_softmax_seed44,44,136,6,False,False,True,0.8116,0.0,-0.122594506,0.42885086,1.9232822978665354e-07,0.00032761978218331933,0.0003276198112871498,7e267c0bf303542b
2,day2_n8_softmax_seed44,44,136,7,False,False,True,0.8112,0.0,-0.1676181,-0.3011189,-2.7615712383521895e-07,0.0003222818486392498,0.00032228196505457163,7e267c0bf303542b
2,day2_n8_softmax_seed44,44,137,0,False,False,True,0.809,0.0,-0.066604845,-0.1656352,-5.735481067858927e-07,0.00033265387173742056,0.0003326543665025383,7e267c0bf303542b
2,day2_n8_softmax_seed44,44,137,1,False,False,True,0.8052,0.0,-0.30547705,0.30716506,4.1616709722802625e-07,0.0003268106665927917,0.00032681089942343533,7e267c0bf303542b
2,day2_n8_softmax_seed44,44,137,2,False,False,True,0.81,0.0,-0.23878765,0.34773833,-6.247876740417269e-07,0.0003277709474787116,0.00032777152955532074,7e267c0bf303542b
2,day2_n8_softmax_seed44,44,137,3,False,False,True,0.8082,0.0,1.5441082,-0.140999,-1.2638164434974897e-06,0.0003485039051156491,0.0003485062043182552,7e267c0bf303542b
2,day2_n8_softmax_seed44,44,137,4,False,False,True,0.816,0.0,-0.12708639,0.5592717,-6.447057785408106e-07,0.0003271549066994339,0.00032715554698370397,7e267c0bf303542b
2,day2_n8_softmax_seed44,44,137,5,False,False,True,0.8074,0.0,-0.2128744,0.3332984,-7.41125688819011e-07,0.0003315709764137864,0.0003315717913210392,7e267c0bf303542b
2,day2_n8_softmax_seed44,44,137,6,False,False,True,0.8056,0.0,-0.4004049,-1.3793318,-7.660766527806118e-07,0.00033442623680457473,0.0003344271390233189,7e267c0bf303542b
2,day2_n8_softmax_seed44,44,137,7,False,False,True,0.8108,0.0,-0.1928733,0.13849182,2.0715103232760157e-07,0.000318184174830094,0.0003181842330377549,7e267c0bf303542b
2,day2_n8_softmax_seed44,44,138,0,False,False,True,0.8122,0.0,0.057194468,0.54105294,-4.079541611190507e-07,0.00033292712760157883,0.0003329274186398834,7e267c0bf303542b
2,day2_n8_softmax_seed44,44,138,1,False,False,True,0.8116,0.0,-0.074842304,-0.41049436,-8.079661029114504e-07,0.0003258587094023824,0.0003258596989326179,7e267c0bf303542b
2,day2_n8_softmax_seed44,44,138,2,False,False,True,0.8088,0.0,1.3381215,0.554821,-9.674631655798294e-07,0.0003390587808098644,0.00033906014868989587,7e267c0bf303542b
2,day2_n8_softmax_seed44,44,138,3,False,False,True,0.8172,0.0,0.04664435,-0.7784232,-4.1075031731452327e-07,0.00033010795596055686,0.000330108217895031,7e267c0bf303542b
2,day2_n8_softmax_seed44,44,138,4,False,False,True,0.8044,0.0,-0.095816255,-0.45844495,-1.123228116739483e-06,0.00032698840368539095,0.0003269903245382011,7e267c0bf303542b
2,day2_n8_softmax_seed44,44,138,5,False,False,True,0.8122,0.0,-0.91040444,0.9758015,2.3111874725145753e-07,0.00033554271794855595,0.00033554277615621686,7e267c0bf303542b
2,day2_n8_softmax_seed44,44,138,6,False,False,True,0.816,0.0,-0.12920189,-0.21113235,-6.658876827714266e-07,0.00032744172494858503,0.00032744239433668554,7e267c0bf303542b
2,day2_n8_softmax_seed44,44,138,7,False,False,True,0.8086,0.0,-0.231696,-0.21317856,-4.674269575843937e-07,0.000324825057759881,0.0003248254070058465,7e267c0bf303542b
2,day2_n8_softmax_seed44,44,139,0,False,False,True,0.8108,0.0,-0.13934416,0.24628776,-4.480303061882296e-07,0.00032801221823319793,0.0003280125092715025,7e267c0bf303542b
2,day2_n8_softmax_seed44,44,139,1,False,False,True,0.8046,0.0,1.5622566,-0.106619105,-7.991994266376423e-07,0.00035351913538761437,0.000353520066710189,7e267c0bf303542b
2,day2_n8_softmax_seed44,44,139,2,False,False,True,0.8076,0.0,-0.42528307,0.33008042,2.7287941861686704e-07,0.00034016717108897865,0.0003401672875043005,7e267c0bf303542b
2,day2_n8_softmax_seed44,44,139,3,False,False,True,0.8096,0.0,-0.27806398,-1.3914384,-4.538241284990363e-07,0.0003407451731618494,0.00034074546420015395,7e267c0bf303542b
2,day2_n8_softmax_seed44,44,139,4,False,False,True,0.8042,0.0,-0.028106473,0.5289637,-6.553943876497215e-07,0.0003391583450138569,0.00033915898529812694,7e267c0bf303542b
2,day2_n8_softmax_seed44,44,139,5,False,False,True,0.8094,0.0,-0.2968261,-0.2563316,-7.251840088429162e-07,0.0003381594142410904,0.0003381601709406823,7e267c0bf303542b
2,day2_n8_softmax_seed44,44,139,6,False,False,True,0.8132,0.0,-0.25523534,0.14147314,-8.037550287554041e-07,0.0003264560073148459,0.00032645699684508145,7e267c0bf303542b
2,day2_n8_softmax_seed44,44,139,7,False,False,True,0.805,0.0,-0.13939725,0.5075835,1.617464420178294e-07,0.00033385472488589585,0.00033385472488589585,7e267c0bf303542b
2,day2_n8_softmax_seed44,44,140,0,False,False,True,0.811,0.0,-0.24499689,-0.2489648,-1.2084082356977888e-07,0.00033751665614545345,0.00033751665614545345,7e267c0bf303542b
2,day2_n8_softmax_seed44,44,140,1,False,False,True,0.7978,0.0,1.5865378,0.11183408,-8.77848691516192e-08,0.0003562104539014399,0.0003562104539014399,7e267c0bf303542b
2,day2_n8_softmax_seed44,44,140,2,False,False,True,0.8078,0.0,-0.3751813,1.4941635,-1.0411674793431303e-06,0.0003453391254879534,0.0003453406970947981,7e267c0bf303542b
2,day2_n8_softmax_seed44,44,140,3,False,False,True,0.807,0.0,-0.1639361,-0.39340487,4.787567036146356e-07,0.0003377959947101772,0.00033779634395614266,7e267c0bf303542b
2,day2_n8_softmax_seed44,44,140,4,False,False,True,0.8166,0.0,-0.15794557,-0.16976261,-3.929847025574418e-07,0.00033018068643286824,0.0003301809192635119,7e267c0bf303542b
2,day2_n8_softmax_seed44,44,140,5,False,False,True,0.8064,0.0,-0.3889246,-0.5079239,-5.652958634527749e-07,0.0003423420712351799,0.00034234250779263675,7e267c0bf303542b
2,day2_n8_softmax_seed44,44,140,6,False,False,True,0.8104,0.0,-0.18713334,-0.11576349,-1.1985639503109269e-06,0.0003305170394014567,0.00033051922218874097,7e267c0bf303542b
2,day2_n8_softmax_seed44,44,140,7,False,False,True,0.8106,0.0,-0.06842124,-0.17017822,5.080308369542763e-07,0.0003315940557513386,0.00033159443410113454,7e267c0bf303542b
2,day2_n8_softmax_seed44,44,141,0,False,False,True,0.8142,0.0,0.0746635,-0.058568425,5.988531484035775e-07,0.0003393777005840093,0.0003393782244529575,7e267c0bf303542b
2,day2_n8_softmax_seed44,44,141,1,False,False,True,0.8118,0.0,-1.5317479,-0.26888496,1.432734535455893e-07,0.00035383517388254404,0.00035383523209020495,7e267c0bf303542b
2,day2_n8_softmax_seed44,44,141,2,False,False,True,0.8062,0.0,0.39142397,0.26638073,3.987312258146858e-09,0.00034636163036338985,0.00034636163036338985,7e267c0bf303542b
2,day2_n8_softmax_seed44,44,141,3,False,False,True,0.8108,0.0,0.5324288,-1.4339513,3.280494809132506e-07,0.00034971252898685634,0.0003497127036098391,7e267c0bf303542b
2,day2_n8_softmax_seed44,44,141,4,False,False,True,0.8072,0.0,0.32882264,0.48601118,-7.67753761010681e-07,0.0003468301147222519,0.0003468309878371656,7e267c0bf303542b
2,day2_n8_softmax_seed44,44,141,5,False,False,True,0.8088,0.0,0.117430925,0.4596062,2.4214082827711536e-07,0.000345130218192935,0.0003451303346082568,7e267c0bf303542b
2,day2_n8_softmax_seed44,44,141,6,False,False,True,0.8074,0.0,0.08918308,0.42834374,-7.029498192423489e-07,0.00034049683017656207,0.00034049758687615395,7e267c0bf303542b
2,day2_n8_softmax_seed44,44,141,7,False,False,True,0.8016,0.0,-0.0022040082,0.12106306,-9.461612648919981e-07,0.00033565174089744687,0.0003356530796736479,7e267c0bf303542b
2,day2_n8_softmax_seed44,44,142,0,False,False,True,0.8118,0.0,-0.12786289,-0.07630582,-3.711579381615593e-07,0.0003487844951450825,0.00034878469887189567,7e267c0bf303542b
2,day2_n8_softmax_seed44,44,142,1,False,False,True,0.8026,0.0,1.5689526,-0.014885333,3.6657326063505025e-08,0.0003547917294781655,0.0003547917294781655,7e267c0bf303542b
2,day2_n8_softmax_seed44,44,142,2,False,False,True,0.8102,0.0,-0.23602727,-0.85215163,4.887559512667394e-08,0.0003499013255350292,0.0003499013255350292,7e267c0bf303542b
2,day2_n8_softmax_seed44,44,142,3,False,False,True,0.8054,0.0,-0.24264781,0.111593924,-5.427217786291294e-08,0.00033925831667147577,0.00033925831667147577,7e267c0bf303542b
2,day2_n8_softmax_seed44,44,142,4,False,False,True,0.8132,0.0,-0.4197693,-0.8353541,-8.396284556511091e-07,0.0003495684650260955,0.00034956945455633104,7e267c0bf303542b
2,day2_n8_softmax_seed44,44,142,5,False,False,True,0.8102,0.0,-0.115929045,0.42878684,-1.1924861098577821e-07,0.0003467448696028441,0.0003467448987066746,7e267c0bf303542b
2,day2_n8_softmax_seed44,44,142,6,False,False,True,0.8054,0.0,-0.41097945,1.1180845,-1.9746300949918805e-07,0.00035020557697862387,0.0003502056351862848,7e267c0bf303542b
2,day2_n8_softmax_seed44,44,142,7,False,False,True,0.8048,0.0,-0.015737182,0.12023121,3.1551405754726147e-07,0.0003285759303253144,0.00032857610494829714,7e267c0bf303542b
2,day2_n8_softmax_seed44,44,143,0,False,False,True,0.8196,0.0,1.5076675,0.30189794,-1.0125958169737714e-06,0.0003509949892759323,0.00035099644446745515,7e267c0bf303542b
2,day2_n8_softmax_seed44,44,143,1,False,False,True,0.8068,0.0,-0.13225873,-1.2186962,-1.229038161909557e-06,0.0003481873427517712,0.00034818952553905547,7e267c0bf303542b
2,day2_n8_softmax_seed44,44,143,2,False,False,True,0.8214,0.0,-0.28313032,0.61656666,-6.001861834192823e-07,0.000342651444952935,0.0003426519688218832,7e267c0bf303542b
2,day2_n8_softmax_seed44,44,143,3,False,False,True,0.8024,0.0,-0.061441083,-0.601491,3.2092520996229723e-07,0.0003452087694313377,0.00034520894405432045,7e267c0bf303542b
2,day2_n8_softmax_seed44,44,143,4,False,False,True,0.8128,0.0,-0.034313925,0.06475935,-4.0598479245090857e-07,0.00034041987964883447,0.0003404201124794781,7e267c0bf303542b
2,day2_n8_softmax_seed44,44,143,5,False,False,True,0.8088,0.0,-0.6440752,0.7085252,-3.334348974703971e-08,0.0003460486768744886,0.00034604870597831905,7e267c0bf303542b
2,day2_n8_softmax_seed44,44,143,6,False,False,True,0.8088,0.0,-0.27285308,0.051454812,-4.4134037580079166e-07,0.0003417950065340847,0.00034179529757238925,7e267c0bf303542b
2,day2_n8_softmax_seed44,44,143,7,False,False,True,0.8068,0.0,-0.07959515,0.07698225,-5.014501311961794e-07,0.00033034401712939143,0.00033034439547918737,7e267c0bf303542b
2,day2_n8_softmax_seed44,44,144,0,False,False,True,0.809,0.0,-0.12045521,0.1650144,-5.332760224519006e-07,0.0003473999095149338,0.0003474003460723907,7e267c0bf303542b
2,day2_n8_softmax_seed44,44,144,1,False,False,True,0.8058,0.0,1.3457712,-0.92552686,9.436902104198452e-08,0.00036537135019898415,0.00036537140840664506,7e267c0bf303542b
2,day2_n8_softmax_seed44,44,144,2,False,False,True,0.8148,0.0,-0.06645741,0.49201494,-3.070100831337186e-07,0.0003550080582499504,0.00035500817466527224,7e267c0bf303542b
2,day2_n8_softmax_seed44,44,144,3,False,False,True,0.81,0.0,-0.11216042,0.1397262,-5.174677539798722e-07,0.0003426570910960436,0.00034265749854967,7e267c0bf303542b
2,day2_n8_softmax_seed44,44,144,4,False,False,True,0.8018,0.0,0.09308127,0.7247731,-2.636989506754617e-07,0.0003551632398739457,0.00035516335628926754,7e267c0bf303542b
2,day2_n8_softmax_seed44,44,144,5,False,False,True,0.8122,0.0,-1.1275468,-1.1139624,-1.1727889841495198e-06,0.0003634378081187606,0.0003634396998677403,7e267c0bf303542b
2,day2_n8_softmax_seed44,44,144,6,False,False,True,0.8124,0.0,-0.04702365,0.33898592,-4.922356424685859e-07,0.0003453885146882385,0.000345388863934204,7e267c0bf303542b
2,day2_n8_softmax_seed44,44,144,7,False,False,True,0.8092,0.0,0.034789972,0.17897464,-1.9388527050523408e-07,0.00034003143082372844,0.00034003148903138936,7e267c0bf303542b
2,day2_n8_softmax_seed44,44,145,0,False,False,True,0.8112,0.0,-0.7682637,1.2338144,-5.360188310987724e-07,0.00035768430097959936,0.00035768470843322575,7e267c0bf303542b
2,day2_n8_softmax_seed44,44,145,1,False,False,True,0.8142,0.0,0.48779252,0.04899628,-6.426331538023078e-07,0.00035498247598297894,0.0003549830580595881,7e267c0bf303542b
2,day2_n8_softmax_seed44,44,145,2,False,False,True,0.8076,0.0,0.3531613,0.32953328,-5.811911023556604e-07,0.0003512495895847678,0.0003512500552460551,7e267c0bf303542b
2,day2_n8_softmax_seed44,44,145,3,False,False,True,0.8126,0.0,-0.99792194,-0.9114988,-3.1030739933157747e-07,0.00035733808181248605,0.0003573381982278079,7e267c0bf303542b
2,day2_n8_softmax_seed44,44,145,4,False,False,True,0.8134,0.0,0.04167366,-0.7136304,-5.750455898123619e-07,0.0003545057843439281,0.0003545062500052154,7e267c0bf303542b
2,day2_n8_softmax_seed44,44,145,5,False,False,True,0.8128,0.0,1.0204535,-0.07819195,-4.546840557395626e-07,0.00035757667501457036,0.0003575769660528749,7e267c0bf303542b
2,day2_n8_softmax_seed44,44,145,6,False,False,True,0.8086,0.0,0.0024229027,0.14263363,-6.880015916976845e-07,0.00035019798087887466,0.00035019865026697516,7e267c0bf303542b
2,day2_n8_softmax_seed44,44,145,7,False,False,True,0.81,0.0,-0.13931826,-0.051656716,-2.425698220065442e-08,0.0003399749402888119,0.0003399749693926424,7e267c0bf303542b
2,day2_n8_softmax_seed44,44,146,0,False,False,True,0.812,0.0,-0.33836392,0.47305727,-1.5085690918681394e-08,0.0003641237854026258,0.0003641237854026258,7e267c0bf303542b
2,day2_n8_softmax_seed44,44,146,1,False,False,True,0.8056,0.0,-0.38343883,1.2547885,5.598776056103816e-07,0.00036421712138690054,0.0003642175579443574,7e267c0bf303542b
2,day2_n8_softmax_seed44,44,146,2,False,False,True,0.8132,0.0,-0.2990972,-0.7378325,-4.6122872277010174e-07,0.00036139850271865726,0.0003613987937569618,7e267c0bf303542b
2,day2_n8_softmax_seed44,44,146,3,False,False,True,0.8092,0.0,-0.24569497,-0.5977478,-4.4561838308254664e-07,0.000361339800292626,0.00036134006222710013,7e267c0bf303542b
2,day2_n8_softmax_seed44,44,146,4,False,False,True,0.8044,0.0,-0.18395692,0.2634226,-1.2001768254776835e-06,0.00035901693627238274,0.0003590189153328538,7e267c0bf303542b
2,day2_n8_softmax_seed44,44,146,5,False,False,True,0.8098,0.0,-0.12946373,-0.31196445,-1.4376047374753398e-06,0.00035856463364325464,0.0003585675440263003,7e267c0bf303542b
2,day2_n8_softmax_seed44,44,146,6,False,False,True,0.8138,0.0,-0.10827451,-0.47981918,-4.279617371594213e-07,0.00035523221595212817,0.0003552324487827718,7e267c0bf303542b
2,day2_n8_softmax_seed44,44,146,7,False,False,True,0.8114,0.0,1.6882881,0.13609678,-3.9854821807239205e-06,0.00037748119211755693,0.00037750223418697715,7e267c0bf303542b
2,day2_n8_softmax_seed44,44,147,0,False,False,True,0.8086,0.0,0.11959022,0.09399566,-1.8574422711026273e-07,0.0003594796289689839,0.0003594796871766448,7e267c0bf303542b
2,day2_n8_softmax_seed44,44,147,1,False,False,True,0.8078,0.0,0.18781853,0.3260511,9.100795637095871e-07,0.0003687338612508029,0.0003687349963001907,7e267c0bf303542b
2,day2_n8_softmax_seed44,44,147,2,False,False,True,0.8142,0.0,0.2610077,-0.043990094,7.660814560495055e-08,0.00036163057666271925,0.00036163057666271925,7e267c0bf303542b
2,day2_n8_softmax_seed44,44,147,3,False,False,True,0.8006,0.0,0.6314581,-1.220387,-4.6464899128295656e-07,0.00036947050830349326,0.00036947077023796737,7e267c0bf303542b
2,day2_n8_softmax_seed44,44,147,4,False,False,True,0.8122,0.0,0.09099529,1.2111892,-1.317214639584563e-07,0.00036926951725035906,0.0003692695463541895,7e267c0bf303542b
2,day2_n8_softmax_seed44,44,147,5,False,False,True,0.8036,0.0,-1.6463505,-0.36863384,2.6545515652287577e-07,0.0003759559476748109,0.0003759560640901327,7e267c0bf303542b
2,day2_n8_softmax_seed44,44,147,6,False,False,True,0.81,0.0,0.22498949,-0.08169024,4.915259523841087e-07,0.000362034363206476,0.00036203471245244145,7e267c0bf303542b
2,day2_n8_softmax_seed44,44,147,7,False,False,True,0.805,0.0,0.13049275,0.08346473,-2.3991421471691865e-07,0.00035142406704835594,0.00035142418346367776,7e267c0bf303542b
2,day2_n8_softmax_seed44,44,148,0,False,False,True,0.8112,0.0,-1.5228851,0.627505,-6.345017595776881e-07,0.0003718225925695151,0.0003718231455422938,7e267c0bf303542b
2,day2_n8_softmax_seed44,44,148,1,False,False,True,0.8028,0.0,-0.37254253,-1.4468098,5.077920377516421e-07,0.0003704227856360376,0.00037042313488200307,7e267c0bf303542b
2,day2_n8_softmax_seed44,44,148,2,False,False,True,0.807,0.0,0.07196044,0.029814638,-2.0612681339571282e-07,0.0003554712748154998,0.00035547136212699115,7e267c0bf303542b
2,day2_n8_softmax_seed44,44,148,3,False,False,True,0.8084,0.0,0.40082222,-0.09973371,2.2562969093087304e-07,0.00036481418646872044,0.0003648142737802118,7e267c0bf303542b
2,day2_n8_softmax_seed44,44,148,4,False,False,True,0.8074,0.0,0.5269268,0.851232,-1.1117540452687535e-06,0.0003698597720358521,0.0003698614309541881,7e267c0bf303542b
2,day2_n8_softmax_seed44,44,148,5,False,False,True,0.8114,0.0,0.46070728,0.028735984,-1.423961066393531e-06,0.00036476232344284654,0.0003647651174105704,7e267c0bf303542b
2,day2_n8_softmax_seed44,44,148,6,False,False,True,0.8066,0.0,0.35259667,-0.029939542,-8.84932717326592e-07,0.0003572071436792612,0.00035720824962481856,7e267c0bf303542b
2,day2_n8_softmax_seed44,44,148,7,False,False,True,0.8064,0.0,0.08241379,0.039195813,-2.676665360468178e-07,0.00035775743890553713,0.00035775755532085896,7e267c0bf303542b
2,day2_n8_softmax_seed44,44,149,0,False,False,True,0.8128,0.0,1.6764079,-0.28762415,-1.2854076203439035e-07,0.00038269220385700464,0.00038269220385700464,7e267c0bf303542b
2,day2_n8_softmax_seed44,44,149,1,False,False,True,0.8026,0.0,-0.11345774,0.844554,-3.9085190906007483e-07,0.0003717993968166411,0.0003717996005434543,7e267c0bf303542b
2,day2_n8_softmax_seed44,44,149,2,False,False,True,0.8108,0.0,-0.4565973,0.12814423,-7.138948490137409e-07,0.0003736997314263135,0.00037370045902207494,7e267c0bf303542b
2,day2_n8_softmax_seed44,44,149,3,False,False,True,0.8128,0.0,-0.055924162,0.016014213,-6.780820172025415e-07,0.0003597874892875552,0.0003597881586756557,7e267c0bf303542b
2,day2_n8_softmax_seed44,44,149,4,False,False,True,0.8056,0.0,-0.14226748,0.12183405,-2.2469237137556775e-07,0.00036294281017035246,0.00036294286837801337,7e267c0bf303542b
2,day2_n8_softmax_seed44,44,149,5,False,False,True,0.8084,0.0,-0.5272345,-1.5011896,-3.231455423247098e-07,0.0003765092696994543,0.00037650938611477613,7e267c0bf303542b
2,day2_n8_softmax_seed44,44,149,6,False,False,True,0.8062,0.0,-0.14921948,0.24750496,-3.5694526445695374e-07,0.00036684598308056593,0.00036684615770354867,7e267c0bf303542b
2,day2_n8_softmax_seed44,44,149,7,False,False,True,0.7988,0.0,-0.23170742,0.43076226,1.1594515569868236e-07,0.00036944422754459083,0.0003694442566484213,7e267c0bf303542b
2,day2_n8_softmax_seed44,44,150,0,False,False,True,0.8094,0.0,0.3112062,0.15517528,-6.056627626094269e-07,0.00038175392546691,0.0003817543911281973,7e267c0bf303542b
2,day2_n8_softmax_seed44,44,150,1,False,False,True,0.8086,0.0,-1.7493004,-0.1711486,-2.7805000968328386e-07,0.0003932060790248215,0.0003932061663363129,7e267c0bf303542b
2,day2_n8_softmax_seed44,44,150,2,False,False,True,0.8154,0.0,0.34550607,0.7254718,1.7392393658610672e-07,0.00037919668829999864,0.0003791967174038291,7e267c0bf303542b
2,day2_n8_softmax_seed44,44,150,3,False,False,True,0.8032,0.0,0.14231502,-0.043986447,9.088596897299794e-08,0.0003762239939533174,0.0003762239939533174,7e267c0bf303542b
2,day2_n8_softmax_seed44,44,150,4,False,False,True,0.8102,0.0,0.22337568,0.47307366,3.561659980277909e-07,0.00037670653546229005,0.00037670668098144233,7e267c0bf303542b
2,day2_n8_softmax_seed44,44,150,5,False,False,True,0.8118,0.0,0.47379863,-1.5954531,-7.189760253822897e-07,0.000385215796995908,0.0003852164663840085,7e267c0bf303542b
2,day2_n8_softmax_seed44,44,150,6,False,False,True,0.8098,0.0,0.12863827,0.3137544,-2.7875120167664136e-07,0.00037216837517917156,0.0003721684915944934,7e267c0bf303542b
2,day2_n8_softmax_seed44,44,150,7,False,False,True,0.8068,0.0,0.12446217,0.1431137,-1.7226064130682062e-07,0.0003631622239481658,0.0003631622821558267,7e267c0bf303542b
2,day2_n8_softmax_seed44,44,151,0,False,False,True,0.8348,0.0,-0.012332811,-0.02889432,-1.5383191964701837e-07,3.869410647894256e-05,3.8694412069162354e-05,7e267c0bf303542b
2,day2_n8_softmax_seed44,44,151,1,False,False,True,0.8382,0.0,0.076767504,0.12611145,-2.997191472786653e-08,3.9774888136889786e-05,3.977489905082621e-05,7e267c0bf303542b
2,day2_n8_softmax_seed44,44,151,2,False,False,True,0.835,0.0,-0.034498807,0.08463092,-2.2584799808100797e-07,3.930881939595565e-05,3.9309466956183314e-05,7e267c0bf303542b
2,day2_n8_softmax_seed44,44,151,3,False,False,True,0.836,0.0,0.08710564,-0.08088786,-1.471276362963181e-07,3.9098325942177325e-05,3.909860606654547e-05,7e267c0bf303542b
2,day2_n8_softmax_seed44,44,151,4,False,False,True,0.8378,0.0,-0.106661364,-0.018919757,-1.7990086575991882e-07,3.9185651985462755e-05,3.9186066715046763e-05,7e267c0bf303542b
2,day2_n8_softmax_seed44,44,151,5,False,False,True,0.8352,0.0,0.07587231,-0.058076095,-1.7420677522750339e-07,3.9515201933681965e-05,3.9515587559435517e-05,7e267c0bf303542b
2,day2_n8_softmax_seed44,44,151,6,False,False,True,0.8356,0.0,-0.017117832,0.012677194,-2.2356577744631068e-07,3.575755181373097e-05,3.575825030566193e-05,7e267c0bf303542b
2,day2_n8_softmax_seed44,44,151,7,False,False,True,0.8356,0.0,-0.069134586,-0.036641635,-1.3506620177849982e-07,3.805867163464427e-05,3.805890810326673e-05,7e267c0bf303542b
2,day2_n8_softmax_seed44,44,152,0,False,False,True,0.8362,0.0,0.038153693,-0.021155853,-7.213341746137303e-08,3.710773307830095e-05,3.7107805837877095e-05,7e267c0bf303542b
2,day2_n8_softmax_seed44,44,152,1,False,False,True,0.8358,0.0,-0.15993688,-0.077041216,-5.4051508158181605e-08,3.9679744077147916e-05,3.96797877328936e-05,7e267c0bf303542b
2,day2_n8_softmax_seed44,44,152,2,False,False,True,0.835,0.0,0.09317742,-0.1313418,-1.8557345526915014e-07,3.918242146028206e-05,3.9182861655717716e-05,7e267c0bf303542b
2,day2_n8_softmax_seed44,44,152,3,False,False,True,0.836,0.0,0.025212996,0.029385058,-1.568951972785726e-07,3.8327758375089616e-05,3.832807851722464e-05,7e267c0bf303542b
2,day2_n8_softmax_seed44,44,152,4,False,False,True,0.8354,0.0,0.0149402665,0.056573387,-1.7276040864544484e-07,3.867352643283084e-05,3.86739156965632e-05,7e267c0bf303542b
2,day2_n8_softmax_seed44,44,152,5,False,False,True,0.8366,0.0,-0.0014754457,0.054254003,-2.031129042734392e-07,3.836761970887892e-05,3.836815449176356e-05,7e267c0bf303542b
2,day2_n8_softmax_seed44,44,152,6,False,False,True,0.8368,0.0,-0.012290091,0.06759396,-1.2594506415553042e-07,3.872621891787276e-05,3.872641900670715e-05,7e267c0bf303542b
2,day2_n8_softmax_seed44,44,152,7,False,False,True,0.835,0.0,0.00221807,0.021732334,-1.8892798436809244e-07,3.604315497796051e-05,3.6043649743078277e-05,7e267c0bf303542b
2,day2_n8_softmax_seed44,44,153,0,False,False,True,0.8362,0.0,-0.02429138,-0.065182365,-1.0349111079221984e-07,3.822640428552404e-05,3.822654252871871e-05,7e267c0bf303542b
2,day2_n8_softmax_seed44,44,153,1,False,False,True,0.8366,0.0,0.055834338,-0.03121394,-2.642732788160629e-08,3.9013564673950896e-05,3.9013579225866124e-05,7e267c0bf303542b
2,day2_n8_softmax_seed44,44,153,2,False,False,True,0.8358,0.0,-0.022887636,-0.06604145,-1.7903599314195162e-07,3.915312117896974e-05,3.915353227057494e-05,7e267c0bf303542b
2,day2_n8_softmax_seed44,44,153,3,False,False,True,0.8368,0.0,0.040089328,-0.009779838,-1.315358986175852e-07,3.8040689105400816e-05,3.804091829806566e-05,7e267c0bf303542b
2,day2_n8_softmax_seed44,44,153,4,False,False,True,0.8346,0.0,-0.13284993,0.111759424,-1.4389618741006416e-07,3.990161349065602e-05,3.990187542513013e-05,7e267c0bf303542b
2,day2_n8_softmax_seed44,44,153,5,False,False,True,0.836,0.0,0.11481331,0.11239788,-1.7496438431408023e-07,3.9422448026016355e-05,3.942284092772752e-05,7e267c0bf303542b
2,day2_n8_softmax_seed44,44,153,6,False,False,True,0.8362,0.0,-0.004711669,-0.01728106,-1.018098743088558e-07,3.7711553886765614e-05,3.7711688491981477e-05,7e267c0bf303542b
2,day2_n8_softmax_seed44,44,153,7,False,False,True,0.8344,0.0,-0.025996484,-0.034658734,-1.6399991409343784e-07,3.7454305129358545e-05,3.745466528926045e-05,7e267c0bf303542b
2,day2_n8_softmax_seed44,44,154,0,False,False,True,0.8344,0.0,0.014672703,0.04589562,-5.564051619444399e-08,3.944341733586043e-05,3.94434537156485e-05,7e267c0bf303542b
2,day2_n8_softmax_seed44,44,154,1,False,False,True,0.836,0.0,-0.088946015,-0.151952,-1.3741676241352252e-07,4.055396493640728e-05,4.055419776705094e-05,7e267c0bf303542b
2,day2_n8_softmax_seed44,44,154,2,False,False,True,0.8336,0.0,-0.06752407,0.095490575,-2.430915628792718e-07,3.9943533920450136e-05,3.9944272430147976e-05,7e267c0bf303542b
2,day2_n8_softmax_seed44,44,154,3,False,False,True,0.8334,0.0,0.15915383,-0.04327591,-1.2149101280556351e-07,4.0748989704297855e-05,4.074917160323821e-05,7e267c0bf303542b
2,day2_n8_softmax_seed44,44,154,4,False,False,True,0.8356,0.0,-0.03285521,0.042564366,-1.3774238993846666e-07,3.850406937999651e-05,3.850431676255539e-05,7e267c0bf303542b
2,day2_n8_softmax_seed44,44,154,5,False,False,True,0.8368,0.0,0.014208545,0.022211498,-1.0604382794099365e-07,3.828807530226186e-05,3.828822445939295e-05,7e267c0bf303542b
2,day2_n8_softmax_seed44,44,154,6,False,False,True,0.8354,0.0,-0.016444452,-0.012384511,-2.1572931530045025e-07,3.78796539735049e-05,3.78802687919233e-05,7e267c0bf303542b
2,day2_n8_softmax_seed44,44,154,7,False,False,True,0.8346,0.0,0.017734526,0.0014501539,-1.4998551023381879e-07,3.817571996478364e-05,3.817601464106701e-05,7e267c0bf303542b
2,day2_n8_softmax_seed44,44,155,0,False,False,True,0.8374,0.0,0.0045218184,0.008033975,-5.182315376828228e-08,3.815551826846786e-05,3.815555464825593e-05,7e267c0bf303542b
2,day2_n8_softmax_seed44,44,155,1,False,False,True,0.8382,0.0,-0.15118586,0.102454886,-8.927060690666622e-08,4.086683475179598e-05,4.086693297722377e-05,7e267c0bf303542b
2,day2_n8_softmax_seed44,44,155,2,False,False,True,0.8378,0.0,0.11649214,0.09977022,-2.242278185349278e-07,4.049844210385345e-05,4.049906419822946e-05,7e267c0bf303542b
2,day2_n8_softmax_seed44,44,155,3,False,False,True,0.8336,0.0,-0.016397545,-0.081392646,-7.568316107153805e-08,3.956411819672212e-05,3.956419095629826e-05,7e267c0bf303542b
2,day2_n8_softmax_seed44,44,155,4,False,False,True,0.8362,0.0,-0.028331727,-0.10444065,-1.0132248462468851e-07,4.0572125726612285e-05,4.057225305587053e-05,7e267c0bf303542b
2,day2_n8_softmax_seed44,44,155,5,False,False,True,0.8352,0.0,0.018273825,-0.024298213,-1.0715731235677595e-07,3.8637434045085683e-05,3.8637583202216774e-05,7e267c0bf303542b
2,day2_n8_softmax_seed44,44,155,6,False,False,True,0.8352,0.0,0.02770774,0.012345347,-1.785392100828176e-07,3.7507055822061375e-05,3.7507481465581805e-05,7e267c0bf303542b
2,day2_n8_softmax_seed44,44,155,7,False,False,True,0.8344,0.0,0.028919546,-0.012473042,-7.450280747889337e-08,3.777645542868413e-05,3.777652818826027e-05,7e267c0bf303542b
2,day2_n8_softmax_seed44,44,156,0,False,False,True,0.835,0.0,-0.011037751,-0.051636264,-6.892624071497266e-08,3.92412839573808e-05,3.924134580302052e-05,7e267c0bf303542b
2,day2_n8_softmax_seed44,44,156,1,False,False,True,0.8354,0.0,-0.06081752,0.022528436,-1.1283461276434537e-07,4.0300066757481545e-05,4.030022682854906e-05,7e267c0bf303542b
2,day2_n8_softmax_seed44,44,156,2,False,False,True,0.8346,0.0,-0.018508617,-0.018978419,-7.559134473922313e-08,3.929165541194379e-05,3.9291728171519935e-05,7e267c0bf303542b
2,day2_n8_softmax_seed44,44,156,3,False,False,True,0.8362,0.0,0.18282697,-0.026360048,-9.246301146959013e-08,4.207347228657454e-05,4.207357414998114e-05,7e267c0bf303542b
2,day2_n8_softmax_seed44,44,156,4,False,False,True,0.8348,0.0,-0.04508606,-0.11733436,-1.7573702848494577e-07,4.007184543297626e-05,4.007223469670862e-05,7e267c0bf303542b
2,day2_n8_softmax_seed44,44,156,5,False,False,True,0.837,0.0,0.011441187,0.13679889,-1.3664028131188388e-07,3.998099418822676e-05,3.998123065684922e-05,7e267c0bf303542b
2,day2_n8_softmax_seed44,44,156,6,False,False,True,0.8352,0.0,-0.031199768,0.01913723,-1.9993882460767054e-07,3.844885577564128e-05,3.844937600661069e-05,7e267c0bf303542b
2,day2_n8_softmax_seed44,44,156,7,False,False,True,0.8364,0.0,-0.027618349,0.035844535,-7.110868693871453e-08,3.823962833848782e-05,3.8239693822106346e-05,7e267c0bf303542b
2,day2_n8_softmax_seed44,44,157,0,False,False,True,0.837,0.0,0.010249764,0.001732048,-8.034724174876828e-08,3.850522989523597e-05,3.8505313568748534e-05,7e267c0bf303542b
2,day2_n8_softmax_seed44,44,157,1,False,False,True,0.8386,0.0,0.00036979734,0.17317005,-1.8955635994188924e-07,3.9865386497695e-05,3.986583760706708e-05,7e267c0bf303542b
2,day2_n8_softmax_seed44,44,157,2,False,False,True,0.8344,0.0,-0.1764248,-0.021579757,-2.176227127392849e-07,4.131234891247004e-05,4.131292371312156e-05,7e267c0bf303542b
2,day2_n8_softmax_seed44,44,157,3,False,False,True,0.8364,0.0,0.037047315,-0.007723412,-4.692213195767181e-08,3.93016634916421e-05,3.930169259547256e-05,7e267c0bf303542b
2,day2_n8_softmax_seed44,44,157,4,False,False,True,0.835,0.0,0.013271531,-0.04609066,-1.1764166885086524e-07,3.9861311961431056e-05,3.98614865844138e-05,7e267c0bf303542b
2,day2_n8_softmax_seed44,44,157,5,False,False,True,0.837,0.0,0.08047643,-0.029647863,-1.0696707164470354e-07,3.958068191423081e-05,3.958082743338309e-05,7e267c0bf303542b
2,day2_n8_softmax_seed44,44,157,6,False,False,True,0.8388,0.0,0.027296912,-0.0033892384,-1.476489757124e-07,3.82129437639378e-05,3.821323116426356e-05,7e267c0bf303542b
2,day2_n8_softmax_seed44,44,157,7,False,False,True,0.8364,0.0,0.007713077,-0.066471405,7.694871406727088e-09,3.907224163413048e-05,3.9072245272109285e-05,7e267c0bf303542b
2,day2_n8_softmax_seed44,44,158,0,False,False,True,0.8362,0.0,0.009273748,-0.091456816,-9.266784672945505e-08,4.014288424514234e-05,4.0142993384506553e-05,7e267c0bf303542b
2,day2_n8_softmax_seed44,44,158,1,False,False,True,0.8386,0.0,-0.17376712,0.042519607,-1.433853640264715e-07,4.1848958062473685e-05,4.184920180705376e-05,7e267c0bf303542b
2,day2_n8_softmax_seed44,44,158,2,False,False,True,0.8334,0.0,0.022416001,-0.0011718984,-2.0061700922724413e-07,4.02857840526849e-05,4.028628609376028e-05,7e267c0bf303542b
2,day2_n8_softmax_seed44,44,158,3,False,False,True,0.836,0.0,0.0373796,-0.06098256,-5.648711720596111e-08,3.998319880338386e-05,3.998323518317193e-05,7e267c0bf303542b
2,day2_n8_softmax_seed44,44,158,4,False,False,True,0.8326,0.0,-0.0025613417,0.066886395,-3.388186087249778e-08,4.071481089340523e-05,4.071482544532046e-05,7e267c0bf303542b
2,day2_n8_softmax_seed44,44,158,5,False,False,True,0.8378,0.0,0.006082522,-0.087449685,-6.5557060224819e-08,3.971725527662784e-05,3.9717309846309945e-05,7e267c0bf303542b
2,day2_n8_softmax_seed44,44,158,6,False,False,True,0.8336,0.0,0.006032386,0.014369969,-1.6412033687629446e-07,3.806192398769781e-05,3.80622768716421e-05,7e267c0bf303542b
2,day2_n8_softmax_seed44,44,158,7,False,False,True,0.833,0.0,0.09514425,0.11728489,1.3158102385446568e-09,4.093347888556309e-05,4.093347524758428e-05,7e267c0bf303542b
2,day2_n8_softmax_seed44,44,159,0,False,False,True,0.8352,0.0,-0.045211203,0.15060225,-1.979003982910399e-08,4.0744736907072365e-05,4.074474054505117e-05,7e267c0bf303542b
2,day2_n8_softmax_seed44,44,159,1,False,False,True,0.8364,0.0,0.18509787,0.012671758,-1.0344810164042428e-07,4.194477151031606e-05,4.19448952015955e-05,7e267c0bf303542b
2,day2_n8_softmax_seed44,44,159,2,False,False,True,0.8346,0.0,-0.04898582,0.0307467,-1.8441701854499115e-07,4.027820978080854e-05,4.027863178635016e-05,7e267c0bf303542b
2,day2_n8_softmax_seed44,44,159,3,False,False,True,0.835,0.0,-0.00932808,0.015390065,-9.942497314341381e-08,4.0112117858370766e-05,4.011224154965021e-05,7e267c0bf303542b
2,day2_n8_softmax_seed44,44,159,4,False,False,True,0.8348,0.0,0.0023772311,-0.017607627,-1.8414239377761987e-07,3.924700286006555e-05,3.92474394175224e-05,7e267c0bf303542b
2,day2_n8_softmax_seed44,44,159,5,False,False,True,0.836,0.0,-0.04298354,-0.09696357,-8.627788616877297e-08,4.027796603622846e-05,4.027806062367745e-05,7e267c0bf303542b
2,day2_n8_softmax_seed44,44,159,6,False,False,True,0.837,0.0,-0.021342194,-0.07332733,-1.9034391129935102e-07,3.957027001888491e-05,3.9570728404214606e-05,7e267c0bf303542b
2,day2_n8_softmax_seed44,44,159,7,False,False,True,0.8362,0.0,-0.019624215,-0.021512365,-8.805091766816986e-08,3.810907219303772e-05,3.810917405644432e-05,7e267c0bf303542b
2,day2_n8_softmax_seed44,44,160,0,False,False,True,0.8334,0.0,-0.00864595,0.07995212,-6.21775271270053e-08,4.0647140849614516e-05,4.064718814333901e-05,7e267c0bf303542b
2,day2_n8_softmax_seed44,44,160,1,False,False,True,0.836,0.0,-0.039214138,-0.040019486,-7.497489207253238e-08,4.058386548422277e-05,4.0583934605820104e-05,7e267c0bf303542b
2,day2_n8_softmax_seed44,44,160,2,False,False,True,0.8354,0.0,-0.011917979,0.06294518,-1.8676736601719313e-07,4.02998375648167e-05,4.030027048429474e-05,7e267c0bf303542b
2,day2_n8_softmax_seed44,44,160,3,False,False,True,0.8342,0.0,-0.06691582,-0.15199885,1.3400196507973305e-08,4.125862324144691e-05,4.125862324144691e-05,7e267c0bf303542b
2,day2_n8_softmax_seed44,44,160,4,False,False,True,0.8322,0.0,0.18471244,-0.04429375,-6.85102392594672e-08,4.2241390474373475e-05,4.224144504405558e-05,7e267c0bf303542b
2,day2_n8_softmax_seed44,44,160,5,False,False,True,0.834,0.0,-0.04099798,0.040978443,-6.154509435418731e-08,3.968178134527989e-05,3.968182863900438e-05,7e267c0bf303542b
2,day2_n8_softmax_seed44,44,160,6,False,False,True,0.8362,0.0,-0.011132645,0.0245268,-2.375331291659677e-07,3.874294998240657e-05,3.87436812161468e-05,7e267c0bf303542b
2,day2_n8_softmax_seed44,44,160,7,False,False,True,0.8368,0.0,-0.0058878683,0.027909476,3.968957429378861e-08,4.008796895504929e-05,4.008798714494333e-05,7e267c0bf303542b
2,day2_n8_softmax_seed44,44,161,0,False,False,True,0.836,0.0,0.051464446,-0.0045145587,-8.235664239464313e-08,4.1908449929906055e-05,4.190852996543981e-05,7e267c0bf303542b
2,day2_n8_softmax_seed44,44,161,1,False,False,True,0.834,0.0,-0.15905756,-0.07594125,3.923075198031256e-08,4.2884465074166656e-05,4.288448326406069e-05,7e267c0bf303542b
2,day2_n8_softmax_seed44,44,161,2,False,False,True,0.8336,0.0,-0.039872915,0.14990468,-1.1855583181841212e-07,4.2423784179845825e-05,4.2423947888892144e-05,7e267c0bf303542b
2,day2_n8_softmax_seed44,44,161,3,False,False,True,0.8336,0.0,0.0872164,-0.109816425,-2.501446694225251e-08,4.175466892775148e-05,4.1754676203709096e-05,7e267c0bf303542b
2,day2_n8_softmax_seed44,44,161,4,False,False,True,0.8336,0.0,0.052793067,0.046066932,-1.2243798153122043e-07,4.179950337857008e-05,4.179968163953163e-05,7e267c0bf303542b
2,day2_n8_softmax_seed44,44,161,5,False,False,True,0.8336,0.0,-0.041953176,-0.011832895,-5.435125771668936e-08,4.129159788135439e-05,4.129163426114246e-05,7e267c0bf303542b
2,day2_n8_softmax_seed44,44,161,6,False,False,True,0.8338,0.0,0.0027145813,-0.011218597,-3.6349767640331265e-08,3.943567207898013e-05,3.943569026887417e-05,7e267c0bf303542b
2,day2_n8_softmax_seed44,44,161,7,False,False,True,0.8352,0.0,0.046694987,0.017352125,-1.71703959495062e-07,4.073771196999587e-05,4.073807212989777e-05,7e267c0bf303542b
2,day2_n8_softmax_seed44,44,162,0,False,False,True,0.8322,0.0,-0.002011829,0.035766196,-1.287371986791186e-07,4.129259104956873e-05,4.129278750042431e-05,7e267c0bf303542b
2,day2_n8_softmax_seed44,44,162,1,False,False,True,0.8332,0.0,0.16504031,0.08655714,-6.952654274527958e-08,4.246939715812914e-05,4.2469455365790054e-05,7e267c0bf303542b
2,day2_n8_softmax_seed44,44,162,2,False,False,True,0.836,0.0,-0.09437033,0.07391426,-1.1837823876703624e-07,4.1827781387837604e-05,4.182794509688392e-05,7e267c0bf303542b
2,day2_n8_softmax_seed44,44,162,3,False,False,True,0.8372,0.0,0.046865016,-0.16424088,-6.935539431651705e-08,4.2456620576558635e-05,4.2456682422198355e-05,7e267c0bf303542b
2,day2_n8_softmax_seed44,44,162,4,False,False,True,0.836,0.0,-0.052539546,0.019905346,-1.3093578843381692e-07,4.1061954107135534e-05,4.106216147192754e-05,7e267c0bf303542b
2,day2_n8_softmax_seed44,44,162,5,False,False,True,0.8342,0.0,-0.002629912,-0.02025056,-8.944334695115685e-08,3.998682223027572e-05,3.998692409368232e-05,7e267c0bf303542b
2,day2_n8_softmax_seed44,44,162,6,False,False,True,0.8344,0.0,-0.016379522,0.0021639708,-1.2915552360937e-07,4.000094850198366e-05,4.000115586677566e-05,7e267c0bf303542b
2,day2_n8_softmax_seed44,44,162,7,False,False,True,0.8362,0.0,-0.04397421,-0.03381551,-1.0223559598898646e-07,4.098490535398014e-05,4.098502904525958e-05,7e267c0bf303542b
2,day2_n8_softmax_seed44,44,163,0,False,False,True,0.8336,0.0,0.052227095,0.03807856,-4.000443709628598e-08,4.136248753638938e-05,4.1362505726283416e-05,7e267c0bf303542b
2,day2_n8_softmax_seed44,44,163,1,False,False,True,0.8356,0.0,-0.19085321,-0.033347897,-3.8897447041108535e-08,4.389067544252612e-05,4.389069363242015e-05,7e267c0bf303542b
2,day2_n8_softmax_seed44,44,163,2,False,False,True,0.8348,0.0,0.0011819191,0.079712756,-8.243401339314005e-08,4.096840712008998e-05,4.0968487155623734e-05,7e267c0bf303542b
2,day2_n8_softmax_seed44,44,163,3,False,False,True,0.8346,0.0,0.061546296,-0.17325501,-7.359921028182725e-08,4.235606684233062e-05,4.235613232594915e-05,7e267c0bf303542b
2,day2_n8_softmax_seed44,44,163,4,False,False,True,0.8326,0.0,0.03137454,0.04196486,-1.006436178840886e-07,4.0812286897562444e-05,4.0812410588841885e-05,7e267c0bf303542b
2,day2_n8_softmax_seed44,44,163,5,False,False,True,0.8354,0.0,0.007050183,-0.0024743648,-1.0063068600629776e-07,4.067111876793206e-05,4.0671246097190306e-05,7e267c0bf303542b
2,day2_n8_softmax_seed44,44,163,6,False,False,True,0.836,0.0,0.0038240592,0.024914261,-4.8761201298930246e-08,3.906268102582544e-05,3.9062713767634705e-05,7e267c0bf303542b
2,day2_n8_softmax_seed44,44,163,7,False,False,True,0.8336,0.0,0.03364886,0.024406496,-9.782445431483211e-08,4.0928032831288874e-05,4.09281492466107e-05,7e267c0bf303542b
2,day2_n8_softmax_seed44,44,164,0,False,False,True,0.8346,0.0,-0.06413715,0.016509198,-4.050913915421006e-08,4.1452873119851574e-05,4.145289494772442e-05,7e267c0bf303542b
2,day2_n8_softmax_seed44,44,164,1,False,False,True,0.8342,0.0,-0.013958822,-0.15338194,-9.652766586043526e-09,4.213241481920704e-05,4.2132411181228235e-05,7e267c0bf303542b
2,day2_n8_softmax_seed44,44,164,2,False,False,True,0.8332,0.0,-0.04795582,0.03803561,-5.109836465067019e-08,4.17682713305112e-05,4.176830407232046e-05,7e267c0bf303542b
2,day2_n8_softmax_seed44,44,164,3,False,False,True,0.8372,0.0,-0.024861181,0.053536452,-5.788320578403727e-08,4.187776357866824e-05,4.1877803596435115e-05,7e267c0bf303542b
2,day2_n8_softmax_seed44,44,164,4,False,False,True,0.8348,0.0,-0.025986563,-0.07169013,-1.2421122619343805e-07,4.169520252617076e-05,4.1695384425111115e-05,7e267c0bf303542b
2,day2_n8_softmax_seed44,44,164,5,False,False,True,0.8332,0.0,-0.015494564,0.09827529,-2.2294963741842366e-07,4.1681487346068025e-05,4.168208397459239e-05,7e267c0bf303542b
2,day2_n8_softmax_seed44,44,164,6,False,False,True,0.8334,0.0,0.0044611166,0.009727196,-9.697126301944081e-08,3.95062925235834e-05,3.9506408938905224e-05,7e267c0bf303542b
2,day2_n8_softmax_seed44,44,164,7,False,False,True,0.831,0.0,0.18793318,0.008988247,-1.433187151178572e-07,4.264405288267881e-05,4.264429662725888e-05,7e267c0bf303542b
2,day2_n8_softmax_seed44,44,165,0,False,False,True,0.8352,0.0,-0.017528567,-0.001766099,-1.175363664174256e-07,4.032335345982574e-05,4.032352444482967e-05,7e267c0bf303542b
2,day2_n8_softmax_seed44,44,165,1,False,False,True,0.8366,0.0,-0.0152865825,-0.044917397,-6.720595191467282e-09,4.214820728520863e-05,4.2148210923187435e-05,7e267c0bf303542b
2,day2_n8_softmax_seed44,44,165,2,False,False,True,0.8334,0.0,-0.056512866,0.07055202,-1.668811222543809e-07,4.1703777242219076e-05,4.170411193626933e-05,7e267c0bf303542b
2,day2_n8_softmax_seed44,44,165,3,False,False,True,0.8316,0.0,0.18449585,-0.040570702,-2.211507421634451e-08,4.318211358622648e-05,4.3182117224205285e-05,7e267c0bf303542b
2,day2_n8_softmax_seed44,44,165,4,False,False,True,0.8348,0.0,0.0129377525,0.13895348,-1.195448362523166e-07,4.2379702790640295e-05,4.2379877413623035e-05,7e267c0bf303542b
2,day2_n8_softmax_seed44,44,165,5,False,False,True,0.834,0.0,-0.0733055,-0.119446315,-4.847264989393807e-08,4.2227591620758176e-05,4.222762072458863e-05,7e267c0bf303542b
2,day2_n8_softmax_seed44,44,165,6,False,False,True,0.8334,0.0,-0.023454424,-0.013956203,-9.714050719367151e-08,4.016896491521038e-05,4.0169084968511015e-05,7e267c0bf303542b
2,day2_n8_softmax_seed44,44,165,7,False,False,True,0.8332,0.0,-0.011345809,0.011151225,-9.481437501790424e-08,4.0165283280657604e-05,4.0165396058000624e-05,7e267c0bf303542b
2,day2_n8_softmax_seed44,44,166,0,False,False,True,0.8334,0.0,0.051298603,-0.0066638454,-8.324219535893462e-09,4.2190629756078124e-05,4.219063339405693e-05,7e267c0bf303542b
2,day2_n8_softmax_seed44,44,166,1,False,False,True,0.8332,0.0,-0.1579361,0.10061956,-6.743669445086198e-08,4.3193889723625034e-05,4.319394429330714e-05,7e267c0bf303542b
2,day2_n8_softmax_seed44,44,166,2,False,False,True,0.831,0.0,0.11359511,0.10910903,-1.846517818648863e-07,4.291232107789256e-05,4.291272125556134e-05,7e267c0bf303542b
2,day2_n8_softmax_seed44,44,166,3,False,False,True,0.8348,0.0,-0.04832194,-0.05521724,-1.7256969897516683e-07,4.183309283689596e-05,4.183344935881905e-05,7e267c0bf303542b
2,day2_n8_softmax_seed44,44,166,4,False,False,True,0.831,0.0,0.028916892,0.060566302,-9.19089799822359e-08,4.159382660873234e-05,4.159392847213894e-05,7e267c0bf303542b
2,day2_n8_softmax_seed44,44,166,5,False,False,True,0.8318,0.0,0.01749852,-0.045448307,-6.574590827312932e-08,4.2418105294927955e-05,4.2418156226631254e-05,7e267c0bf303542b
2,day2_n8_softmax_seed44,44,166,6,False,False,True,0.8338,0.0,-0.019933827,-0.075828634,-1.6700988680895534e-07,4.173376873950474e-05,4.173410343355499e-05,7e267c0bf303542b
2,day2_n8_softmax_seed44,44,166,7,False,False,True,0.8328,0.0,0.014882545,-0.08713683,-1.0371401515385514e-07,4.2193907574983314e-05,4.219403854222037e-05,7e267c0bf303542b
2,day2_n8_softmax_seed44,44,167,0,False,False,True,0.834,0.0,-0.008603933,0.0033684233,-1.0553036844385133e-07,4.153046029387042e-05,4.153059489908628e-05,7e267c0bf303542b
2,day2_n8_softmax_seed44,44,167,1,False,False,True,0.8358,0.0,-0.011664021,0.036147375,-6.780664563166283e-08,4.2504630982875824e-05,4.250468555255793e-05,7e267c0bf303542b
2,day2_n8_softmax_seed44,44,167,2,False,False,True,0.8334,0.0,0.1892265,0.049748063,-1.8511953214783716e-07,4.4587915908778086e-05,4.458830153453164e-05,7e267c0bf303542b
2,day2_n8_softmax_seed44,44,167,3,False,False,True,0.8338,0.0,-0.05061407,-0.04140469,3.960023775562149e-08,4.169733801973052e-05,4.169735620962456e-05,7e267c0bf303542b
2,day2_n8_softmax_seed44,44,167,4,False,False,True,0.835,0.0,-0.08936199,0.13223514,-6.263217500190876e-08,4.301840817788616e-05,4.301845547161065e-05,7e267c0bf303542b
2,day2_n8_softmax_seed44,44,167,5,False,False,True,0.8332,0.0,-0.00014825477,-0.14001267,-7.591806649998034e-08,4.252450162312016e-05,4.2524570744717494e-05,7e267c0bf303542b
2,day2_n8_softmax_seed44,44,167,6,False,False,True,0.8316,0.0,-0.018912688,-0.037776135,-1.0690676788271958e-07,4.0815724787535146e-05,4.081586666870862e-05,7e267c0bf303542b
2,day2_n8_softmax_seed44,44,167,7,False,False,True,0.833,0.0,-0.009921652,-0.002305562,-3.089015265800299e-08,4.113183240406215e-05,4.113184331799857e-05,7e267c0bf303542b
2,day2_n8_softmax_seed44,44,168,0,False,False,True,0.8362,0.0,0.003484019,-0.040137265,3.062000075715332e-08,4.318683932069689e-05,4.318685387261212e-05,7e267c0bf303542b
2,day2_n8_softmax_seed44,44,168,1,False,False,True,0.8338,0.0,-0.16814412,0.03521049,-1.2662455972645148e-08,4.393607741803862e-05,4.393608105601743e-05,7e267c0bf303542b
2,day2_n8_softmax_seed44,44,168,2,False,False,True,0.8358,0.0,0.09319795,0.16261612,-1.6143411585289869e-07,4.3487474613357335e-05,4.3487776565598324e-05,7e267c0bf303542b
2,day2_n8_softmax_seed44,44,168,3,False,False,True,0.8342,0.0,-0.0061311824,-0.053720407,1.0278413498099326e-07,4.257103137206286e-05,4.2571151425363496e-05,7e267c0bf303542b
2,day2_n8_softmax_seed44,44,168,4,False,False,True,0.8322,0.0,0.017881814,0.025600871,-1.1193731097591808e-07,4.3078656744910404e-05,4.307879862608388e-05,7e267c0bf303542b
2,day2_n8_softmax_seed44,44,168,5,False,False,True,0.8346,0.0,0.091795124,-0.10988589,-9.719230575910842e-08,4.3898548028664663e-05,4.389865353005007e-05,7e267c0bf303542b
2,day2_n8_softmax_seed44,44,168,6,False,False,True,0.833,0.0,-0.025173772,-0.0037558808,-1.0022151997191031e-07,4.182382326689549e-05,4.182394332019612e-05,7e267c0bf303542b
2,day2_n8_softmax_seed44,44,168,7,False,False,True,0.8322,0.0,-0.0069098165,-0.015928037,-1.425286058065467e-07,4.119619188713841e-05,4.1196435631718487e-05,7e267c0bf303542b
2,day2_n8_softmax_seed44,44,169,0,False,False,True,0.8342,0.0,-0.027920976,-0.022367727,-4.920392271401397e-08,4.29549218097236e-05,4.295495091355406e-05,7e267c0bf303542b
2,day2_n8_softmax_seed44,44,169,1,False,False,True,0.8348,0.0,0.1896766,-0.04750194,-8.268670370625841e-08,4.380917744128965e-05,4.380926111480221e-05,7e267c0bf303542b
2,day2_n8_softmax_seed44,44,169,2,False,False,True,0.8328,0.0,-0.014924302,0.08497963,-1.375006775106158e-07,4.220343544147909e-05,4.220365735818632e-05,7e267c0bf303542b
2,day2_n8_softmax_seed44,44,169,3,False,False,True,0.8332,0.0,-0.013890995,0.07947827,-5.268183045359365e-08,4.2701394704636186e-05,4.270142744644545e-05,7e267c0bf303542b
2,day2_n8_softmax_seed44,44,169,4,False,False,True,0.8328,0.0,-0.06477692,-0.15770404,-1.5937132502585882e-07,4.3616229959297925e-05,4.361652099760249e-05,7e267c0bf303542b
2,day2_n8_softmax_seed44,44,169,5,False,False,True,0.8334,0.0,0.011155001,0.061471395,-1.1545818523472917e-07,4.20882242906373e-05,4.2088380723726004e-05,7e267c0bf303542b
2,day2_n8_softmax_seed44,44,169,6,False,False,True,0.8338,0.0,-0.023041353,-0.0015342726,-8.061923040258989e-08,4.197041562292725e-05,4.1970495658461004e-05,7e267c0bf303542b
2,day2_n8_softmax_seed44,44,169,7,False,False,True,0.8332,0.0,-0.05627706,0.0031786605,3.028332784538179e-08,4.1595361835788935e-05,4.159536911174655e-05,7e267c0bf303542b
2,day2_n8_softmax_seed44,44,170,0,False,False,True,0.8324,0.0,0.014160269,0.015812272,-9.327305861006607e-08,4.19035495724529e-05,4.190365507383831e-05,7e267c0bf303542b
2,day2_n8_softmax_seed44,44,170,1,False,False,True,0.835,0.0,-0.17859416,-0.052907024,-7.754810127380551e-08,4.444576916284859e-05,4.4445841922424734e-05,7e267c0bf303542b
2,day2_n8_softmax_seed44,44,170,2,False,False,True,0.8328,0.0,0.0018676863,-0.011355862,-1.3025396583543625e-07,4.277867992641404e-05,4.2778876377269626e-05,7e267c0bf303542b
2,day2_n8_softmax_seed44,44,170,3,False,False,True,0.8338,0.0,0.056030046,0.1267897,-1.3549331656648178e-09,4.401925252750516e-05,4.401925252750516e-05,7e267c0bf303542b
2,day2_n8_softmax_seed44,44,170,4,False,False,True,0.834,0.0,0.1044336,-0.1515426,-8.574741627853655e-08,4.404755600262433e-05,4.4047639676136896e-05,7e267c0bf303542b
2,day2_n8_softmax_seed44,44,170,5,False,False,True,0.8326,0.0,-0.004138793,0.05247934,-6.608632219240462e-08,4.2183972254861146e-05,4.218402682454325e-05,7e267c0bf303542b
2,day2_n8_softmax_seed44,44,170,6,False,False,True,0.8336,0.0,-0.019401794,0.027610114,-4.1659117044900995e-08,4.1224884625989944e-05,4.1224906453862786e-05,7e267c0bf303542b
2,day2_n8_softmax_seed44,44,170,7,False,False,True,0.8348,0.0,0.025643304,-0.0068859058,-8.938317819229269e-08,4.24586542067118e-05,4.245875243213959e-05,7e267c0bf303542b
2,day2_n8_softmax_seed44,44,171,0,False,False,True,0.8338,0.0,0.091084406,0.11330254,5.696610294592119e-09,4.418382377480157e-05,4.418382377480157e-05,7e267c0bf303542b
2,day2_n8_softmax_seed44,44,171,1,False,False,True,0.8358,0.0,0.0032141355,-0.14355241,-3.8732654417117374e-08,4.46336816821713e-05,4.4633699872065336e-05,7e267c0bf303542b
2,day2_n8_softmax_seed44,44,171,2,False,False,True,0.829,0.0,0.059903964,-0.09343448,-2.3528984627319005e-07,4.455520320334472e-05,4.455582165974192e-05,7e267c0bf303542b
2,day2_n8_softmax_seed44,44,171,3,False,False,True,0.835,0.0,-0.006851272,0.011880036,4.778929962867551e-08,4.2624476918717846e-05,4.2624502384569496e-05,7e267c0bf303542b
2,day2_n8_softmax_seed44,44,171,4,False,False,True,0.832,0.0,0.030298335,0.06093935,-1.1823541967714846e-07,4.421983612701297e-05,4.421999256010167e-05,7e267c0bf303542b
2,day2_n8_softmax_seed44,44,171,5,False,False,True,0.8342,0.0,-0.18866196,0.032532867,2.35313351026889e-08,4.538278517429717e-05,4.538279245025478e-05,7e267c0bf303542b
2,day2_n8_softmax_seed44,44,171,6,False,False,True,0.8344,0.0,0.0066004233,0.013830829,-2.32905222219415e-07,4.137857831665315e-05,4.1379233152838424e-05,7e267c0bf303542b
2,day2_n8_softmax_seed44,44,171,7,False,False,True,0.833,0.0,0.0044120494,0.0045013186,6.734642710171101e-08,4.239977715769783e-05,4.2399828089401126e-05,7e267c0bf303542b
2,day2_n8_softmax_seed44,44,172,0,False,False,True,0.8332,0.0,-0.087734155,0.17184304,-4.165139344536328e-08,4.414495197124779e-05,4.414497743709944e-05,7e267c0bf303542b
2,day2_n8_softmax_seed44,44,172,1,False,False,True,0.8326,0.0,0.045174927,-0.06591243,-2.35149286709202e-08,4.3673797335941344e-05,4.367380461189896e-05,7e267c0bf303542b
2,day2_n8_softmax_seed44,44,172,2,False,False,True,0.8348,0.0,-0.16600916,-0.10860924,-1.0665256411357404e-07,4.429203545441851e-05,4.429216278367676e-05,7e267c0bf303542b
2,day2_n8_softmax_seed44,44,172,3,False,False,True,0.8316,0.0,0.04425345,-0.011241421,-3.477921239891657e-08,4.2267132812412456e-05,4.2267147364327684e-05,7e267c0bf303542b
2,day2_n8_softmax_seed44,44,172,4,False,False,True,0.8356,0.0,0.028045421,0.0046744584,-1.2499508272867388e-07,4.247023389325477e-05,4.2470415792195126e-05,7e267c0bf303542b
2,day2_n8_softmax_seed44,44,172,5,False,False,True,0.832,0.0,0.042815987,0.0012291056,-3.739450527007193e-09,4.246213939040899e-05,4.246213939040899e-05,7e267c0bf303542b
2,day2_n8_softmax_seed44,44,172,6,False,False,True,0.8344,0.0,0.049734257,-0.0021218061,-5.848517758977323e-08,4.209698818158358e-05,4.209702819935046e-05,7e267c0bf303542b
2,day2_n8_softmax_seed44,44,172,7,False,False,True,0.8344,0.0,0.043719303,0.010138217,-5.953026160909758e-08,4.184572753729299e-05,4.184577119303867e-05,7e267c0bf303542b
2,day2_n8_softmax_seed44,44,173,0,False,False,True,0.8344,0.0,0.107598834,-0.15248032,-1.4558899863459374e-08,4.422440179041587e-05,4.422440179041587e-05,7e267c0bf303542b
2,day2_n8_softmax_seed44,44,173,1,False,False,True,0.8332,0.0,-0.062421005,0.06616159,-7.130406487476648e-08,4.3675197957782075e-05,4.367525616544299e-05,7e267c0bf303542b
2,day2_n8_softmax_seed44,44,173,2,False,False,True,0.8338,0.0,0.12452712,0.13015623,-1.7165292831577972e-07,4.44912766397465e-05,4.449160769581795e-05,7e267c0bf303542b
2,day2_n8_softmax_seed44,44,173,3,False,False,True,0.8334,0.0,-0.11800404,-0.03760219,-1.1943924960178265e-07,4.4508549763122573e-05,4.450871347216889e-05,7e267c0bf303542b
2,day2_n8_softmax_seed44,44,173,4,False,False,True,0.8318,0.0,-0.03079687,-0.004412418,-1.5113465678950888e-07,4.341328167356551e-05,4.341354360803962e-05,7e267c0bf303542b
2,day2_n8_softmax_seed44,44,173,5,False,False,True,0.8346,0.0,0.02437932,-0.0012167245,-1.5455088941962458e-07,4.242068462190218e-05,4.242096474627033e-05,7e267c0bf303542b
2,day2_n8_softmax_seed44,44,173,6,False,False,True,0.8322,0.0,-0.014637191,-0.014580218,-4.367087313994489e-08,4.172116314293817e-05,4.172118497081101e-05,7e267c0bf303542b
2,day2_n8_softmax_seed44,44,173,7,False,False,True,0.8342,0.0,-0.030646315,0.013974078,-1.023759423901538e-07,4.2193230910925195e-05,4.2193354602204636e-05,7e267c0bf303542b
2,day2_n8_softmax_seed44,44,174,0,False,False,True,0.8346,0.0,0.003188304,0.031891804,-8.369055848334028e-08,4.351656389189884e-05,4.351664028945379e-05,7e267c0bf303542b
2,day2_n8_softmax_seed44,44,174,1,False,False,True,0.8328,0.0,0.009464268,-0.018665865,-1.7265789153952937e-07,4.3539737816900015e-05,4.354007978690788e-05,7e267c0bf303542b
2,day2_n8_softmax_seed44,44,174,2,False,False,True,0.8338,0.0,-0.19246808,-0.034078307,-1.8750674257717037e-07,4.616215665009804e-05,4.6162538637872785e-05,7e267c0bf303542b
2,day2_n8_softmax_seed44,44,174,3,False,False,True,0.8318,0.0,0.09994516,-0.010482809,-4.8221586723684595e-08,4.4645646994467825e-05,4.4645672460319474e-05,7e267c0bf303542b
2,day2_n8_softmax_seed44,44,174,4,False,False,True,0.8342,0.0,0.019737478,0.12225627,-2.1112315096161183e-07,4.369664748082869e-05,4.369716043584049e-05,7e267c0bf303542b
2,day2_n8_softmax_seed44,44,174,5,False,False,True,0.8356,0.0,0.051735643,-0.1607473,-9.888253771350719e-08,4.4490334403235465e-05,4.4490447180578485e-05,7e267c0bf303542b
2,day2_n8_softmax_seed44,44,174,6,False,False,True,0.8344,0.0,0.0009509106,0.008147757,-6.173304001322322e-08,4.077198536833748e-05,4.0772032662061974e-05,7e267c0bf303542b
2,day2_n8_softmax_seed44,44,174,7,False,False,True,0.8322,0.0,0.0074463165,0.06167839,-1.3372962825997092e-07,4.3182219087611884e-05,4.318242645240389e-05,7e267c0bf303542b
2,day2_n8_softmax_seed44,44,175,0,False,False,True,0.8312,0.0,-0.08834728,-0.13184763,-9.809890144651945e-08,4.462572178454138e-05,4.4625830923905596e-05,7e267c0bf303542b
2,day2_n8_softmax_seed44,44,175,1,False,False,True,0.835,0.0,0.1886246,-0.007641248,-7.160512183190804e-08,4.538025314104743e-05,4.538030771072954e-05,7e267c0bf303542b
2,day2_n8_softmax_seed44,44,175,2,False,False,True,0.8338,0.0,0.030797886,-0.12071508,-1.5583337642510742e-07,4.445056038093753e-05,4.445083686732687e-05,7e267c0bf303542b
2,day2_n8_softmax_seed44,44,175,3,False,False,True,0.8338,0.0,-0.042411022,0.040284865,9.83058612291643e-09,4.265563256922178e-05,4.265563256922178e-05,7e267c0bf303542b
2,day2_n8_softmax_seed44,44,175,4,False,False,True,0.8332,0.0,-0.0023538258,0.057256617,-1.0696815166966189e-07,4.371180693851784e-05,4.371193426777609e-05,7e267c0bf303542b
2,day2_n8_softmax_seed44,44,175,5,False,False,True,0.832,0.0,-0.01988039,0.039867733,-3.636621315195043e-08,4.3395197280915454e-05,4.339521547080949e-05,7e267c0bf303542b
2,day2_n8_softmax_seed44,44,175,6,False,False,True,0.8292,0.0,-0.037661094,0.036065944,-1.0730558130944701e-07,4.427968815434724e-05,4.42798227595631e-05,7e267c0bf303542b
2,day2_n8_softmax_seed44,44,175,7,False,False,True,0.8342,0.0,-0.02876915,0.08672899,-1.1637108165984955e-08,4.341288877185434e-05,4.341288877185434e-05,7e267c0bf303542b
2,day2_n8_softmax_seed44,44,176,0,False,False,True,0.834,0.0,0.19187522,0.052735332,-2.256508793152534e-07,4.5786855480400845e-05,4.578741209115833e-05,7e267c0bf303542b
2,day2_n8_softmax_seed44,44,176,1,False,False,True,0.8336,0.0,0.011792884,-0.006779723,-6.370985516923611e-08,4.453985093277879e-05,4.453989822650328e-05,7e267c0bf303542b
2,day2_n8_softmax_seed44,44,176,2,False,False,True,0.8354,0.0,-0.046281602,0.08453358,-1.7557857745487127e-07,4.4598524254979566e-05,4.459886986296624e-05,7e267c0bf303542b
2,day2_n8_softmax_seed44,44,176,3,False,False,True,0.8322,0.0,0.013982361,-0.18296711,-1.1414136302789757e-08,4.493573578656651e-05,4.493573578656651e-05,7e267c0bf303542b
2,day2_n8_softmax_seed44,44,176,4,False,False,True,0.834,0.0,-0.021744153,0.045816302,-1.4890515842580498e-07,4.445153535925783e-05,4.445178637979552e-05,7e267c0bf303542b
2,day2_n8_softmax_seed44,44,176,5,False,False,True,0.8324,0.0,-0.014261699,-0.039544955,-7.626314157960223e-08,4.3931780965067446e-05,4.3931846448685974e-05,7e267c0bf303542b
2,day2_n8_softmax_seed44,44,176,6,False,False,True,0.8316,0.0,-0.06692496,0.017552381,-7.117738221040781e-08,4.299722786527127e-05,4.299728971091099e-05,7e267c0bf303542b
2,day2_n8_softmax_seed44,44,176,7,False,False,True,0.832,0.0,-0.06843809,0.028654203,7.482478991960306e-08,4.354934935690835e-05,4.354941120254807e-05,7e267c0bf303542b
2,day2_n8_softmax_seed44,44,177,0,False,False,True,0.8338,0.0,0.07426428,-0.12077958,2.276602906192693e-08,4.549999357550405e-05,4.5500000851461664e-05,7e267c0bf303542b
2,day2_n8_softmax_seed44,44,177,1,False,False,True,0.833,0.0,-0.14118636,-0.09013893,-6.7985396867698e-08,4.6222594392020255e-05,4.622264168574475e-05,7e267c0bf303542b
2,day2_n8_softmax_seed44,44,177,2,False,False,True,0.8366,0.0,0.11728608,0.08890954,-2.14235793549733e-08,4.6177923650247976e-05,4.617792728822678e-05,7e267c0bf303542b
2,day2_n8_softmax_seed44,44,177,3,False,False,True,0.8326,0.0,-0.013556184,-0.0052975994,-4.3019777962172157e-08,4.410537439980544e-05,4.410539258969948e-05,7e267c0bf303542b
2,day2_n8_softmax_seed44,44,177,4,False,False,True,0.8354,0.0,-0.09549765,0.13260685,-1.0624813029380675e-07,4.594975325744599e-05,4.594987694872543e-05,7e267c0bf303542b
2,day2_n8_softmax_seed44,44,177,5,False,False,True,0.8324,0.0,0.055491894,-0.021782914,-4.9068045626654566e-08,4.4696294935420156e-05,4.4696320401271805e-05,7e267c0bf303542b
2,day2_n8_softmax_seed44,44,177,6,False,False,True,0.8334,0.0,0.010071326,-0.015977202,-9.476577389477825e-08,4.1447292460361496e-05,4.14473979617469e-05,7e267c0bf303542b
2,day2_n8_softmax_seed44,44,177,7,False,False,True,0.832,0.0,-0.006873396,0.032459885,-1.3337374582533812e-07,4.326277121435851e-05,4.326298221712932e-05,7e267c0bf303542b
2,day2_n8_softmax_seed44,44,178,0,False,False,True,0.836,0.0,0.045081407,0.01130924,-9.29752559386543e-08,4.351682946435176e-05,4.351692768977955e-05,7e267c0bf303542b
2,day2_n8_softmax_seed44,44,178,1,False,False,True,0.8344,0.0,-0.2022525,-0.055675,-9.208819484740616e-09,4.648744288715534e-05,4.6487446525134146e-05,7e267c0bf303542b
2,day2_n8_softmax_seed44,44,178,2,False,False,True,0.8336,0.0,0.012260686,0.077362105,-1.51426604588778e-07,4.438820906216279e-05,4.43884709966369e-05,7e267c0bf303542b
2,day2_n8_softmax_seed44,44,178,3,False,False,True,0.8312,0.0,0.08248712,-0.18000482,-8.569153919779637e-08,4.529101715888828e-05,4.5291100832400844e-05,7e267c0bf303542b
2,day2_n8_softmax_seed44,44,178,4,False,False,True,0.8342,0.0,0.009490469,0.06846384,-7.516725020195736e-08,4.4070980948163196e-05,4.407103915582411e-05,7e267c0bf303542b
2,day2_n8_softmax_seed44,44,178,5,False,False,True,0.8328,0.0,0.019974623,0.03368696,-6.284021480951196e-08,4.395028736325912e-05,4.3950334656983614e-05,7e267c0bf303542b
2,day2_n8_softmax_seed44,44,178,6,False,False,True,0.8326,0.0,0.020391725,0.031050071,1.3102832152611654e-09,4.3302516132825986e-05,4.3302516132825986e-05,7e267c0bf303542b
2,day2_n8_softmax_seed44,44,178,7,False,False,True,0.833,0.0,0.012566467,0.013807762,-1.0115851267755716e-07,4.2434141505509615e-05,4.2434265196789056e-05,7e267c0bf303542b
2,day2_n8_softmax_seed44,44,179,0,False,False,True,0.833,0.0,-0.016740423,0.026002398,-1.221092702508031e-07,4.404628271004185e-05,4.404645005706698e-05,7e267c0bf303542b
2,day2_n8_softmax_seed44,44,179,1,False,False,True,0.8358,0.0,0.20430724,0.010749323,-1.114956873493611e-07,4.723114398075268e-05,4.723127858596854e-05,7e267c0bf303542b
2,day2_n8_softmax_seed44,44,179,2,False,False,True,0.8302,0.0,-0.08553663,0.10442119,-2.325650285683878e-07,4.532345337793231e-05,4.532405000645667e-05,7e267c0bf303542b
2,day2_n8_softmax_seed44,44,179,3,False,False,True,0.8326,0.0,-0.013724566,-0.13994454,-1.506636237991188e-07,4.535265179583803e-05,4.535289917839691e-05,7e267c0bf303542b
2,day2_n8_softmax_seed44,44,179,4,False,False,True,0.8342,0.0,-0.0022162332,0.08121019,-2.9904857257179174e-08,4.49721010227222e-05,4.497211193665862e-05,7e267c0bf303542b
2,day2_n8_softmax_seed44,44,179,5,False,False,True,0.8342,0.0,-0.053087052,-0.10741479,3.26784821425008e-08,4.497898044064641e-05,4.4978987716604024e-05,7e267c0bf303542b
2,day2_n8_softmax_seed44,44,179,6,False,False,True,0.833,0.0,-0.02230507,0.00042252927,-5.4918285030680636e-08,4.272434307495132e-05,4.272437945473939e-05,7e267c0bf303542b
2,day2_n8_softmax_seed44,44,179,7,False,False,True,0.8328,0.0,-0.010697161,0.024553854,-3.96941004510154e-08,4.431137494975701e-05,4.431138950167224e-05,7e267c0bf303542b
2,day2_n8_softmax_seed44,44,180,0,False,False,True,0.8334,0.0,0.033391472,0.03899263,1.2213034139563206e-08,4.4650063500739634e-05,4.465005986276083e-05,7e267c0bf303542b
2,day2_n8_softmax_seed44,44,180,1,False,False,True,0.8356,0.0,0.032338355,-0.20120431,6.108626049439181e-09,4.631325646187179e-05,4.63132637378294e-05,7e267c0bf303542b
2,day2_n8_softmax_seed44,44,180,2,False,False,True,0.8338,0.0,0.028378125,-0.015862633,-2.0305805037423852e-07,4.574054401018657e-05,4.5740998757537454e-05,7e267c0bf303542b
2,day2_n8_softmax_seed44,44,180,3,False,False,True,0.834,0.0,0.025810631,0.055773024,3.2082478895745226e-08,4.481372161535546e-05,4.481373252929188e-05,7e267c0bf303542b
2,day2_n8_softmax_seed44,44,180,4,False,False,True,0.832,0.0,0.042964738,0.051236358,-1.220017793457373e-07,4.485576573642902e-05,4.485592944547534e-05,7e267c0bf303542b
2,day2_n8_softmax_seed44,44,180,5,False,False,True,0.8278,0.0,-0.24072692,0.002890982,-9.404516987387979e-08,5.384077303460799e-05,5.384085307014175e-05,7e267c0bf303542b
2,day2_n8_softmax_seed44,44,180,6,False,False,True,0.8336,0.0,0.03717453,0.017965024,-1.1226615015402786e-07,4.41807096649427e-05,4.418085154611617e-05,7e267c0bf303542b
2,day2_n8_softmax_seed44,44,180,7,False,False,True,0.8342,0.0,0.040669,0.05020889,-1.798171744837873e-08,4.4095264456700534e-05,4.409527173265815e-05,7e267c0bf303542b
2,day2_n8_softmax_seed44,44,181,0,False,False,True,0.833,0.0,-0.07400985,-0.068006225,-1.2831746687425039e-07,4.535334664979018e-05,4.535352854873054e-05,7e267c0bf303542b
2,day2_n8_softmax_seed44,44,181,1,False,False,True,0.833,0.0,0.014134554,-0.023432989,-5.148619663941645e-08,4.4472060835687444e-05,4.447208630153909e-05,7e267c0bf303542b
2,day2_n8_softmax_seed44,44,181,2,False,False,True,0.8362,0.0,-0.028016929,-0.11173684,-1.319315146020017e-07,4.467827966436744e-05,4.4678468839265406e-05,7e267c0bf303542b
2,day2_n8_softmax_seed44,44,181,3,False,False,True,0.8314,0.0,0.18350542,-0.011042593,-6.478151703959156e-08,4.569543671095744e-05,4.569548764266074e-05,7e267c0bf303542b
2,day2_n8_softmax_seed44,44,181,4,False,False,True,0.8346,0.0,-0.06617282,-0.023888316,-8.67069473997617e-08,4.399288445711136e-05,4.399297176860273e-05,7e267c0bf303542b
2,day2_n8_softmax_seed44,44,181,5,False,False,True,0.8312,0.0,0.035521634,0.08174203,-3.786992053278482e-09,4.4961150706512854e-05,4.4961150706512854e-05,7e267c0bf303542b
2,day2_n8_softmax_seed44,44,181,6,False,False,True,0.8316,0.0,0.0014974372,0.0014936115,-1.427917482033081e-07,4.415102011989802e-05,4.4151252950541675e-05,7e267c0bf303542b
2,day2_n8_softmax_seed44,44,181,7,False,False,True,0.8308,0.0,-0.06645946,0.1548714,1.7142049557605787e-08,4.537953282124363e-05,4.5379536459222436e-05,7e267c0bf303542b
2,day2_n8_softmax_seed44,44,182,0,False,False,True,0.8316,0.0,-0.081139095,-0.062214524,-1.1555445666999731e-07,4.53033899248112e-05,4.530353544396348e-05,7e267c0bf303542b
2,day2_n8_softmax_seed44,44,182,1,False,False,True,0.8322,0.0,0.16377865,-0.05654976,3.255114622291444e-09,4.5616121497005224e-05,4.561612513498403e-05,7e267c0bf303542b
2,day2_n8_softmax_seed44,44,182,2,False,False,True,0.8332,0.0,-0.06672474,0.1531269,-2.0509473586116655e-07,4.5862834667786956e-05,4.586328941513784e-05,7e267c0bf303542b
2,day2_n8_softmax_seed44,44,182,3,False,False,True,0.8344,0.0,-0.02942767,-0.07624532,-6.717443312709293e-08,4.487259138841182e-05,4.487264232011512e-05,7e267c0bf303542b
2,day2_n8_softmax_seed44,44,182,4,False,False,True,0.8324,0.0,-0.010363919,-0.007208291,-4.310162893261804e-08,4.451677523320541e-05,4.451679706107825e-05,7e267c0bf303542b
2,day2_n8_softmax_seed44,44,182,5,False,False,True,0.8344,0.0,0.0898834,0.1077624,-1.6423163273771024e-08,4.564734626910649e-05,4.56473499070853e-05,7e267c0bf303542b
2,day2_n8_softmax_seed44,44,182,6,False,False,True,0.8332,0.0,-0.011186812,-0.01810243,-4.3572967456384504e-08,4.227265526424162e-05,4.227268073009327e-05,7e267c0bf303542b
2,day2_n8_softmax_seed44,44,182,7,False,False,True,0.832,0.0,-0.05482005,-0.040568918,-1.2173111940683157e-07,4.411975896800868e-05,4.4119929953012615e-05,7e267c0bf303542b
2,day2_n8_softmax_seed44,44,183,0,False,False,True,0.833,0.0,0.024598101,0.03883753,6.15738127152099e-09,4.5644916099263355e-05,4.5644916099263355e-05,7e267c0bf303542b
2,day2_n8_softmax_seed44,44,183,1,False,False,True,0.8338,0.0,-0.21629101,-0.014149328,-2.0350989871076308e-07,4.830966281588189e-05,4.831009209738113e-05,7e267c0bf303542b
2,day2_n8_softmax_seed44,44,183,2,False,False,True,0.8318,0.0,0.04760876,-0.18733609,-2.391299425141824e-08,4.693388837040402e-05,4.6933895646361634e-05,7e267c0bf303542b
2,day2_n8_softmax_seed44,44,183,3,False,False,True,0.8338,0.0,0.035424225,0.11450007,7.085818598540072e-09,4.572661055135541e-05,4.5726614189334214e-05,7e267c0bf303542b
2,day2_n8_softmax_seed44,44,183,4,False,False,True,0.8318,0.0,0.03834523,-0.02305232,-7.178090299930773e-08,4.543446993920952e-05,4.5434528146870434e-05,7e267c0bf303542b
2,day2_n8_softmax_seed44,44,183,5,False,False,True,0.8296,0.0,0.033795882,0.029752033,-7.69227099794989e-08,4.4314583647064865e-05,4.431464913068339e-05,7e267c0bf303542b
2,day2_n8_softmax_seed44,44,183,6,False,False,True,0.8324,0.0,0.0038073915,0.021807129,-1.2166390206402866e-07,4.427329986356199e-05,4.4273467210587114e-05,7e267c0bf303542b
2,day2_n8_softmax_seed44,44,183,7,False,False,True,0.8348,0.0,0.03271142,0.019641012,-1.095416664043114e-07,4.4275831896811724e-05,4.427597014000639e-05,7e267c0bf303542b
2,day2_n8_softmax_seed44,44,184,0,False,False,True,0.8332,0.0,-0.028803762,-0.035897523,6.407914643347112e-09,4.5636523282155395e-05,4.5636523282155395e-05,7e267c0bf303542b
2,day2_n8_softmax_seed44,44,184,1,False,False,True,0.8322,0.0,0.12749593,-0.15894198,-5.400863045679216e-08,4.696119140135124e-05,4.69612205051817e-05,7e267c0bf303542b
2,day2_n8_softmax_seed44,44,184,2,False,False,True,0.8344,0.0,-0.07099881,0.020250984,-1.7743741409503855e-07,4.604064815794118e-05,4.604098648997024e-05,7e267c0bf303542b
2,day2_n8_softmax_seed44,44,184,3,False,False,True,0.8292,0.0,-0.018197436,0.03195108,8.28672952479792e-08,4.576676292344928e-05,4.576683568302542e-05,7e267c0bf303542b
2,day2_n8_softmax_seed44,44,184,4,False,False,True,0.8328,0.0,-0.029843181,-0.010676929,-1.6469448382849805e-07,4.45442165073473e-05,4.4544522097567096e-05,7e267c0bf303542b
2,day2_n8_softmax_seed44,44,184,5,False,False,True,0.8314,0.0,0.14348796,0.15163177,-1.223924357418582e-07,4.724376412923448e-05,4.724392056232318e-05,7e267c0bf303542b
2,day2_n8_softmax_seed44,44,184,6,False,False,True,0.8346,0.0,-0.03917828,-0.015295496,-4.797778530019059e-08,4.498609632719308e-05,4.498612179304473e-05,7e267c0bf303542b
2,day2_n8_softmax_seed44,44,184,7,False,False,True,0.8352,0.0,-0.08396264,0.016977957,-5.634930744236044e-08,4.5470191253116354e-05,4.547022399492562e-05,7e267c0bf303542b
2,day2_n8_softmax_seed44,44,185,0,False,False,True,0.8322,0.0,-0.07402664,-0.049066015,-4.93109375554468e-08,4.668633846449666e-05,4.668636393034831e-05,7e267c0bf303542b
2,day2_n8_softmax_seed44,44,185,1,False,False,True,0.8338,0.0,0.1934027,-0.09352044,-6.074613168038923e-08,4.78713664051611e-05,4.787141006090678e-05,7e267c0bf303542b
2,day2_n8_softmax_seed44,44,185,2,False,False,True,0.834,0.0,-0.023082087,0.0005085214,4.5995271591436904e-08,4.5471755584003404e-05,4.5471777411876246e-05,7e267c0bf303542b
2,day2_n8_softmax_seed44,44,185,3,False,False,True,0.8344,0.0,-0.08259179,-0.069024116,-6.806961039274029e-08,4.671146962209605e-05,4.671151691582054e-05,7e267c0bf303542b
2,day2_n8_softmax_seed44,44,185,4,False,False,True,0.8348,0.0,0.048727795,0.19073799,-2.7299691396365233e-07,4.7290690417867154e-05,4.7291476221289486e-05,7e267c0bf303542b
2,day2_n8_softmax_seed44,44,185,5,False,False,True,0.8318,0.0,-0.025430886,0.0031777676,9.30222210371312e-09,4.369293310446665e-05,4.369293310446665e-05,7e267c0bf303542b
2,day2_n8_softmax_seed44,44,185,6,False,False,True,0.834,0.0,-0.0152624985,-0.011436771,-1.268550704480731e-07,4.370903116068803e-05,4.370921669760719e-05,7e267c0bf303542b
2,day2_n8_softmax_seed44,44,185,7,False,False,True,0.834,0.0,-0.02173648,0.028622948,-3.974895435021608e-08,4.470431667868979e-05,4.470433486858383e-05,7e267c0bf303542b
2,day2_n8_softmax_seed44,44,186,0,False,False,True,0.833,0.0,-0.04043763,0.19301704,-2.190092942555566e-07,4.669034751714207e-05,4.669086047215387e-05,7e267c0bf303542b
2,day2_n8_softmax_seed44,44,186,1,False,False,True,0.832,0.0,0.21404693,0.008411342,-1.1478268646669676e-07,4.7913748858263716e-05,4.7913887101458386e-05,7e267c0bf303542b
2,day2_n8_softmax_seed44,44,186,2,False,False,True,0.8348,0.0,-0.01454065,0.008771098,-1.6191543750210258e-07,4.297577470424585e-05,4.2976080294465646e-05,7e267c0bf303542b
2,day2_n8_softmax_seed44,44,186,3,False,False,True,0.831,0.0,-0.059116106,-0.01714159,-1.1765564522647765e-07,4.629078830475919e-05,4.629093746189028e-05,7e267c0bf303542b
2,day2_n8_softmax_seed44,44,186,4,False,False,True,0.8338,0.0,-0.014295532,-0.008638065,-1.2795652537533897e-07,4.5846747525501996e-05,4.584692942444235e-05,7e267c0bf303542b
2,day2_n8_softmax_seed44,44,186,5,False,False,True,0.8348,0.0,-0.028879542,-0.10360129,-5.674658076770811e-09,4.614234421751462e-05,4.614234421751462e-05,7e267c0bf303542b
2,day2_n8_softmax_seed44,44,186,6,False,False,True,0.8328,0.0,-0.019546747,-0.056856394,-1.7718134870392532e-07,4.503742093220353e-05,4.5037766540190205e-05,7e267c0bf303542b
2,day2_n8_softmax_seed44,44,186,7,False,False,True,0.8326,0.0,-0.03723081,-0.02396192,-1.4910503054466062e-08,4.5153261453378946e-05,4.5153261453378946e-05,7e267c0bf303542b
2,day2_n8_softmax_seed44,44,187,0,False,False,True,0.8372,0.0,-0.09417163,-0.014476292,-1.8202413798462658e-08,4.616353180608712e-05,4.616353544406593e-05,7e267c0bf303542b
2,day2_n8_softmax_seed44,44,187,1,False,False,True,0.8316,0.0,0.14443444,0.09948359,-1.8722701611295633e-08,4.6393404772970825e-05,4.639340841094963e-05,7e267c0bf303542b
2,day2_n8_softmax_seed44,44,187,2,False,False,True,0.8332,0.0,-0.13182227,0.02221882,-9.22468146313804e-08,4.671220449381508e-05,4.671229544328526e-05,7e267c0bf303542b
2,day2_n8_softmax_seed44,44,187,3,False,False,True,0.8304,0.0,-0.005928633,0.04754903,-2.3573432983425846e-08,4.615006400854327e-05,4.615007128450088e-05,7e267c0bf303542b
2,day2_n8_softmax_seed44,44,187,4,False,False,True,0.8328,0.0,0.071042545,-0.18781535,-9.117703569927471e-08,4.647975219995715e-05,4.6479843149427325e-05,7e267c0bf303542b
2,day2_n8_softmax_seed44,44,187,5,False,False,True,0.8328,0.0,0.004519887,0.03801214,-3.2066548527609484e-08,4.579286905936897e-05,4.579287997330539e-05,7e267c0bf303542b
2,day2_n8_softmax_seed44,44,187,6,False,False,True,0.8344,0.0,0.016742725,0.029028812,-4.721895408010823e-08,4.5065447920933366e-05,4.5065473386785015e-05,7e267c0bf303542b
2,day2_n8_softmax_seed44,44,187,7,False,False,True,0.8322,0.0,-0.0048171105,-0.03400063,3.811577897749885e-08,4.32991364505142e-05,4.329915464040823e-05,7e267c0bf303542b
2,day2_n8_softmax_seed44,44,188,0,False,False,True,0.8318,0.0,0.007628176,0.014506159,-2.223153039437875e-08,4.512658779276535e-05,4.512659506872296e-05,7e267c0bf303542b
2,day2_n8_softmax_seed44,44,188,1,False,False,True,0.8346,0.0,-0.11176993,-0.17301427,-8.088832714747696e-09,4.795512359123677e-05,4.795512359123677e-05,7e267c0bf303542b
2,day2_n8_softmax_seed44,44,188,2,False,False,True,0.8302,0.0,0.20119844,-0.065282844,-2.1307425868144492e-07,4.861580237047747e-05,4.8616268031764776e-05,7e267c0bf303542b
2,day2_n8_softmax_seed44,44,188,3,False,False,True,0.8342,0.0,-0.004581955,0.045145623,-9.099769471276886e-08,4.637096208170988e-05,4.637104939320125e-05,7e267c0bf303542b
2,day2_n8_softmax_seed44,44,188,4,False,False,True,0.8304,0.0,-0.014533041,0.018439239,-9.546495505219355e-08,4.64191944047343e-05,4.641929263016209e-05,7e267c0bf303542b
2,day2_n8_softmax_seed44,44,188,5,False,False,True,0.8354,0.0,-0.041860737,0.12742488,-1.107348701623323e-08,4.7311867092503235e-05,4.7311867092503235e-05,7e267c0bf303542b
2,day2_n8_softmax_seed44,44,188,6,False,False,True,0.8358,0.0,-0.02005431,-0.0051340978,-4.072848724945288e-08,4.5004231651546434e-05,4.500424620346166e-05,7e267c0bf303542b
2,day2_n8_softmax_seed44,44,188,7,False,False,True,0.8336,0.0,-0.016026653,0.037915275,-5.080372034171887e-08,4.581641042022966e-05,4.5816439524060115e-05,7e267c0bf303542b
2,day2_n8_softmax_seed44,44,189,0,False,False,True,0.8336,0.0,0.025096571,0.0021325399,-2.945798449616177e-08,4.523999086814001e-05,4.524000542005524e-05,7e267c0bf303542b
2,day2_n8_softmax_seed44,44,189,1,False,False,True,0.8308,0.0,-0.21770224,0.019254373,-1.0816833651006164e-07,4.899522173218429e-05,4.8995341785484925e-05,7e267c0bf303542b
2,day2_n8_softmax_seed44,44,189,2,False,False,True,0.8322,0.0,0.03218631,-0.10978319,-1.9326259348417807e-07,4.69553197035566e-05,4.695571624324657e-05,7e267c0bf303542b
2,day2_n8_softmax_seed44,44,189,3,False,False,True,0.834,0.0,0.042131566,0.17936373,5.737625485835451e-09,4.748877472593449e-05,4.748877472593449e-05,7e267c0bf303542b
2,day2_n8_softmax_seed44,44,189,4,False,False,True,0.8314,0.0,0.064351,0.04217271,-4.709655776480304e-09,4.748491119244136e-05,4.748491119244136e-05,7e267c0bf303542b
2,day2_n8_softmax_seed44,44,189,5,False,False,True,0.8316,0.0,0.007828469,-0.065718785,-1.1921862608232914e-07,4.7148212615866214e-05,4.714836541097611e-05,7e267c0bf303542b
2,day2_n8_softmax_seed44,44,189,6,False,False,True,0.828,0.0,0.033526517,-0.059024468,-1.2150235306762625e-07,4.627669113688171e-05,4.6276847569970414e-05,7e267c0bf303542b
2,day2_n8_softmax_seed44,44,189,7,False,False,True,0.8336,0.0,0.012581864,-0.008397009,3.6550455995154607e-09,4.489241473493166e-05,4.489241473493166e-05,7e267c0bf303542b
2,day2_n8_softmax_seed44,44,190,0,False,False,True,0.8314,0.0,0.018979877,-0.0035383531,-2.8495028558950253e-08,4.58374634035863e-05,4.583747067954391e-05,7e267c0bf303542b
2,day2_n8_softmax_seed44,44,190,1,False,False,True,0.8332,0.0,-0.058760762,0.006489293,-5.658403168240511e-08,4.698423799709417e-05,4.6984267100924626e-05,7e267c0bf303542b
2,day2_n8_softmax_seed44,44,190,2,False,False,True,0.8324,0.0,-0.03519488,-0.0167096,-6.394139973053825e-08,4.6428205678239465e-05,4.642825297196396e-05,7e267c0bf303542b
2,day2_n8_softmax_seed44,44,190,3,False,False,True,0.831,0.0,0.1611955,-0.13664305,5.546700165837137e-08,4.834614446735941e-05,4.834617720916867e-05,7e267c0bf303542b
2,day2_n8_softmax_seed44,44,190,4,False,False,True,0.8338,0.0,-0.1312563,-0.061843775,-2.65345132532957e-08,4.777117646881379e-05,4.7771183744771406e-05,7e267c0bf303542b
2,day2_n8_softmax_seed44,44,190,5,False,False,True,0.83,0.0,0.08060496,0.17767237,6.670376961892543e-08,4.8174362746067345e-05,4.817440640181303e-05,7e267c0bf303542b
2,day2_n8_softmax_seed44,44,190,6,False,False,True,0.8306,0.0,-0.022965252,0.01122422,-2.0641469689053338e-07,4.474159868550487e-05,4.4742078898707405e-05,7e267c0bf303542b
2,day2_n8_softmax_seed44,44,190,7,False,False,True,0.8338,0.0,-0.012603224,0.023348792,-6.317763023844236e-08,4.5439719542628154e-05,4.5439766836352646e-05,7e267c0bf303542b
2,day2_n8_softmax_seed44,44,191,0,False,False,True,0.835,0.0,0.01410979,0.08839193,-8.456329680939234e-08,4.7177931264741346e-05,4.7178007662296295e-05,7e267c0bf303542b
2,day2_n8_softmax_seed44,44,191,1,False,False,True,0.8336,0.0,-0.20728165,-0.07225726,-6.336684066354792e-08,4.916131729260087e-05,4.916135731036775e-05,7e267c0bf303542b
2,day2_n8_softmax_seed44,44,191,2,False,False,True,0.8308,0.0,0.048136488,-0.00042328943,-1.3872848114715453e-07,4.6703302359674126e-05,4.670350972446613e-05,7e267c0bf303542b
2,day2_n8_softmax_seed44,44,191,3,False,False,True,0.8316,0.0,-0.010056601,0.019508665,-1.0180286125205384e-07,4.850924960919656e-05,4.850936238653958e-05,7e267c0bf303542b
2,day2_n8_softmax_seed44,44,191,4,False,False,True,0.835,0.0,0.0030806009,0.10593871,2.670011056693511e-08,4.7976522182580084e-05,4.79765294585377e-05,7e267c0bf303542b
2,day2_n8_softmax_seed44,44,191,5,False,False,True,0.8286,0.0,0.10137465,-0.17328824,1.2866032683689355e-08,4.8420890379929915e-05,4.8420890379929915e-05,7e267c0bf303542b
2,day2_n8_softmax_seed44,44,191,6,False,False,True,0.8344,0.0,0.014085,-0.00258441,-5.265442837298906e-08,4.605672074831091e-05,4.605675349012017e-05,7e267c0bf303542b
2,day2_n8_softmax_seed44,44,191,7,False,False,True,0.8334,0.0,0.036551826,0.034713928,2.9897748277107894e-08,4.6531898988178e-05,4.653190990211442e-05,7e267c0bf303542b
2,day2_n8_softmax_seed44,44,192,0,False,False,True,0.8324,0.0,-0.033722404,0.003203317,-3.4468385479158314e-08,4.625425935955718e-05,4.625427391147241e-05,7e267c0bf303542b
2,day2_n8_softmax_seed44,44,192,1,False,False,True,0.835,0.0,0.15566257,0.10405335,-6.365635130123337e-08,4.757980059366673e-05,4.7579847887391225e-05,7e267c0bf303542b
2,day2_n8_softmax_seed44,44,192,2,False,False,True,0.8318,0.0,0.02506829,0.022023594,-5.9594253087880134e-08,4.658842590288259e-05,4.658846228267066e-05,7e267c0bf303542b
2,day2_n8_softmax_seed44,44,192,3,False,False,True,0.8318,0.0,-0.07311586,0.061424766,-6.02405165750497e-08,4.727620034827851e-05,4.727623672806658e-05,7e267c0bf303542b
2,day2_n8_softmax_seed44,44,192,4,False,False,True,0.8294,0.0,0.06337379,-0.19812015,-5.7945875653331314e-08,4.7947010898496956e-05,4.7947047278285027e-05,7e267c0bf303542b
2,day2_n8_softmax_seed44,44,192,5,False,False,True,0.8294,0.0,-0.1377188,-0.000828063,2.4900897344082296e-08,4.7545210691168904e-05,4.754521432914771e-05,7e267c0bf303542b
2,day2_n8_softmax_seed44,44,192,6,False,False,True,0.8298,0.0,0.015263842,0.013749532,-3.348472432662675e-08,4.637700840248726e-05,4.6377019316423684e-05,7e267c0bf303542b
2,day2_n8_softmax_seed44,44,192,7,False,False,True,0.8314,0.0,-0.014811463,-0.0055063614,-7.094138965157981e-08,4.5886979933129624e-05,4.588703450281173e-05,7e267c0bf303542b
2,day2_n8_softmax_seed44,44,193,0,False,False,True,0.8354,0.0,-0.17515628,0.12556936,-9.053876226516877e-08,4.8498346586711705e-05,4.849843026022427e-05,7e267c0bf303542b
2,day2_n8_softmax_seed44,44,193,1,False,False,True,0.833,0.0,0.025857741,-0.057187375,5.083280996132089e-08,4.717734918813221e-05,4.717737829196267e-05,7e267c0bf303542b
2,day2_n8_softmax_seed44,44,193,2,False,False,True,0.8304,0.0,0.0041192328,-0.0044701635,-1.5556231858226965e-07,4.697942131315358e-05,4.6979675971670076e-05,7e267c0bf303542b
2,day2_n8_softmax_seed44,44,193,3,False,False,True,0.8318,0.0,-0.012928942,-0.10977242,-1.008595207352414e-09,4.685582098318264e-05,4.6855824621161446e-05,7e267c0bf303542b
2,day2_n8_softmax_seed44,44,193,4,False,False,True,0.8306,0.0,0.15409282,0.13603762,-4.1059379896069004e-08,4.818522575078532e-05,4.8185243940679356e-05,7e267c0bf303542b
2,day2_n8_softmax_seed44,44,193,5,False,False,True,0.8292,0.0,-0.023278367,-0.06273354,-1.0947481854373109e-07,4.625843939720653e-05,4.6258570364443585e-05,7e267c0bf303542b
2,day2_n8_softmax_seed44,44,193,6,False,False,True,0.8344,0.0,0.014421391,0.0017343037,-3.2028957264174096e-08,4.711069050244987e-05,4.711070141638629e-05,7e267c0bf303542b
2,day2_n8_softmax_seed44,44,193,7,False,False,True,0.8306,0.0,0.012872624,-0.02917782,-4.2421344659260285e-08,4.6746135922148824e-05,4.6746157750021666e-05,7e267c0bf303542b
2,day2_n8_softmax_seed44,44,194,0,False,False,True,0.832,0.0,0.011815714,0.009556943,-1.0582682108406516e-07,4.659316982724704e-05,4.659328988054767e-05,7e267c0bf303542b
2,day2_n8_softmax_seed44,44,194,1,False,False,True,0.8328,0.0,0.04172904,0.15092392,-3.1439679304412493e-08,4.8152145609492436e-05,4.8152160161407664e-05,7e267c0bf303542b
2,day2_n8_softmax_seed44,44,194,2,False,False,True,0.8326,0.0,0.16479337,-0.0023254515,-1.760194692224104e-07,4.845110379392281e-05,4.845142029807903e-05,7e267c0bf303542b
2,day2_n8_softmax_seed44,44,194,3,False,False,True,0.8338,0.0,-0.044874832,-0.11592628,-7.773394372634357e-08,4.731617809738964e-05,4.731623994302936e-05,7e267c0bf303542b
2,day2_n8_softmax_seed44,44,194,4,False,False,True,0.8338,0.0,-0.14462335,0.10284481,-7.749762431785712e-08,4.841262853005901e-05,4.841269037569873e-05,7e267c0bf303542b
2,day2_n8_softmax_seed44,44,194,5,False,False,True,0.8302,0.0,0.0041468153,-0.03421211,-8.754972924407411e-08,4.663676372729242e-05,4.663684740080498e-05,7e267c0bf303542b
2,day2_n8_softmax_seed44,44,194,6,False,False,True,0.834,0.0,0.02594898,-0.03237186,-7.30105611523868e-08,4.6840727009112015e-05,4.6840788854751736e-05,7e267c0bf303542b
2,day2_n8_softmax_seed44,44,194,7,False,False,True,0.8312,0.0,-0.058935653,-0.07848997,-4.962394228869016e-08,4.677013566833921e-05,4.677016113419086e-05,7e267c0bf303542b
2,day2_n8_softmax_seed44,44,195,0,False,False,True,0.8334,0.0,0.033890694,-0.0705234,-4.176261469979181e-08,4.8197078285738826e-05,4.8197092837654054e-05,7e267c0bf303542b
2,day2_n8_softmax_seed44,44,195,1,False,False,True,0.8336,0.0,-0.040717628,-0.028977677,7.730747597634036e-08,4.7849916882114485e-05,4.7849978727754205e-05,7e267c0bf303542b
2,day2_n8_softmax_seed44,44,195,2,False,False,True,0.8338,0.0,-0.037992794,-0.09392256,-1.771306585851562e-07,4.8331225116271526e-05,4.8331552534364164e-05,7e267c0bf303542b
2,day2_n8_softmax_seed44,44,195,3,False,False,True,0.8288,0.0,0.17066349,0.13345386,2.9781039856402458e-08,4.98553563375026e-05,4.985536361346021e-05,7e267c0bf303542b
2,day2_n8_softmax_seed44,44,195,4,False,False,True,0.831,0.0,-0.16004933,0.14869685,-1.390995834071873e-07,4.9851307267090306e-05,4.985150007996708e-05,7e267c0bf303542b
2,day2_n8_softmax_seed44,44,195,5,False,False,True,0.8324,0.0,0.023718802,-0.04650183,-1.869599763892893e-08,4.690028072218411e-05,4.6900284360162914e-05,7e267c0bf303542b
2,day2_n8_softmax_seed44,44,195,6,False,False,True,0.8342,0.0,-0.0035417005,-0.020503338,-1.8642646182343015e-07,4.494726090342738e-05,4.494764652918093e-05,7e267c0bf303542b
2,day2_n8_softmax_seed44,44,195,7,False,False,True,0.8302,0.0,0.014028358,-0.021721756,-1.111880365556317e-07,4.704045204562135e-05,4.7040583012858406e-05,7e267c0bf303542b
2,day2_n8_softmax_seed44,44,196,0,False,False,True,0.8328,0.0,0.038050923,0.041109316,-3.7788296936014376e-08,4.7242090658983216e-05,4.7242105210898444e-05,7e267c0bf303542b
2,day2_n8_softmax_seed44,44,196,1,False,False,True,0.8356,0.0,-0.21339786,-0.05643673,-1.7513094974219712e-08,4.9631926231086254e-05,4.9631926231086254e-05,7e267c0bf303542b
2,day2_n8_softmax_seed44,44,196,2,False,False,True,0.8306,0.0,0.09188438,-0.1949995,-5.073104603070533e-08,4.897869803244248e-05,4.897872713627294e-05,7e267c0bf303542b
2,day2_n8_softmax_seed44,44,196,3,False,False,True,0.8322,0.0,0.03255654,0.053200375,-9.609686912881443e-08,4.7202625864883885e-05,4.7202724090311676e-05,7e267c0bf303542b
2,day2_n8_softmax_seed44,44,196,4,False,False,True,0.8374,0.0,0.021271087,0.096787535,-1.0266142425052749e-07,4.8445883294334635e-05,4.844599243369885e-05,7e267c0bf303542b
2,day2_n8_softmax_seed44,44,196,5,False,False,True,0.8324,0.0,0.032225266,0.0095881615,3.580266749736438e-08,4.7479476052103564e-05,4.7479486966039985e-05,7e267c0bf303542b
2,day2_n8_softmax_seed44,44,196,6,False,False,True,0.8344,0.0,-0.017706009,0.016976858,-1.2359433299025113e-07,4.685055318986997e-05,4.6850720536895096e-05,7e267c0bf303542b
2,day2_n8_softmax_seed44,44,196,7,False,False,True,0.8328,0.0,0.015115537,0.033773918,8.921646532655814e-09,4.689597335527651e-05,4.689597335527651e-05,7e267c0bf303542b
2,day2_n8_softmax_seed44,44,197,0,False,False,True,0.8334,0.0,0.005698113,0.04879901,5.1866948069800856e-08,4.7858473408268765e-05,4.785850251209922e-05,7e267c0bf303542b
2,day2_n8_softmax_seed44,44,197,1,False,False,True,0.833,0.0,0.21494202,-0.049940217,-2.7924034640136597e-08,4.988592263543978e-05,4.9885933549376205e-05,7e267c0bf303542b
2,day2_n8_softmax_seed44,44,197,2,False,False,True,0.8328,0.0,-0.08096804,-0.19790375,-5.7786380125435244e-08,4.9522721383254975e-05,4.952275412506424e-05,7e267c0bf303542b
2,day2_n8_softmax_seed44,44,197,3,False,False,True,0.8324,0.0,-0.043345857,0.102547705,-1.0700566832611003e-07,4.891762000625022e-05,4.891773278359324e-05,7e267c0bf303542b
2,day2_n8_softmax_seed44,44,197,4,False,False,True,0.8316,0.0,-0.010993233,0.036960613,-1.2084949219115515e-07,4.854811049881391e-05,4.8548259655945e-05,7e267c0bf303542b
2,day2_n8_softmax_seed44,44,197,5,False,False,True,0.8318,0.0,-0.057660688,0.005945888,1.2915251978995457e-08,4.899198029306717e-05,4.899198029306717e-05,7e267c0bf303542b
2,day2_n8_softmax_seed44,44,197,6,False,False,True,0.8356,0.0,-0.025348045,0.010813035,-2.9163592429881646e-08,4.6225046389736235e-05,4.6225057303672656e-05,7e267c0bf303542b
2,day2_n8_softmax_seed44,44,197,7,False,False,True,0.8308,0.0,-0.0023241495,0.042777736,-1.3832477385733455e-09,4.7322388127213344e-05,4.732239176519215e-05,7e267c0bf303542b
2,day2_n8_softmax_seed44,44,198,0,False,False,True,0.8338,0.0,0.22823776,0.04574523,-1.751148488438048e-07,5.166115806787275e-05,5.166145638213493e-05,7e267c0bf303542b
2,day2_n8_softmax_seed44,44,198,1,False,False,True,0.8308,0.0,-0.02290785,-0.12741286,-4.2976449066145506e-08,4.9764759751269594e-05,4.976477794116363e-05,7e267c0bf303542b
2,day2_n8_softmax_seed44,44,198,2,False,False,True,0.834,0.0,0.0072854594,-0.10713349,-1.4758380473267607e-07,4.963299215887673e-05,4.963321043760516e-05,7e267c0bf303542b
2,day2_n8_softmax_seed44,44,198,3,False,False,True,0.8328,0.0,-0.062760316,0.1655638,-1.9446485310936623e-08,5.0221635319758207e-05,5.0221638957737014e-05,7e267c0bf303542b
2,day2_n8_softmax_seed44,44,198,4,False,False,True,0.8328,0.0,-0.055537734,0.051936306,-5.580283257700103e-08,4.9599027988733724e-05,4.959905709256418e-05,7e267c0bf303542b
2,day2_n8_softmax_seed44,44,198,5,False,False,True,0.832,0.0,-0.024355618,-0.021892192,-7.484848651984066e-08,4.891529897577129e-05,4.8915357183432207e-05,7e267c0bf303542b
2,day2_n8_softmax_seed44,44,198,6,False,False,True,0.8324,0.0,-0.030075535,-0.01105529,-1.5293255728465738e-07,4.6744418796151876e-05,4.6744669816689566e-05,7e267c0bf303542b
2,day2_n8_softmax_seed44,44,198,7,False,False,True,0.8322,0.0,-0.039886285,0.004248469,-5.68307854109662e-08,4.808211451745592e-05,4.8082147259265184e-05,7e267c0bf303542b
2,day2_n8_softmax_seed44,44,199,0,False,False,True,0.832,0.0,0.01833326,0.041200895,-9.866453609674863e-08,4.793195694219321e-05,4.793205880559981e-05,7e267c0bf303542b
2,day2_n8_softmax_seed44,44,199,1,False,False,True,0.8338,0.0,0.20681754,-0.078738876,-7.879207686301015e-08,5.023437552154064e-05,5.023443736718036e-05,7e267c0bf303542b
2,day2_n8_softmax_seed44,44,199,2,False,False,True,0.8332,0.0,0.0065950477,0.15784891,-1.118985295534003e-07,4.884116060566157e-05,4.884128793491982e-05,7e267c0bf303542b
2,day2_n8_softmax_seed44,44,199,3,False,False,True,0.8316,0.0,-0.06895511,-0.05675908,9.968053937825516e-09,4.8704932851251215e-05,4.8704932851251215e-05,7e267c0bf303542b
2,day2_n8_softmax_seed44,44,199,4,False,False,True,0.834,0.0,-0.02331471,0.08420336,-9.703465764232533e-08,4.788539445144124e-05,4.7885492676869035e-05,7e267c0bf303542b
2,day2_n8_softmax_seed44,44,199,5,False,False,True,0.8318,0.0,-0.10129689,-0.11143035,-5.752861298446987e-09,4.964535037288442e-05,4.9645346734905615e-05,7e267c0bf303542b
2,day2_n8_softmax_seed44,44,199,6,False,False,True,0.832,0.0,-0.007975705,0.0068778195,-4.904209305323093e-08,4.7010798880364746e-05,4.7010824346216395e-05,7e267c0bf303542b
2,day2_n8_softmax_seed44,44,199,7,False,False,True,0.8338,0.0,-0.03020335,-0.043202683,-6.222002468803112e-08,4.8441579565405846e-05,4.8441619583172724e-05,7e267c0bf303542b
2,day2_n8_softmax_seed44,44,200,0,False,False,True,0.8354,0.0,0.032675356,0.07277716,-3.842431439693428e-08,4.8191512178163975e-05,4.819153036805801e-05,7e267c0bf303542b
2,day2_n8_softmax_seed44,44,200,1,False,False,True,0.8358,0.0,-0.108112834,-0.17644252,-7.03508220567528e-08,4.952559174853377e-05,4.952563904225826e-05,7e267c0bf303542b
2,day2_n8_softmax_seed44,44,200,2,False,False,True,0.8334,0.0,0.20761639,-0.07526613,-2.3207648780498857e-07,5.0191752961836755e-05,5.0192291382700205e-05,7e267c0bf303542b
2,day2_n8_softmax_seed44,44,200,3,False,False,True,0.8322,0.0,-0.035566542,0.11783423,-1.7324587986422557e-07,4.8595768021186814e-05,4.8596077249385417e-05,7e267c0bf303542b
2,day2_n8_softmax_seed44,44,200,4,False,False,True,0.8334,0.0,-0.020071002,0.025595156,-1.1091876217506069e-07,4.761988384416327e-05,4.7620014811400324e-05,7e267c0bf303542b
2,day2_n8_softmax_seed44,44,200,5,False,False,True,0.831,0.0,-0.033769142,0.01489651,-6.264042440307094e-08,4.865710434387438e-05,4.865714436164126e-05,7e267c0bf303542b
2,day2_n8_softmax_seed44,44,200,6,False,False,True,0.8322,0.0,-0.01629348,-0.0072563766,-9.497251340917501e-08,4.5728102122666314e-05,4.5728200348094106e-05,7e267c0bf303542b
2,day2_n8_softmax_seed44,44,200,7,False,False,True,0.8296,0.0,-0.026478706,0.027861943,-6.920623718542629e-08,4.775560591951944e-05,4.775565685122274e-05,7e267c0bf303542b
